ev,eid,year,res,fails,rel_lh,dist
497,2021-01-01T15,2021,늦음,0,19.0,1.3663650968123786
498,2021-01-02T05,2021,늦음,0,1.0,1.3314022475047114
499,2021-01-03T13,2021,늦음,1,74.0,2.5746697300402066
500,2021-01-04T22,2021,늦음,0,6.0,7.671095512659814
501,2021-01-05T05,2021,늦음,0,24.0,1.5922064084024659
502,2021-01-05T09,2021,늦음,0,25.0,5.261573957967598
503,2021-01-06T09,2021,늦음,3,11.0,1.7704296428471853
505,2021-01-07T08,2021,늦음,1,55.0,3.230037493872468
507,2021-01-08T00,2021,늦음,0,2.0,3.0583942505639725
508,2021-01-08T10,2021,늦음,0,83.0,6.309463510794125
509,2021-01-08T18,2021,늦음,0,3.0,3.648456057007126
510,2021-01-09T12,2021,늦음,1,19.0,3.18386634475101
511,2021-01-09T16,2021,못함,0,,
512,2021-01-10T02,2021,늦음,1,11.0,1.5473936323623458
514,2021-01-10T07,2021,늦음,1,17.0,1.4723651266209095
515,2021-01-10T09,2021,못함,0,,
516,2021-01-11T20,2021,늦음,6,4.0,4.496006836033786
517,2021-01-12T13,2021,늦음,0,7.0,2.1283267888307154
518,2021-01-12T18,2021,늦음,0,17.0,5.493562231759657
521,2021-01-12T22,2021,늦음,0,5.0,1.7846443550457929
522,2021-01-13T07,2021,늦음,1,26.0,4.866963501625402
523,2021-01-14T20,2021,늦음,2,1.0,1.1852480287453837
524,2021-01-16T00,2021,늦음,1,3.0,3.472654835204636
525,2021-01-16T19,2021,늦음,1,51.0,3.2177403434888467
526,2021-01-17T15,2021,늦음,1,4.0,2.5216042543762462
527,2021-01-18T04,2021,늦음,0,30.0,3.139122999877855
528,2021-01-18T07,2021,늦음,0,19.0,2.869087983449227
529,2021-01-18T17,2021,늦음,1,26.0,2.9728720424657897
531,2021-01-19T05,2021,늦음,0,26.0,2.203757225433526
533,2021-01-19T18,2021,늦음,1,10.0,1.4636075949367089
534,2021-01-20T18,2021,늦음,2,19.0,4.820197782439316
535,2021-01-21T08,2021,늦음,0,65.0,3.8347172351885095
536,2021-01-22T04,2021,늦음,3,19.0,6.028325868538918
537,2021-01-23T03,2021,늦음,0,28.0,1.677176777096841
539,2021-01-23T09,2021,늦음,0,11.0,1.8642547465988937
540,2021-01-23T21,2021,늦음,0,94.0,2.608695652173913
541,2021-01-24T00,2021,성공,0,5.0,0.8607439286812173
543,2021-01-24T13,2021,늦음,0,77.0,1.480417359745955
544,2021-01-25T00,2021,늦음,0,8.0,1.3316310864752177
545,2021-01-25T19,2021,늦음,1,23.0,1.8466398621481905
546,2021-01-26T16,2021,늦음,1,9.0,2.7544502448039947
547,2021-01-27T05,2021,늦음,0,59.0,3.3394132846937223
548,2021-01-27T20,2021,늦음,2,19.0,5.590475865131691
549,2021-01-29T06,2021,늦음,3,47.0,3.7021939466290092
550,2021-01-29T08,2021,늦음,0,4.0,1.0246157690865925
551,2021-01-29T18,2021,늦음,2,35.0,6.737937461172085
552,2021-01-30T15,2021,늦음,0,85.0,4.602988439218315
553,2021-01-31T02,2021,늦음,1,53.0,2.9787234042553195
554,2021-02-01T01,2021,늦음,2,71.0,2.778251764523385
555,2021-02-01T15,2021,늦음,0,82.0,4.293479044419775
556,2021-02-02T05,2021,늦음,0,139.0,1.6140943137461758
557,2021-02-03T08,2021,늦음,2,39.0,1.4261289622231872
558,2021-02-03T16,2021,못함,0,,
559,2021-02-04T05,2021,늦음,3,4.0,1.0542797494780793
560,2021-02-05T07,2021,늦음,1,18.0,1.860182706372644
561,2021-02-05T19,2021,늦음,0,60.0,2.4077067473146316
563,2021-02-06T19,2021,늦음,2,23.0,1.6275946275946276
564,2021-02-07T22,2021,늦음,3,33.0,2.576156198667183
565,2021-02-09T09,2021,늦음,4,30.0,3.873670240341746
566,2021-02-11T07,2021,못함,0,,
567,2021-02-12T04,2021,늦음,2,0.0,1.3105053935074573
568,2021-02-13T03,2021,늦음,0,17.0,2.4115041852104517
570,2021-02-13T22,2021,늦음,0,5.0,1.9913606911447084
571,2021-02-14T17,2021,늦음,0,19.0,1.9715455311634629
572,2021-02-15T12,2021,늦음,0,109.0,4.922067268252666
573,2021-02-16T15,2021,늦음,7,0.0,1.0669787292627522
574,2021-02-17T01,2021,늦음,0,81.0,2.7223894323217124
575,2021-02-18T02,2021,못함,1,,
576,2021-02-19T08,2021,늦음,1,82.0,2.8121772488073575
577,2021-02-20T05,2021,늦음,1,59.0,1.7269359675427765
578,2021-02-20T13,2021,성공,0,15.0,0.8142465952160746
580,2021-02-21T10,2021,늦음,1,1.0,2.0600255191671133
581,2021-02-21T22,2021,늦음,1,34.0,1.7106457302351066
582,2021-02-22T21,2021,늦음,5,0.0,4.445833333333334
583,2021-02-23T02,2021,늦음,0,46.0,4.331246132003349
584,2021-02-23T18,2021,늦음,0,1.0,6.212596498253576
586,2021-02-23T20,2021,늦음,0,11.0,5.589403973509934
587,2021-02-24T16,2021,늦음,0,46.0,4.206726090848935
588,2021-02-24T17,2021,못함,0,,
589,2021-02-24T18,2021,성공,0,2.0,0.45030652794696163
590,2021-02-25T00,2021,늦음,0,10.0,2.2577962577962576
591,2021-02-25T09,2021,늦음,0,44.0,2.1455223880597014
593,2021-02-25T17,2021,늦음,0,31.0,2.6894325191690527
594,2021-02-26T12,2021,늦음,0,3.0,2.4575311438278598
595,2021-02-26T22,2021,늦음,0,32.0,3.558226462631394
597,2021-02-27T16,2021,늦음,1,12.0,2.667782980350812
599,2021-02-27T22,2021,늦음,0,20.0,1.8122603351368387
600,2021-02-28T20,2021,늦음,4,34.0,1.520427112349118
601,2021-03-02T03,2021,늦음,6,9.0,2.281599808787794
602,2021-03-03T01,2021,못함,0,,
603,2021-03-03T19,2021,늦음,1,14.0,2.8828246740906844
604,2021-03-05T09,2021,못함,4,,
605,2021-03-06T09,2021,늦음,1,66.0,1.7588904837959687
606,2021-03-06T19,2021,성공,0,8.0,0.9306762772948908
607,2021-03-07T19,2021,늦음,3,26.0,1.7635208128546263
608,2021-03-08T01,2021,못함,0,,
610,2021-03-08T15,2021,늦음,1,24.0,1.4184468968310215
611,2021-03-09T15,2021,늦음,2,24.0,1.104014598540146
612,2021-03-10T00,2021,늦음,0,66.0,3.5708966338993147
613,2021-03-10T01,2021,늦음,0,7.0,1.6319770824940694
614,2021-03-10T12,2021,늦음,1,15.0,1.3713318284424378
615,2021-03-10T23,2021,늦음,0,11.0,1.7083151937309533
616,2021-03-11T13,2021,성공,1,1.0,0.7832154990359013
617,2021-03-12T02,2021,늦음,1,16.0,1.8698013336083044
618,2021-03-12T18,2021,늦음,2,11.0,1.4449661874286128
620,2021-03-12T22,2021,늦음,1,2.0,1.3875440825064624
621,2021-03-13T00,2021,늦음,0,4.0,1.1159627026650893
622,2021-03-13T07,2021,늦음,0,66.0,1.5607888527801272
623,2021-03-14T03,2021,늦음,1,10.0,1.4263918824013755
624,2021-03-15T21,2021,늦음,1,10.0,2.749166019284376
626,2021-03-16T07,2021,늦음,0,38.0,2.0468000599520386
627,2021-03-17T09,2021,성공,0,2.0,0.9598069896326858
628,2021-03-17T18,2021,늦음,1,69.0,3.4569905366267593
629,2021-03-18T08,2021,늦음,0,91.0,1.8176475526823943
630,2021-03-19T08,2021,늦음,1,51.0,3.278572188908207
631,2021-03-19T21,2021,늦음,3,2.0,1.5215965835533063
632,2021-03-20T10,2021,늦음,1,26.0,1.671489655768151
633,2021-03-20T20,2021,늦음,0,84.0,2.2537562604340566
634,2021-03-21T15,2021,늦음,2,63.0,2.939931365572899
635,2021-03-22T14,2021,늦음,1,14.0,1.1215273318779162
636,2021-03-23T09,2021,늦음,1,16.0,1.716968856956977
637,2021-03-24T00,2021,늦음,1,29.0,2.414342772195655
638,2021-03-24T03,2021,늦음,0,11.0,1.5964585274930103
640,2021-03-24T06,2021,늦음,1,0.0,1.2123407931774477
641,2021-03-24T18,2021,늦음,0,22.0,1.441819772528434
642,2021-03-25T10,2021,늦음,0,95.0,2.7952962179574254
643,2021-03-25T12,2021,늦음,0,16.0,4.033996254011878
644,2021-03-25T18,2021,늦음,0,5.0,2.624544590527483
645,2021-03-27T09,2021,늦음,3,33.0,1.409009009009009
646,2021-03-27T16,2021,늦음,1,38.0,2.278848912872442
647,2021-03-28T02,2021,늦음,0,55.0,1.5229725317874192
648,2021-03-29T07,2021,늦음,1,38.0,1.429445667363883
649,2021-03-29T20,2021,늦음,0,36.0,1.206159110350727
650,2021-03-30T09,2021,늦음,0,45.0,1.0594405594405594
651,2021-03-30T16,2021,늦음,0,5.0,1.1473368998351334
652,2021-03-31T15,2021,늦음,3,5.0,2.196491228070175
653,2021-04-01T04,2021,늦음,0,10.0,1.291333567968894
654,2021-04-01T22,2021,성공,1,0.0,0.7968093170698092
655,2021-04-01T23,2021,성공,0,1.0,0.17858654253068135
656,2021-04-02T02,2021,성공,0,13.0,0.6052586648454841
658,2021-04-03T04,2021,늦음,0,38.0,1.2165969435669768
659,2021-04-03T08,2021,못함,2,,
661,2021-04-03T15,2021,성공,0,25.0,0.6479481641468683
662,2021-04-04T07,2021,늦음,0,16.0,1.4775408488790307
663,2021-04-05T03,2021,성공,0,49.0,0.9036763195728076
664,2021-04-05T11,2021,늦음,1,30.0,1.4604056096446523
665,2021-04-06T03,2021,늦음,1,12.0,1.2736767866738312
666,2021-04-07T06,2021,늦음,2,16.0,1.127323850190798
668,2021-04-08T00,2021,늦음,1,6.0,1.0479877554695238
669,2021-04-09T06,2021,성공,1,15.0,0.6238003838771593
670,2021-04-09T10,2021,성공,0,11.0,0.6214625605644302
671,2021-04-09T15,2021,성공,0,34.0,0.9981142012538012
672,2021-04-10T03,2021,늦음,0,129.0,1.323777038987954
673,2021-04-10T15,2021,늦음,0,0.0,1.0896443251745134
674,2021-04-11T22,2021,늦음,0,32.0,2.1915417778690207
675,2021-04-12T14,2021,성공,3,3.0,0.9523188311264758
676,2021-04-13T01,2021,성공,0,62.0,0.7908148321715189
677,2021-04-13T21,2021,늦음,4,6.0,1.006093018514307
679,2021-04-14T08,2021,늦음,0,31.0,1.487446780663192
680,2021-04-15T15,2021,늦음,3,7.0,1.3640280284186055
681,2021-04-16T04,2021,성공,0,14.0,0.7807850139397926
682,2021-04-16T16,2021,늦음,1,25.0,1.6010291737560693
683,2021-04-17T11,2021,성공,0,68.0,0.8929142930295078
684,2021-04-18T15,2021,늦음,5,0.0,6.478217821782178
685,2021-04-19T14,2021,늦음,1,26.0,1.803746779023609
686,2021-04-19T21,2021,늦음,1,62.0,3.3079091361299953
688,2021-04-20T09,2021,늦음,1,6.0,2.732168781904182
689,2021-04-21T03,2021,성공,1,3.0,0.5920481357062037
690,2021-04-21T14,2021,늦음,1,37.0,3.279804278645402
692,2021-04-22T09,2021,못함,2,,
693,2021-04-22T18,2021,늦음,1,60.0,2.477274366928793
694,2021-04-23T12,2021,늦음,1,3.0,1.6739875160253042
695,2021-04-24T10,2021,늦음,1,66.0,3.253262535260759
696,2021-04-24T15,2021,늦음,0,2.0,1.1735138739293225
697,2021-04-25T03,2021,성공,1,5.0,0.7170884834216206
698,2021-04-25T14,2021,늦음,1,17.0,2.100434327098146
699,2021-04-25T19,2021,늦음,0,56.0,2.197802197802198
700,2021-04-26T00,2021,늦음,0,38.0,8.147770050405155
701,2021-04-26T20,2021,늦음,2,34.0,1.0740416915926556
702,2021-04-27T11,2021,못함,0,,
704,2021-04-28T19,2021,늦음,2,64.0,1.7146674584323043
705,2021-04-28T20,2021,늦음,0,1.0,1.6862390846130684
706,2021-04-29T12,2021,늦음,1,15.0,1.669436611827977
708,2021-04-30T00,2021,늦음,1,5.0,1.7065302460534102
709,2021-05-01T07,2021,늦음,3,31.0,1.1319592392001847
710,2021-05-02T20,2021,늦음,1,115.0,1.3286401710924969
711,2021-05-02T22,2021,성공,0,0.0,0.30003498950314905
713,2021-05-03T14,2021,늦음,0,60.0,1.3331412299138925
714,2021-05-04T10,2021,늦음,1,27.0,2.1675824175824174
716,2021-05-05T01,2021,늦음,2,7.0,2.8896655960702815
717,2021-05-06T03,2021,늦음,0,32.0,1.3021688412684698
718,2021-05-06T10,2021,성공,1,6.0,0.7607424988487017
720,2021-05-07T10,2021,성공,2,1.0,0.7503028330711793
721,2021-05-08T15,2021,성공,4,1.0,0.3935749726684047
722,2021-05-09T21,2021,늦음,1,9.0,1.3862527716186253
723,2021-05-10T09,2021,성공,0,1.0,0.8500318866847918
724,2021-05-11T07,2021,늦음,1,21.0,4.191196428404295
725,2021-05-12T10,2021,성공,0,5.0,0.8553500375456373
726,2021-05-13T12,2021,늦음,1,5.0,8.402414750978805
727,2021-05-13T18,2021,늦음,0,39.0,6.517123422325326
729,2021-05-14T20,2021,늦음,2,17.0,1.2647898816809464
730,2021-05-15T14,2021,늦음,2,24.0,2.826441443324832
731,2021-05-15T16,2021,늦음,0,12.0,1.9858799798285427
732,2021-05-16T02,2021,늦음,3,14.0,3.3930912921046406
733,2021-05-16T15,2021,늦음,0,23.0,1.9528896742841078
734,2021-05-17T08,2021,늦음,2,23.0,5.858226647700332
735,2021-05-17T16,2021,늦음,0,26.0,3.340394863282956
736,2021-05-17T19,2021,늦음,0,14.0,2.9138538564665963
737,2021-05-18T13,2021,늦음,2,77.0,3.124522536287242
738,2021-05-19T17,2021,늦음,4,4.0,19.47501822853373
739,2021-05-20T20,2021,늦음,2,33.0,5.043632075471698
741,2021-05-21T04,2021,늦음,1,20.0,2.6033400450076987
742,2021-05-21T13,2021,늦음,0,9.0,3.351100456504552
743,2021-05-21T14,2021,늦음,0,0.0,2.8990200664483705
744,2021-05-22T02,2021,늦음,3,1.0,4.590767572745779
747,2021-05-23T04,2021,늦음,1,158.0,5.024549285428936
748,2021-05-23T21,2021,늦음,0,51.0,8.204451454045094
749,2021-05-25T02,2021,늦음,1,23.0,3.466432645897324
750,2021-05-25T23,2021,늦음,0,125.0,4.896274663046906
751,2021-05-26T13,2021,늦음,0,1.0,2.2509848058525606
752,2021-05-27T09,2021,늦음,2,70.0,4.918495803744351
753,2021-05-27T19,2021,늦음,1,67.0,3.6890270330514037
754,2021-05-29T00,2021,늦음,3,41.0,4.491095614085643
755,2021-05-29T12,2021,늦음,0,17.0,1.8452508576329332
756,2021-05-29T22,2021,늦음,1,43.0,2.960311330283406
757,2021-05-30T01,2021,늦음,0,6.0,2.159288503748468
759,2021-05-31T00,2021,늦음,1,9.0,2.944041265965182
760,2021-05-31T08,2021,늦음,0,19.0,1.6561087296826766
761,2021-06-01T03,2021,늦음,3,7.0,1.580657088527361
762,2021-06-02T03,2021,늦음,1,130.0,2.943820224719101
763,2021-06-02T22,2021,성공,1,14.0,0.8194146290381695
764,2021-06-03T05,2021,늦음,1,31.0,2.9772541011137834
765,2021-06-03T14,2021,늦음,2,9.0,1.2335192697768762
766,2021-06-04T17,2021,늦음,4,45.0,3.738659026431842
767,2021-06-05T09,2021,늦음,1,31.0,3.996883830247973
768,2021-06-06T01,2021,늦음,1,33.0,2.057489087985297
769,2021-06-06T22,2021,늦음,0,169.0,2.277279337119653
771,2021-06-07T15,2021,늦음,1,16.0,1.0942257503262287
772,2021-06-08T11,2021,늦음,2,1.0,2.523802091462463
773,2021-06-08T14,2021,늦음,0,9.0,1.1099397590361446
774,2021-06-08T17,2021,늦음,0,1.0,1.4848289218850872
775,2021-06-10T04,2021,늦음,3,11.0,1.9562853126077615
776,2021-06-11T09,2021,못함,0,,
777,2021-06-11T15,2021,늦음,1,8.0,1.1047229561961414
778,2021-06-12T13,2021,늦음,1,3.0,2.167196072769275
779,2021-06-13T03,2021,늦음,1,21.0,1.3500776225327125
780,2021-06-13T08,2021,늦음,0,33.0,1.1291227363606289
781,2021-06-14T09,2021,늦음,1,2.0,1.4805977646615598
784,2021-06-17T03,2021,늦음,5,16.0,1.142153588222196
785,2021-06-17T17,2021,늦음,1,88.0,3.1480427496363754
786,2021-06-18T07,2021,늦음,1,3.0,1.1164937801097707
787,2021-06-18T14,2021,못함,0,,
788,2021-06-19T01,2021,늦음,1,74.0,2.289598680281009
790,2021-06-19T05,2021,늦음,0,20.0,1.5747126436781607
791,2021-06-20T09,2021,늦음,0,9.0,2.3376801647220313
792,2021-06-20T18,2021,늦음,0,31.0,2.863099166116744
793,2021-06-21T04,2021,늦음,0,45.0,2.348612686381366
794,2021-06-21T20,2021,늦음,2,31.0,4.451277199621571
796,2021-06-22T01,2021,성공,0,1.0,0.6831302116741501
797,2021-06-22T11,2021,늦음,1,21.0,1.6640587385652383
798,2021-06-22T16,2021,늦음,0,8.0,3.5222770556752625
799,2021-06-23T15,2021,성공,2,1.0,0.6610240124157554
800,2021-06-24T09,2021,늦음,0,38.0,2.4589783640834506
801,2021-06-25T05,2021,늦음,2,11.0,1.2589522359442846
802,2021-06-26T03,2021,못함,1,,
803,2021-06-26T07,2021,늦음,0,26.0,4.258409785932722
804,2021-06-26T11,2021,늦음,0,34.0,4.861964718780107
805,2021-06-27T17,2021,성공,3,1.0,0.6945065426689321
806,2021-06-27T22,2021,늦음,0,19.0,6.0469202786854925
807,2021-06-28T10,2021,늦음,1,24.0,2.2641455866905145
808,2021-06-29T06,2021,늦음,0,43.0,2.3344639433711842
809,2021-06-29T22,2021,늦음,0,55.0,1.1606923140021328
810,2021-06-30T21,2021,늦음,0,22.0,1.8942731277533038
811,2021-07-01T03,2021,늦음,0,38.0,2.3824754431603337
812,2021-07-01T18,2021,성공,1,1.0,0.640909090909091
813,2021-07-02T06,2021,늦음,1,65.0,3.07746727980191
815,2021-07-03T21,2021,성공,4,4.0,0.6776504297994269
816,2021-07-04T06,2021,늦음,1,18.0,1.117709716486948
817,2021-07-04T15,2021,성공,0,52.0,0.6617595513494566
818,2021-07-05T19,2021,늦음,1,2.0,1.1503970530511187
819,2021-07-06T14,2021,성공,1,0.0,0.3394036193545627
820,2021-07-07T00,2021,못함,0,,
821,2021-07-07T16,2021,성공,2,0.0,0.8448453019751114
822,2021-07-08T15,2021,늦음,2,59.0,2.4229486740004362
823,2021-07-10T05,2021,늦음,4,24.0,1.4855173018214751
824,2021-07-11T09,2021,늦음,1,146.0,1.723720084822781
825,2021-07-12T09,2021,성공,2,1.0,0.658578856152513
826,2021-07-13T03,2021,성공,3,6.0,0.6131498470948012
827,2021-07-13T12,2021,늦음,1,30.0,1.7741354466858787
828,2021-07-13T17,2021,늦음,0,48.0,1.5165583410708758
830,2021-07-13T22,2021,늦음,0,35.0,1.1066788768683937
831,2021-07-14T03,2021,늦음,0,12.0,1.224197335122115
832,2021-07-14T10,2021,늦음,2,0.0,1.7250110780527947
833,2021-07-15T04,2021,늦음,0,35.0,1.4949238961548326
834,2021-07-15T23,2021,늦음,3,17.0,1.8549422336328627
835,2021-07-16T10,2021,성공,1,5.0,0.5495191707256151
836,2021-07-16T13,2021,늦음,0,6.0,1.138266357547656
837,2021-07-16T23,2021,성공,0,35.0,0.9332298136645963
838,2021-07-17T08,2021,늦음,0,99.0,1.368237011372568
841,2021-07-18T08,2021,성공,1,25.0,0.8801729462631254
842,2021-07-18T23,2021,늦음,1,85.0,2.172096908939014
845,2021-07-19T09,2021,성공,1,1.0,0.25118528054256023
846,2021-07-19T23,2021,늦음,0,7.0,1.2659476522425357
847,2021-07-20T02,2021,성공,0,1.0,0.655774684196958
848,2021-07-20T14,2021,늦음,0,60.0,1.4945768212486121
849,2021-07-22T01,2021,늦음,3,3.0,2.0721680876979294
850,2021-07-23T02,2021,늦음,0,177.0,3.068509558556997
851,2021-07-23T06,2021,성공,1,0.0,0.4988744904787979
852,2021-07-23T22,2021,늦음,0,47.0,1.222367928062945
853,2021-07-24T13,2021,성공,0,2.0,0.961481917083211
854,2021-07-24T16,2021,못함,0,,
855,2021-07-24T19,2021,성공,0,7.0,0.7970961887477315
856,2021-07-25T07,2021,늦음,0,126.0,2.282182336859622
857,2021-07-25T10,2021,성공,0,4.0,0.48331415420023016
858,2021-07-25T23,2021,늦음,0,83.0,1.9028358010658244
859,2021-07-26T14,2021,늦음,0,35.0,4.094862649396158
860,2021-07-27T12,2021,늦음,0,102.0,3.959171898396824
861,2021-07-27T19,2021,늦음,0,53.0,3.315266485998193
862,2021-07-27T20,2021,성공,0,1.0,0.8835256248923741
863,2021-07-28T13,2021,늦음,2,24.0,3.27347458041787
864,2021-07-30T01,2021,늦음,1,8.0,4.0135334073710585
865,2021-07-30T05,2021,성공,0,10.0,0.6539035305818001
866,2021-07-30T19,2021,늦음,0,54.0,1.3353348126876388
867,2021-07-31T11,2021,못함,0,,
868,2021-08-01T03,2021,못함,0,,
869,2021-08-01T05,2021,늦음,0,12.0,1.3192488262910798
870,2021-08-02T14,2021,늦음,6,3.0,1.2150855966018792
871,2021-08-02T20,2021,늦음,0,46.0,2.80375
873,2021-08-03T02,2021,늦음,0,3.0,1.4467068878833584
874,2021-08-03T09,2021,늦음,0,56.0,1.8617897970754607
875,2021-08-04T08,2021,늦음,0,16.0,2.643041237113402
877,2021-08-05T03,2021,늦음,3,51.0,1.80842010412495
878,2021-08-05T16,2021,늦음,0,2.0,2.001019285963359
879,2021-08-06T04,2021,늦음,0,6.0,1.6240794263117797
882,2021-08-06T15,2021,늦음,0,38.0,3.2260468814052
883,2021-08-07T06,2021,늦음,2,21.0,1.2269798993830956
884,2021-08-08T00,2021,늦음,1,56.0,4.2150613786591125
886,2021-08-08T06,2021,늦음,0,20.0,1.1643835616438356
888,2021-08-09T09,2021,늦음,4,29.0,1.8224299065420562
889,2021-08-10T02,2021,늦음,1,1.0,1.5640545600427922
890,2021-08-11T01,2021,늦음,0,29.0,1.457451810061119
891,2021-08-11T02,2021,성공,0,0.0,0.25658867530660173
893,2021-08-11T21,2021,성공,2,0.0,0.46759472270669933
894,2021-08-13T00,2021,늦음,3,28.0,1.532755078749144
895,2021-08-14T05,2021,성공,1,94.0,0.9998748853115356
896,2021-08-15T01,2021,늦음,0,114.0,1.052757376906697
898,2021-08-15T18,2021,성공,1,0.0,0.6119534168314655
899,2021-08-16T12,2021,늦음,0,86.0,2.447198030657206
900,2021-08-17T04,2021,늦음,1,37.0,2.92707182320442
902,2021-08-17T09,2021,늦음,0,25.0,1.4594624185690042
903,2021-08-17T15,2021,늦음,0,33.0,2.9175475687103596
904,2021-08-18T05,2021,늦음,2,9.0,1.9119638826185101
905,2021-08-18T20,2021,늦음,0,10.0,1.2945652173913045
906,2021-08-19T08,2021,늦음,1,56.0,1.625
908,2021-08-19T12,2021,성공,0,5.0,0.6677985285795133
909,2021-08-20T08,2021,성공,3,0.0,0.51455082243779
911,2021-08-21T02,2021,늦음,1,44.0,1.2712335411635123
912,2021-08-22T22,2021,늦음,1,94.0,2.629521933527186
913,2021-08-23T14,2021,성공,0,14.0,0.6238859180035651
914,2021-08-24T07,2021,늦음,2,67.0,2.0157531931456196
916,2021-08-25T05,2021,성공,1,13.0,0.9899846725596826
917,2021-08-25T08,2021,성공,0,11.0,0.5616359447004609
918,2021-08-25T14,2021,성공,0,27.0,0.9639830508474577
919,2021-08-26T03,2021,성공,0,2.0,0.33138421313984007
920,2021-08-26T18,2021,못함,1,,
921,2021-08-28T07,2021,성공,2,62.0,0.7376891152804133
922,2021-08-29T00,2021,성공,0,15.0,0.8035363863584724
923,2021-08-29T02,2021,성공,0,7.0,0.5039176833868096
924,2021-08-29T17,2021,늦음,0,48.0,1.7482919888259971
925,2021-08-30T01,2021,성공,0,4.0,0.6887470880178265
926,2021-08-30T16,2021,성공,1,22.0,0.7490518331226296
927,2021-08-30T23,2021,성공,0,15.0,0.948860135551448
928,2021-08-31T08,2021,늦음,0,65.0,1.2317909168808912
929,2021-08-31T20,2021,늦음,1,8.0,1.4450687288785686
930,2021-09-01T04,2021,늦음,1,36.0,1.4715037029086615
931,2021-09-02T14,2021,성공,5,2.0,0.5565476190476191
932,2021-09-03T09,2021,늦음,0,27.0,2.2520661157024793
933,2021-09-03T20,2021,늦음,1,3.0,1.0933137398971344
934,2021-09-05T02,2021,성공,1,5.0,0.8496864252478251
936,2021-09-05T09,2021,성공,0,1.0,0.3511604439959637
937,2021-09-06T10,2021,성공,0,0.0,0.5576815830464799
938,2021-09-06T22,2021,늦음,0,86.0,1.868509401274384
939,2021-09-07T06,2021,성공,0,20.0,0.6555299103257785
940,2021-09-08T03,2021,늦음,1,19.0,11.872194660996929
942,2021-09-08T09,2021,늦음,0,11.0,3.691161911619116
943,2021-09-09T23,2021,성공,1,6.0,0.7980517837564307
944,2021-09-10T01,2021,성공,0,6.0,0.648228176318064
946,2021-09-11T03,2021,늦음,1,28.0,2.1913433444316097
947,2021-09-11T22,2021,늦음,1,35.0,1.3421358885396388
948,2021-09-12T05,2021,늦음,1,11.0,1.0765657107120523
949,2021-09-12T20,2021,성공,1,17.0,0.8757040768889801
950,2021-09-13T00,2021,늦음,0,26.0,3.1937639198218264
952,2021-09-13T13,2021,늦음,2,28.0,2.6938655443169734
955,2021-09-15T04,2021,성공,6,8.0,0.8628691983122362
956,2021-09-15T13,2021,못함,0,,
957,2021-09-15T23,2021,성공,2,1.0,0.5645344396969885
958,2021-09-17T03,2021,성공,1,2.0,0.5663585166294761
959,2021-09-17T10,2021,늦음,1,64.0,1.1141598071006902
960,2021-09-18T01,2021,성공,1,3.0,0.5065401384970505
961,2021-09-18T16,2021,성공,0,74.0,0.9815573770491803
962,2021-09-20T20,2021,늦음,6,1.0,1.7552941176470587
963,2021-09-21T00,2021,늦음,0,19.0,2.522948824405947
965,2021-09-21T19,2021,늦음,0,49.0,2.909403669724771
966,2021-09-22T02,2021,늦음,0,5.0,5.709767206477732
967,2021-09-23T10,2021,성공,4,3.0,0.9876126126126126
968,2021-09-23T17,2021,못함,1,,
969,2021-09-24T01,2021,성공,1,1.0,0.8732169044127449
970,2021-09-24T21,2021,늦음,1,1.0,2.3445476351559136
972,2021-09-26T09,2021,늦음,0,2.0,1.7374019950675452
973,2021-09-27T08,2021,성공,2,13.0,0.7915478029474444
974,2021-09-28T20,2021,성공,3,13.0,0.891510581367064
975,2021-09-29T16,2021,못함,1,,
976,2021-09-30T00,2021,늦음,0,29.0,1.201549913825769
977,2021-09-30T14,2021,성공,0,17.0,0.8608485180618349
979,2021-10-01T02,2021,늦음,0,19.0,1.7426303854875282
981,2021-10-02T00,2021,성공,0,4.0,0.605904211395541
982,2021-10-03T17,2021,못함,0,,
984,2021-10-04T13,2021,늦음,1,109.0,1.2031746031746033
985,2021-10-04T14,2021,늦음,0,10.0,2.2577319587628866
986,2021-10-04T16,2021,늦음,0,2.0,1.3016363733276477
987,2021-10-05T15,2021,성공,2,5.0,0.6653426017874876
988,2021-10-05T18,2021,늦음,0,26.0,1.2605804111245467
989,2021-10-06T05,2021,늦음,0,40.0,1.3177159590043925
990,2021-10-06T13,2021,늦음,0,35.0,2.861569940106676
992,2021-10-08T07,2021,늦음,0,9.0,1.4787188185242799
993,2021-10-08T14,2021,늦음,0,42.0,1.7591111111111108
994,2021-10-09T04,2021,늦음,2,38.0,1.5460654913714467
995,2021-10-09T19,2021,늦음,0,53.0,1.215121512151215
996,2021-10-10T04,2021,늦음,0,20.0,1.4159046827376005
997,2021-10-10T10,2021,늦음,0,50.0,1.7926796687149347
998,2021-10-11T02,2021,늦음,1,13.0,1.5068997240110396
999,2021-10-11T21,2021,늦음,1,4.0,1.3372263782588414
1000,2021-10-13T02,2021,늦음,1,0.0,1.9925512104283054
1001,2021-10-13T05,2021,성공,0,18.0,0.5669034669690152
1002,2021-10-13T14,2021,늦음,1,8.0,1.0761902129345533
1003,2021-10-14T08,2021,늦음,0,65.0,1.9734710926977306
1004,2021-10-15T02,2021,늦음,2,6.0,2.3463795442930904
1005,2021-10-16T01,2021,늦음,1,0.0,1.907493612952775
1006,2021-10-17T10,2021,늦음,0,197.0,1.7320690170549844
1008,2021-10-17T13,2021,성공,0,2.0,0.5360318819577102
1011,2021-10-17T19,2021,성공,0,19.0,0.5580603719856967
1012,2021-10-17T23,2021,늦음,0,16.0,2.6358975231066175
1013,2021-10-18T09,2021,늦음,0,4.0,1.384441364367761
1014,2021-10-18T23,2021,늦음,1,34.0,3.482317205467563
1015,2021-10-19T02,2021,못함,0,,
1018,2021-10-19T13,2021,성공,0,2.0,0.37708788242593205
1019,2021-10-20T04,2021,늦음,1,25.0,1.0383064516129032
1020,2021-10-20T13,2021,성공,0,75.0,0.8314829687721453
1021,2021-10-20T22,2021,늦음,0,28.0,1.3309031394137776
1022,2021-10-22T03,2021,늦음,4,121.0,1.9230769230769231
1023,2021-10-22T14,2021,못함,0,,
1024,2021-10-23T01,2021,못함,1,,
1025,2021-10-24T06,2021,늦음,1,48.0,1.2417285508582894
1026,2021-10-24T20,2021,늦음,1,46.0,2.079689181916039
1027,2021-10-25T19,2021,성공,2,4.0,0.6862691273009623
1028,2021-10-27T19,2021,늦음,2,78.0,2.2962905411821577
1029,2021-10-28T22,2021,늦음,1,11.0,2.829353142528864
1030,2021-10-29T01,2021,못함,0,,
1032,2021-10-29T15,2021,늦음,1,94.0,3.0014895729890765
1033,2021-10-30T00,2021,성공,0,19.0,0.9335037348087349
1034,2021-10-30T23,2021,늦음,0,6.0,1.042833607907743
1035,2021-10-31T05,2021,늦음,0,54.0,1.4903846153846154
1036,2021-10-31T20,2021,늦음,0,40.0,1.2008333333333332
1037,2021-11-01T03,2021,늦음,0,13.0,1.9774651535510193
1038,2021-11-01T07,2021,늦음,0,23.0,1.9833793149855325
1039,2021-11-01T16,2021,늦음,0,20.0,1.039392994491217
1040,2021-11-02T04,2021,늦음,0,1.0,1.2159138002486531
1041,2021-11-02T21,2021,늦음,1,54.0,1.37258105931511
1042,2021-11-03T21,2021,늦음,1,0.0,2.8039016595369275
1044,2021-11-04T23,2021,성공,2,0.0,0.5203866200435442
1046,2021-11-05T01,2021,성공,0,1.0,0.27422903872048343
1047,2021-11-05T14,2021,성공,0,18.0,0.8109380861541899
1048,2021-11-06T01,2021,못함,0,,
1049,2021-11-06T10,2021,성공,1,15.0,0.9253246753246753
1050,2021-11-06T17,2021,못함,0,,
1051,2021-11-07T13,2021,성공,0,16.0,0.9587866058473156
1052,2021-11-07T17,2021,성공,1,8.0,0.5947323704333051
1053,2021-11-08T13,2021,성공,1,1.0,0.706711121480556
1054,2021-11-09T00,2021,늦음,0,111.0,3.6251599898832745
1055,2021-11-09T08,2021,늦음,0,51.0,1.033527696793003
1056,2021-11-10T13,2021,늦음,2,0.0,2.012957317073171
1057,2021-11-10T20,2021,늦음,0,48.0,1.3046276676526103
1058,2021-11-11T09,2021,늦음,1,127.0,4.343931213757249
1060,2021-11-12T19,2021,늦음,3,15.0,2.0721732157177226
1061,2021-11-14T08,2021,늦음,4,30.0,1.086806883365201
1062,2021-11-14T23,2021,늦음,2,13.0,1.204241948153967
1063,2021-11-15T13,2021,성공,1,6.0,0.7946311555669373
1064,2021-11-16T14,2021,늦음,2,4.0,1.9623931623931623
1066,2021-11-19T08,2021,늦음,3,39.0,1.24763093837296
1067,2021-11-20T13,2021,성공,0,66.0,0.9623863790530457
1068,2021-11-20T19,2021,늦음,1,18.0,1.0612394508784027
1069,2021-11-21T03,2021,성공,2,2.0,0.22133687472332889
1070,2021-11-21T16,2021,늦음,0,74.0,2.1595024943620587
1071,2021-11-21T22,2021,늦음,0,34.0,1.2390191098713519
1072,2021-11-22T13,2021,늦음,1,2.0,2.3603823254006113
1074,2021-11-23T02,2021,늦음,0,71.0,2.371704966375373
1075,2021-11-24T02,2021,늦음,2,77.0,2.5215018479499847
1076,2021-11-24T18,2021,성공,1,0.0,0.41744882452847054
1077,2021-11-25T23,2021,늦음,3,73.0,1.2239129886188709
1078,2021-11-27T00,2021,늦음,0,21.0,2.028452476522973
1079,2021-11-28T02,2021,못함,2,,
1081,2021-11-28T16,2021,성공,0,10.0,0.817644383810823
1082,2021-11-28T19,2021,늦음,0,5.0,2.6024999058770377
1083,2021-11-29T10,2021,늦음,0,14.0,1.1493562231759658
1085,2021-11-29T22,2021,늦음,0,9.0,1.014073023449377
1086,2021-11-30T13,2021,늦음,0,29.0,1.962432915921288
1087,2021-11-30T16,2021,늦음,0,5.0,3.3961148648648645
1088,2021-11-30T18,2021,늦음,0,20.0,2.559882491394795
1089,2021-11-30T21,2021,늦음,0,6.0,1.0314308213784367
1090,2021-12-01T13,2021,늦음,0,162.0,1.625220458553792
1091,2021-12-01T20,2021,늦음,0,23.0,2.298004164339038
1092,2021-12-02T14,2021,늦음,1,22.0,1.7813620071684588
1093,2021-12-02T16,2021,늦음,0,6.0,1.647058823529412
1095,2021-12-03T02,2021,늦음,0,74.0,1.8208041958041958
1097,2021-12-03T15,2021,성공,0,2.0,0.921303518807419
1098,2021-12-04T15,2021,늦음,2,0.0,10.858703372602807
1099,2021-12-06T06,2021,늦음,0,179.0,2.147196073698608
1100,2021-12-06T15,2021,늦음,1,27.0,3.2241599319438534
1101,2021-12-07T13,2021,늦음,0,134.0,1.6247537149013405
1104,2021-12-08T15,2021,늦음,1,43.0,4.34513748608649
1106,2021-12-10T01,2021,늦음,4,61.0,2.379769842863332
1107,2021-12-10T17,2021,늦음,0,14.0,3.4008315137738165
1109,2021-12-10T22,2021,늦음,0,21.0,2.132852729145211
1110,2021-12-11T02,2021,늦음,0,37.0,3.1443850267379676
1111,2021-12-12T08,2021,늦음,4,30.0,1.1975686337653975
1112,2021-12-12T13,2021,늦음,0,35.0,2.184915442537958
1113,2021-12-13T00,2021,늦음,1,0.0,1.2827328214215397
1114,2021-12-14T03,2021,늦음,1,3.0,2.214188387323634
1115,2021-12-15T12,2021,늦음,0,73.0,1.8033240146232068
1116,2021-12-15T20,2021,늦음,1,28.0,1.7349361350134822
1118,2021-12-16T10,2021,성공,0,15.0,0.506836640279634
1119,2021-12-16T12,2021,늦음,1,13.0,1.456016177957533
1120,2021-12-17T19,2021,늦음,7,2.0,1.3780918727915195
1122,2021-12-17T21,2021,성공,0,2.0,0.5008564428351511
1124,2021-12-18T04,2021,늦음,1,18.0,2.1
1125,2021-12-19T11,2021,늦음,1,15.0,1.1467389610794303
1126,2021-12-19T13,2021,성공,0,6.0,0.6367592474081658
1127,2021-12-19T15,2021,늦음,0,2.0,2.466418681545774
1128,2021-12-20T17,2021,늦음,2,3.0,1.0554205741048164
1129,2021-12-21T17,2021,늦음,0,13.0,1.7600064885031834
1130,2021-12-23T13,2021,성공,1,40.0,0.8744534665833853
1131,2021-12-24T07,2021,늦음,2,12.0,1.1793230530501406
1132,2021-12-25T21,2021,성공,1,0.0,0.3193612774451098
1134,2021-12-26T15,2021,늦음,1,11.0,1.1728182131769576
1135,2021-12-27T11,2021,늦음,0,10.0,1.1590049518462198
1136,2021-12-27T12,2021,못함,0,,
1137,2021-12-27T21,2021,성공,1,1.0,0.5612156795026766
1138,2021-12-29T02,2021,성공,2,12.0,0.9796668921203924
1139,2021-12-29T23,2021,늦음,0,117.0,2.7110123190061697
1141,2021-12-31T00,2021,성공,0,12.0,0.6604689016183054
1142,2021-12-31T04,2021,성공,1,18.0,0.7905982905982906
1143,2021-12-31T17,2021,늦음,1,40.0,1.4221279400255387
1144,2022-01-01T05,2021,늦음,0,20.0,1.5273699434632073
1145,2022-01-02T04,2022,성공,1,11.0,0.9725454184971459
1147,2022-01-02T18,2022,늦음,0,9.0,1.1510416666666667
1149,2022-01-03T15,2022,늦음,0,43.0,1.7971057139554194
1150,2022-01-04T06,2022,성공,0,9.0,0.800875273522976
1151,2022-01-04T18,2022,늦음,1,11.0,1.3965244865718798
1153,2022-01-05T17,2022,늦음,0,16.0,1.5203994900127498
1154,2022-01-06T11,2022,늦음,0,1.0,1.2067616586452974
1155,2022-01-07T04,2022,늦음,1,48.0,1.4386093825346162
1157,2022-01-07T15,2022,늦음,0,5.0,3.064945995230748
1159,2022-01-08T16,2022,늦음,0,76.0,2.322866676885708
1160,2022-01-08T22,2022,늦음,1,1.0,1.1701602959309494
1162,2022-01-09T16,2022,늦음,0,3.0,1.472879540364203
1163,2022-01-10T00,2022,늦음,0,37.0,1.8715952397652618
1164,2022-01-10T20,2022,늦음,1,2.0,2.912621359223301
1165,2022-01-11T10,2022,늦음,0,1.0,1.1510538641686183
1166,2022-01-11T16,2022,늦음,1,5.0,1.5177208750211972
1167,2022-01-12T03,2022,성공,0,13.0,0.9510460347983226
1168,2022-01-12T12,2022,늦음,0,68.0,1.8380707910416128
1169,2022-01-13T00,2022,늦음,0,6.0,1.4780652418447693
1170,2022-01-14T14,2022,성공,2,1.0,0.7689912081067485
1171,2022-01-15T11,2022,성공,0,0.0,0.9850244254024185
1172,2022-01-15T15,2022,성공,0,9.0,0.6989638888236261
1173,2022-01-15T23,2022,성공,0,8.0,0.8154501536107082
1174,2022-01-16T14,2022,성공,0,0.0,0.38848853313302506
1175,2022-01-16T19,2022,성공,0,16.0,0.9435047750546541
1176,2022-01-18T01,2022,늦음,5,3.0,1.3634175691937425
1178,2022-01-18T19,2022,성공,2,2.0,0.715496368038741
1179,2022-01-19T06,2022,늦음,0,61.0,2.3528722157092616
1180,2022-01-19T12,2022,성공,0,19.0,0.9637822070977152
1181,2022-01-19T20,2022,늦음,0,9.0,1.4689982607060594
1183,2022-01-20T21,2022,성공,2,19.0,0.8819741502230808
1184,2022-01-21T16,2022,늦음,0,4.0,1.471859169536371
1186,2022-01-22T11,2022,늦음,2,2.0,2.588339222614841
1187,2022-01-23T18,2022,늦음,0,33.0,4.6022271961093155
1188,2022-01-23T22,2022,늦음,0,3.0,1.953700760093639
1189,2022-01-24T04,2022,늦음,0,27.0,2.2246196706088
1190,2022-01-24T17,2022,늦음,1,47.0,4.441439251200388
1191,2022-01-25T07,2022,늦음,0,42.0,3.4460719041278294
1193,2022-01-25T14,2022,성공,2,0.0,0.639300134589502
1194,2022-01-25T16,2022,늦음,0,23.0,2.363398620075673
1195,2022-01-25T21,2022,성공,0,8.0,0.9093333333333333
1197,2022-01-26T18,2022,성공,3,2.0,0.8773297980191842
1198,2022-01-27T11,2022,늦음,2,68.0,2.986714754652654
1199,2022-01-27T20,2022,늦음,0,60.0,3.5878354780646373
1200,2022-01-27T22,2022,늦음,0,7.0,1.773608259022757
1201,2022-01-28T09,2022,늦음,1,4.0,1.5801053403560237
1202,2022-01-28T15,2022,성공,0,7.0,0.7353652636671504
1203,2022-01-29T09,2022,성공,1,43.0,0.942998630281319
1205,2022-01-29T14,2022,성공,0,6.0,0.3748361730013106
1206,2022-01-29T20,2022,늦음,0,55.0,2.0130985613055614
1207,2022-01-30T00,2022,늦음,0,10.0,1.1529830534705565
1208,2022-01-31T10,2022,성공,3,23.0,0.990936885782922
1209,2022-02-01T07,2022,늦음,1,11.0,1.3915039591447216
1210,2022-02-01T13,2022,늦음,1,13.0,1.2154492421548875
1211,2022-02-01T14,2022,늦음,0,2.0,1.1743589743589744
1212,2022-02-01T16,2022,늦음,0,12.0,1.7454888548177852
1213,2022-02-01T18,2022,늦음,0,11.0,1.2127388535031847
1214,2022-02-03T07,2022,늦음,2,10.0,1.3260273972602739
1215,2022-02-03T10,2022,늦음,0,21.0,1.2288890087951223
1217,2022-02-05T07,2022,늦음,5,6.0,1.505319910301064
1218,2022-02-06T23,2022,늦음,1,9.0,1.7143625210782276
1219,2022-02-08T00,2022,늦음,4,45.0,1.0348314606741573
1221,2022-02-08T08,2022,늦음,0,3.0,1.5692307692307692
1222,2022-02-08T22,2022,늦음,1,35.0,2.8792497069167644
1223,2022-02-09T02,2022,성공,0,11.0,0.6954950886304618
1225,2022-02-10T02,2022,늦음,1,45.0,1.788743081592573
1226,2022-02-10T10,2022,늦음,0,75.0,1.8460230666727935
1227,2022-02-10T20,2022,늦음,2,44.0,4.046859519428628
1228,2022-02-11T12,2022,늦음,0,71.0,1.538642236316655
1229,2022-02-11T18,2022,성공,0,2.0,0.892287355273954
1230,2022-02-12T09,2022,성공,2,1.0,0.5581105681709304
1231,2022-02-13T18,2022,늦음,1,21.0,1.0878417684700408
1232,2022-02-14T07,2022,성공,1,41.0,0.9178064066014698
1233,2022-02-14T20,2022,늦음,1,12.0,1.284864044812697
1235,2022-02-15T17,2022,성공,2,5.0,0.6047661870503598
1236,2022-02-16T21,2022,성공,1,1.0,0.5073384953195423
1237,2022-02-16T23,2022,성공,2,5.0,0.6284394320266322
1238,2022-02-17T00,2022,성공,0,12.0,0.6106887656096615
1239,2022-02-17T03,2022,성공,0,30.0,0.8992683534555009
1240,2022-02-18T06,2022,늦음,4,1.0,1.4509054099651333
1241,2022-02-20T04,2022,늦음,0,32.0,1.7825725735509728
1242,2022-02-20T18,2022,늦음,0,82.0,1.0826278450299338
1243,2022-02-21T11,2022,성공,2,18.0,0.7510131712259371
1244,2022-02-21T16,2022,늦음,0,13.0,3.7067434476077716
1246,2022-02-22T09,2022,성공,1,1.0,0.7173838209982788
1247,2022-02-23T17,2022,늦음,4,20.0,1.5851172273190623
1248,2022-02-24T13,2022,늦음,0,27.0,3.4036650361393006
1249,2022-02-25T17,2022,늦음,0,3.0,3.50875
1250,2022-02-27T09,2022,늦음,1,12.0,1.0007990673181466
1251,2022-02-27T18,2022,늦음,1,8.0,1.7095945353136557
1252,2022-02-28T07,2022,늦음,0,82.0,2.8506039759492987
1253,2022-03-01T09,2022,늦음,0,89.0,2.6089407520153336
1254,2022-03-03T13,2022,늦음,0,25.0,3.2164630585597163
1255,2022-03-03T15,2022,성공,0,5.0,0.836264609100193
1256,2022-03-04T09,2022,성공,2,0.0,0.20097054065977157
1257,2022-03-04T15,2022,늦음,0,35.0,2.8520286396181387
1258,2022-03-05T06,2022,성공,1,79.0,0.9271282397548434
1259,2022-03-06T09,2022,늦음,0,37.0,2.1045084029385124
1260,2022-03-06T16,2022,늦음,0,26.0,2.019008611636211
1262,2022-03-07T11,2022,늦음,1,29.0,1.4429860759830675
1263,2022-03-07T19,2022,늦음,0,22.0,3.1996155402670987
1264,2022-03-08T01,2022,늦음,0,14.0,1.8067260830932443
1265,2022-03-08T16,2022,늦음,2,40.0,1.9892308477517482
1267,2022-03-08T20,2022,늦음,0,7.0,1.2878210017798117
1268,2022-03-09T01,2022,성공,0,15.0,0.5639709808927152
1269,2022-03-09T18,2022,성공,1,0.0,0.41805236779240246
1270,2022-03-10T19,2022,늦음,1,19.0,2.8945590604375617
1271,2022-03-11T02,2022,늦음,0,14.0,1.3329129886506936
1273,2022-03-11T18,2022,늦음,0,15.0,2.5888198757763976
1274,2022-03-12T00,2022,늦음,1,6.0,1.5617253346554287
1275,2022-03-12T23,2022,성공,1,2.0,0.7110806905468097
1276,2022-03-13T02,2022,성공,0,13.0,0.7854789742264713
1277,2022-03-13T09,2022,성공,0,46.0,0.6106015697548689
1278,2022-03-13T18,2022,늦음,0,33.0,1.7085885572787698
1279,2022-03-13T20,2022,성공,0,9.0,0.7401715968754002
1280,2022-03-14T05,2022,늦음,1,10.0,1.6214991872518454
1281,2022-03-14T20,2022,늦음,0,90.0,1.5430841311876144
1282,2022-03-14T22,2022,성공,0,13.0,0.8617673357782472
1284,2022-03-15T14,2022,늦음,0,46.0,1.4435695538057742
1285,2022-03-16T05,2022,성공,2,0.0,0.6061767736061527
1287,2022-03-16T18,2022,늦음,0,16.0,1.8235536289443732
1289,2022-03-17T03,2022,늦음,0,29.0,1.3807824031643432
1290,2022-03-17T04,2022,못함,0,,
1291,2022-03-17T05,2022,성공,0,0.0,0.6707442124184189
1292,2022-03-18T15,2022,성공,2,1.0,0.5996758508914101
1293,2022-03-19T06,2022,늦음,0,17.0,1.5991496397779617
1294,2022-03-19T20,2022,늦음,0,154.0,1.6582369942196533
1296,2022-03-21T09,2022,늦음,3,40.0,1.0834249570706758
1297,2022-03-22T17,2022,늦음,1,24.0,2.858260649437323
1298,2022-03-23T15,2022,늦음,1,50.0,1.229090473049943
1299,2022-03-23T18,2022,늦음,0,17.0,1.4567196311983712
1301,2022-03-24T12,2022,늦음,0,1.0,1.0804597701149425
1302,2022-03-24T14,2022,늦음,0,15.0,1.832879029984021
1303,2022-03-25T02,2022,성공,1,0.0,0.7648463548706858
1304,2022-03-25T12,2022,늦음,0,33.0,1.441822022224263
1305,2022-03-25T16,2022,성공,0,2.0,0.7124546392782235
1306,2022-03-27T00,2022,성공,0,34.0,0.9997727789138832
1307,2022-03-27T09,2022,성공,0,82.0,0.7502727252487922
1308,2022-03-27T15,2022,성공,0,35.0,0.9039128281327391
1309,2022-03-28T11,2022,늦음,2,2.0,1.4822175732217573
1311,2022-03-28T14,2022,성공,0,3.0,0.4544788154229585
1312,2022-03-30T17,2022,늦음,2,15.0,1.4945915141609858
1313,2022-03-30T19,2022,늦음,0,13.0,1.313029616578572
1315,2022-03-31T04,2022,성공,0,24.0,0.6677919611773394
1316,2022-03-31T07,2022,성공,0,21.0,0.44449181900548956
1317,2022-03-31T14,2022,늦음,0,10.0,1.263934271215289
1318,2022-04-01T08,2022,늦음,3,14.0,1.0146599701370977
1319,2022-04-02T11,2022,늦음,1,21.0,1.8801609146728775
1320,2022-04-03T06,2022,늦음,2,43.0,1.8900683501461506
1321,2022-04-04T00,2022,늦음,3,7.0,1.7065672835996883
1322,2022-04-04T20,2022,성공,1,12.0,0.7991120976692565
1323,2022-04-05T13,2022,성공,1,2.0,0.5318923500741682
1324,2022-04-07T04,2022,성공,8,2.0,0.6931516152071844
1325,2022-04-08T12,2022,성공,0,11.0,0.914010276931472
1326,2022-04-08T15,2022,늦음,0,5.0,1.3976608187134503
1328,2022-04-09T07,2022,성공,1,66.0,0.9218341648847708
1329,2022-04-10T13,2022,성공,1,37.0,0.549232706749382
1331,2022-04-10T22,2022,성공,1,17.0,0.8513236412229569
1332,2022-04-12T04,2022,성공,3,58.0,0.8373434767624421
1333,2022-04-12T19,2022,못함,0,,
1334,2022-04-12T22,2022,성공,0,12.0,0.7492163808261767
1335,2022-04-13T12,2022,늦음,0,23.0,1.518198520284026
1336,2022-04-13T13,2022,성공,0,3.0,0.5505050505050505
1337,2022-04-14T06,2022,성공,0,133.0,0.885615960339807
1338,2022-04-15T03,2022,늦음,1,96.0,1.241112320032388
1339,2022-04-16T07,2022,늦음,0,43.0,1.1065142353545987
1340,2022-04-16T22,2022,성공,1,25.0,0.4365501282131466
1345,2022-04-17T16,2022,성공,2,38.0,0.9171145407031212
1346,2022-04-18T13,2022,늦음,1,18.0,1.397319745752798
1347,2022-04-19T09,2022,늦음,2,13.0,1.2627118644067796
1349,2022-04-19T21,2022,늦음,0,69.0,1.145572726510971
1350,2022-04-20T11,2022,성공,0,94.0,0.7219296755563105
1352,2022-04-21T03,2022,성공,0,9.0,0.7891452761396726
1353,2022-04-21T05,2022,성공,0,3.0,0.403931439530145
1354,2022-04-21T07,2022,성공,0,22.0,0.7523245984784446
1355,2022-04-21T17,2022,성공,1,3.0,0.7741559953434226
1356,2022-04-22T11,2022,늦음,0,2.0,1.8717793270688086
1357,2022-04-22T14,2022,성공,0,1.0,0.8430250446126393
1358,2022-04-22T22,2022,늦음,0,18.0,1.8804317173840592
1359,2022-04-24T01,2022,못함,1,,
1360,2022-04-24T03,2022,성공,0,1.0,0.30583756345177665
1361,2022-04-24T16,2022,성공,1,0.0,0.31818010998509316
1364,2022-04-25T14,2022,늦음,2,52.0,2.1485606219794073
1365,2022-04-26T09,2022,성공,0,43.0,0.8259196627698943
1366,2022-04-27T05,2022,늦음,0,11.0,1.6393007419992833
1367,2022-04-28T13,2022,성공,5,0.0,0.2907523216322234
1368,2022-04-28T16,2022,늦음,0,12.0,1.7033977896998467
1369,2022-04-28T23,2022,늦음,0,47.0,1.3333333333333335
1370,2022-04-30T01,2022,늦음,2,35.0,1.076987579267334
1371,2022-04-30T17,2022,늦음,0,106.0,1.0215005223582216
1374,2022-05-01T06,2022,성공,2,0.0,0.7429519959304972
1375,2022-05-02T11,2022,성공,1,46.0,0.9210526315789472
1376,2022-05-04T03,2022,성공,3,16.0,0.792
1377,2022-05-05T05,2022,성공,3,69.0,0.9935469376037546
1378,2022-05-06T05,2022,늦음,1,25.0,2.956830277942046
1379,2022-05-07T21,2022,늦음,0,90.0,3.136122214313092
1380,2022-05-08T11,2022,늦음,2,13.0,1.4258527302005564
1383,2022-05-09T02,2022,늦음,0,17.0,1.2869180111005665
1384,2022-05-10T03,2022,늦음,5,2.0,2.9601830971693985
1385,2022-05-10T21,2022,늦음,0,97.0,4.2399473450582414
1386,2022-05-11T02,2022,늦음,0,23.0,2.915069765898495
1387,2022-05-11T07,2022,늦음,0,19.0,3.8063041913168685
1389,2022-05-11T12,2022,늦음,0,25.0,2.4325162891715792
1392,2022-05-12T10,2022,늦음,4,2.0,6.195357250527586
1393,2022-05-13T16,2022,늦음,1,7.0,1.7424071628715903
1394,2022-05-14T17,2022,성공,2,0.0,0.9878485881633011
1395,2022-05-16T03,2022,늦음,2,42.0,2.2971000698013833
1396,2022-05-16T21,2022,늦음,1,9.0,2.314974182444062
1397,2022-05-17T14,2022,늦음,1,31.0,1.305830761734611
1398,2022-05-17T23,2022,늦음,0,14.0,2.8758503401360542
1399,2022-05-18T01,2022,늦음,0,14.0,1.4123971654312943
1400,2022-05-19T03,2022,늦음,2,7.0,1.1053679321063108
1401,2022-05-20T04,2022,성공,0,1.0,0.9263171579939545
1402,2022-05-21T05,2022,늦음,2,27.0,1.8130834610561517
1403,2022-05-22T04,2022,성공,1,57.0,0.8194648186554706
1405,2022-05-23T04,2022,성공,1,1.0,0.8065838224204073
1406,2022-05-23T06,2022,늦음,0,20.0,1.504983388704319
1408,2022-05-24T09,2022,늦음,1,45.0,1.506640313464406
1409,2022-05-24T14,2022,늦음,0,32.0,1.642825592062791
1411,2022-05-25T11,2022,늦음,1,96.0,2.2391023731506308
1412,2022-05-25T22,2022,늦음,0,13.0,1.4749011048970129
1414,2022-05-26T03,2022,늦음,0,35.0,1.0736092265943011
1415,2022-05-26T05,2022,성공,0,21.0,0.5056763001908844
1416,2022-05-26T17,2022,늦음,0,6.0,3.2540250447227193
1417,2022-05-27T00,2022,늦음,0,33.0,1.6337667587414944
1418,2022-05-27T12,2022,늦음,0,14.0,1.3316323855792251
1419,2022-05-27T16,2022,늦음,0,9.0,1.539404672706219
1420,2022-05-27T22,2022,늦음,1,42.0,1.596092934369083
1421,2022-05-29T02,2022,성공,1,2.0,0.6032125768967874
1423,2022-05-29T04,2022,성공,0,1.0,0.11038669840284245
1425,2022-05-29T19,2022,늦음,2,34.0,1.1271186440677965
1427,2022-05-30T14,2022,늦음,2,1.0,1.0532757843200413
1429,2022-05-31T06,2022,늦음,0,0.0,1.2278477097702039
1430,2022-06-02T06,2022,늦음,2,31.0,2.5400293605544366
1431,2022-06-03T10,2022,성공,0,126.0,0.8579987626583309
1432,2022-06-03T22,2022,늦음,1,61.0,1.2136752136752136
1433,2022-06-05T07,2022,성공,1,0.0,0.6
1434,2022-06-05T14,2022,성공,0,28.0,0.6743591046950982
1435,2022-06-06T16,2022,성공,5,2.0,0.552755905511811
1436,2022-06-07T15,2022,늦음,1,102.0,1.7222136369099743
1437,2022-06-08T04,2022,늦음,0,32.0,3.973352743844547
1439,2022-06-09T13,2022,늦음,1,26.0,1.2852465425401944
1442,2022-06-10T05,2022,성공,1,1.0,0.8916614398806597
1443,2022-06-10T09,2022,늦음,0,36.0,1.1263645385378762
1445,2022-06-10T12,2022,늦음,0,1.0,2.1176470588235294
1446,2022-06-11T01,2022,늦음,1,114.0,1.2892143253747919
1447,2022-06-11T11,2022,늦음,0,75.0,2.1408910184524417
1448,2022-06-11T21,2022,늦음,2,5.0,1.2520064205457464
1449,2022-06-12T02,2022,성공,0,2.0,0.19004114652346746
1450,2022-06-12T13,2022,못함,1,,
1451,2022-06-12T22,2022,늦음,0,52.0,2.9801207584477947
1452,2022-06-13T19,2022,늦음,3,15.0,4.166574322377607
1453,2022-06-14T00,2022,늦음,1,3.0,2.037169406719085
1454,2022-06-14T05,2022,늦음,0,24.0,6.157984484953287
1456,2022-06-15T12,2022,성공,1,7.0,0.94165711723382
1457,2022-06-16T07,2022,늦음,1,8.0,2.7462842469479685
1458,2022-06-17T05,2022,늦음,3,27.0,1.8686968558433854
1459,2022-06-17T18,2022,늦음,0,51.0,3.315382814329197
1460,2022-06-17T20,2022,성공,0,6.0,0.4676100474954708
1464,2022-06-18T02,2022,성공,0,11.0,0.8374384236453201
1465,2022-06-18T06,2022,늦음,1,22.0,5.35979544624376
1466,2022-06-18T22,2022,늦음,2,10.0,4.377840909090909
1467,2022-06-20T03,2022,늦음,2,11.0,2.574447646493756
1468,2022-06-20T09,2022,늦음,0,42.0,4.052138699063528
1469,2022-06-20T16,2022,늦음,1,0.0,1.3325443786982247
1470,2022-06-21T05,2022,늦음,0,81.0,4.317872104174027
1471,2022-06-21T18,2022,늦음,2,7.0,1.2544885369671301
1472,2022-06-22T13,2022,늦음,0,36.0,2.079987956643918
1473,2022-06-22T17,2022,늦음,0,8.0,1.8601422039213809
1474,2022-06-23T00,2022,늦음,0,44.0,2.3295944779982745
1475,2022-06-23T16,2022,늦음,0,16.0,2.015228304470012
1476,2022-06-23T19,2022,늦음,0,18.0,1.2723214285714286
1477,2022-06-24T07,2022,성공,1,4.0,0.9545199326221224
1480,2022-06-24T21,2022,늦음,0,40.0,2.1989654757608563
1481,2022-06-25T00,2022,늦음,0,21.0,1.8718252035348968
1483,2022-06-25T02,2022,성공,0,4.0,0.673778775968557
1484,2022-06-25T07,2022,늦음,0,50.0,1.504115031690474
1486,2022-06-25T21,2022,늦음,0,63.0,2.1076555023923444
1487,2022-06-26T09,2022,성공,0,69.0,0.9337349397590362
1489,2022-06-26T13,2022,늦음,0,3.0,1.3436928702010968
1490,2022-06-27T07,2022,늦음,3,24.0,1.1186003155026532
1491,2022-06-27T13,2022,늦음,0,46.0,1.6357738646895275
1492,2022-06-28T05,2022,성공,2,0.0,0.5325516062049591
1493,2022-06-28T16,2022,늦음,0,65.0,2.1488383064040573
1494,2022-06-29T13,2022,성공,5,0.0,0.8627648839556005
1495,2022-06-30T06,2022,늦음,0,63.0,2.275730436059316
1496,2022-06-30T23,2022,성공,1,1.0,0.518789312402559
1497,2022-07-01T10,2022,늦음,0,2.0,2.945164743665993
1498,2022-07-01T17,2022,늦음,0,18.0,1.7055655296229804
1499,2022-07-01T23,2022,늦음,1,31.0,2.0590550181531975
1500,2022-07-02T10,2022,성공,0,4.0,0.8465189873417721
1501,2022-07-03T05,2022,늦음,0,149.0,1.1902313624678662
1502,2022-07-03T16,2022,성공,0,90.0,0.8242629187361301
1503,2022-07-04T02,2022,늦음,0,60.0,2.2888713496448303
1504,2022-07-04T09,2022,늦음,0,81.0,1.6413677188927989
1505,2022-07-05T08,2022,늦음,2,8.0,1.025390625
1506,2022-07-05T19,2022,늦음,0,40.0,2.1518494484101236
1507,2022-07-06T02,2022,늦음,0,6.0,1.1783132530120481
1508,2022-07-06T09,2022,늦음,0,12.0,2.553579571363429
1510,2022-07-06T16,2022,늦음,0,13.0,1.428499824570197
1511,2022-07-07T04,2022,성공,1,22.0,0.7234104325945998
1512,2022-07-07T14,2022,늦음,0,97.0,1.3902607664954563
1513,2022-07-08T07,2022,늦음,1,2.0,2.0530973451327434
1514,2022-07-09T17,2022,늦음,0,24.0,2.9503398791540785
1516,2022-07-11T10,2022,성공,5,12.0,0.40294840294840295
1517,2022-07-11T22,2022,늦음,0,113.0,3.59062100874762
1518,2022-07-12T12,2022,늦음,2,39.0,1.551993045434788
1519,2022-07-12T20,2022,늦음,0,5.0,1.5246188452886777
1520,2022-07-13T02,2022,성공,1,0.0,0.6290452548673027
1521,2022-07-14T08,2022,늦음,1,62.0,2.046812261286848
1522,2022-07-14T15,2022,늦음,0,28.0,1.78544061302682
1523,2022-07-15T04,2022,늦음,1,29.0,2.05990717259199
1524,2022-07-15T05,2022,못함,0,,
1525,2022-07-15T06,2022,성공,0,6.0,0.44231745341164524
1526,2022-07-15T07,2022,늦음,0,10.0,1.2646529500462085
1527,2022-07-15T15,2022,성공,2,3.0,0.8841167128872455
1528,2022-07-15T19,2022,늦음,0,30.0,1.9248484848484848
1529,2022-07-15T20,2022,늦음,0,2.0,1.3918048642400511
1530,2022-07-16T14,2022,늦음,0,75.0,1.1236229512201081
1531,2022-07-17T10,2022,성공,1,6.0,0.8975956435460796
1532,2022-07-18T03,2022,늦음,1,33.0,1.2533140515786938
1533,2022-07-18T18,2022,늦음,1,2.0,2.135692179371804
1534,2022-07-19T13,2022,늦음,0,20.0,1.4430723173355786
1535,2022-07-20T03,2022,늦음,1,32.0,2.5034127900871574
1537,2022-07-20T07,2022,성공,0,0.0,0.7002683663200269
1538,2022-07-20T14,2022,늦음,0,65.0,2.897897897897898
1539,2022-07-20T16,2022,성공,0,7.0,0.9597561477942085
1540,2022-07-21T17,2022,성공,2,5.0,0.9174106643395762
1541,2022-07-22T17,2022,늦음,6,3.0,1.7126025667999158
1542,2022-07-23T21,2022,늦음,6,24.0,1.5818024342435157
1543,2022-07-24T23,2022,늦음,1,2.0,1.3940843845150066
1544,2022-07-25T16,2022,성공,1,6.0,0.9225092250922509
1545,2022-07-25T23,2022,성공,0,12.0,0.9349154980222941
1546,2022-07-26T11,2022,늦음,0,89.0,1.082261470531772
1547,2022-07-28T08,2022,늦음,2,8.0,1.157683779634999
1548,2022-07-28T16,2022,늦음,1,37.0,4.443804800283411
1549,2022-07-29T00,2022,늦음,3,1.0,1.2149764443342426
1550,2022-07-30T12,2022,늦음,2,18.0,3.2795285677683834
1551,2022-07-30T20,2022,늦음,0,79.0,2.4579874468515897
1552,2022-07-31T15,2022,성공,0,69.0,0.9699651152897133
1553,2022-07-31T22,2022,늦음,1,3.0,2.1854646955442987
1554,2022-08-01T14,2022,성공,3,6.0,0.7740950719581334
1556,2022-08-01T22,2022,성공,0,5.0,0.6900328587075575
1557,2022-08-02T03,2022,늦음,0,32.0,2.2044857978189887
1558,2022-08-02T11,2022,성공,2,3.0,0.4328526313464809
1560,2022-08-02T13,2022,성공,0,1.0,0.39717563989408644
1561,2022-08-03T01,2022,성공,0,5.0,0.6242676041333759
1563,2022-08-03T22,2022,늦음,0,5.0,1.3083914605791587
1564,2022-08-05T01,2022,늦음,2,90.0,1.7583892617449663
1565,2022-08-05T16,2022,늦음,1,4.0,1.3833319145313696
1566,2022-08-05T22,2022,늦음,0,48.0,2.134675841449205
1567,2022-08-06T08,2022,성공,0,30.0,0.6750096429948998
1568,2022-08-07T11,2022,성공,2,72.0,0.6346844086492165
1569,2022-08-08T18,2022,늦음,2,40.0,1.1490933096775524
1570,2022-08-10T06,2022,늦음,2,0.0,1.0168287376226632
1571,2022-08-11T14,2022,늦음,5,0.0,1.408817635270541
1572,2022-08-12T16,2022,성공,1,11.0,0.8850872352167085
1573,2022-08-13T10,2022,성공,0,8.0,0.9208991836570556
1574,2022-08-14T06,2022,늦음,0,171.0,1.1613062636412306
1575,2022-08-14T11,2022,늦음,0,13.0,1.524110103471695
1576,2022-08-15T01,2022,성공,0,13.0,0.7383134928864739
1577,2022-08-15T07,2022,늦음,0,5.0,1.5278384062859636
1578,2022-08-16T00,2022,성공,1,2.0,0.9890572390572391
1579,2022-08-16T14,2022,늦음,0,19.0,1.2857555619763075
1580,2022-08-16T19,2022,성공,0,6.0,0.7162476230720474
1581,2022-08-17T09,2022,늦음,0,9.0,1.6021115953594007
1582,2022-08-18T01,2022,성공,1,4.0,0.8115341448674781
1583,2022-08-18T18,2022,성공,0,25.0,0.848140452058861
1586,2022-08-19T20,2022,늦음,0,0.0,3.2960523197952702
1588,2022-08-20T01,2022,늦음,1,24.0,1.096147823363608
1589,2022-08-22T02,2022,성공,2,0.0,0.6565656565656566
1590,2022-08-22T23,2022,늦음,1,8.0,1.5198005561415284
1591,2022-08-23T05,2022,성공,0,18.0,0.7643905849452343
1592,2022-08-23T07,2022,늦음,0,21.0,1.9391908067991384
1593,2022-08-24T00,2022,늦음,0,10.0,1.257005789145928
1594,2022-08-24T12,2022,늦음,0,32.0,1.6108049293942333
1595,2022-08-24T23,2022,늦음,1,69.0,1.3711151736745886
1596,2022-08-25T06,2022,늦음,0,12.0,1.0162649329922313
1597,2022-08-25T15,2022,성공,0,14.0,0.712975699220541
1598,2022-08-26T13,2022,성공,2,0.0,0.6185860213779537
1600,2022-08-27T08,2022,성공,2,1.0,0.6755399296835761
1602,2022-08-29T06,2022,성공,0,27.0,0.9020552508841166
1603,2022-08-30T12,2022,성공,2,1.0,0.5347853566045991
1604,2022-08-31T01,2022,늦음,0,28.0,2.1607782898105476
1605,2022-08-31T14,2022,늦음,0,4.0,1.3317397985316715
1606,2022-09-01T20,2022,늦음,3,7.0,1.6513292433537834
1607,2022-09-02T17,2022,늦음,3,28.0,1.664382220481692
1608,2022-09-03T22,2022,성공,1,0.0,0.25201099684349865
1609,2022-09-04T07,2022,성공,0,12.0,0.3148773237946496
1610,2022-09-04T09,2022,성공,0,1.0,0.38805208067398517
1611,2022-09-05T05,2022,늦음,1,23.0,1.0601411858614582
1612,2022-09-05T15,2022,성공,0,1.0,0.44590531519135707
1614,2022-09-05T22,2022,성공,0,6.0,0.40379926859000403
1615,2022-09-06T05,2022,늦음,0,8.0,1.448089464157306
1617,2022-09-06T13,2022,성공,0,7.0,0.6768231768231768
1618,2022-09-07T08,2022,성공,3,1.0,0.9945260419489458
1619,2022-09-08T12,2022,성공,2,31.0,0.8510091271371641
1620,2022-09-08T20,2022,늦음,0,6.0,1.756923805265511
1621,2022-09-09T21,2022,성공,8,2.0,0.5578507574166142
1622,2022-09-10T22,2022,늦음,0,33.0,1.0159617297399706
1624,2022-09-12T01,2022,늦음,0,133.0,2.224253503960999
1625,2022-09-12T22,2022,성공,3,0.0,0.4313411597296336
1626,2022-09-13T11,2022,늦음,0,28.0,1.2761809774231572
1627,2022-09-13T12,2022,늦음,1,1.0,3.873826445555848
1628,2022-09-14T04,2022,늦음,0,87.0,2.750189059742879
1629,2022-09-15T14,2022,늦음,0,36.0,1.0534826175368106
1630,2022-09-16T02,2022,늦음,0,3.0,1.8205628594905505
1631,2022-09-16T16,2022,늦음,0,26.0,1.7783031918907362
1632,2022-09-16T20,2022,늦음,0,16.0,1.045819311415998
1633,2022-09-18T01,2022,성공,1,2.0,0.740961019007261
1634,2022-09-19T12,2022,늦음,2,43.0,1.9050248481501935
1635,2022-09-20T08,2022,늦음,0,60.0,1.2986022871664549
1636,2022-09-21T03,2022,늦음,0,100.0,1.506732207736696
1637,2022-09-21T21,2022,늦음,2,2.0,5.919181840858069
1638,2022-09-22T07,2022,늦음,0,68.0,3.1906077348066297
1639,2022-09-23T07,2022,성공,2,16.0,0.8351051566462587
1640,2022-09-23T22,2022,늦음,0,67.0,1.64646819077438
1641,2022-09-24T10,2022,늦음,0,28.0,1.6757328108484366
1643,2022-09-24T21,2022,성공,0,12.0,0.7546973403424764
1644,2022-09-25T07,2022,성공,0,33.0,0.9839640454219077
1645,2022-09-25T14,2022,성공,1,9.0,0.6828251237946312
1646,2022-09-26T08,2022,늦음,1,119.0,1.4983485942912382
1647,2022-09-27T15,2022,성공,3,0.0,0.4464395221625334
1648,2022-09-28T11,2022,늦음,0,91.0,2.3085677125670623
1649,2022-09-29T06,2022,늦음,1,12.0,1.2657268455358497
1650,2022-09-29T20,2022,늦음,1,12.0,2.4268493441665338
1651,2022-09-30T05,2022,늦음,0,28.0,1.7440974866717442
1652,2022-09-30T07,2022,성공,0,8.0,0.9361219279469788
1654,2022-09-30T14,2022,늦음,0,18.0,1.9649342844451412
1655,2022-09-30T20,2022,늦음,0,6.0,1.4108604016860897
1656,2022-10-01T22,2022,성공,1,1.0,0.3864128873919741
1657,2022-10-02T10,2022,성공,0,48.0,0.7247685125480385
1659,2022-10-02T23,2022,늦음,0,48.0,1.7302917442582246
1662,2022-10-03T05,2022,늦음,0,8.0,1.125984251968504
1663,2022-10-05T01,2022,성공,5,8.0,0.6992323113784167
1664,2022-10-06T00,2022,늦음,0,31.0,2.4601586054878513
1665,2022-10-06T07,2022,늦음,0,32.0,1.309028627355028
1666,2022-10-07T09,2022,성공,1,8.0,0.593779215200748
1667,2022-10-07T12,2022,늦음,0,3.0,1.534017332403626
1668,2022-10-08T00,2022,성공,1,0.0,0.41670980432757015
1671,2022-10-09T23,2022,성공,0,7.0,0.4500818330605565
1673,2022-10-10T05,2022,성공,0,3.0,0.2586758867972852
1674,2022-10-11T08,2022,성공,3,1.0,0.3432071387084851
1675,2022-10-13T02,2022,성공,0,17.0,0.9554470869249144
1676,2022-10-13T17,2022,늦음,1,33.0,3.710364672679985
1677,2022-10-14T10,2022,성공,1,49.0,0.8122743682310468
1678,2022-10-15T12,2022,성공,1,14.0,0.33889399711020624
1679,2022-10-17T03,2022,성공,2,0.0,0.11848951625367059
1681,2022-10-17T23,2022,성공,2,111.0,0.8312995729103111
1682,2022-10-18T00,2022,못함,0,,
1683,2022-10-18T01,2022,성공,0,7.0,0.46395431834403994
1684,2022-10-18T07,2022,성공,0,42.0,0.5006932676012942
1685,2022-10-18T08,2022,성공,0,3.0,0.37360849895796266
1686,2022-10-19T15,2022,성공,1,1.0,0.3987198992707623
1687,2022-10-20T00,2022,성공,0,10.0,0.6503770113751198
1689,2022-10-20T18,2022,성공,0,20.0,0.7340398035668131
1690,2022-10-21T15,2022,늦음,3,6.0,1.0122707622909004
1691,2022-10-22T09,2022,성공,0,86.0,0.6442562477269185
1692,2022-10-22T11,2022,성공,0,7.0,0.09147696087399702
1693,2022-10-22T17,2022,성공,1,0.0,0.17412094908911352
1694,2022-10-22T21,2022,성공,0,33.0,0.43654424258266894
1696,2022-10-23T17,2022,성공,1,5.0,0.4960629921259842
1697,2022-10-24T03,2022,성공,3,26.0,0.876368532019204
1698,2022-10-25T13,2022,성공,1,46.0,0.8822761681023231
1699,2022-10-26T06,2022,성공,1,5.0,0.7132352941176471
1701,2022-10-26T18,2022,성공,2,1.0,0.6473416154981199
1702,2022-10-28T13,2022,늦음,5,0.0,1.3349696939337776
1703,2022-10-29T13,2022,늦음,2,7.0,1.5900473933649288
1705,2022-10-29T17,2022,성공,0,5.0,0.5222243418542541
1706,2022-10-31T09,2022,늦음,4,87.0,1.0407738459654707
1707,2022-10-31T14,2022,늦음,0,46.0,1.3200844854070661
1709,2022-11-01T14,2022,늦음,0,48.0,1.512881241239306
1711,2022-11-02T07,2022,성공,1,11.0,0.36253041362530414
1713,2022-11-02T09,2022,성공,0,11.0,0.3459196102314251
1714,2022-11-02T16,2022,성공,0,3.0,0.3122925221924411
1715,2022-11-02T19,2022,늦음,0,10.0,2.1718216364423495
1716,2022-11-03T04,2022,성공,0,27.0,0.4787671745255966
1718,2022-11-03T15,2022,성공,0,2.0,0.5371374322332425
1719,2022-11-05T08,2022,성공,4,1.0,0.4680950163018165
1720,2022-11-07T17,2022,성공,8,76.0,0.7267865824015557
1721,2022-11-07T22,2022,늦음,0,32.0,1.343455146319268
1722,2022-11-08T16,2022,성공,3,3.0,0.736959975000651
1724,2022-11-09T05,2022,늦음,0,0.0,7.726190476190477
1726,2022-11-10T03,2022,늦음,4,25.0,3.9940493515733646
1727,2022-11-11T03,2022,늦음,1,58.0,4.878786212962454
1728,2022-11-12T03,2022,늦음,1,0.0,1.747394236664623
1729,2022-11-12T04,2022,못함,0,,
1730,2022-11-12T08,2022,늦음,0,38.0,1.2451502300821078
1731,2022-11-13T06,2022,성공,1,2.0,0.3973042173106919
1732,2022-11-14T07,2022,늦음,4,28.0,3.717766176237937
1733,2022-11-14T19,2022,늦음,1,4.0,2.7217800499622378
1734,2022-11-15T01,2022,늦음,0,40.0,3.175830292535098
1735,2022-11-15T18,2022,늦음,2,1.0,1.0984848484848484
1736,2022-11-16T23,2022,늦음,2,28.0,1.3563878536078695
1737,2022-11-18T08,2022,성공,2,15.0,0.9560510678355003
1738,2022-11-19T11,2022,성공,0,91.0,0.7012665115013753
1739,2022-11-20T08,2022,늦음,2,125.0,1.139948806476576
1740,2022-11-21T12,2022,성공,2,2.0,0.8339627391742195
1741,2022-11-21T19,2022,늦음,0,67.0,1.9403168365467274
1742,2022-11-22T02,2022,늦음,1,7.0,2.227979274611399
1743,2022-11-23T13,2022,성공,2,5.0,0.6566913550631204
1744,2022-11-24T01,2022,늦음,0,25.0,2.0396895991166457
1745,2022-11-24T07,2022,성공,0,29.0,0.9399167162403332
1746,2022-11-25T12,2022,성공,0,23.0,0.7221984209559948
1747,2022-11-26T11,2022,성공,2,33.0,0.5094396164219359
1748,2022-11-27T04,2022,성공,2,62.0,0.8793087656092572
1750,2022-11-28T14,2022,성공,0,26.0,0.8939695988038874
1752,2022-11-28T16,2022,성공,0,0.0,0.6474820143884892
1753,2022-11-29T15,2022,성공,1,11.0,0.45325436635039584
1755,2022-11-29T23,2022,성공,0,11.0,0.5268257236284365
1757,2022-11-30T12,2022,늦음,0,11.0,1.167883211678832
1758,2022-11-30T20,2022,늦음,0,1.0,1.2598755087383289
1759,2022-12-01T04,2022,성공,1,0.0,0.7961783439490446
1760,2022-12-02T10,2022,성공,1,35.0,0.7270029673590505
1761,2022-12-02T14,2022,성공,1,2.0,0.5789473684210527
1763,2022-12-03T06,2022,성공,0,56.0,0.8425655976676385
1764,2022-12-04T02,2022,성공,3,0.0,0.17798872738059923
1765,2022-12-04T12,2022,성공,1,7.0,0.3662037850823226
1766,2022-12-04T15,2022,성공,0,12.0,0.4848341512446047
1767,2022-12-05T12,2022,성공,5,4.0,0.6628217267797194
1768,2022-12-06T08,2022,성공,0,49.0,0.6995909171755499
1769,2022-12-06T10,2022,성공,0,12.0,0.42550694016492063
1770,2022-12-06T11,2022,성공,1,0.0,0.39636761617416516
1771,2022-12-07T07,2022,성공,1,39.0,0.6828129559381383
1772,2022-12-07T21,2022,성공,1,0.0,0.5850058500585006
1773,2022-12-09T07,2022,성공,2,94.0,0.5582552354506537
1774,2022-12-10T15,2022,성공,2,8.0,0.3578762100322675
1775,2022-12-10T20,2022,성공,0,11.0,0.25262057551032263
1776,2022-12-11T05,2022,성공,0,66.0,0.42432400795973313
1777,2022-12-11T13,2022,성공,0,31.0,0.20657550189118415
1779,2022-12-11T20,2022,성공,0,6.0,0.6691191379659938
1780,2022-12-12T11,2022,성공,2,13.0,0.2697095435684647
1781,2022-12-14T01,2022,못함,3,,
1782,2022-12-14T15,2022,성공,0,35.0,0.5528134254689042
1783,2022-12-14T19,2022,늦음,3,0.0,2.347788236574351
1784,2022-12-16T02,2022,성공,5,1.0,0.44316996871741393
1785,2022-12-16T09,2022,성공,1,7.0,0.4363947518539646
1786,2022-12-17T04,2022,늦음,3,11.0,1.1038862845909572
1787,2022-12-19T04,2022,성공,1,0.0,0.5414201183431953
1789,2022-12-19T13,2022,성공,0,18.0,0.34873323397913564
1790,2022-12-20T02,2022,성공,1,0.0,0.9967290008023205
1791,2022-12-21T00,2022,늦음,1,65.0,1.1932684414213675
1792,2022-12-22T02,2022,성공,2,16.0,0.649311789347696
1793,2022-12-22T13,2022,성공,1,15.0,0.2727946627131208
1794,2022-12-22T21,2022,늦음,0,28.0,1.5941547658585187
1795,2022-12-23T14,2022,늦음,2,0.0,1.0594467333725721
1797,2022-12-24T21,2022,성공,2,3.0,0.13049409810783558
1798,2022-12-25T01,2022,성공,0,8.0,0.19043651620198174
1800,2022-12-25T23,2022,성공,2,2.0,0.5055793221048853
1801,2022-12-26T13,2022,성공,0,4.0,0.30747398297067174
1802,2022-12-26T23,2022,성공,0,65.0,0.366442233212179
1803,2022-12-27T08,2022,성공,0,7.0,0.4982017569718767
1804,2022-12-28T09,2022,성공,1,1.0,0.31108426457263666
1805,2022-12-28T21,2022,늦음,0,23.0,1.0489927285731315
1807,2022-12-30T05,2022,성공,1,68.0,0.474047404740474
1808,2022-12-30T16,2022,늦음,1,6.0,1.0151042622148843
1809,2022-12-31T09,2022,성공,0,0.0,0.6397608370702541
1811,2022-12-31T20,2022,성공,1,4.0,0.3002912825440678
1812,2023-01-01T11,2022,성공,0,0.0,0.31855829616819875
1813,2023-01-02T17,2023,성공,2,80.0,0.4769285799451532
1815,2023-01-02T22,2023,성공,0,0.0,0.27977855824751474
1816,2023-01-04T01,2023,성공,3,90.0,0.7286961758506474
1817,2023-01-04T16,2023,성공,0,0.0,0.29284742353428383
1819,2023-01-04T20,2023,늦음,1,5.0,1.0978337650105956
1820,2023-01-05T19,2023,성공,1,0.0,0.22392070221532215
1822,2023-01-06T16,2023,성공,3,0.0,0.5307346326836582
1823,2023-01-07T08,2023,성공,0,2.0,0.5900830813492646
1824,2023-01-08T15,2023,성공,0,202.0,0.22775674396592524
1825,2023-01-08T17,2023,성공,0,12.0,0.47323711825049236
1827,2023-01-09T20,2023,성공,9,4.0,0.2991084268047167
1828,2023-01-10T15,2023,성공,0,110.0,0.6337616822429906
1829,2023-01-11T04,2023,성공,2,2.0,0.25435838811088884
1830,2023-01-11T19,2023,성공,1,26.0,0.48239406106473326
1831,2023-01-12T14,2023,성공,2,14.0,0.9277901724982316
1833,2023-01-13T03,2023,늦음,1,6.0,1.672459299135025
1834,2023-01-13T17,2023,늦음,0,110.0,1.7798145582436322
1835,2023-01-14T10,2023,늦음,2,0.0,2.236658932714617
1837,2023-01-16T08,2023,늦음,0,5.0,1.0233100233100234
1838,2023-01-16T18,2023,성공,1,1.0,0.9271844660194175
1839,2023-01-17T01,2023,늦음,0,51.0,1.8940804169769172
1841,2023-01-17T16,2023,늦음,0,2.0,2.103900307493122
1844,2023-01-18T13,2023,성공,1,0.0,0.9293591937630729
1845,2023-01-18T15,2023,늦음,0,1.0,1.2827019794213999
1846,2023-01-19T06,2023,늦음,1,6.0,3.4020112828059847
1847,2023-01-20T06,2023,성공,2,1.0,0.46198086079291
1848,2023-01-20T13,2023,성공,0,2.0,0.5346952476861843
1849,2023-01-21T13,2023,늦음,4,2.0,2.4050199169058124
1850,2023-01-23T09,2023,늦음,2,10.0,1.2681240741572024
1851,2023-01-24T09,2023,늦음,2,11.0,1.3326432914995472
1852,2023-01-24T20,2023,성공,1,0.0,0.6060739630625468
1853,2023-01-24T21,2023,성공,0,2.0,0.3899142188718482
1854,2023-01-25T12,2023,늦음,2,12.0,1.1738877189838255
1856,2023-01-25T16,2023,성공,0,6.0,0.9470078581503123
1857,2023-01-26T08,2023,늦음,1,0.0,1.7696335078534031
1858,2023-01-27T07,2023,늦음,1,12.0,1.234293832970741
1859,2023-01-27T13,2023,성공,0,71.0,0.7711302690291556
1860,2023-01-27T14,2023,성공,0,5.0,0.7159120763639548
1861,2023-01-28T04,2023,늦음,1,1.0,1.035487231825817
1862,2023-01-28T19,2023,성공,0,21.0,0.49838244294832557
1863,2023-01-28T20,2023,성공,0,8.0,0.3210899702774825
1864,2023-01-28T23,2023,성공,0,4.0,0.31831858021192166
1865,2023-01-30T01,2023,늦음,4,15.0,1.2163064341149963
1866,2023-01-31T06,2023,늦음,2,0.0,1.0631436133537955
1867,2023-02-01T07,2023,성공,1,0.0,0.639572192513369
1868,2023-02-01T19,2023,성공,1,0.0,0.6042627993847506
1869,2023-02-02T08,2023,늦음,0,64.0,2.2034596375617794
1870,2023-02-03T15,2023,성공,5,1.0,0.6783530019812215
1871,2023-02-03T19,2023,성공,0,5.0,0.8641402857985921
1872,2023-02-04T02,2023,성공,0,12.0,0.6938757919234582
1874,2023-02-04T09,2023,성공,0,3.0,0.33748199737752843
1875,2023-02-04T23,2023,성공,0,26.0,0.8033916269210387
1876,2023-02-05T06,2023,성공,1,12.0,0.4047449891278606
1878,2023-02-06T08,2023,성공,3,1.0,0.49530127142067437
1879,2023-02-07T00,2023,성공,2,8.0,0.7360241744010361
1881,2023-02-08T07,2023,성공,2,2.0,0.5583377730420884
1882,2023-02-09T12,2023,늦음,1,7.0,1.082531872064415
1883,2023-02-09T16,2023,성공,0,1.0,0.7221796695480907
1884,2023-02-10T07,2023,성공,2,0.0,0.7354301572617947
1885,2023-02-12T21,2023,성공,3,2.0,0.4221205670546706
1886,2023-02-13T20,2023,성공,4,1.0,0.8786777634509505
1887,2023-02-15T02,2023,늦음,4,8.0,1.5647200670530381
1889,2023-02-16T09,2023,늦음,2,79.0,1.3813206949506613
1890,2023-02-17T15,2023,늦음,1,23.0,2.2120822622107936
1891,2023-02-18T08,2023,늦음,1,13.0,1.3735879795079837
1892,2023-02-19T15,2023,성공,0,46.0,0.9324037934392068
1893,2023-02-19T17,2023,늦음,0,3.0,1.0683599563448785
1894,2023-02-20T06,2023,늦음,3,11.0,2.169486116884374
1895,2023-02-20T21,2023,성공,0,2.0,0.9801348729204441
1896,2023-02-21T03,2023,늦음,0,27.0,1.1118547814623205
1899,2023-02-21T08,2023,성공,0,0.0,0.9452460960664105
1900,2023-02-22T11,2023,늦음,4,6.0,1.5615175015719973
1901,2023-02-22T15,2023,늦음,0,24.0,1.1298036254399726
1902,2023-02-22T22,2023,늦음,0,27.0,1.4908592593221193
1903,2023-02-23T11,2023,늦음,1,43.0,1.1596193944616402
1904,2023-02-24T01,2023,늦음,0,8.0,1.3187511922172
1906,2023-02-25T04,2023,늦음,2,2.0,1.117105263157898
1907,2023-02-27T05,2023,성공,4,17.0,0.5889629607738002
1908,2023-02-27T14,2023,늦음,0,54.0,1.70552936133734
1909,2023-02-27T16,2023,늦음,0,6.0,1.0540416091087919
1910,2023-02-28T12,2023,늦음,1,10.0,1.0059002417279683
1911,2023-02-28T20,2023,성공,1,2.0,0.46115568666845913
1912,2023-03-01T03,2023,늦음,0,66.0,1.8244241634072111
1913,2023-03-01T17,2023,늦음,0,49.0,1.2809841687336772
1914,2023-03-02T19,2023,성공,2,10.0,0.7495773384397718
1915,2023-03-03T01,2023,성공,0,9.0,0.7090423049178874
1917,2023-03-06T01,2023,늦음,1,69.0,1.3046412236635052
1918,2023-03-06T13,2023,성공,0,3.0,0.5262116360234591
1919,2023-03-06T20,2023,성공,0,41.0,0.8590510163888088
1920,2023-03-07T02,2023,성공,0,50.0,0.771851187808161
1921,2023-03-07T07,2023,성공,0,19.0,0.40547974375810275
1922,2023-03-08T11,2023,성공,3,6.0,0.9032293542666178
1923,2023-03-08T22,2023,늦음,1,39.0,1.200791829756609
1924,2023-03-09T13,2023,성공,2,14.0,0.6786258407342824
1925,2023-03-09T16,2023,성공,0,12.0,0.7697767601602681
1926,2023-03-10T11,2023,성공,2,12.0,0.8809828512925444
1927,2023-03-11T12,2023,늦음,1,67.0,2.572661480707454
1929,2023-03-12T13,2023,성공,1,71.0,0.8369546154295813
1930,2023-03-12T17,2023,늦음,0,29.0,1.736059736237288
1931,2023-03-13T09,2023,늦음,2,110.0,2.802372941384806
1933,2023-03-14T02,2023,늦음,0,8.0,2.4796416938110752
1934,2023-03-14T12,2023,늦음,1,28.0,1.1579601990049722
1935,2023-03-14T18,2023,늦음,0,3.0,2.879622641509428
1936,2023-03-16T06,2023,늦음,1,35.0,2.1614623702766513
1937,2023-03-17T17,2023,늦음,1,3.0,1.1202342779826913
1938,2023-03-17T19,2023,늦음,0,7.0,1.1842055113008374
1939,2023-03-17T20,2023,성공,0,0.0,0.48091586018105664
1941,2023-03-18T04,2023,늦음,0,11.0,1.8194914643809001
1942,2023-03-19T13,2023,늦음,0,2.0,2.722651101487479
1943,2023-03-20T02,2023,늦음,1,3.0,1.5796826558656507
1944,2023-03-20T08,2023,늦음,0,36.0,2.0233749953913627
1945,2023-03-20T14,2023,늦음,0,7.0,1.1832865168539326
1946,2023-03-21T11,2023,늦음,0,30.0,2.4105788467034457
1947,2023-03-21T22,2023,늦음,1,8.0,1.0940957465491201
1949,2023-03-22T00,2023,성공,0,7.0,0.46711695698543004
1951,2023-03-22T08,2023,성공,0,28.0,0.71299042394121
1952,2023-03-22T13,2023,성공,0,2.0,0.4344809829640543
1953,2023-03-22T19,2023,늦음,1,0.0,1.0049486105824184
1954,2023-03-23T06,2023,늦음,0,98.0,3.025196175056603
1955,2023-03-24T04,2023,늦음,1,1.0,1.3029881862404449
1956,2023-03-25T09,2023,늦음,2,76.0,2.268140673690464
1957,2023-03-25T19,2023,늦음,1,20.0,1.2106162843005002
1959,2023-03-27T02,2023,늦음,1,7.0,1.545570935605937
1960,2023-03-28T05,2023,늦음,1,10.0,2.1518982560445443
1961,2023-03-29T18,2023,늦음,1,19.0,1.2201295187557821
1962,2023-03-31T13,2023,늦음,3,27.0,1.1649312756033876
1963,2023-04-01T07,2023,성공,1,3.0,0.9098916036145923
1964,2023-04-01T22,2023,성공,0,83.0,0.9867825778408535
1965,2023-04-02T00,2023,성공,0,4.0,0.36049986511910315
1966,2023-04-02T06,2023,성공,0,26.0,0.35374860548204684
1968,2023-04-03T08,2023,성공,4,62.0,0.7853783171709013
1969,2023-04-03T20,2023,늦음,0,51.0,2.1078809106830096
1970,2023-04-04T05,2023,늦음,0,9.0,1.693100275988955
1971,2023-04-05T11,2023,성공,2,0.0,0.5917262502126875
1972,2023-04-06T15,2023,성공,2,1.0,0.5421033610408384
1974,2023-04-07T15,2023,성공,0,73.0,0.5105386416861853
1975,2023-04-08T16,2023,성공,2,36.0,0.5240695634884079
1976,2023-04-09T01,2023,성공,1,68.0,0.600341821419854
1978,2023-04-09T18,2023,성공,0,5.0,0.4721942083273251
1979,2023-04-10T09,2023,성공,0,12.0,0.648567542174419
1980,2023-04-10T16,2023,늦음,0,15.0,1.0385050077123772
1981,2023-04-11T10,2023,늦음,3,46.0,1.9489428183196662
1982,2023-04-13T02,2023,성공,4,0.0,0.5278434019574805
1983,2023-04-13T21,2023,성공,2,1.0,0.8986928104575163
1985,2023-04-14T12,2023,성공,1,0.0,0.4722858053487115
1986,2023-04-15T09,2023,늦음,0,15.0,1.2927578834847675
1987,2023-04-15T14,2023,성공,0,43.0,0.4003034293426731
1988,2023-04-16T05,2023,성공,2,0.0,0.20123530583781146
1989,2023-04-16T12,2023,성공,0,32.0,0.4192168476472572
1990,2023-04-16T14,2023,성공,0,1.0,0.2987905779823463
1991,2023-04-17T00,2023,늦음,0,63.0,1.0865226694236036
1992,2023-04-17T22,2023,성공,2,9.0,0.8076936240117731
1993,2023-04-19T02,2023,늦음,1,34.0,1.2816393442622998
1994,2023-04-20T06,2023,성공,7,1.0,0.9230661361285886
1996,2023-04-21T01,2023,늦음,1,31.0,1.3387464530009168
1997,2023-04-21T19,2023,늦음,0,32.0,1.3913190720776707
1998,2023-04-22T05,2023,성공,0,0.0,0.5554734274521371
1999,2023-04-23T14,2023,늦음,2,23.0,1.5254443982152441
2000,2023-04-23T23,2023,못함,0,,
2001,2023-04-24T07,2023,늦음,1,14.0,1.0021794276322842
2002,2023-04-24T21,2023,늦음,1,3.0,1.3730367950098366
2003,2023-04-25T07,2023,성공,0,58.0,0.9585127825872647
2004,2023-04-25T08,2023,성공,0,1.0,0.4547277336090232
2005,2023-04-25T09,2023,성공,0,6.0,0.5468305700161862
2007,2023-04-25T14,2023,성공,0,5.0,0.3717593941159283
2009,2023-04-26T19,2023,늦음,2,21.0,1.6026877785909097
2010,2023-04-27T17,2023,늦음,0,11.0,4.43823529411765
2011,2023-04-28T02,2023,늦음,0,5.0,1.124031656265168
2012,2023-04-28T22,2023,늦음,0,28.0,1.28229996536197
2015,2023-04-29T09,2023,성공,0,28.0,0.494768569962526
2016,2023-04-30T05,2023,성공,2,24.0,0.9034784437144381
2017,2023-04-30T22,2023,늦음,1,1.0,1.228175596728431
2018,2023-05-02T01,2023,늦음,3,21.0,1.4945676752254955
2019,2023-05-03T05,2023,늦음,2,93.0,1.3003567840936696
2020,2023-05-03T07,2023,성공,0,5.0,0.6153120888244741
2021,2023-05-03T10,2023,성공,1,28.0,0.677386151834643
2022,2023-05-03T21,2023,늦음,0,19.0,1.2173528898325945
2023,2023-05-04T12,2023,성공,1,1.0,0.4060005036720389
2024,2023-05-05T01,2023,늦음,0,32.0,1.0149766688088468
2025,2023-05-05T09,2023,늦음,0,3.0,1.0997233762320229
2026,2023-05-05T14,2023,성공,1,0.0,0.5398260869565243
2027,2023-05-06T03,2023,늦음,2,16.0,1.0106258170482352
2028,2023-05-07T00,2023,성공,0,5.0,0.9048543689320362
2029,2023-05-07T22,2023,성공,0,5.0,0.8867360355380983
2030,2023-05-08T16,2023,늦음,3,26.0,1.4603520232262799
2032,2023-05-08T22,2023,성공,0,0.0,0.5442201834862359
2033,2023-05-10T09,2023,성공,1,36.0,0.7358856486137102
2034,2023-05-10T11,2023,성공,1,6.0,0.2056783205601956
2035,2023-05-10T18,2023,성공,0,3.0,0.989644081574948
2036,2023-05-12T13,2023,성공,7,10.0,0.8838166166718413
2037,2023-05-13T18,2023,성공,2,1.0,0.35914411998593954
2038,2023-05-13T19,2023,성공,0,3.0,0.43099581339712645
2040,2023-05-14T13,2023,성공,0,21.0,0.9218257123798337
2041,2023-05-14T21,2023,성공,0,3.0,0.5349540049855508
2042,2023-05-15T01,2023,늦음,0,15.0,1.3239601201489128
2043,2023-05-15T15,2023,성공,0,39.0,0.6936651304344668
2045,2023-05-15T18,2023,성공,1,1.0,0.427155671296291
2046,2023-05-16T23,2023,늦음,1,27.0,1.1041091804012175
2047,2023-05-17T07,2023,성공,0,28.0,0.6482654766495877
2048,2023-05-17T17,2023,늦음,2,21.0,1.059944002958326
2049,2023-05-18T12,2023,성공,0,11.0,0.8597797222584999
2050,2023-05-19T05,2023,늦음,1,32.0,1.5728153128357343
2051,2023-05-21T07,2023,성공,3,1.0,0.33025316966068796
2052,2023-05-22T06,2023,성공,3,41.0,0.46586193889098454
2053,2023-05-23T15,2023,성공,2,14.0,0.8194038318858263
2054,2023-05-24T23,2023,성공,2,14.0,0.7531669865643023
2055,2023-05-25T01,2023,성공,0,7.0,0.6873998173502056
2057,2023-05-27T00,2023,성공,2,38.0,0.8622386269536861
2058,2023-05-27T22,2023,성공,1,5.0,0.6294760648322654
2059,2023-05-28T12,2023,성공,1,0.0,0.40881998025377286
2061,2023-05-29T07,2023,늦음,2,42.0,1.8489226334844808
2062,2023-05-30T09,2023,성공,0,118.0,0.9491094147582644
2063,2023-05-30T14,2023,성공,1,24.0,0.885624913060379
2064,2023-05-31T19,2023,성공,2,3.0,0.372151993138678
2065,2023-06-01T03,2023,성공,1,5.0,0.809701792754381
2067,2023-06-02T14,2023,성공,2,0.0,0.451861360718873
2069,2023-06-03T02,2023,성공,1,87.0,0.5448203595008343
2070,2023-06-03T15,2023,성공,0,72.0,0.2793677505544807
2071,2023-06-03T17,2023,성공,0,1.0,0.2664236648624621
2072,2023-06-04T07,2023,성공,0,69.0,0.6656532582073023
2073,2023-06-04T23,2023,성공,1,2.0,0.7945355191256778
2074,2023-06-06T03,2023,늦음,5,1.0,1.5503814837450496
2075,2023-06-07T06,2023,성공,1,2.0,0.8274628608971811
2076,2023-06-08T06,2023,성공,2,2.0,0.5150217879105814
2077,2023-06-09T00,2023,성공,0,7.0,0.8008056545010378
2078,2023-06-09T08,2023,성공,1,7.0,0.7170601675552143
2079,2023-06-09T15,2023,성공,0,9.0,0.6525961897646646
2080,2023-06-10T17,2023,성공,4,0.0,0.6811279826464237
2081,2023-06-12T02,2023,성공,1,27.0,0.8378885970805595
2084,2023-06-12T21,2023,성공,1,4.0,0.8694125906857065
2085,2023-06-13T14,2023,늦음,3,2.0,1.3103709311127962
2086,2023-06-14T01,2023,성공,0,27.0,0.8355343257572629
2087,2023-06-14T05,2023,성공,0,42.0,0.5102040816326586
2088,2023-06-14T09,2023,성공,0,13.0,0.3028073572120067
2089,2023-06-14T19,2023,성공,2,0.0,0.7004260797596898
2090,2023-06-15T11,2023,늦음,0,42.0,1.40721160636817
2091,2023-06-16T13,2023,성공,0,55.0,0.9833009708737892
2092,2023-06-16T15,2023,성공,0,0.0,0.7334525939177102
2093,2023-06-17T03,2023,성공,0,39.0,0.7516981132075499
2094,2023-06-17T05,2023,늦음,0,19.0,1.8272152888197482
2096,2023-06-18T18,2023,늦음,0,191.0,1.2422951069172818
2097,2023-06-18T20,2023,성공,0,0.0,0.47718930256948633
2098,2023-06-19T12,2023,성공,0,0.0,0.5973620006099448
2099,2023-06-20T08,2023,늦음,2,57.0,1.3159832143120076
2100,2023-06-20T16,2023,성공,1,13.0,0.8373964514809351
2101,2023-06-21T10,2023,늦음,3,0.0,1.0795085053222488
2102,2023-06-21T14,2023,성공,0,15.0,0.7625499392044467
2103,2023-06-21T23,2023,늦음,0,3.0,1.5340909090909092
2104,2023-06-23T14,2023,늦음,0,39.0,2.145515432119688
2105,2023-06-24T00,2023,늦음,1,6.0,1.783170080142478
2106,2023-06-25T03,2023,성공,2,1.0,0.4578799990743221
2107,2023-06-25T10,2023,늦음,0,33.0,1.1213803189861464
2108,2023-06-26T07,2023,성공,4,0.0,0.8370367895211681
2111,2023-06-26T17,2023,늦음,0,31.0,1.3820735017748962
2113,2023-06-27T22,2023,늦음,0,13.0,1.1723715198245037
2114,2023-06-29T03,2023,성공,1,0.0,0.6140792165543097
2115,2023-06-29T21,2023,성공,0,8.0,0.8949075575737965
2116,2023-06-30T03,2023,성공,0,13.0,0.6428197039073549
2117,2023-06-30T13,2023,늦음,0,9.0,1.6771113291299118
2119,2023-07-02T01,2023,성공,1,1.0,0.24828711256116978
2120,2023-07-02T14,2023,성공,0,1.0,0.34909000151065306
2124,2023-07-02T20,2023,성공,0,17.0,0.6616101376597165
2125,2023-07-03T09,2023,성공,0,3.0,0.7599870087690809
2126,2023-07-03T15,2023,성공,0,20.0,0.41484401603059673
2127,2023-07-04T04,2023,성공,1,15.0,0.8582966553501022
2128,2023-07-05T20,2023,성공,4,14.0,0.8142070345897177
2129,2023-07-06T14,2023,늦음,1,8.0,1.2693742847088518
2130,2023-07-07T09,2023,늦음,1,2.0,1.0375702188029745
2131,2023-07-08T06,2023,성공,0,22.0,0.7744961505110731
2135,2023-07-09T18,2023,성공,1,0.0,0.3004827427670684
2136,2023-07-10T10,2023,성공,1,4.0,0.8924901846128094
2137,2023-07-11T04,2023,늦음,1,11.0,1.039454817869854
2138,2023-07-11T06,2023,성공,0,20.0,0.6420033924603202
2140,2023-07-11T16,2023,늦음,0,19.0,1.5751285060244948
2143,2023-07-11T21,2023,성공,0,5.0,0.2628828946509046
2144,2023-07-11T23,2023,성공,1,7.0,0.37225319776976057
2146,2023-07-12T05,2023,성공,0,14.0,0.44899967202361907
2147,2023-07-12T13,2023,성공,3,0.0,0.6569300631092153
2148,2023-07-13T08,2023,성공,1,48.0,0.655954944508862
2149,2023-07-14T06,2023,늦음,3,19.0,2.354611087209804
2150,2023-07-15T07,2023,늦음,2,51.0,1.3028487262745647
2151,2023-07-16T23,2023,성공,1,22.0,0.38593679176492995
2153,2023-07-17T09,2023,성공,1,8.0,0.342032006543797
2154,2023-07-17T14,2023,성공,0,0.0,0.6247890919175011
2156,2023-07-17T23,2023,늦음,2,15.0,1.0911854103343415
2157,2023-07-18T06,2023,성공,0,56.0,0.8493081794299912
2158,2023-07-18T23,2023,늦음,2,0.0,1.0966555411756693
2159,2023-07-19T14,2023,성공,0,54.0,0.9874163213525124
2160,2023-07-19T18,2023,성공,0,5.0,0.43652848869667965
2161,2023-07-19T22,2023,성공,0,19.0,0.49867109634551016
2162,2023-07-20T01,2023,성공,0,22.0,0.5826903723582715
2163,2023-07-20T14,2023,성공,1,8.0,0.44726543230177257
2164,2023-07-21T03,2023,성공,0,33.0,0.9864996388373666
2166,2023-07-21T11,2023,성공,0,7.0,0.18881959146306082
2167,2023-07-22T06,2023,성공,0,7.0,0.8655574043261182
2170,2023-07-23T03,2023,성공,0,7.0,0.4346710077477514
2171,2023-07-24T01,2023,성공,1,2.0,0.5301681503461895
2172,2023-07-24T22,2023,성공,2,57.0,0.8661744826869137
2173,2023-07-26T11,2023,성공,3,0.0,0.409973994186931
2175,2023-07-27T06,2023,성공,2,6.0,0.5831768643962097
2176,2023-07-27T09,2023,성공,0,8.0,0.2720824351888792
2177,2023-07-27T13,2023,성공,0,8.0,0.17663420477385103
2178,2023-07-28T04,2023,성공,0,51.0,0.41521324829544837
2180,2023-07-28T10,2023,성공,0,22.0,0.3222127566022674
2181,2023-07-29T07,2023,성공,0,23.0,0.9402351603273537
2182,2023-07-29T19,2023,성공,0,44.0,0.23117117610045188
2183,2023-07-30T03,2023,성공,0,13.0,0.09977457076502672
2184,2023-07-30T14,2023,성공,0,3.0,0.2525529060694928
2185,2023-07-30T19,2023,성공,1,10.0,0.4078804818491561
2186,2023-07-31T00,2023,성공,0,1.0,0.45999365525991986
2188,2023-08-01T15,2023,늦음,3,2.0,1.1896090434100517
2189,2023-08-02T09,2023,성공,1,17.0,0.7979360852197095
2190,2023-08-03T10,2023,늦음,0,5.0,1.000982644559481
2191,2023-08-04T02,2023,성공,0,5.0,0.6336425101077022
2194,2023-08-05T08,2023,늦음,1,16.0,1.0070168125607943
2197,2023-08-06T13,2023,성공,2,47.0,0.35188541924143807
2198,2023-08-06T17,2023,성공,0,31.0,0.32401656314700295
2199,2023-08-07T07,2023,성공,1,4.0,0.265980207238635
2200,2023-08-07T19,2023,성공,2,1.0,0.8571299050461969
2201,2023-08-09T02,2023,늦음,3,1.0,1.1517950954542702
2203,2023-08-09T13,2023,성공,0,2.0,0.513126887716149
2204,2023-08-10T13,2023,성공,0,36.0,0.796537327257996
2205,2023-08-10T15,2023,성공,0,3.0,0.5317449373240501
2206,2023-08-11T00,2023,성공,0,32.0,0.5592177093569217
2208,2023-08-11T05,2023,성공,0,18.0,0.27847557629447084
2209,2023-08-11T17,2023,성공,0,11.0,0.5508402935109777
2211,2023-08-13T04,2023,성공,1,15.0,0.16627642607485832
2212,2023-08-13T18,2023,성공,2,0.0,0.06480218281036836
2213,2023-08-13T22,2023,성공,0,23.0,0.3275205506418045
2214,2023-08-14T04,2023,성공,0,1.0,0.4085281980742753
2215,2023-08-14T19,2023,성공,1,7.0,0.4686657681940652
2217,2023-08-15T15,2023,성공,0,1.0,0.26376368401246025
2218,2023-08-16T10,2023,성공,0,13.0,0.5222084909654857
2219,2023-08-16T13,2023,성공,1,2.0,0.18248675002396386
2220,2023-08-16T17,2023,성공,1,6.0,0.4066950927071337
2221,2023-08-16T20,2023,늦음,0,25.0,1.0709142960730937
2222,2023-08-18T08,2023,늦음,3,1.0,5.822097525298645
2223,2023-08-20T16,2023,늦음,0,66.0,2.339453851791996
2225,2023-08-21T02,2023,성공,1,40.0,0.6355722811419041
2226,2023-08-21T14,2023,늦음,0,47.0,1.0991390142157347
2229,2023-08-22T04,2023,성공,0,20.0,0.5955166915908477
2230,2023-08-22T07,2023,성공,0,30.0,0.4241430539839454
2232,2023-08-23T00,2023,늦음,3,0.0,1.4172467972438774
2234,2023-08-23T14,2023,늦음,0,10.0,1.0561606139296926
2235,2023-08-24T03,2023,늦음,0,23.0,1.2824432034238251
2236,2023-08-25T09,2023,성공,1,2.0,0.6959820391731798
2237,2023-08-25T14,2023,성공,1,0.0,0.7813302004083448
2238,2023-08-25T19,2023,성공,0,6.0,0.900407687827612
2239,2023-08-26T23,2023,성공,0,29.0,0.22630672027569806
2240,2023-08-27T05,2023,성공,1,8.0,0.1683534111791316
2241,2023-08-27T21,2023,성공,3,0.0,0.17844860527321638
2242,2023-08-28T12,2023,성공,3,2.0,0.44230322730438537
2244,2023-08-28T23,2023,성공,0,10.0,0.418742384749457
2245,2023-08-29T05,2023,성공,1,1.0,0.2396653843805309
2246,2023-08-29T14,2023,성공,0,5.0,0.29138316307036805
2247,2023-08-30T02,2023,늦음,1,1.0,1.1190158062315139
2248,2023-09-01T06,2023,성공,4,1.0,0.8959230817256608
2249,2023-09-01T17,2023,성공,0,5.0,0.5737234652897304
2251,2023-09-03T16,2023,성공,2,0.0,0.3067484662576687
2253,2023-09-04T01,2023,성공,0,12.0,0.7174836413729767
2255,2023-09-04T05,2023,성공,0,19.0,0.46149718272069246
2256,2023-09-04T08,2023,성공,0,31.0,0.3907682921649441
2258,2023-09-05T09,2023,성공,2,8.0,0.40443191605982015
2259,2023-09-06T09,2023,성공,0,2.0,0.8490347490347546
2260,2023-09-06T21,2023,성공,3,1.0,0.6743639118631141
2261,2023-09-07T11,2023,성공,0,16.0,0.20980509803162842
2262,2023-09-07T16,2023,성공,1,1.0,0.24295261642781818
2263,2023-09-08T08,2023,성공,1,1.0,0.9769376181474535
2264,2023-09-09T06,2023,성공,0,70.0,0.7771565900303804
2265,2023-09-10T04,2023,성공,1,1.0,0.2262931865318959
2268,2023-09-10T21,2023,성공,4,0.0,0.6612353238252267
2269,2023-09-11T01,2023,성공,0,3.0,0.6299000768639564
2270,2023-09-11T05,2023,성공,0,31.0,0.42150329677186255
2271,2023-09-11T10,2023,성공,0,27.0,0.47238315952104776
2272,2023-09-12T02,2023,성공,4,0.0,0.7508027070742777
2273,2023-09-12T21,2023,늦음,2,1.0,1.1142040325007552
2274,2023-09-13T10,2023,늦음,0,90.0,1.2105436957324005
2275,2023-09-13T18,2023,성공,4,2.0,0.36254119786339634
2276,2023-09-14T00,2023,성공,0,25.0,0.7018204307725431
2277,2023-09-14T03,2023,늦음,0,2.0,1.185959862717999
2278,2023-09-14T11,2023,성공,0,13.0,0.5018148716203064
2279,2023-09-14T21,2023,성공,2,0.0,0.7426516572858036
2280,2023-09-15T22,2023,성공,1,15.0,0.4205336426914181
2281,2023-09-16T07,2023,성공,0,7.0,0.8936108497670323
2282,2023-09-16T18,2023,성공,0,35.0,0.40786984487324734
2285,2023-09-17T00,2023,성공,0,2.0,0.15962413034967265
2286,2023-09-17T09,2023,성공,0,22.0,0.4547366506371997
2287,2023-09-17T15,2023,성공,0,1.0,0.195044589673527
2288,2023-09-18T02,2023,성공,1,0.0,0.20682876475789652
2289,2023-09-18T18,2023,성공,1,9.0,0.6302919708029223
2291,2023-09-19T21,2023,성공,0,1.0,0.9150478990281936
2293,2023-09-20T02,2023,성공,0,2.0,0.5149161344040668
2294,2023-09-20T17,2023,성공,0,20.0,0.6948906410746931
2295,2023-09-20T19,2023,성공,1,1.0,0.4517459817323132
2296,2023-09-21T22,2023,성공,1,9.0,0.7624321966392292
2297,2023-09-24T05,2023,성공,2,82.0,0.3856670993420174
2299,2023-09-24T19,2023,성공,2,0.0,0.22450972688391724
2300,2023-09-25T13,2023,성공,1,163.0,0.68190656609412
2301,2023-09-26T10,2023,성공,0,7.0,0.5197261413927505
2302,2023-09-27T00,2023,성공,2,7.0,0.6109159520778157
2303,2023-09-27T16,2023,성공,1,21.0,0.7615868130721736
2304,2023-09-28T00,2023,성공,1,13.0,0.691135601341636
2305,2023-09-29T02,2023,성공,2,10.0,0.9350961274425503
2306,2023-09-30T10,2023,성공,1,4.0,0.46995232911677765
2307,2023-09-30T12,2023,성공,0,3.0,0.2030757828423171
2308,2023-09-30T13,2023,성공,0,7.0,0.13532755588767
2309,2023-09-30T23,2023,성공,1,1.0,0.3400782807768944
2310,2023-10-01T03,2023,성공,0,16.0,0.2672318124626525
2311,2023-10-01T16,2023,성공,0,22.0,0.45308582237275674
2312,2023-10-01T22,2023,성공,0,23.0,0.5634532800236959
2313,2023-10-02T15,2023,성공,2,0.0,0.7747003501016029
2314,2023-10-03T22,2023,성공,2,1.0,0.6777039096885877
2315,2023-10-05T06,2023,성공,2,4.0,0.6297649044958143
2316,2023-10-05T13,2023,성공,0,15.0,0.42063203777696795
2317,2023-10-05T16,2023,늦음,0,8.0,1.2391961586341862
2318,2023-10-06T07,2023,성공,0,104.0,0.7696641133132923
2319,2023-10-06T12,2023,성공,0,6.0,0.6578379156470393
2320,2023-10-06T14,2023,성공,0,1.0,0.8414418398938497
2321,2023-10-07T03,2023,성공,0,5.0,0.9764893052854896
2322,2023-10-08T02,2023,성공,0,11.0,0.27956448309317355
2324,2023-10-08T21,2023,성공,1,0.0,0.523764598718246
2326,2023-10-09T01,2023,성공,0,8.0,0.3222055419353213
2327,2023-10-09T07,2023,성공,0,41.0,0.37430956509304375
2328,2023-10-09T19,2023,성공,1,1.0,0.3768807339449568
2329,2023-10-10T12,2023,성공,0,27.0,0.40293344203277837
2330,2023-10-10T22,2023,성공,1,1.0,0.3507768773160648
2331,2023-10-11T02,2023,늦음,1,16.0,1.6799318415169684
2332,2023-10-11T10,2023,성공,0,20.0,0.6402428840251049
2334,2023-10-11T23,2023,성공,0,57.0,0.9614297025223391
2335,2023-10-12T17,2023,성공,0,139.0,0.940888162780341
2337,2023-10-13T15,2023,성공,1,3.0,0.42828537525956684
2341,2023-10-14T07,2023,늦음,0,24.0,1.063786637954875
2343,2023-10-14T17,2023,성공,0,13.0,0.24828722638301484
2344,2023-10-15T06,2023,성공,0,66.0,0.3435399551904406
2345,2023-10-15T11,2023,성공,0,23.0,0.20584847471482723
2346,2023-10-15T16,2023,성공,0,4.0,0.39514925373134874
2347,2023-10-17T00,2023,늦음,3,0.0,4.537350861038727
2348,2023-10-18T04,2023,성공,0,22.0,0.6554627845571994
2349,2023-10-18T08,2023,성공,0,0.0,0.9633127196597856
2350,2023-10-19T00,2023,성공,1,124.0,0.8832000000000052
2351,2023-10-19T01,2023,늦음,0,7.0,1.0174265094173562
2353,2023-10-20T16,2023,늦음,2,1.0,1.1896893588896233
2354,2023-10-21T15,2023,늦음,0,60.0,1.149068322981369
2355,2023-10-21T22,2023,늦음,1,47.0,1.3728523467842753
2356,2023-10-22T23,2023,성공,0,175.0,0.7356641750461876
2357,2023-10-24T13,2023,늦음,5,0.0,7.27802196306829
2358,2023-10-25T14,2023,늦음,0,261.0,4.158917598059573
2359,2023-10-25T21,2023,늦음,0,3.0,1.5495327527796217
2360,2023-10-27T04,2023,성공,1,37.0,0.9027880655387902
2361,2023-10-27T16,2023,성공,1,12.0,0.9149178878700611
2362,2023-10-28T00,2023,성공,0,0.0,0.9097451274362862
2363,2023-10-28T23,2023,늦음,0,3.0,1.0340331919740209
2364,2023-10-29T08,2023,성공,0,3.0,0.2590162098768022
2365,2023-10-30T01,2023,성공,0,0.0,0.42592326483689347
2366,2023-10-30T11,2023,성공,0,13.0,0.7903065111644995
2367,2023-10-30T17,2023,늦음,0,4.0,1.013943150441667
2369,2023-10-31T13,2023,성공,0,11.0,0.7431406297458785
2370,2023-10-31T16,2023,성공,0,8.0,0.5674444493269385
2371,2023-11-01T04,2023,성공,0,67.0,0.831966859411401
2372,2023-11-01T12,2023,성공,0,22.0,0.5382545174932803
2373,2023-11-01T14,2023,늦음,0,0.0,1.0451410160415673
2374,2023-11-01T18,2023,늦음,0,17.0,1.1509777438487288
2375,2023-11-02T07,2023,늦음,1,26.0,1.674417057881281
2376,2023-11-03T14,2023,성공,3,26.0,0.5373303995992039
2377,2023-11-04T15,2023,성공,1,1.0,0.5171037628278262
2379,2023-11-04T19,2023,성공,0,11.0,0.18130047896655438
2380,2023-11-04T21,2023,성공,0,15.0,0.3065045802846156
2381,2023-11-05T11,2023,성공,1,5.0,0.3576855706131915
2382,2023-11-06T09,2023,성공,1,0.0,0.6357545081038233
2383,2023-11-06T17,2023,성공,0,32.0,0.714793449048315
2384,2023-11-07T18,2023,성공,2,6.0,0.598958484183218
2385,2023-11-08T06,2023,늦음,0,15.0,1.639116118671009
2386,2023-11-08T18,2023,성공,1,4.0,0.43221667854596874
2387,2023-11-09T16,2023,늦음,6,16.0,4.0129492254056505
2389,2023-11-11T01,2023,성공,2,2.0,0.5903595874928865
2390,2023-11-12T06,2023,성공,1,1.0,0.7505407826600032
2391,2023-11-12T12,2023,성공,0,58.0,0.308310127194739
2392,2023-11-12T13,2023,성공,0,2.0,0.32503382949931947
2393,2023-11-12T23,2023,성공,0,2.0,0.41411368131765686
2396,2023-11-14T05,2023,성공,2,28.0,0.8398302112417553
2397,2023-11-14T12,2023,늦음,0,36.0,1.3553995791900186
2399,2023-11-14T15,2023,늦음,0,7.0,1.0792601226592764
2400,2023-11-15T05,2023,늦음,1,0.0,1.712363466877419
2401,2023-11-16T06,2023,늦음,3,48.0,1.3930646633470867
2402,2023-11-17T03,2023,늦음,1,29.0,1.7014084507042253
2403,2023-11-17T15,2023,성공,1,7.0,0.8389737991266416
2404,2023-11-17T17,2023,늦음,0,5.0,1.4583136125975216
2406,2023-11-18T07,2023,성공,0,9.0,0.6590559424140853
2407,2023-11-19T00,2023,성공,1,10.0,0.7154820560352538
2408,2023-11-19T07,2023,성공,0,29.0,0.3512472159744747
2409,2023-11-19T11,2023,성공,0,30.0,0.4875499187416763
2411,2023-11-20T08,2023,성공,0,4.0,0.6263537473324645
2412,2023-11-20T15,2023,늦음,0,5.0,1.5046381631945298
2413,2023-11-20T16,2023,성공,0,2.0,0.6453376939862241
2414,2023-11-20T17,2023,성공,0,0.0,0.7283453863302742
2415,2023-11-20T22,2023,성공,1,5.0,0.6774698983002327
2416,2023-11-22T07,2023,늦음,3,5.0,1.4545250329935697
2417,2023-11-23T11,2023,늦음,3,20.0,1.541385135135135
2418,2023-11-24T05,2023,성공,1,6.0,0.8286476091278719
2419,2023-11-24T21,2023,늦음,4,14.0,1.8984954092159039
2420,2023-11-26T21,2023,성공,4,46.0,0.8996778399112174
2421,2023-11-27T02,2023,성공,0,12.0,0.9888905363043295
2422,2023-11-27T21,2023,성공,4,8.0,0.8421740729139635
2423,2023-11-29T04,2023,성공,1,3.0,0.7673692427790826
2425,2023-11-29T10,2023,늦음,1,0.0,1.061137147313086
2426,2023-11-30T04,2023,늦음,1,148.0,1.054677101634449
2428,2023-11-30T21,2023,성공,1,1.0,0.55839055277993
2429,2023-11-30T22,2023,성공,0,9.0,0.30969004548820095
2430,2023-11-30T23,2023,성공,0,11.0,0.3628528105131586
2431,2023-12-01T00,2023,성공,0,4.0,0.27234024515921285
2433,2023-12-01T23,2023,성공,2,0.0,0.5677451090910917
2434,2023-12-02T19,2023,성공,0,153.0,0.3990683229813589
2437,2023-12-04T15,2023,늦음,2,2.0,1.6339908003592647
2439,2023-12-06T04,2023,늦음,2,54.0,1.4317136123891852
2440,2023-12-08T02,2023,성공,1,0.0,0.6105048863737177
2441,2023-12-08T08,2023,성공,0,14.0,0.2948526882953079
2442,2023-12-08T11,2023,성공,0,1.0,0.325670942450886
2443,2023-12-09T07,2023,늦음,1,23.0,1.2216093083502693
2444,2023-12-10T07,2023,늦음,1,53.0,1.2925085282482354
2445,2023-12-10T08,2023,성공,0,5.0,0.37345433919455145
2446,2023-12-10T14,2023,성공,0,14.0,0.31005797832115617
2447,2023-12-11T00,2023,성공,1,22.0,0.6514849958970533
2448,2023-12-12T00,2023,늦음,1,0.0,3.9499398770654177
2449,2023-12-12T17,2023,늦음,0,38.0,1.299560568296888
2450,2023-12-12T23,2023,성공,0,1.0,0.8853625144098699
2453,2023-12-14T08,2023,늦음,0,13.0,1.4830275229357763
2454,2023-12-16T03,2023,늦음,1,0.0,1.9376062151007492
2455,2023-12-16T22,2023,성공,1,22.0,0.7996110631952322
2456,2023-12-17T16,2023,성공,3,0.0,0.41947702628834366
2457,2023-12-17T23,2023,늦음,0,11.0,1.1843443379347978
2458,2023-12-18T13,2023,성공,2,3.0,0.5354237538825546
2459,2023-12-19T12,2023,늦음,1,43.0,1.3566639110866239
2460,2023-12-20T05,2023,늦음,0,19.0,1.5565392815825383
2461,2023-12-20T22,2023,성공,1,12.0,0.9356329613346861
2462,2023-12-21T12,2023,성공,0,49.0,0.9202687637191993
2463,2023-12-21T14,2023,성공,1,0.0,0.22578460149017837
2464,2023-12-22T01,2023,늦음,0,83.0,1.5100705944174506
2465,2023-12-22T06,2023,성공,1,1.0,0.5110862775695473
2466,2023-12-22T23,2023,늦음,1,48.0,1.1505478634821407
2468,2023-12-23T12,2023,성공,0,34.0,0.8966111841785952
2469,2023-12-24T05,2023,성공,3,3.0,0.2439357082774522
2470,2023-12-24T14,2023,성공,1,15.0,0.5598699240916761
2472,2023-12-25T07,2023,성공,0,0.0,0.9166762668071063
2473,2023-12-26T03,2023,성공,0,33.0,0.4382955931121788
2474,2023-12-26T23,2023,늦음,1,15.0,1.1991357580122435
2475,2023-12-28T05,2023,성공,4,1.0,0.38290060319958374
2476,2023-12-29T03,2023,성공,1,0.0,0.607549857549861
2477,2023-12-29T16,2023,늦음,1,12.0,1.3995830437803964
2478,2023-12-30T05,2023,늦음,1,0.0,1.0904113571393927
2479,2023-12-30T08,2023,성공,0,25.0,0.6120853080568789
2480,2023-12-30T11,2023,성공,0,6.0,0.5096933176751334
2481,2023-12-31T03,2023,성공,0,14.0,0.6456604304402903
2484,2023-12-31T06,2023,성공,0,11.0,0.14941276756961203
2485,2023-12-31T21,2023,성공,1,16.0,0.6617628225278883
2486,2024-01-01T09,2023,성공,0,0.0,0.5936431014823296
2487,2024-01-02T12,2024,성공,3,11.0,0.6048338828855331
2488,2024-01-04T01,2024,늦음,4,0.0,4.313106192489437
2489,2024-01-05T02,2024,성공,3,0.0,0.8862296798921396
2490,2024-01-05T09,2024,늦음,0,29.0,1.4382555591079378
2492,2024-01-05T21,2024,늦음,1,0.0,1.5354112658881858
2493,2024-01-06T05,2024,늦음,0,70.0,1.111086059567567
2494,2024-01-06T15,2024,성공,0,26.0,0.758052289479202
2495,2024-01-07T10,2024,성공,1,9.0,0.587557863836507
2497,2024-01-07T16,2024,성공,1,15.0,0.47967180113952945
2498,2024-01-07T19,2024,성공,0,1.0,0.6358903381332551
2499,2024-01-07T20,2024,성공,0,9.0,0.35004516711833783
2500,2024-01-07T21,2024,성공,0,11.0,0.29810212094558447
2502,2024-01-08T10,2024,늦음,0,27.0,1.1456548801605981
2503,2024-01-09T05,2024,늦음,1,65.0,2.020993991753725
2504,2024-01-10T17,2024,늦음,2,2.0,1.7724204871221803
2505,2024-01-11T06,2024,늦음,1,17.0,2.349995809938819
2507,2024-01-11T17,2024,늦음,0,3.0,2.1645356991421827
2508,2024-01-13T06,2024,늦음,4,0.0,1.6058853423033141
2509,2024-01-14T20,2024,늦음,0,439.0,1.4086753136295982
2510,2024-01-15T04,2024,늦음,2,7.0,1.0949727635414999
2511,2024-01-15T15,2024,늦음,0,7.0,1.2567086887843155
2512,2024-01-15T17,2024,성공,0,5.0,0.611925430482425
2513,2024-01-16T00,2024,늦음,0,41.0,1.753674420319579
2515,2024-01-16T14,2024,성공,1,19.0,0.7176102813476936
2517,2024-01-17T01,2024,성공,1,9.0,0.598899951583184
2518,2024-01-17T21,2024,성공,2,21.0,0.9472529191363205
2519,2024-01-18T11,2024,성공,1,33.0,0.5026635578237857
2520,2024-01-19T06,2024,늦음,2,28.0,1.6744940864048783
2521,2024-01-19T16,2024,늦음,0,92.0,1.5181621361558781
2522,2024-01-19T17,2024,늦음,0,3.0,1.1510094613722714
2523,2024-01-20T14,2024,늦음,0,13.0,1.3109315386620466
2524,2024-01-20T19,2024,성공,0,3.0,0.24855351976855966
2525,2024-01-21T05,2024,성공,0,15.0,0.3689561049698029
2526,2024-01-21T10,2024,성공,0,44.0,0.4475715633241574
2527,2024-01-21T16,2024,성공,1,15.0,0.31814425405682734
2528,2024-01-23T04,2024,늦음,7,0.0,1.049034552845532
2530,2024-01-23T16,2024,성공,2,1.0,0.7793623399037227
2531,2024-01-24T18,2024,성공,2,5.0,0.9355286414743634
2532,2024-01-25T00,2024,성공,0,14.0,0.9954923014586673
2533,2024-01-25T01,2024,성공,0,9.0,0.5410234650885607
2534,2024-01-25T07,2024,성공,1,7.0,0.3876719319990172
2535,2024-01-25T12,2024,늦음,0,13.0,1.245154906594797
2536,2024-01-26T02,2024,늦음,0,28.0,1.069883906214432
2537,2024-01-27T01,2024,성공,2,2.0,0.6323674597105423
2538,2024-01-27T22,2024,늦음,0,14.0,1.0032636286715821
2541,2024-01-28T12,2024,성공,1,5.0,0.9105996979451365
2542,2024-01-29T04,2024,성공,1,9.0,0.8170744023430068
2544,2024-01-29T09,2024,성공,0,14.0,0.549599900809736
2545,2024-01-29T13,2024,성공,0,6.0,0.26481688219426125
2546,2024-01-29T15,2024,늦음,0,11.0,1.3100969883570805
2547,2024-01-30T07,2024,성공,2,14.0,0.6357615894039768
2548,2024-01-31T15,2024,성공,2,8.0,0.5329138054439378
2549,2024-01-31T21,2024,성공,0,15.0,0.8491879668647528
2550,2024-02-01T12,2024,성공,0,55.0,0.8147024030016645
2551,2024-02-02T09,2024,성공,2,25.0,0.9555496713139384
2552,2024-02-03T00,2024,늦음,1,22.0,1.5921806760535555
2554,2024-02-03T17,2024,성공,0,1.0,0.3042527724567279
2556,2024-02-04T11,2024,성공,2,28.0,0.32567722600734833
2558,2024-02-05T05,2024,늦음,1,2.0,1.0791383973051227
2559,2024-02-05T16,2024,성공,1,15.0,0.8240011568149945
2560,2024-02-06T03,2024,성공,1,13.0,0.4486086510288133
2561,2024-02-07T01,2024,성공,2,8.0,0.6073266559681291
2562,2024-02-07T13,2024,성공,0,16.0,0.4334388486517608
2563,2024-02-07T14,2024,성공,0,0.0,0.5776583365656441
2564,2024-02-07T15,2024,성공,0,3.0,0.45700429024435735
2565,2024-02-08T11,2024,성공,3,3.0,0.4141326382855521
2566,2024-02-08T14,2024,성공,0,14.0,0.6215667971134168
2567,2024-02-08T22,2024,성공,3,1.0,0.6136555901832639
2569,2024-02-09T21,2024,성공,3,2.0,0.8106987352270371
2570,2024-02-10T20,2024,늦음,0,102.0,1.359308283518354
2571,2024-02-11T10,2024,성공,1,29.0,0.8754513563837996
2573,2024-02-11T13,2024,성공,0,2.0,0.27348664535423023
2574,2024-02-12T14,2024,성공,1,1.0,0.598162337988955
2575,2024-02-13T04,2024,늦음,0,27.0,1.5299608241209162
2576,2024-02-14T00,2024,늦음,2,11.0,1.6726673443740312
2577,2024-02-14T22,2024,늦음,2,7.0,1.0535832194462813
2580,2024-02-16T11,2024,늦음,1,36.0,1.206878074918411
2581,2024-02-16T15,2024,성공,2,2.0,0.7578147268408606
2582,2024-02-17T21,2024,늦음,4,29.0,1.0425982630601147
2583,2024-02-19T13,2024,성공,3,7.0,0.3514132635199872
2584,2024-02-20T07,2024,성공,0,26.0,0.7853887684145484
2587,2024-02-20T16,2024,늦음,0,5.0,1.2774849397590333
2588,2024-02-20T21,2024,늦음,0,16.0,1.5925023459739989
2589,2024-02-21T05,2024,성공,0,26.0,0.7694795928075376
2590,2024-02-21T21,2024,늦음,0,6.0,1.7785048582193166
2591,2024-02-22T13,2024,성공,1,10.0,0.6072023181993712
2593,2024-02-22T23,2024,성공,1,12.0,0.9996220239180195
2594,2024-02-23T17,2024,성공,4,5.0,0.6822748818911698
2595,2024-02-23T22,2024,성공,0,31.0,0.4614690880129192
2596,2024-02-24T04,2024,성공,0,3.0,0.6527696706471333
2597,2024-02-25T09,2024,성공,1,3.0,0.4118530499075813
2598,2024-02-26T14,2024,성공,3,4.0,0.47327284867051567
2599,2024-02-27T14,2024,늦음,0,5.0,2.126736111111111
2600,2024-02-28T08,2024,늦음,0,8.0,1.5599575333038078
2601,2024-02-28T21,2024,늦음,2,1.0,2.56540257098425
2604,2024-02-29T06,2024,늦음,0,39.0,1.8711924124121853
2606,2024-03-01T09,2024,늦음,1,161.0,2.364999528620979
2607,2024-03-01T15,2024,늦음,1,16.0,1.305380692219821
2608,2024-03-01T18,2024,늦음,0,24.0,1.3202172782659622
2609,2024-03-02T02,2024,늦음,1,36.0,1.209681886742885
2610,2024-03-03T04,2024,성공,2,12.0,0.5793025963082377
2613,2024-03-05T04,2024,성공,8,4.0,0.8585330428467769
2614,2024-03-06T05,2024,늦음,1,1.0,5.7796349241258
2615,2024-03-06T22,2024,늦음,0,17.0,1.368858325524435
2616,2024-03-07T10,2024,늦음,0,83.0,1.9705590725345175
2617,2024-03-07T23,2024,늦음,2,23.0,1.1594725962180374
2618,2024-03-08T11,2024,성공,0,81.0,0.8603084294056084
2619,2024-03-09T00,2024,늦음,1,0.0,2.5656996587030676
2620,2024-03-10T01,2024,성공,0,63.0,0.9611560972879756
2621,2024-03-10T14,2024,성공,2,45.0,0.9039099460081594
2622,2024-03-11T07,2024,늦음,2,0.0,1.515024729913474
2623,2024-03-11T23,2024,성공,2,3.0,0.6814354439684374
2624,2024-03-13T02,2024,늦음,1,3.0,2.214899091760313
2625,2024-03-13T14,2024,성공,0,2.0,0.504814243815908
2627,2024-03-13T22,2024,성공,1,6.0,0.6134092792440811
2628,2024-03-15T00,2024,늦음,1,1.0,1.2965359637156353
2630,2024-03-15T14,2024,늦음,1,8.0,3.76407887832676
2631,2024-03-16T11,2024,늦음,0,8.0,2.747807637906644
2632,2024-03-17T05,2024,늦음,4,32.0,2.3239314706846015
2634,2024-03-17T08,2024,늦음,0,5.0,1.7967207831446508
2635,2024-03-18T09,2024,성공,1,12.0,0.8344438006952575
2636,2024-03-19T16,2024,늦음,6,2.0,1.1981717427559415
2637,2024-03-19T23,2024,늦음,0,31.0,2.758167788540472
2638,2024-03-20T07,2024,늦음,1,5.0,1.3069195473427218
2639,2024-03-21T07,2024,늦음,1,33.0,1.5461056676385394
2640,2024-03-22T05,2024,늦음,0,2.0,1.5410364492933324
2641,2024-03-22T09,2024,성공,0,15.0,0.7180507180507355
2642,2024-03-23T00,2024,늦음,1,2.0,1.2465779896292934
2643,2024-03-23T23,2024,성공,1,13.0,0.975861541791603
2644,2024-03-24T08,2024,늦음,0,36.0,1.00438064238969
2645,2024-03-25T08,2024,성공,3,3.0,0.6443169679479192
2646,2024-03-25T14,2024,늦음,0,53.0,1.9006110711718187
2647,2024-03-26T00,2024,늦음,0,14.0,1.2180425178490468
2648,2024-03-28T00,2024,늦음,2,0.0,1.3057017543859735
2649,2024-03-28T20,2024,성공,4,14.0,0.8869551132571263
2650,2024-03-29T23,2024,성공,1,13.0,0.7391250788037768
2651,2024-03-30T19,2024,성공,0,34.0,0.6012784090909132
2652,2024-03-31T02,2024,성공,0,10.0,0.4426432123250266
2653,2024-04-01T03,2024,성공,4,6.0,0.49724390400786317
2654,2024-04-01T20,2024,늦음,1,23.0,1.093707288540612
2655,2024-04-02T02,2024,성공,0,33.0,0.7935952264261333
2656,2024-04-02T18,2024,늦음,3,2.0,1.526748333074893
2657,2024-04-04T03,2024,늦음,1,47.0,1.947423450336076
2658,2024-04-04T07,2024,성공,0,5.0,0.6799342514957237
2659,2024-04-05T02,2024,늦음,0,24.0,1.7081242660403544
2660,2024-04-05T15,2024,늦음,1,4.0,1.1972461064859046
2661,2024-04-05T19,2024,성공,0,7.0,0.8245677633617774
2662,2024-04-05T23,2024,성공,0,15.0,0.662480857125457
2663,2024-04-06T02,2024,성공,1,18.0,0.5647318148420322
2668,2024-04-06T16,2024,늦음,0,20.0,1.0723912206392077
2669,2024-04-07T10,2024,성공,3,26.0,0.8776178779532311
2670,2024-04-07T16,2024,성공,0,47.0,0.8986847810377264
2672,2024-04-08T07,2024,늦음,0,65.0,1.3237963837048872
2673,2024-04-08T19,2024,늦음,0,16.0,1.133354837381352
2674,2024-04-10T01,2024,성공,2,4.0,0.9549811364466181
2675,2024-04-10T02,2024,늦음,0,8.0,1.2255880266826584
2676,2024-04-10T03,2024,성공,0,3.0,0.5176226726321329
2677,2024-04-10T12,2024,늦음,0,64.0,2.774299560522641
2678,2024-04-10T16,2024,늦음,0,0.0,1.0191671567458347
2679,2024-04-11T11,2024,성공,1,1.0,0.5623639470323768
2680,2024-04-12T03,2024,늦음,2,65.0,1.7014946823799857
2681,2024-04-12T12,2024,성공,0,15.0,0.5277696331846894
2682,2024-04-13T05,2024,늦음,1,0.0,2.132242651038356
2683,2024-04-13T19,2024,성공,1,11.0,0.9081943565362026
2684,2024-04-14T06,2024,늦음,0,0.0,3.197140844528394
2685,2024-04-15T14,2024,성공,2,22.0,0.9254147159642642
2686,2024-04-16T07,2024,늦음,1,2.0,1.3593808310752753
2688,2024-04-16T17,2024,늦음,0,6.0,1.2944086283096112
2689,2024-04-17T09,2024,늦음,1,12.0,1.1231406996599007
2690,2024-04-18T00,2024,늦음,2,22.0,2.755809076419761
2691,2024-04-19T01,2024,늦음,2,11.0,1.1735168570319843
2692,2024-04-19T06,2024,늦음,0,8.0,3.921594981326146
2693,2024-04-19T18,2024,늦음,0,32.0,1.740901949516745
2694,2024-04-20T15,2024,늦음,0,68.0,2.0212123139549654
2695,2024-04-21T08,2024,성공,1,3.0,0.8436056759957455
2696,2024-04-22T03,2024,늦음,0,54.0,1.4082554517133934
2697,2024-04-23T03,2024,성공,2,8.0,0.6473320247801676
2698,2024-04-23T16,2024,늦음,0,13.0,1.1180228136882218
2699,2024-04-23T20,2024,성공,1,23.0,0.6149715833500169
2702,2024-04-25T04,2024,늦음,2,11.0,1.0569108249190609
2705,2024-04-25T12,2024,성공,0,0.0,0.8191443697238586
2706,2024-04-25T15,2024,성공,0,0.0,0.5982927777742384
2707,2024-04-26T11,2024,늦음,0,19.0,1.1131827743162195
2708,2024-04-26T13,2024,성공,1,1.0,0.6034585719404337
2709,2024-04-26T14,2024,늦음,0,4.0,1.2319824685947143
2710,2024-04-27T12,2024,늦음,1,14.0,1.2506012506012507
2711,2024-04-28T11,2024,성공,1,82.0,0.9775120926126283
2714,2024-04-29T14,2024,성공,2,1.0,0.4142239012212835
2715,2024-04-30T07,2024,늦음,0,12.0,1.7338610592949906
2716,2024-05-01T01,2024,늦음,1,9.0,1.3831766217953079
2718,2024-05-01T18,2024,늦음,0,24.0,1.5734890717635581
2719,2024-05-03T07,2024,성공,4,2.0,0.4601533844614872
2720,2024-05-03T12,2024,늦음,1,21.0,2.1575725014069276
2721,2024-05-04T06,2024,성공,1,1.0,0.9377847604084862
2722,2024-05-04T12,2024,늦음,0,42.0,1.49512311140879
2723,2024-05-04T13,2024,성공,0,2.0,0.39630633762743833
2724,2024-05-05T14,2024,늦음,1,140.0,1.9277480231794264
2725,2024-05-05T19,2024,성공,1,15.0,0.6467584712981587
2726,2024-05-06T07,2024,늦음,0,53.0,1.036418665923782
2727,2024-05-06T12,2024,늦음,0,19.0,1.0018309429356096
2728,2024-05-07T01,2024,늦음,0,22.0,1.2942603200944622
2731,2024-05-07T13,2024,성공,0,19.0,0.801103127858162
2732,2024-05-07T14,2024,성공,0,3.0,0.7862558354305444
2733,2024-05-07T17,2024,늦음,0,18.0,1.2680136784992861
2734,2024-05-08T13,2024,성공,2,1.0,0.49172203128493286
2735,2024-05-08T20,2024,늦음,0,7.0,1.4464977308434914
2736,2024-05-09T05,2024,늦음,0,38.0,1.3145439605587534
2737,2024-05-09T10,2024,늦음,0,37.0,1.1146463297144593
2738,2024-05-09T12,2024,늦음,0,18.0,1.384931744419394
2739,2024-05-10T13,2024,성공,3,1.0,0.46605240843654844
2740,2024-05-11T05,2024,늦음,0,63.0,1.3691337691936585
2741,2024-05-13T02,2024,성공,2,7.0,0.8801342511906939
2742,2024-05-13T07,2024,성공,0,37.0,0.8040152995166989
2743,2024-05-13T22,2024,늦음,1,8.0,1.1510578161428755
2744,2024-05-15T01,2024,성공,1,0.0,0.8916378825608506
2745,2024-05-16T04,2024,성공,2,1.0,0.5459407654269512
2746,2024-05-17T07,2024,늦음,1,18.0,1.1079212888120855
2747,2024-05-18T00,2024,성공,2,17.0,0.8242418131837302
2748,2024-05-19T03,2024,성공,1,4.0,0.5619160811807008
2751,2024-05-19T12,2024,성공,1,0.0,0.364051333304779
2752,2024-05-20T03,2024,성공,2,61.0,0.9185378748746708
2753,2024-05-21T09,2024,늦음,4,22.0,1.6122295199807986
2754,2024-05-22T15,2024,성공,1,15.0,0.9245896898271914
2755,2024-05-22T18,2024,성공,0,9.0,0.8021155940208974
2756,2024-05-23T06,2024,성공,1,4.0,0.8244153669978129
2757,2024-05-23T13,2024,성공,1,10.0,0.9910289996778598
2758,2024-05-24T02,2024,늦음,1,3.0,1.650100812684448
2759,2024-05-24T06,2024,늦음,0,30.0,1.1159441587068248
2760,2024-05-24T09,2024,성공,1,3.0,0.7142621292485896
2761,2024-05-25T15,2024,성공,1,7.0,0.8759799127753771
2762,2024-05-27T02,2024,성공,2,0.0,0.4653484241276552
2764,2024-05-27T13,2024,성공,1,9.0,0.307717093604004
2765,2024-05-28T00,2024,성공,0,27.0,0.9122408213984137
2766,2024-05-28T19,2024,성공,2,4.0,0.9509293680297398
2767,2024-05-29T08,2024,성공,1,28.0,0.6976474510429241
2768,2024-05-29T23,2024,성공,3,11.0,0.6988485609619199
2769,2024-05-30T23,2024,늦음,1,20.0,1.0628234617596362
2770,2024-06-01T02,2024,늦음,3,13.0,1.1444644464446356
2771,2024-06-02T08,2024,성공,1,1.0,0.171764151776511
2772,2024-06-02T11,2024,늦음,1,17.0,1.0049796287913169
2773,2024-06-02T18,2024,성공,1,8.0,0.5201566163396083
2774,2024-06-03T01,2024,성공,0,3.0,0.5829395791003781
2775,2024-06-03T19,2024,늦음,1,9.0,1.2534100230154506
2776,2024-06-04T14,2024,성공,1,9.0,0.5375709315223883
2777,2024-06-05T08,2024,성공,4,4.0,0.34962195463455203
2778,2024-06-06T14,2024,성공,0,2.0,0.5339033605090393
2779,2024-06-06T16,2024,성공,0,2.0,0.30962386279478776
2780,2024-06-07T04,2024,늦음,1,35.0,1.123116555775879
2781,2024-06-07T16,2024,늦음,1,0.0,1.624243096066174
2782,2024-06-08T07,2024,늦음,0,30.0,1.3271053474926484
2783,2024-06-10T05,2024,성공,2,2.0,0.24633326987733617
2784,2024-06-10T15,2024,성공,1,26.0,0.5372395486956556
2786,2024-06-11T19,2024,성공,4,4.0,0.7718605342506388
2787,2024-06-12T20,2024,성공,0,17.0,0.9871428571428571
2788,2024-06-14T02,2024,늦음,2,26.0,1.0684641507325774
2789,2024-06-14T16,2024,늦음,0,26.0,1.2727758720541806
2790,2024-06-15T00,2024,성공,0,7.0,0.9983084730124513
2791,2024-06-16T21,2024,성공,2,3.0,0.24528228426989274
2794,2024-06-17T17,2024,성공,0,1.0,0.5066248578191745
2795,2024-06-18T01,2024,늦음,0,18.0,1.6700871899051544
2796,2024-06-18T21,2024,성공,2,2.0,0.5813208885057216
2797,2024-06-19T14,2024,성공,1,38.0,0.7366818873668188
2798,2024-06-20T00,2024,성공,2,9.0,0.34725444702242847
2799,2024-06-20T14,2024,늦음,1,20.0,1.0591651870354122
2800,2024-06-21T18,2024,성공,4,1.0,0.38210727424881186
2801,2024-06-23T10,2024,성공,0,48.0,0.4040378983207443
2802,2024-06-25T00,2024,늦음,9,5.0,1.974279835390949
2803,2024-06-26T05,2024,성공,3,1.0,0.5036186585430253
2804,2024-06-27T09,2024,성공,2,15.0,0.41393680817900347
2805,2024-06-28T05,2024,늦음,1,14.0,1.2050336646360966
2806,2024-06-29T02,2024,늦음,1,59.0,1.164110212209324
2807,2024-06-30T01,2024,성공,1,42.0,0.42615145043457137
2808,2024-06-30T07,2024,성공,0,19.0,0.5312082804542431
2809,2024-07-01T09,2024,성공,5,6.0,0.5895908449600228
2810,2024-07-03T17,2024,성공,6,1.0,0.9746185727106825
2812,2024-07-03T21,2024,성공,0,2.0,0.8419516699185586
2813,2024-07-04T01,2024,늦음,0,9.0,2.6041683894377847
2814,2024-07-04T16,2024,성공,2,0.0,0.8867916207276685
2815,2024-07-05T02,2024,늦음,0,19.0,2.9353611908732784
2816,2024-07-05T12,2024,늦음,0,65.0,2.223793616346831
2817,2024-07-07T04,2024,성공,5,15.0,0.8618626217310403
2818,2024-07-08T08,2024,늦음,1,8.0,1.6056192062078232
2819,2024-07-08T16,2024,늦음,0,37.0,2.1597926983919717
2821,2024-07-09T14,2024,성공,3,0.0,0.9526544495325285
2822,2024-07-09T16,2024,늦음,0,10.0,1.0342583799373897
2823,2024-07-10T00,2024,늦음,1,7.0,1.0285394842212228
2824,2024-07-10T03,2024,늦음,0,32.0,1.3832009227155975
2825,2024-07-10T11,2024,늦음,0,51.0,1.5323331887260143
2826,2024-07-11T05,2024,성공,1,2.0,0.6734939780167357
2827,2024-07-11T15,2024,늦음,1,20.0,2.3512650536778374
2828,2024-07-12T10,2024,늦음,1,11.0,1.411172237331743
2829,2024-07-13T20,2024,성공,3,0.0,0.3694656488549668
2830,2024-07-13T22,2024,성공,0,3.0,0.9053985591248223
2831,2024-07-14T12,2024,성공,3,0.0,0.15419012918184588
2832,2024-07-14T21,2024,늦음,0,73.0,1.3229899370645797
2833,2024-07-15T12,2024,성공,2,0.0,0.6961615587450484
2835,2024-07-16T05,2024,성공,1,2.0,0.7345466066438304
2836,2024-07-16T16,2024,늦음,0,9.0,1.143057852167507
2837,2024-07-17T07,2024,성공,2,19.0,0.9032172198090678
2838,2024-07-18T05,2024,늦음,0,28.0,1.1440438871473377
2839,2024-07-18T14,2024,성공,1,9.0,0.8024656267236616
2840,2024-07-19T03,2024,성공,1,14.0,0.6778481012658251
2841,2024-07-20T03,2024,늦음,1,39.0,1.0853753391797893
2842,2024-07-20T18,2024,늦음,0,56.0,1.6932574602647552
2844,2024-07-21T16,2024,늦음,1,91.0,1.0455856722158696
2845,2024-07-21T17,2024,성공,0,9.0,0.8709198703513699
2846,2024-07-21T20,2024,늦음,0,2.0,1.536402080988165
2847,2024-07-22T05,2024,성공,1,2.0,0.6173695994765388
2848,2024-07-22T19,2024,성공,0,8.0,0.8468208526817246
2849,2024-07-23T01,2024,성공,0,17.0,0.847914572643432
2850,2024-07-24T03,2024,성공,2,11.0,0.8414969191514335
2851,2024-07-24T19,2024,늦음,0,10.0,1.3387934169035993
2852,2024-07-25T14,2024,성공,4,1.0,0.7661904273531221
2853,2024-07-26T17,2024,성공,2,2.0,0.46241295756092965
2855,2024-07-27T17,2024,성공,0,4.0,0.5135446685878879
2856,2024-07-28T13,2024,늦음,2,5.0,2.3121743086071724
2859,2024-07-29T14,2024,성공,5,0.0,0.5309615908316366
2860,2024-07-30T08,2024,늦음,1,6.0,1.1142620065834643
2862,2024-07-30T15,2024,성공,0,4.0,0.7953053936082626
2863,2024-07-30T17,2024,성공,0,3.0,0.589199659192839
2864,2024-07-30T20,2024,성공,2,0.0,0.6404657933042213
2865,2024-07-31T19,2024,늦음,2,18.0,1.4153399569068623
2866,2024-08-01T09,2024,늦음,1,12.0,1.2032087666401585
2867,2024-08-01T15,2024,늦음,0,21.0,1.345129200160153
2868,2024-08-01T20,2024,늦음,0,1.0,1.129260644478992
2869,2024-08-02T14,2024,늦음,0,34.0,1.4995208298100298
2870,2024-08-03T07,2024,늦음,1,3.0,1.1328867940130654
2871,2024-08-03T17,2024,늦음,0,35.0,1.2985487659683987
2872,2024-08-03T23,2024,성공,2,1.0,0.6666443783223612
2873,2024-08-04T15,2024,늦음,0,62.0,1.131318753273963
2874,2024-08-05T14,2024,늦음,2,5.0,5.038220063335523
2875,2024-08-07T00,2024,늦음,3,10.0,1.1311673948973053
2877,2024-08-07T12,2024,성공,1,5.0,0.7866695520450144
2878,2024-08-08T02,2024,늦음,0,33.0,1.618006629039754
2879,2024-08-09T05,2024,늦음,4,10.0,1.478887718330783
2880,2024-08-10T19,2024,늦음,0,111.0,2.2488569123184554
2881,2024-08-11T04,2024,성공,3,4.0,0.4089919570346616
2883,2024-08-11T10,2024,성공,0,0.0,0.6082740788623164
2884,2024-08-12T10,2024,늦음,1,2.0,1.9268525757970636
2885,2024-08-13T09,2024,늦음,1,33.0,1.8131039766688932
2886,2024-08-13T13,2024,성공,0,15.0,0.6844809866392575
2887,2024-08-14T06,2024,늦음,0,18.0,1.6744970094207687
2888,2024-08-15T10,2024,성공,4,8.0,0.62402496099844
2889,2024-08-15T19,2024,늦음,0,18.0,2.61976110452805
2890,2024-08-16T03,2024,늦음,0,12.0,2.7754535512496488
2891,2024-08-17T10,2024,늦음,2,29.0,1.3406332096434574
2892,2024-08-17T16,2024,성공,0,29.0,0.5949023374309046
2894,2024-08-18T02,2024,성공,0,34.0,0.7253659824166081
2895,2024-08-18T03,2024,성공,0,2.0,0.9638654138019666
2896,2024-08-18T09,2024,성공,0,13.0,0.6573570632535256
2897,2024-08-18T16,2024,성공,1,14.0,0.749878007893807
2898,2024-08-19T14,2024,성공,0,20.0,0.8042858305441613
2899,2024-08-20T13,2024,성공,1,18.0,0.7877206057036209
2900,2024-08-21T06,2024,늦음,1,24.0,1.450171232876715
2901,2024-08-22T03,2024,늦음,2,10.0,1.371715048111906
2903,2024-08-22T12,2024,성공,0,15.0,0.3554544832551894
2904,2024-08-23T05,2024,성공,0,9.0,0.7285258838121058
2905,2024-08-24T07,2024,늦음,2,36.0,1.8355859838042883
2906,2024-08-25T21,2024,늦음,1,264.0,1.0025188916876622
2907,2024-08-26T00,2024,성공,3,3.0,0.9564165766564171
2908,2024-08-28T09,2024,늦음,12,0.0,1.936425923845892
2909,2024-08-29T19,2024,성공,2,4.0,0.6093342949236836
2910,2024-08-30T09,2024,늦음,1,2.0,1.0396088586821184
2911,2024-08-30T14,2024,성공,0,7.0,0.806548513066992
2912,2024-08-30T21,2024,늦음,0,23.0,2.079225605515931
2913,2024-08-31T09,2024,성공,0,81.0,0.6265383754754881
2915,2024-08-31T16,2024,성공,0,9.0,0.3378355563059236
2916,2024-08-31T22,2024,성공,0,2.0,0.5241381189965524
2918,2024-09-01T17,2024,성공,3,0.0,0.9611093345328164
2919,2024-09-01T22,2024,늦음,0,46.0,1.5927662151220965
2920,2024-09-02T06,2024,늦음,1,33.0,1.0604111984468871
2921,2024-09-03T06,2024,성공,1,5.0,0.5300560153833291
2922,2024-09-04T12,2024,늦음,3,88.0,2.388065079908473
2923,2024-09-05T03,2024,늦음,0,25.0,1.3329960102427751
2924,2024-09-06T01,2024,늦음,4,3.0,1.085213782070903
2925,2024-09-06T08,2024,성공,0,38.0,0.8093982376545193
2927,2024-09-06T14,2024,늦음,0,3.0,1.3267225286678686
2928,2024-09-07T02,2024,늦음,1,3.0,1.5691368794785598
2929,2024-09-08T15,2024,성공,0,12.0,0.7322967488942592
2930,2024-09-08T18,2024,성공,0,7.0,0.574173389917461
2931,2024-09-10T03,2024,성공,5,1.0,0.9599279108240335
2932,2024-09-10T19,2024,성공,0,32.0,0.9724933451641526
2934,2024-09-11T16,2024,늦음,1,8.0,1.3830337060441096
2935,2024-09-12T11,2024,성공,1,46.0,0.8976157082748997
2936,2024-09-12T19,2024,늦음,0,4.0,1.142102305842608
2938,2024-09-13T14,2024,성공,1,5.0,0.4671842164678095
2939,2024-09-14T05,2024,성공,1,9.0,0.43629441708096767
2940,2024-09-15T15,2024,성공,0,27.0,0.9152982679585007
2942,2024-09-16T11,2024,성공,1,10.0,0.7698269181090157
2944,2024-09-16T22,2024,늦음,0,9.0,1.2240208877284544
2945,2024-09-18T01,2024,성공,2,14.0,0.9675525843795882
2946,2024-09-18T21,2024,성공,2,3.0,0.7253975395002579
2947,2024-09-19T20,2024,성공,6,5.0,0.3824229516411881
2948,2024-09-21T11,2024,늦음,2,144.0,1.0959717541325653
2949,2024-09-21T21,2024,성공,2,44.0,0.44217493910826056
2952,2024-09-22T17,2024,성공,2,1.0,0.3502893450854651
2953,2024-09-23T09,2024,늦음,3,12.0,1.3648952823809457
2954,2024-09-24T07,2024,성공,2,21.0,0.7440048535938947
2955,2024-09-24T15,2024,성공,0,25.0,0.8277156487057121
2957,2024-09-25T06,2024,성공,2,2.0,0.6654181406210216
2958,2024-09-26T04,2024,성공,3,2.0,0.5795690343176354
2959,2024-09-27T02,2024,늦음,1,6.0,1.0631738800303698
2960,2024-09-27T03,2024,성공,0,8.0,0.7126209696090341
2961,2024-09-27T04,2024,성공,0,10.0,0.26294881588999014
2962,2024-09-27T08,2024,성공,0,4.0,0.4132917326283779
2963,2024-09-27T11,2024,성공,0,14.0,0.7881176113973931
2964,2024-09-27T14,2024,성공,0,3.0,0.48174131487041233
2966,2024-09-29T01,2024,성공,3,0.0,0.17041800643087263
2967,2024-09-29T05,2024,성공,0,7.0,0.1787185365106236
2968,2024-09-29T13,2024,성공,0,14.0,0.31772741527141
2969,2024-09-29T23,2024,성공,1,10.0,0.5799817150110737
2970,2024-09-30T20,2024,성공,2,0.0,0.29467584070683656
2971,2024-10-01T13,2024,늦음,1,69.0,1.1492029218398458
2972,2024-10-02T03,2024,늦음,3,13.0,1.488550189707399
2973,2024-10-02T19,2024,늦음,1,10.0,1.0340247659665847
2976,2024-10-03T00,2024,성공,0,5.0,0.7000877588762994
2977,2024-10-03T12,2024,성공,0,46.0,0.8534005857468272
2978,2024-10-03T18,2024,성공,0,1.0,0.8425773978028221
2979,2024-10-05T01,2024,성공,4,21.0,0.4735148633722373
2980,2024-10-06T10,2024,성공,0,46.0,0.8995944849959424
2981,2024-10-07T09,2024,성공,2,52.0,0.8298800606733445
2982,2024-10-07T16,2024,늦음,0,37.0,1.9935177941340803
2983,2024-10-07T18,2024,성공,0,2.0,0.32865084134615385
2984,2024-10-08T13,2024,성공,2,17.0,0.7035364085741731
2985,2024-10-08T18,2024,성공,0,2.0,0.8984059110899356
2986,2024-10-09T01,2024,성공,0,25.0,0.9638398344006727
2987,2024-10-09T12,2024,성공,1,17.0,0.5680927628948373
2988,2024-10-10T05,2024,성공,1,61.0,0.9784953373377975
2989,2024-10-10T17,2024,늦음,0,57.0,1.3834682156376474
2990,2024-10-10T23,2024,늦음,0,24.0,1.6891341256366748
2991,2024-10-12T03,2024,성공,0,32.0,0.7468945078504365
2992,2024-10-13T21,2024,성공,1,9.0,0.6569685593618043
2993,2024-10-15T00,2024,늦음,4,0.0,1.2641901931649375
2994,2024-10-15T13,2024,늦음,0,90.0,1.0996745907848862
2995,2024-10-15T14,2024,늦음,0,4.0,1.5995823467992134
2996,2024-10-15T16,2024,늦음,0,4.0,1.6673332087748787
2997,2024-10-15T21,2024,성공,1,9.0,0.8783904089263458
2999,2024-10-16T04,2024,성공,0,21.0,0.7121493086439292
3000,2024-10-16T10,2024,늦음,1,37.0,1.4981273408239701
3001,2024-10-16T14,2024,성공,0,1.0,0.7998540678584543
3002,2024-10-17T23,2024,성공,2,1.0,0.8099012604632077
3003,2024-10-18T12,2024,성공,0,47.0,0.8084795321637427
3005,2024-10-18T22,2024,성공,0,9.0,0.5259979406137856
3006,2024-10-19T23,2024,성공,2,15.0,0.24433656957929661
3007,2024-10-20T00,2024,성공,0,4.0,0.2534989429021026
3008,2024-10-20T06,2024,성공,1,9.0,0.14072734590870192
3009,2024-10-21T06,2024,성공,4,4.0,0.6197972827259087
3010,2024-10-22T04,2024,늦음,1,17.0,1.4245600645424141
3011,2024-10-22T08,2024,늦음,0,24.0,1.1446069248718955
3012,2024-10-22T11,2024,성공,0,8.0,0.523582177226714
3014,2024-10-22T14,2024,성공,2,0.0,0.5743614994648069
3015,2024-10-23T05,2024,늦음,0,24.0,1.0169941191209633
3016,2024-10-23T20,2024,늦음,4,7.0,1.0346381525501147
3017,2024-10-25T02,2024,성공,3,5.0,0.7377206335188565
3018,2024-10-25T13,2024,성공,1,5.0,0.4329384319892405
3019,2024-10-25T15,2024,늦음,0,14.0,1.0178168860446555
3020,2024-10-26T06,2024,늦음,1,5.0,1.3094338758784883
3021,2024-10-28T03,2024,성공,5,11.0,0.3978826436505702
3022,2024-10-28T07,2024,늦음,0,20.0,1.2765755926323947
3023,2024-10-29T12,2024,성공,5,15.0,0.7197990090027178
3024,2024-10-29T13,2024,늦음,0,4.0,1.0244855717577075
3025,2024-10-29T21,2024,성공,2,2.0,0.9819249801172066
3026,2024-11-01T10,2024,늦음,4,11.0,1.1493718684191332
3027,2024-11-01T19,2024,늦음,0,13.0,2.22400558269365
3029,2024-11-02T14,2024,성공,0,138.0,0.8086500092964632
3031,2024-11-03T00,2024,성공,0,15.0,0.5327249426760211
3032,2024-11-03T17,2024,늦음,1,3.0,1.067064357411692
3033,2024-11-04T11,2024,늦음,2,68.0,1.4265363972545493
3035,2024-11-04T13,2024,성공,0,7.0,0.8567966808334928
3036,2024-11-05T02,2024,성공,3,2.0,0.9135133516944122
3037,2024-11-05T23,2024,늦음,1,38.0,1.2072582931670057
3039,2024-11-06T14,2024,늦음,1,6.0,1.3717917133555282
3040,2024-11-06T19,2024,늦음,0,47.0,2.268707482993197
3041,2024-11-06T23,2024,성공,0,18.0,0.9349291411107232
3042,2024-11-07T17,2024,늦음,0,117.0,2.198820295852494
3043,2024-11-07T22,2024,성공,2,5.0,0.6302510079334189
3045,2024-11-08T22,2024,성공,0,6.0,0.6056697526427598
3046,2024-11-09T23,2024,성공,0,1.0,0.361144831758565
3047,2024-11-10T20,2024,늦음,3,12.0,1.0249681199061083
3048,2024-11-11T01,2024,늦음,0,4.0,1.4441633059509893
3049,2024-11-11T06,2024,성공,1,7.0,0.8393557535774554
3051,2024-11-11T13,2024,성공,0,2.0,0.9133305069347708
3053,2024-11-12T08,2024,성공,2,7.0,0.8625953351021903
3054,2024-11-13T13,2024,늦음,0,63.0,4.797533763945984
3055,2024-11-13T21,2024,늦음,0,34.0,1.9099571734475314
3057,2024-11-14T13,2024,성공,0,16.0,0.8462680288330547
3058,2024-11-15T09,2024,늦음,3,7.0,1.8919698595677479
3059,2024-11-16T09,2024,늦음,1,22.0,1.0402618871536085
3060,2024-11-17T09,2024,성공,1,8.0,0.740785474163087
3062,2024-11-18T01,2024,성공,2,2.0,0.9438140455307165
3063,2024-11-18T13,2024,늦음,1,50.0,1.3231794383626811
3064,2024-11-18T15,2024,늦음,0,6.0,1.1481257827876152
3065,2024-11-18T18,2024,늦음,0,10.0,1.5714076258980458
3066,2024-11-18T21,2024,늦음,0,4.0,1.032088362813611
3069,2024-11-19T13,2024,늦음,1,4.0,1.1081322609472712
3070,2024-11-19T15,2024,늦음,0,7.0,1.0949241924851745
3071,2024-11-19T22,2024,늦음,2,25.0,1.9707384549904297
3073,2024-11-20T22,2024,늦음,1,9.0,1.1466940080443473
3074,2024-11-21T00,2024,늦음,0,19.0,1.0479712351729376
3075,2024-11-21T02,2024,성공,0,9.0,0.531578947368421
3077,2024-11-21T15,2024,성공,1,6.0,0.5839512442864339
3080,2024-11-24T22,2024,성공,1,5.0,0.858452426558157
3081,2024-11-25T14,2024,성공,1,10.0,0.37724831001041037
3082,2024-11-26T05,2024,늦음,1,4.0,1.963290865903686
3083,2024-11-26T08,2024,늦음,0,19.0,1.4601880224819155
3084,2024-11-26T16,2024,늦음,1,4.0,1.020544217389692
3087,2024-11-28T03,2024,성공,2,4.0,0.6883506723138347
3088,2024-11-29T01,2024,늦음,0,166.0,1.0514534300526919
3089,2024-11-29T20,2024,성공,2,2.0,0.8918796013178729
3090,2024-11-30T18,2024,성공,0,57.0,0.6708198562677455
3091,2024-11-30T22,2024,성공,0,12.0,0.21599939874332041
3092,2024-12-01T08,2024,성공,0,3.0,0.5098694516971248
3093,2024-12-02T03,2024,성공,4,9.0,0.6294856961433991
3094,2024-12-02T15,2024,성공,0,3.0,0.5842065828769281
3095,2024-12-02T17,2024,성공,0,3.0,0.8038994356079983
3096,2024-12-02T20,2024,늦음,0,6.0,1.1638346302472107
3098,2024-12-02T23,2024,성공,0,7.0,0.46569848466695446
3099,2024-12-03T09,2024,성공,0,50.0,0.3895672742740354
3100,2024-12-03T16,2024,늦음,2,2.0,1.2271727913133341
3101,2024-12-04T13,2024,성공,2,6.0,0.2803229947273375
3102,2024-12-04T19,2024,늦음,1,13.0,1.0264375832118116
3103,2024-12-05T15,2024,늦음,1,31.0,2.3476868884839175
3104,2024-12-06T13,2024,늦음,0,1.0,5.370043079642108
3105,2024-12-07T03,2024,늦음,0,13.0,1.5378627374662532
3106,2024-12-07T18,2024,성공,0,71.0,0.926849198146504
3107,2024-12-08T04,2024,성공,0,5.0,0.4534504606117694
3108,2024-12-08T13,2024,성공,0,2.0,0.6358814169277227
3109,2024-12-09T01,2024,늦음,1,6.0,1.3398735324959987
3110,2024-12-09T14,2024,늦음,1,17.0,1.1907166951336725
3111,2024-12-09T15,2024,늦음,0,3.0,1.8349253731343342
3112,2024-12-10T01,2024,늦음,2,0.0,2.6932089297886908
3114,2024-12-10T05,2024,늦음,0,4.0,1.3217915083450513
3115,2024-12-10T16,2024,늦음,0,8.0,1.5070346595590942
3116,2024-12-10T22,2024,늦음,1,6.0,1.1646572701367863
3117,2024-12-12T04,2024,성공,3,6.0,0.6672158962740684
3118,2024-12-13T10,2024,성공,2,35.0,0.8773999677315322
3119,2024-12-14T09,2024,성공,3,7.0,0.6953906645384824
3120,2024-12-15T01,2024,성공,0,4.0,0.5371998198396934
3121,2024-12-16T09,2024,늦음,6,5.0,1.309686885703634
3122,2024-12-16T15,2024,늦음,0,21.0,1.8556826772941688
3123,2024-12-16T22,2024,늦음,0,9.0,1.50922577654149
3124,2024-12-17T09,2024,늦음,0,46.0,1.1932515773655799
3126,2024-12-17T14,2024,늦음,0,25.0,1.1305470161687692
3127,2024-12-17T15,2024,늦음,0,3.0,1.3518523984150865
3128,2024-12-18T13,2024,늦음,1,50.0,1.4150407880679627
3130,2024-12-18T15,2024,성공,0,1.0,0.4653344645758042
3131,2024-12-18T19,2024,늦음,1,10.0,1.409379221516606
3132,2024-12-19T06,2024,늦음,2,6.0,1.7952380952380893
3133,2024-12-19T17,2024,늦음,0,1.0,1.0479607250755258
3134,2024-12-20T06,2024,늦음,1,31.0,2.4064073274397355
3135,2024-12-20T09,2024,늦음,0,16.0,2.963913196194313
3136,2024-12-20T15,2024,늦음,0,2.0,1.4917055188116697
3137,2024-12-21T13,2024,성공,1,8.0,0.9244814178933414
3138,2024-12-22T10,2024,성공,1,5.0,0.5475844410057986
3140,2024-12-23T03,2024,성공,4,3.0,0.8012952297142474
3141,2024-12-23T15,2024,늦음,1,44.0,2.306943005181344
3142,2024-12-23T22,2024,늦음,2,9.0,1.244568261995249
3143,2024-12-25T03,2024,늦음,1,2.0,1.02699533467356
3144,2024-12-26T22,2024,늦음,2,48.0,1.1483379319406124
3145,2024-12-27T15,2024,늦음,2,17.0,1.3021538461538522
3146,2024-12-28T04,2024,늦음,0,39.0,1.353607460261876
3147,2024-12-29T11,2024,성공,3,1.0,0.4415887581909608
3148,2024-12-30T06,2024,성공,2,3.0,0.5590427724217044
3149,2024-12-30T13,2024,성공,0,9.0,0.9443683323022029
3150,2024-12-30T18,2024,늦음,0,25.0,1.5701311011909709
3151,2024-12-30T23,2024,늦음,0,14.0,1.3536842105263158
3152,2024-12-31T07,2024,성공,0,6.0,0.5203225869578044
3153,2024-12-31T20,2024,늦음,0,7.0,1.402274244436128
3154,2025-01-01T14,2024,성공,1,5.0,0.5426540284360221
3155,2025-01-02T22,2025,성공,7,3.0,0.5085604958056082
3156,2025-01-03T16,2025,성공,0,68.0,0.8539267827790443
3157,2025-01-04T03,2025,성공,1,16.0,0.5678625568468865
3158,2025-01-04T20,2025,성공,1,22.0,0.41419171041882136
3159,2025-01-05T01,2025,성공,0,4.0,0.2832129737261103
3162,2025-01-05T20,2025,성공,0,5.0,0.43357060566161953
3163,2025-01-07T02,2025,성공,4,4.0,0.6866461347918024
3164,2025-01-08T10,2025,성공,2,9.0,0.5117523421177819
3165,2025-01-08T11,2025,성공,0,5.0,0.5324290094654015
3167,2025-01-08T18,2025,늦음,0,25.0,2.2906581672443838
3168,2025-01-08T21,2025,성공,1,1.0,0.619797819962469
3169,2025-01-09T08,2025,늦음,0,79.0,2.2872040320229536
3172,2025-01-09T15,2025,성공,0,5.0,0.8307353550328171
3173,2025-01-09T19,2025,늦음,0,20.0,2.0048380622398687
3174,2025-01-09T23,2025,성공,0,5.0,0.9026779739114249
3175,2025-01-10T16,2025,늦음,0,31.0,1.8977665305093854
3177,2025-01-11T00,2025,늦음,0,7.0,1.1274219388862092
3178,2025-01-11T21,2025,성공,0,65.0,0.5530916844349711
3180,2025-01-12T14,2025,성공,0,20.0,0.6321802263506361
3181,2025-01-12T21,2025,성공,0,10.0,0.6464801409054285
3182,2025-01-13T00,2025,성공,0,14.0,0.7478131000640068
3184,2025-01-13T19,2025,늦음,2,1.0,2.3509539842873144
3185,2025-01-14T20,2025,성공,0,14.0,0.807737523807565
3187,2025-01-16T03,2025,늦음,3,7.0,1.1265430109818886
3188,2025-01-16T19,2025,늦음,0,10.0,1.4741342981365153
3189,2025-01-17T23,2025,성공,7,8.0,0.660014856004499
3190,2025-01-18T23,2025,늦음,1,66.0,1.5368138961699493
3192,2025-01-19T01,2025,성공,0,2.0,0.546210526214555
3193,2025-01-19T10,2025,성공,1,13.0,0.6879457066355666
3194,2025-01-19T19,2025,늦음,0,95.0,1.6005029466531013
3195,2025-01-19T21,2025,늦음,0,6.0,1.9314120956267344
3196,2025-01-20T06,2025,늦음,0,39.0,2.3918568926061323
3197,2025-01-20T17,2025,늦음,0,64.0,3.5087224663192966
3198,2025-01-21T10,2025,늦음,1,4.0,1.564800000000003
3199,2025-01-22T04,2025,늦음,2,53.0,1.6995196969018955
3200,2025-01-23T14,2025,성공,5,4.0,0.7037194765876393
3201,2025-01-24T01,2025,늦음,1,9.0,2.083836257309947
3202,2025-01-24T04,2025,늦음,0,2.0,1.1218032988028255
3203,2025-01-24T20,2025,성공,3,6.0,0.7601854393167973
3204,2025-01-25T15,2025,성공,0,22.0,0.5596091386806139
3205,2025-01-26T01,2025,성공,1,32.0,0.3706444292674326
3206,2025-01-26T03,2025,성공,0,13.0,0.2955278445033572
3207,2025-01-26T09,2025,성공,0,5.0,0.44132340197837894
3209,2025-01-26T21,2025,성공,1,30.0,0.5080593974360547
3210,2025-01-27T13,2025,늦음,3,19.0,1.4947663218492018
3211,2025-01-28T16,2025,성공,3,1.0,0.4863198458574209
3212,2025-01-29T05,2025,늦음,1,22.0,1.1007357864871958
3213,2025-01-29T13,2025,늦음,0,70.0,1.1390253850486474
3214,2025-01-29T18,2025,성공,1,0.0,0.42101654711268616
3215,2025-01-30T12,2025,성공,3,27.0,0.6699045861897204
3216,2025-01-31T15,2025,성공,2,22.0,0.5792245554239775
3217,2025-01-31T18,2025,성공,0,2.0,0.6314270080567586
3218,2025-02-01T12,2025,성공,1,3.0,0.4680804458998996
3220,2025-02-03T08,2025,늦음,9,2.0,3.8757615179243206
3221,2025-02-04T05,2025,늦음,1,58.0,1.621545650989977
3222,2025-02-05T11,2025,늦음,1,1.0,1.025330406791406
3223,2025-02-05T18,2025,성공,1,2.0,0.7201774730261138
3224,2025-02-06T03,2025,성공,1,19.0,0.9916743062702328
3225,2025-02-06T16,2025,성공,0,15.0,0.7951644315280679
3226,2025-02-07T02,2025,늦음,0,65.0,1.1553688208315582
3227,2025-02-07T19,2025,늦음,3,4.0,1.7324210946863765
3228,2025-02-08T13,2025,성공,0,159.0,0.6351216296117943
3229,2025-02-09T11,2025,성공,2,72.0,0.611976355692627
3230,2025-02-10T00,2025,늦음,2,9.0,1.1814958500262045
3233,2025-02-10T19,2025,성공,0,8.0,0.9686465995684422
3234,2025-02-11T01,2025,성공,0,45.0,0.87655147551115
3235,2025-02-11T03,2025,성공,0,4.0,0.41137872534786224
3237,2025-02-11T10,2025,성공,0,25.0,0.2717882570410078
3238,2025-02-12T06,2025,성공,0,19.0,0.7920111282309257
3239,2025-02-13T05,2025,성공,3,64.0,0.6386030659879729
3240,2025-02-13T21,2025,늦음,1,30.0,1.0970394961542078
3241,2025-02-14T22,2025,성공,3,18.0,0.6826484249299297
3242,2025-02-15T02,2025,성공,0,25.0,0.6674910099788174
3243,2025-02-15T03,2025,성공,0,5.0,0.25731877916534773
3244,2025-02-17T12,2025,성공,5,1.0,0.4003956949889459
3245,2025-02-17T16,2025,성공,0,15.0,0.8235013914049396
3246,2025-02-17T21,2025,성공,1,13.0,0.5456073980664113
3247,2025-02-18T07,2025,성공,0,17.0,0.5983189789353593
3248,2025-02-18T10,2025,성공,0,7.0,0.7064050195814209
3249,2025-02-18T16,2025,성공,0,3.0,0.8590843256911701
3250,2025-02-18T23,2025,늦음,0,13.0,1.1675119832058303
3251,2025-02-20T14,2025,성공,7,1.0,0.326530612244898
3252,2025-02-20T17,2025,늦음,0,20.0,1.185431695570392
3253,2025-02-21T02,2025,성공,0,9.0,0.4347350244424448
3254,2025-02-21T13,2025,성공,0,52.0,0.4796791667474151
3256,2025-02-22T06,2025,늦음,1,18.0,1.030240783193894
3257,2025-02-23T05,2025,성공,0,12.0,0.497650840751731
3258,2025-02-23T07,2025,성공,0,5.0,0.20942244971208618
3259,2025-02-23T09,2025,성공,0,5.0,0.22021594835801955
3260,2025-02-23T21,2025,성공,1,1.0,0.32974993176140194
3261,2025-02-24T04,2025,성공,0,10.0,0.700979838672082
3263,2025-02-24T14,2025,성공,1,3.0,0.657661507049127
3264,2025-02-25T20,2025,늦음,5,15.0,1.8242878142593955
3265,2025-02-26T15,2025,늦음,0,177.0,1.8604755119716179
3266,2025-02-27T03,2025,늦음,1,3.0,2.125997494381858
3267,2025-02-27T17,2025,늦음,0,39.0,1.6924851453754344
3268,2025-02-28T12,2025,늦음,4,7.0,1.9198189501409657
3269,2025-03-01T11,2025,성공,0,10.0,0.9628663185155275
3270,2025-03-01T21,2025,성공,0,33.0,0.7348125296630315
3271,2025-03-02T03,2025,성공,3,5.0,0.8004950323274683
3272,2025-03-02T16,2025,늦음,1,8.0,1.6309110821725665
3273,2025-03-03T04,2025,늦음,0,26.0,1.6214191862501832
3274,2025-03-04T11,2025,늦음,2,35.0,1.9783026437659212
3275,2025-03-06T08,2025,성공,7,4.0,0.6070169085249787
3276,2025-03-07T09,2025,늦음,2,4.0,3.088964202249084
3277,2025-03-07T17,2025,늦음,2,8.0,2.834535058549812
3278,2025-03-08T10,2025,늦음,2,17.0,1.1230731846467688
3279,2025-03-09T09,2025,성공,0,219.0,0.983572105719571
3280,2025-03-10T03,2025,늦음,2,22.0,1.6286380006356884
3281,2025-03-10T15,2025,늦음,0,57.0,4.1913146936347445
3282,2025-03-11T02,2025,늦음,1,1.0,1.3951270494480295
3283,2025-03-12T04,2025,성공,3,5.0,0.9782894265446954
3284,2025-03-12T12,2025,늦음,0,24.0,1.7550596897535902
3286,2025-03-12T21,2025,늦음,0,26.0,2.6106791366692077
3287,2025-03-13T05,2025,성공,0,5.0,0.6298077379089211
3288,2025-03-14T01,2025,늦음,1,7.0,1.1039204886841505
3289,2025-03-15T00,2025,늦음,1,10.0,1.3878093643720433
3290,2025-03-16T18,2025,성공,2,15.0,0.8759663269310439
3292,2025-03-17T02,2025,성공,0,10.0,0.7250922689371081
3293,2025-03-17T14,2025,성공,1,2.0,0.8119057284592005
3295,2025-03-18T01,2025,성공,0,9.0,0.8911995373457642
3296,2025-03-18T22,2025,성공,1,4.0,0.8982213146290141
3297,2025-03-20T05,2025,성공,6,5.0,0.7565217391304314
3298,2025-03-21T17,2025,성공,3,1.0,0.7404707690864174
3299,2025-03-22T14,2025,성공,0,189.0,0.5556521255851952
3300,2025-03-22T18,2025,성공,0,10.0,0.13630000297857706
3302,2025-03-23T02,2025,성공,2,8.0,0.3325918484500644
3303,2025-03-24T20,2025,성공,8,1.0,0.5296371422132071
3304,2025-03-25T14,2025,성공,0,67.0,0.9904823732625337
3305,2025-03-25T23,2025,성공,2,6.0,0.6024858757062114
3306,2025-03-26T07,2025,성공,1,31.0,0.6355469405680867
3308,2025-03-27T00,2025,성공,0,5.0,0.7343814284598633
3309,2025-03-27T11,2025,성공,0,37.0,0.5509079779636676
3310,2025-03-27T20,2025,성공,1,4.0,0.944391414241608
3311,2025-03-28T03,2025,성공,0,30.0,0.6981763947279169
3312,2025-03-28T22,2025,성공,3,10.0,0.6342689568495951
3313,2025-03-29T10,2025,늦음,0,108.0,1.310453119051057
3314,2025-03-29T19,2025,성공,1,2.0,0.659412839494682
3315,2025-03-30T16,2025,성공,0,39.0,0.7399085952994641
3316,2025-03-31T08,2025,늦음,2,8.0,1.1348034718878681
3318,2025-03-31T10,2025,늦음,0,7.0,1.0702626045765098
3319,2025-03-31T23,2025,성공,1,25.0,0.8536790324176294
3321,2025-04-02T01,2025,성공,2,3.0,0.49932791771374796
3322,2025-04-02T14,2025,늦음,0,34.0,1.0586975599519344
3323,2025-04-02T21,2025,늦음,1,2.0,3.0812973336751006
3324,2025-04-03T21,2025,성공,2,2.0,0.7707095851921156
3325,2025-04-04T14,2025,늦음,1,2.0,1.0008733006042365
3327,2025-04-05T03,2025,늦음,0,75.0,1.1105200945626477
3328,2025-04-05T23,2025,성공,2,20.0,0.5917928664245934
3329,2025-04-06T08,2025,성공,0,12.0,0.516745589041041
3330,2025-04-07T11,2025,늦음,2,16.0,2.6273164625645644
3331,2025-04-08T10,2025,늦음,0,212.0,2.157312280217893
3333,2025-04-08T14,2025,성공,0,7.0,0.951088985687613
3334,2025-04-09T07,2025,늦음,0,2.0,1.4019813346315257
3335,2025-04-10T06,2025,성공,1,23.0,0.7985878410722869
3336,2025-04-11T03,2025,늦음,0,29.0,1.6246716482619747
3337,2025-04-12T01,2025,성공,4,1.0,0.505054100227787
3338,2025-04-12T14,2025,늦음,0,62.0,1.466406777735752
3339,2025-04-13T01,2025,성공,3,0.0,0.5816560006504174
3340,2025-04-14T02,2025,성공,2,1.0,0.9606633145717207
3341,2025-04-14T16,2025,성공,1,1.0,0.4559810938649566
3343,2025-04-14T22,2025,성공,0,14.0,0.5994787141616055
3344,2025-04-15T01,2025,성공,0,8.0,0.6840970855590055
3345,2025-04-15T14,2025,늦음,2,2.0,1.0425246402295094
3346,2025-04-16T10,2025,성공,1,23.0,0.9505749202335801
3347,2025-04-17T14,2025,늦음,0,3.0,1.8143720906846919
3349,2025-04-18T02,2025,성공,0,13.0,0.9334650193433295
3350,2025-04-19T02,2025,성공,0,20.0,0.3052818991097888
3351,2025-04-19T16,2025,성공,3,1.0,0.4537355536718086
3352,2025-04-20T19,2025,성공,1,11.0,0.5378939876756436
3353,2025-04-21T13,2025,성공,1,4.0,0.516566235890979
3356,2025-04-22T02,2025,늦음,0,98.0,2.30538506079907
3357,2025-04-23T10,2025,성공,7,13.0,0.42610600272995347
3358,2025-04-24T15,2025,성공,1,4.0,0.6366806174732424
3359,2025-04-25T03,2025,성공,1,1.0,0.6220338983050817
3361,2025-04-25T22,2025,성공,0,8.0,0.9509582186378648
3362,2025-04-26T22,2025,성공,2,15.0,0.47506495111882474
3363,2025-04-27T03,2025,성공,0,1.0,0.6539713726156874
3364,2025-04-27T18,2025,성공,1,5.0,0.356110431651606
3365,2025-04-27T23,2025,성공,0,5.0,0.6787153183349415
3366,2025-04-28T05,2025,성공,0,14.0,0.7973045822102426
3367,2025-04-28T15,2025,성공,0,8.0,0.5843155638896421
3368,2025-04-28T22,2025,성공,0,4.0,0.6296723454973608
3369,2025-04-29T04,2025,성공,0,12.0,0.9051760268231288
3370,2025-04-29T08,2025,성공,0,7.0,0.4741531310676456
3371,2025-04-29T15,2025,성공,1,1.0,0.3107089622740537
3372,2025-04-29T17,2025,성공,1,2.0,0.40866202825751613
3373,2025-04-29T21,2025,성공,0,22.0,0.4590146750524048
3374,2025-04-30T05,2025,성공,0,14.0,0.7630067675754179
3376,2025-04-30T09,2025,성공,0,20.0,0.2904083715533226
3377,2025-04-30T12,2025,성공,0,10.0,0.5296913985554795
3378,2025-04-30T21,2025,늦음,0,4.0,1.1517203647940266
3379,2025-05-01T22,2025,성공,2,29.0,0.712033196725108
3380,2025-05-02T14,2025,성공,0,16.0,0.8886655869114558
3381,2025-05-02T18,2025,성공,0,6.0,0.7863653083745512
3382,2025-05-03T19,2025,성공,1,0.0,0.22571666607505347
3383,2025-05-03T23,2025,성공,0,24.0,0.5994272301151184
3384,2025-05-04T19,2025,성공,5,1.0,0.18349472321301916
3385,2025-05-04T23,2025,성공,0,11.0,0.6216956094706706
3386,2025-05-05T07,2025,성공,1,2.0,0.8158553052529312
3388,2025-05-05T13,2025,성공,1,1.0,0.6422390770216826
3389,2025-05-05T14,2025,성공,0,6.0,0.821606179240292
3390,2025-05-05T17,2025,성공,0,6.0,0.5977941907489549
3391,2025-05-06T10,2025,성공,1,23.0,0.6902857623306634
3392,2025-05-06T15,2025,성공,0,2.0,0.6066417738539722
3393,2025-05-07T13,2025,늦음,2,23.0,1.2507676560900718
3394,2025-05-08T01,2025,늦음,2,22.0,1.169819126197976
3395,2025-05-08T14,2025,성공,3,3.0,0.2993706208285858
3397,2025-05-09T04,2025,늦음,2,4.0,1.2229770041955306
3398,2025-05-10T23,2025,성공,1,132.0,0.898360226120405
3400,2025-05-11T10,2025,늦음,0,36.0,1.30285714285714
3401,2025-05-11T14,2025,성공,1,20.0,0.586619617567122
3402,2025-05-12T08,2025,성공,2,9.0,0.39762410662545594
3404,2025-05-13T05,2025,늦음,1,3.0,1.2129548704910247
3405,2025-05-14T01,2025,성공,1,6.0,0.4808008392575803
3406,2025-05-15T00,2025,성공,1,4.0,0.4866894197952275
3408,2025-05-15T15,2025,성공,2,2.0,0.6187520353685374
3409,2025-05-16T08,2025,성공,1,40.0,0.5501118895984327
3412,2025-05-17T19,2025,성공,0,8.0,0.6309751247565577
3413,2025-05-18T20,2025,성공,1,10.0,0.6881547899952863
3415,2025-05-19T02,2025,늦음,0,7.0,1.5369494176934986
3416,2025-05-19T15,2025,늦음,0,20.0,1.1448039215686248
3417,2025-05-20T07,2025,성공,3,10.0,0.8970053648108784
3418,2025-05-20T19,2025,늦음,0,26.0,1.115866061498932
3419,2025-05-21T08,2025,성공,2,9.0,0.5972232635678045
3420,2025-05-21T14,2025,늦음,0,47.0,1.0134733561128235
3421,2025-05-21T18,2025,늦음,0,7.0,1.7084118616444914
3423,2025-05-22T10,2025,성공,2,25.0,0.9330115743844073
3424,2025-05-24T04,2025,성공,2,9.0,0.6511170436981929
3425,2025-05-24T23,2025,성공,1,134.0,0.8944355873901941
3426,2025-05-25T17,2025,성공,3,0.0,0.5138992138046
3427,2025-05-26T14,2025,성공,0,47.0,0.6182781307929628
3428,2025-05-27T08,2025,늦음,2,38.0,1.5200839309003755
3429,2025-05-27T21,2025,성공,1,12.0,0.8495031616982784
3430,2025-05-29T00,2025,성공,3,4.0,0.4292621675818567
3431,2025-05-29T15,2025,성공,1,16.0,0.4336242535599449
3432,2025-05-30T05,2025,늦음,1,6.0,1.132413765390572
3434,2025-05-30T09,2025,성공,1,0.0,0.4376639685677612
3435,2025-05-30T16,2025,늦음,1,44.0,1.2816448829490756
3436,2025-05-31T06,2025,성공,5,10.0,0.5883334886176561
3437,2025-06-01T09,2025,성공,0,11.0,0.28427479897233715
3439,2025-06-02T04,2025,성공,3,19.0,0.4272341454750326
3440,2025-06-02T20,2025,성공,2,5.0,0.7681957871328496
3441,2025-06-03T07,2025,늦음,1,13.0,1.002734816695903
3442,2025-06-03T14,2025,성공,0,10.0,0.3179921747020223
3443,2025-06-03T21,2025,성공,0,19.0,0.936185596265739
3444,2025-06-05T03,2025,성공,1,10.0,0.8136530071935288
3445,2025-06-05T06,2025,성공,0,11.0,0.5444866920152119
3447,2025-06-05T16,2025,성공,1,5.0,0.5116811990928187
3448,2025-06-06T04,2025,늦음,0,22.0,1.2928749377179813
3449,2025-06-07T09,2025,성공,0,22.0,0.7859825826715322
3451,2025-06-07T23,2025,성공,3,11.0,0.1240248276357055
3452,2025-06-08T15,2025,성공,0,4.0,0.30250265190180076
3453,2025-06-08T23,2025,성공,1,2.0,0.39298471089365544
3454,2025-06-09T09,2025,성공,0,9.0,0.3801331273526652
3455,2025-06-10T05,2025,성공,2,4.0,0.7884454115639865
3456,2025-06-10T23,2025,성공,1,6.0,0.7880553236448025
3458,2025-06-12T16,2025,성공,6,1.0,0.4549792922481804
3459,2025-06-12T20,2025,늦음,0,12.0,1.0790590405904033
3460,2025-06-13T08,2025,늦음,0,25.0,1.5307877369383662
3461,2025-06-14T08,2025,성공,1,2.0,0.6083708208061207
3462,2025-06-14T21,2025,성공,6,3.0,0.3357314148681055
3463,2025-06-15T09,2025,성공,0,5.0,0.5466628959275963
3466,2025-06-16T01,2025,성공,0,19.0,0.7558913370294774
3467,2025-06-16T23,2025,성공,3,5.0,0.40704691364823253
3468,2025-06-18T00,2025,성공,1,18.0,0.6204055239227447
3469,2025-06-18T18,2025,성공,0,56.0,0.933838862559239
3470,2025-06-18T20,2025,성공,0,2.0,0.8062091057731291
3471,2025-06-19T13,2025,성공,0,5.0,0.664689961869685
3472,2025-06-19T22,2025,성공,0,7.0,0.7928637448971732
3473,2025-06-20T14,2025,성공,1,1.0,0.5754934981159553
3474,2025-06-21T06,2025,성공,0,25.0,0.9700762761588109
3475,2025-06-21T18,2025,성공,0,47.0,0.5749885281274895
3476,2025-06-22T04,2025,성공,2,0.0,0.8559523809523838
3477,2025-06-22T13,2025,성공,0,43.0,0.7377061923788611
3478,2025-06-22T23,2025,늦음,1,5.0,1.0504968152866272
3479,2025-06-24T09,2025,성공,2,20.0,0.7913242939387767
3480,2025-06-25T11,2025,성공,0,13.0,0.7666459834852807
3481,2025-06-25T16,2025,성공,1,13.0,0.6014432417429973
3482,2025-06-27T04,2025,성공,3,29.0,0.9479876184279288
3483,2025-06-27T07,2025,성공,1,1.0,0.3592756542224818
3484,2025-06-27T16,2025,성공,1,1.0,0.4704554008280015
3487,2025-06-28T14,2025,성공,1,65.0,0.232864842527707
3489,2025-06-28T19,2025,성공,0,9.0,0.2231629982911558
3490,2025-06-29T00,2025,성공,0,19.0,0.1532212885154116
3491,2025-06-29T01,2025,성공,0,12.0,0.16501481224328782
3492,2025-06-29T08,2025,성공,0,47.0,0.132756003428127
3493,2025-06-29T16,2025,성공,0,9.0,0.35490797828712045
3494,2025-06-29T23,2025,성공,1,8.0,0.42931309904153897
3495,2025-06-30T06,2025,성공,0,34.0,0.3186645875932193
3496,2025-07-02T02,2025,성공,7,1.0,0.4396593900927617
3497,2025-07-03T01,2025,성공,0,5.0,0.818382207545219
3498,2025-07-03T10,2025,성공,0,66.0,0.8739100328154124
3500,2025-07-04T23,2025,성공,3,9.0,0.35012026640477056
3501,2025-07-06T05,2025,성공,0,143.0,0.46952296982730785
3504,2025-07-06T12,2025,성공,1,9.0,0.17288001588676252
3505,2025-07-07T06,2025,성공,1,0.0,0.3490905775630161
3506,2025-07-08T05,2025,성공,2,2.0,0.46288664306596744
3507,2025-07-09T02,2025,성공,1,5.0,0.5710334468989265
3508,2025-07-09T11,2025,성공,0,14.0,0.5138393954004796
3509,2025-07-10T08,2025,늦음,1,8.0,1.0205448262930918
3510,2025-07-10T16,2025,성공,0,26.0,0.7823385775942123
3511,2025-07-11T12,2025,성공,2,3.0,0.35027374865270255
3512,2025-07-13T04,2025,늦음,0,172.0,1.1286371963142618
3513,2025-07-14T14,2025,성공,5,20.0,0.8940365111561819
3514,2025-07-15T17,2025,성공,2,10.0,0.7494600431965444
3515,2025-07-16T23,2025,성공,3,8.0,0.6062543604191427
3516,2025-07-17T15,2025,성공,2,3.0,0.6370375794274935
3517,2025-07-18T08,2025,늦음,2,28.0,1.3477743630415338
3518,2025-07-19T02,2025,성공,1,33.0,0.8774880780263249
3519,2025-07-19T18,2025,성공,0,51.0,0.7085502730677518
3520,2025-07-19T19,2025,성공,0,3.0,0.23745373394295421
3521,2025-07-19T20,2025,성공,0,10.0,0.38450993599398375
3522,2025-07-20T00,2025,성공,0,18.0,0.4693882599198064
3523,2025-07-20T21,2025,성공,2,23.0,0.7339549823006568
3524,2025-07-21T04,2025,성공,0,2.0,0.7250832076774274
3525,2025-07-21T12,2025,성공,0,25.0,0.848601252609601
3527,2025-07-21T15,2025,성공,0,8.0,0.4610226320201173
3528,2025-07-22T06,2025,성공,2,0.0,0.6415611033128665
3529,2025-07-23T02,2025,성공,3,4.0,0.20204286865967355
3530,2025-07-23T22,2025,성공,2,3.0,0.5674339300937816
3531,2025-07-24T05,2025,성공,0,5.0,0.6426910865805257
3532,2025-07-24T08,2025,늦음,0,7.0,1.0221264227881857
3533,2025-07-24T22,2025,성공,1,15.0,0.6705000882897622
3534,2025-07-25T13,2025,늦음,0,26.0,1.2896870368755942
3536,2025-07-25T16,2025,성공,0,5.0,0.5838736347417381
3537,2025-07-26T21,2025,성공,2,5.0,0.18599989521131927
3538,2025-07-27T15,2025,성공,0,11.0,0.1894614608904664
3539,2025-07-28T07,2025,성공,2,3.0,0.35170457816728123
3540,2025-07-29T03,2025,성공,1,38.0,0.8025451122856156
3541,2025-07-29T14,2025,성공,0,28.0,0.61441743503772
3542,2025-07-30T02,2025,성공,0,7.0,0.8359235873635419
3543,2025-07-30T12,2025,성공,1,24.0,0.379434402165013
3545,2025-07-30T17,2025,성공,0,7.0,0.5632782965251876
3546,2025-07-31T00,2025,늦음,1,8.0,1.0195432618990634
3547,2025-07-31T14,2025,성공,1,21.0,0.33128679562657204
3548,2025-08-01T12,2025,성공,2,2.0,0.575197565189937
3549,2025-08-01T13,2025,늦음,0,7.0,1.3042690815006495
3550,2025-08-01T14,2025,성공,0,1.0,0.8636840741505258
3552,2025-08-02T02,2025,성공,1,6.0,0.6630414720372526
3553,2025-08-02T17,2025,성공,0,116.0,0.695018217476493
3554,2025-08-02T22,2025,성공,0,2.0,0.5358642251004861
3555,2025-08-04T05,2025,성공,3,11.0,0.29571568850005175
3556,2025-08-04T15,2025,성공,1,5.0,0.7162789963677554
3557,2025-08-04T20,2025,성공,0,27.0,0.8040088932840541
3559,2025-08-05T00,2025,성공,0,12.0,0.3102490576770192
3560,2025-08-05T23,2025,성공,2,31.0,0.677132327272633
3561,2025-08-07T01,2025,성공,3,18.0,0.43366131708199
3562,2025-08-07T10,2025,성공,0,22.0,0.42200003502074984
3563,2025-08-08T02,2025,성공,2,4.0,0.30960515985918063
3564,2025-08-09T08,2025,성공,0,3.0,0.3096132898073588
3565,2025-08-09T15,2025,성공,0,8.0,0.4931297709923615
3566,2025-08-10T02,2025,성공,0,58.0,0.31005192466924036
3567,2025-08-10T20,2025,성공,0,0.0,0.9108826996758104
3569,2025-08-11T11,2025,성공,1,1.0,0.7796048063649164
3570,2025-08-12T12,2025,성공,0,13.0,0.8677590231410867
3571,2025-08-13T04,2025,성공,2,49.0,0.5009976720984418
3572,2025-08-13T08,2025,성공,0,32.0,0.8336382101000392
3573,2025-08-14T05,2025,성공,2,15.0,0.8332584096484581
3574,2025-08-15T02,2025,성공,0,55.0,0.9470871009332523
3575,2025-08-15T14,2025,성공,0,76.0,0.565146634454061
3576,2025-08-15T22,2025,성공,1,9.0,0.49297759667852203
3577,2025-08-17T00,2025,성공,0,100.0,0.5151149017624644
3578,2025-08-17T02,2025,성공,0,3.0,0.1251910743717012
3579,2025-08-17T17,2025,성공,2,5.0,0.32120230348178086
3580,2025-08-18T14,2025,성공,2,2.0,0.33366004030452956
3581,2025-08-19T03,2025,성공,0,8.0,0.5091269166011877
3582,2025-08-19T11,2025,성공,0,6.0,0.6211261641194067
3583,2025-08-19T14,2025,성공,0,8.0,0.9385448238890365
3584,2025-08-20T03,2025,성공,3,2.0,0.3273195876288686
3585,2025-08-21T06,2025,성공,3,1.0,0.337765728060689
3586,2025-08-22T01,2025,성공,3,9.0,0.3884043264025639
3587,2025-08-22T12,2025,성공,0,92.0,0.6001767402438215
3589,2025-08-23T03,2025,성공,0,19.0,0.7372981354553112
3590,2025-08-25T14,2025,늦음,5,0.0,1.9235465984025473
3591,2025-08-25T20,2025,성공,0,36.0,0.9325745005993945
3592,2025-08-26T05,2025,성공,1,1.0,0.8558098445738895
3593,2025-08-27T08,2025,성공,0,19.0,0.8494566610647345
3595,2025-08-27T22,2025,성공,0,4.0,0.6529004821924448
3596,2025-08-28T04,2025,성공,0,31.0,0.8571828328737251
3597,2025-08-28T15,2025,성공,1,2.0,0.4578032847584062
3598,2025-08-30T00,2025,성공,5,2.0,0.40704590599128043
3600,2025-08-30T02,2025,성공,0,4.0,0.4331780055918015
3601,2025-08-31T09,2025,성공,0,25.0,0.34784912832133064
3602,2025-08-31T16,2025,성공,1,7.0,0.1855073107081051
3603,2025-08-31T23,2025,성공,0,4.0,0.39203619810053913
3604,2025-09-01T07,2025,성공,1,4.0,0.6667786048767774
3605,2025-09-01T21,2025,늦음,0,12.0,1.2350645473675013
3607,2025-09-02T12,2025,성공,0,11.0,0.436953244197279
3609,2025-09-03T02,2025,성공,1,3.0,0.3466891410698245
3610,2025-09-03T14,2025,늦음,1,80.0,1.1848641524736414
3611,2025-09-03T22,2025,성공,1,6.0,0.3564416251321527
3612,2025-09-04T21,2025,성공,1,32.0,0.6624467978992857
3613,2025-09-05T15,2025,성공,2,8.0,0.4674100771460325
3614,2025-09-06T13,2025,성공,0,10.0,0.8276519449866071
3615,2025-09-06T15,2025,성공,0,14.0,0.26646810766177464
3616,2025-09-07T01,2025,성공,0,84.0,0.2929346243447821
3617,2025-09-07T23,2025,성공,2,2.0,0.18609153982682175
3618,2025-09-08T08,2025,성공,0,3.0,0.5068051916099933
3619,2025-09-08T20,2025,성공,0,11.0,0.4741679468846821
3620,2025-09-09T06,2025,성공,1,23.0,0.7488751565596689
3621,2025-09-09T14,2025,성공,0,1.0,0.33946171827327437
3622,2025-09-10T04,2025,성공,0,59.0,0.6174891424524742
3623,2025-09-11T02,2025,성공,2,23.0,0.3529978118161951
3625,2025-09-11T06,2025,성공,1,2.0,0.11982736468947654
3626,2025-09-11T22,2025,성공,0,3.0,0.729499655604816
3627,2025-09-12T07,2025,성공,1,13.0,0.7002156560994892
3628,2025-09-12T18,2025,성공,0,23.0,0.546726788304869
3629,2025-09-13T01,2025,성공,0,4.0,0.46329331046311933
3630,2025-09-14T01,2025,성공,1,0.0,0.35545868695108906
3631,2025-09-14T02,2025,성공,0,4.0,0.16793370883620318
3632,2025-09-14T09,2025,성공,0,2.0,0.2534234702721392
3634,2025-09-14T21,2025,성공,0,32.0,0.3649000868809731
3636,2025-09-15T04,2025,성공,0,3.0,0.37004887503746786
3637,2025-09-15T08,2025,성공,0,17.0,0.7696899572032831
3638,2025-09-15T18,2025,성공,0,9.0,0.5685103524169294
3639,2025-09-16T13,2025,성공,1,38.0,0.37488543490763043
3641,2025-09-17T04,2025,성공,1,5.0,0.3853908586074377
3643,2025-09-17T09,2025,성공,0,10.0,0.2468451332528663
3644,2025-09-17T23,2025,성공,1,15.0,0.8669688780402754
3645,2025-09-18T20,2025,성공,2,14.0,0.39640663703301804
3646,2025-09-20T01,2025,성공,3,24.0,0.3663232929108482
3647,2025-09-21T01,2025,성공,1,52.0,0.38710144228450893
3648,2025-09-21T06,2025,성공,0,2.0,0.13536701620590788
3649,2025-09-21T15,2025,성공,0,5.0,0.1982214483380492
3650,2025-09-22T20,2025,성공,3,0.0,0.8429596412556001
3651,2025-09-23T18,2025,성공,1,4.0,0.5535682591430674
3652,2025-09-24T01,2025,성공,0,0.0,0.38751440269347204
3654,2025-09-24T04,2025,성공,0,3.0,0.9592062338486756
3655,2025-09-25T00,2025,성공,0,21.0,0.39517120280948714
3656,2025-09-26T03,2025,성공,2,37.0,0.9514554163596114
3657,2025-09-28T11,2025,늦음,3,13.0,1.168466726406643
3658,2025-09-28T13,2025,성공,1,1.0,0.10189327229510664
3659,2025-09-29T11,2025,성공,4,6.0,0.3537755780098697
3660,2025-09-29T13,2025,성공,1,6.0,0.4476864764356745
3661,2025-09-30T02,2025,성공,3,1.0,0.3052452543289525
3662,2025-09-30T20,2025,성공,0,59.0,0.8365607230300195
3663,2025-10-02T05,2025,성공,5,5.0,0.5895357406042742
3665,2025-10-02T22,2025,성공,0,15.0,0.41316030024579214
3666,2025-10-03T15,2025,늦음,1,24.0,1.0442262504196065
3667,2025-10-04T01,2025,늦음,0,4.0,1.103839378129586
3668,2025-10-05T02,2025,성공,2,3.0,0.2424409065725771
3669,2025-10-05T10,2025,성공,1,12.0,0.6257464260939836
3670,2025-10-06T01,2025,성공,0,1.0,0.907914564633432
3671,2025-10-06T23,2025,성공,5,9.0,0.665477606024574
3672,2025-10-08T02,2025,성공,1,17.0,0.9672736322535153
3674,2025-10-08T04,2025,성공,0,1.0,0.42541903527060004
3675,2025-10-09T02,2025,성공,2,13.0,0.6961038961038984
3676,2025-10-09T12,2025,성공,0,7.0,0.4612652791542782
3678,2025-10-09T22,2025,늦음,1,26.0,1.1089367253750815
3679,2025-10-10T15,2025,성공,1,2.0,0.626173565188995
3680,2025-10-11T10,2025,늦음,2,0.0,7.048380983295717
3681,2025-10-13T08,2025,성공,6,0.0,0.5565301085117307
3682,2025-10-13T20,2025,늦음,0,94.0,1.6561786509569683
3684,2025-10-14T16,2025,늦음,2,7.0,1.6543715846994533
3685,2025-10-15T11,2025,늦음,1,7.0,1.056342987939074
3686,2025-10-16T02,2025,늦음,0,19.0,1.167227507613146
3687,2025-10-16T15,2025,성공,1,15.0,0.8212585843627721
3688,2025-10-17T02,2025,늦음,0,47.0,1.0189815586692137
3689,2025-10-17T06,2025,늦음,0,29.0,1.1913080028901364
3690,2025-10-17T15,2025,늦음,1,5.0,1.1316023024553983
3691,2025-10-19T06,2025,성공,0,299.0,0.9053348763065312
3692,2025-10-19T09,2025,성공,2,3.0,0.804165177733793
3693,2025-10-20T00,2025,성공,1,33.0,0.5830885141340306
3695,2025-10-20T16,2025,성공,1,1.0,0.5253719370090891
3696,2025-10-21T14,2025,늦음,0,58.0,1.0512782079486362
3697,2025-10-21T22,2025,늦음,0,8.0,1.8576315789473659
3698,2025-10-22T14,2025,성공,0,0.0,0.4859834127669156
3699,2025-10-22T21,2025,늦음,0,3.0,1.069759812622514
3701,2025-10-23T21,2025,늦음,2,12.0,1.0849950212271762
3703,2025-10-24T12,2025,성공,2,0.0,0.5725636622676776
3704,2025-10-25T04,2025,늦음,0,77.0,1.1501468020152714
3705,2025-10-25T15,2025,성공,3,11.0,0.36083183396197527
3706,2025-10-26T09,2025,성공,0,30.0,0.5139097642855214
3707,2025-10-27T09,2025,성공,3,7.0,0.6610622883427753
3708,2025-10-28T10,2025,성공,2,7.0,0.4570254875526726
3709,2025-10-28T19,2025,늦음,1,4.0,1.1504344716764077
3710,2025-10-29T07,2025,늦음,0,66.0,1.0735517272159216
3711,2025-10-29T15,2025,늦음,1,10.0,1.0411274846388117
3712,2025-10-30T07,2025,늦음,1,1.0,1.4438689121698238
3714,2025-10-30T22,2025,늦음,2,20.0,1.3018592610025834
3715,2025-10-31T18,2025,늦음,0,12.0,1.0892781631532988
3717,2025-11-01T13,2025,성공,0,34.0,0.532942755922885
3720,2025-11-02T04,2025,성공,0,81.0,0.5809790184306161
3721,2025-11-02T14,2025,성공,2,4.0,0.27320143884892345
3722,2025-11-03T14,2025,성공,3,1.0,0.5724434281001523
3724,2025-11-03T19,2025,늦음,0,7.0,1.1906459703626824
3726,2025-11-05T02,2025,늦음,5,4.0,1.3922807698802873
3727,2025-11-06T05,2025,성공,0,11.0,0.8612440191387559
3728,2025-11-07T02,2025,늦음,1,13.0,1.3623053938514185
3729,2025-11-07T10,2025,늦음,0,47.0,1.2554783267053575
3730,2025-11-07T16,2025,늦음,0,10.0,1.2078409867562856
3731,2025-11-08T05,2025,늦음,0,29.0,1.1252542105728558
3732,2025-11-08T22,2025,성공,0,52.0,0.6422525877957245
3733,2025-11-09T00,2025,성공,0,9.0,0.7847520499804707
3734,2025-11-09T08,2025,성공,1,9.0,0.5414012424274366
3735,2025-11-09T09,2025,성공,0,5.0,0.3397752527255913
3736,2025-11-09T11,2025,성공,0,1.0,0.25687530803351977
3737,2025-11-10T10,2025,성공,4,5.0,0.7742313016013589
3738,2025-11-12T03,2025,성공,2,12.0,0.5687337984094981
3739,2025-11-12T16,2025,성공,0,11.0,0.6319023822387481
3740,2025-11-13T03,2025,늦음,0,69.0,1.597946433357358
3741,2025-11-13T15,2025,늦음,0,21.0,1.2094367208519667
3742,2025-11-14T16,2025,늦음,2,16.0,1.0402116402116401
3745,2025-11-16T00,2025,늦음,1,202.0,1.1654628682434816
3746,2025-11-16T02,2025,성공,1,1.0,0.49693491724963434
3747,2025-11-16T14,2025,성공,0,15.0,0.7143234270132274
3748,2025-11-17T00,2025,늦음,2,2.0,1.0171103991493673
3749,2025-11-17T13,2025,늦음,0,60.0,1.5012136807342507
3750,2025-11-18T09,2025,늦음,5,34.0,1.3257047323546485
3751,2025-11-19T04,2025,늦음,0,64.0,1.4866737739872067
3752,2025-11-19T14,2025,늦음,0,16.0,1.4346653744156561
3753,2025-11-19T15,2025,성공,0,1.0,0.9870444327012207
3754,2025-11-19T23,2025,늦음,0,9.0,1.0825140338437922
3755,2025-11-20T13,2025,늦음,0,52.0,1.457756307031663
3756,2025-11-21T14,2025,늦음,4,1.0,1.3284057766050263
3757,2025-11-24T00,2025,성공,9,12.0,0.6596058939930453
3758,2025-11-24T17,2025,늦음,1,2.0,1.5047335382362121
3759,2025-11-25T03,2025,늦음,0,59.0,1.6012838081823644
3760,2025-11-25T23,2025,늦음,2,28.0,1.606275421266702
3761,2025-11-26T09,2025,늦음,0,27.0,1.282086167800457
3762,2025-11-26T16,2025,늦음,0,29.0,1.555779188105627
3763,2025-11-27T11,2025,성공,1,3.0,0.3082608019133311
3764,2025-11-28T13,2025,늦음,0,66.0,1.5032512744619895
3765,2025-11-28T16,2025,늦음,0,2.0,1.208732179499582
3766,2025-11-29T14,2025,성공,0,18.0,0.8622114453494635
3767,2025-11-30T21,2025,성공,3,91.0,0.7552980143252079
3768,2025-12-01T19,2025,늦음,2,1.0,1.118615777150812
3769,2025-12-03T09,2025,성공,5,4.0,0.6992359293141492
3770,2025-12-06T02,2025,늦음,4,15.0,1.4556470811491997
3771,2025-12-07T10,2025,성공,0,92.0,0.9587231505431462
3774,2025-12-07T16,2025,성공,0,1.0,0.6602417883211612
3775,2025-12-08T14,2025,성공,1,36.0,0.5346735759831398
3776,2025-12-09T11,2025,성공,1,20.0,0.8059798650436777
3777,2025-12-10T01,2025,늦음,2,38.0,1.341723955579065
3778,2025-12-11T18,2025,성공,3,0.0,0.3403629416954759
3779,2025-12-12T13,2025,늦음,0,15.0,1.3983659183985353
3780,2025-12-13T06,2025,늦음,0,146.0,1.0325811621319092
3781,2025-12-14T10,2025,성공,0,33.0,0.4373560820313071
3782,2025-12-15T01,2025,성공,3,1.0,0.5568891900198794
3783,2025-12-15T14,2025,성공,0,135.0,0.781566021381107
3784,2025-12-16T05,2025,늦음,0,9.0,1.4674424071462153
3785,2025-12-17T04,2025,성공,1,18.0,0.9568960040658153
3786,2025-12-17T13,2025,성공,0,90.0,0.9550137350681115
3787,2025-12-17T17,2025,늦음,1,7.0,1.8422421713286359
3788,2025-12-18T03,2025,늦음,0,83.0,1.0513821382325998
3789,2025-12-18T18,2025,늦음,0,2.0,1.5326847966384864
3790,2025-12-19T04,2025,늦음,0,81.0,1.5789953807750539
3791,2025-12-19T17,2025,늦음,1,2.0,1.3769145567849959
3794,2025-12-20T04,2025,성공,0,17.0,0.38051568632132676
3795,2025-12-20T05,2025,성공,0,2.0,0.29376586149294415
3796,2025-12-21T09,2025,성공,0,4.0,0.45680471484467494
3800,2025-12-21T23,2025,성공,0,14.0,0.7018448558259243
3801,2025-12-22T17,2025,성공,1,9.0,0.6376064149210562
3802,2025-12-23T16,2025,성공,1,2.0,0.55337164990029
3803,2025-12-23T17,2025,성공,0,4.0,0.6366005665722412
3804,2025-12-23T18,2025,성공,0,3.0,0.7030506474288186
3805,2025-12-24T05,2025,늦음,0,17.0,1.0188373414469118
3806,2025-12-24T11,2025,성공,0,7.0,0.408896026878232
3807,2025-12-25T09,2025,성공,1,8.0,0.44824150970829235
3808,2025-12-25T15,2025,성공,0,39.0,0.4537667109310092
3810,2025-12-26T02,2025,성공,1,17.0,0.8643577962101514
3811,2025-12-26T14,2025,성공,1,2.0,0.7576586738739479
3812,2025-12-27T06,2025,성공,0,45.0,0.7866670668886291
3813,2025-12-28T17,2025,성공,4,0.0,0.1279751090116246
3814,2025-12-28T23,2025,성공,1,18.0,0.28523747278683087
3815,2025-12-29T10,2025,성공,0,17.0,0.6027294242551592
3816,2025-12-30T06,2025,늦음,0,27.0,1.3472732931426037
3817,2025-12-31T04,2025,성공,0,4.0,0.7762970919629003
3818,2025-12-31T10,2025,성공,0,36.0,0.3429146270590988
3819,2025-12-31T14,2025,성공,0,6.0,0.6577774588734897
3820,2026-01-01T09,2025,성공,1,2.0,0.3586922358673849
3821,2026-01-03T00,2026,성공,6,6.0,0.8185051424550757
3823,2026-01-03T04,2026,성공,0,2.0,0.2755180336061209
3824,2026-01-03T20,2026,성공,0,24.0,0.7289219327522922
3825,2026-01-04T12,2026,성공,1,4.0,0.3028037953443058
3826,2026-01-05T00,2026,성공,0,16.0,0.5258289376603641
3827,2026-01-05T13,2026,성공,0,10.0,0.7456422116578807
3828,2026-01-05T14,2026,성공,0,1.0,0.9631835408770981
3829,2026-01-05T23,2026,성공,1,3.0,0.6511880223620289
3830,2026-01-06T23,2026,늦음,1,24.0,1.2540398082817812
3831,2026-01-07T00,2026,성공,0,6.0,0.4685566790392112
3832,2026-01-08T00,2026,성공,4,6.0,0.5543766958751617
3833,2026-01-08T06,2026,성공,0,18.0,0.7937460580043455
3834,2026-01-08T15,2026,성공,2,0.0,0.6890950236382848
3835,2026-01-09T08,2026,성공,0,36.0,0.706571045216395
3838,2026-01-10T01,2026,성공,0,4.0,0.4944680416445493
3839,2026-01-10T04,2026,성공,0,31.0,0.36701998721876394
3840,2026-01-10T07,2026,성공,0,10.0,0.21754116518412528
3841,2026-01-10T17,2026,성공,0,41.0,0.2548118587721336
3842,2026-01-11T01,2026,성공,1,34.0,0.28206808601084316
3843,2026-01-11T19,2026,성공,3,3.0,0.2843695379405947
3844,2026-01-12T00,2026,성공,1,3.0,0.9033405636064491
3845,2026-01-12T08,2026,성공,1,37.0,0.6396756756756725
3846,2026-01-12T16,2026,성공,0,3.0,0.9463960563130015
3849,2026-01-14T06,2026,늦음,4,0.0,1.129492830094975
3851,2026-01-15T00,2026,성공,1,29.0,0.9658728992111294
3852,2026-01-16T09,2026,성공,3,45.0,0.6645503714035107
3854,2026-01-16T20,2026,성공,1,12.0,0.7202786888551016
3855,2026-01-17T22,2026,성공,1,20.0,0.47651257196563307
3856,2026-01-18T09,2026,성공,0,29.0,0.34740825426825817
3857,2026-01-18T14,2026,성공,1,5.0,0.26652010333553033
3858,2026-01-18T16,2026,성공,0,10.0,0.1952254105056961
3859,2026-01-18T23,2026,성공,0,6.0,0.6318953194296754
3860,2026-01-19T11,2026,늦음,0,0.0,1.2157925581861542
3861,2026-01-20T04,2026,성공,1,63.0,0.6129989183631881
3862,2026-01-21T03,2026,성공,4,0.0,0.4648348981635604
3863,2026-01-21T17,2026,늦음,1,17.0,2.688470127741536
3866,2026-01-23T01,2026,성공,1,3.0,0.7521848290175522
3867,2026-01-23T08,2026,성공,0,19.0,0.6092422279145496
3868,2026-01-23T15,2026,성공,2,4.0,0.7630508474576304
3869,2026-01-23T23,2026,늦음,0,19.0,1.03871463040141
3870,2026-01-24T04,2026,성공,0,32.0,0.5604475524475458
3871,2026-01-24T07,2026,성공,0,18.0,0.23004094194306185
3872,2026-01-25T14,2026,성공,2,19.0,0.52894438138479
3874,2026-01-26T02,2026,늦음,2,13.0,1.0964601296735879
3875,2026-01-27T08,2026,성공,3,11.0,0.6132997369003662
3876,2026-01-27T19,2026,성공,1,10.0,0.6151271293303137
3877,2026-01-28T08,2026,성공,0,142.0,0.6865937130585766
3878,2026-01-28T09,2026,성공,0,7.0,0.8119069172532655
3879,2026-01-28T16,2026,성공,1,8.0,0.5286565689061021
3882,2026-01-30T08,2026,늦음,5,2.0,1.7454320987654357
3883,2026-01-31T09,2026,성공,2,122.0,0.8372353510397992
3884,2026-02-01T03,2026,늦음,3,0.0,2.4612364182133266
3885,2026-02-01T21,2026,늦음,0,46.0,1.2638438127470455
3886,2026-02-01T22,2026,성공,0,1.0,0.7456817568152012
3887,2026-02-02T04,2026,늦음,1,28.0,2.2094479386117927
3888,2026-02-02T07,2026,늦음,0,13.0,2.163547287683377
3889,2026-02-03T05,2026,늦음,1,51.0,1.3829546027107298
3890,2026-02-03T07,2026,성공,0,4.0,0.7835984689987653
3891,2026-02-03T09,2026,성공,1,3.0,0.44433198380566435
3892,2026-02-04T03,2026,늦음,1,2.0,2.2712399694332674
3894,2026-02-05T10,2026,늦음,3,20.0,2.014390952790659
3896,2026-02-06T03,2026,늦음,3,3.0,3.9857734437616887
3897,2026-02-07T06,2026,늦음,0,11.0,2.1137787420227863
3898,2026-02-07T20,2026,늦음,0,60.0,3.716090230925913
3901,2026-02-08T21,2026,성공,2,17.0,0.9083575324328479
3902,2026-02-09T17,2026,늦음,1,10.0,2.1354050598763767
3903,2026-02-10T03,2026,늦음,0,40.0,1.2268015000021093
3904,2026-02-10T16,2026,늦음,2,5.0,1.5367840987785293
3905,2026-02-10T22,2026,늦음,0,9.0,1.592262032345372
3906,2026-02-11T00,2026,성공,0,10.0,0.586377066011599
3907,2026-02-11T03,2026,늦음,0,26.0,1.1204663773464045
3908,2026-02-11T18,2026,늦음,1,12.0,2.1482383380260255
3909,2026-02-12T16,2026,성공,1,7.0,0.7924440025732499
3910,2026-02-13T02,2026,늦음,0,54.0,1.9514331822024085
3911,2026-02-14T04,2026,성공,0,43.0,0.8689704823614111
3912,2026-02-14T08,2026,성공,0,18.0,0.6618033486142909
3913,2026-02-14T13,2026,성공,1,8.0,0.7085754783841165
3915,2026-02-15T11,2026,성공,0,4.0,0.5729027164949098
3916,2026-02-16T08,2026,늦음,0,29.0,1.1264964725348607
3917,2026-02-16T15,2026,늦음,0,5.0,2.171639864135207
3919,2026-02-17T08,2026,늦음,0,17.0,1.048701040756336
3920,2026-02-17T20,2026,늦음,0,4.0,1.06165278875422
3922,2026-02-18T03,2026,성공,0,18.0,0.8831075572045193
3923,2026-02-18T13,2026,성공,0,25.0,0.7948568088836937
3924,2026-02-19T02,2026,성공,1,38.0,0.9248707733542361
3925,2026-02-19T13,2026,성공,0,41.0,0.749243402334627
3926,2026-02-19T18,2026,성공,0,1.0,0.9862215681639643
3927,2026-02-20T13,2026,성공,0,10.0,0.5556377095720492
3930,2026-02-20T20,2026,성공,1,2.0,0.32006496133289275
3931,2026-02-21T03,2026,성공,0,22.0,0.5824573749102093
3933,2026-02-21T20,2026,성공,1,7.0,0.6682477495774315
3934,2026-02-23T09,2026,성공,4,15.0,0.9971971348489589
3935,2026-02-23T17,2026,늦음,0,71.0,1.4334252600082957
3936,2026-02-24T11,2026,성공,4,16.0,0.9138185323994561
3937,2026-02-26T01,2026,늦음,4,1.0,1.1467385247564728
3938,2026-02-27T05,2026,늦음,0,132.0,1.683644063077945
3939,2026-02-27T10,2026,성공,1,4.0,0.7976291303435122
3940,2026-02-28T00,2026,늦음,1,2.0,1.0277709283688727
3942,2026-02-28T13,2026,늦음,0,8.0,1.8914665654581435
3943,2026-03-01T09,2026,늦음,1,25.0,1.2390148892982478
3944,2026-03-02T03,2026,늦음,2,4.0,1.5302841494746189
3946,2026-03-02T11,2026,성공,0,5.0,0.5690010415766513
3948,2026-03-02T14,2026,늦음,0,8.0,2.071782766311313
3949,2026-03-03T03,2026,늦음,0,11.0,1.7951645591299674
3950,2026-03-03T17,2026,늦음,1,9.0,1.7580990185347554
3951,2026-03-04T03,2026,늦음,0,29.0,1.280549495371757
3953,2026-03-04T23,2026,성공,2,7.0,0.6017146300144129
3954,2026-03-07T01,2026,늦음,4,10.0,1.004134672179563
3955,2026-03-08T04,2026,성공,0,10.0,0.9777229167396286
3956,2026-03-08T05,2026,성공,0,1.0,0.388086642599278
3957,2026-03-08T18,2026,성공,0,8.0,0.9500100487474146
3959,2026-03-08T22,2026,늦음,0,7.0,1.1172406231061365
3961,2026-03-09T23,2026,성공,2,6.0,0.7913669064748201
3962,2026-03-10T00,2026,늦음,0,7.0,1.0318798330494108
3963,2026-03-10T13,2026,성공,2,2.0,0.3065918653576519
3964,2026-03-10T14,2026,늦음,0,4.0,1.3173993496785228
3965,2026-03-10T18,2026,늦음,0,9.0,1.2212455478325939
3966,2026-03-11T14,2026,늦음,1,13.0,1.295381142105985
3967,2026-03-12T00,2026,늦음,1,14.0,1.2244039270687237
3968,2026-03-12T10,2026,늦음,0,34.0,1.1800433839479394
3969,2026-03-13T16,2026,늦음,3,4.0,1.5524612223127758
3970,2026-03-14T18,2026,성공,1,18.0,0.5667359312288252
3971,2026-03-15T16,2026,성공,1,21.0,0.33638195413025135
3973,2026-03-16T14,2026,성공,3,0.0,0.617317093468719
3975,2026-03-17T04,2026,늦음,0,19.0,1.492757110417728
3976,2026-03-17T19,2026,늦음,0,13.0,1.3912244165954155
3978,2026-03-19T03,2026,성공,2,3.0,0.6875603247601121
3982,2026-03-19T17,2026,성공,1,0.0,0.5890909090909091
3983,2026-03-20T13,2026,늦음,1,14.0,1.316160176272954
3984,2026-03-20T21,2026,성공,1,5.0,0.8413856759641094
3985,2026-03-21T15,2026,성공,1,7.0,0.4312770867338324
3986,2026-03-22T15,2026,성공,1,6.0,0.7810755215985979
3988,2026-03-23T02,2026,성공,1,3.0,0.8735499650074727
3989,2026-03-24T01,2026,늦음,1,20.0,2.0599543099125244
3990,2026-03-24T10,2026,늦음,0,24.0,1.1663646352078225
3992,2026-03-25T00,2026,성공,0,9.0,0.9108312079152784
3993,2026-03-25T15,2026,성공,3,2.0,0.6041553216790332
3994,2026-03-27T00,2026,성공,3,8.0,0.5447822779828665
3995,2026-03-27T08,2026,늦음,0,75.0,1.3838033261026668
3996,2026-03-27T22,2026,성공,1,30.0,0.8526105760350021
3997,2026-03-29T10,2026,성공,1,15.0,0.5690481781244278
4000,2026-03-30T02,2026,성공,1,1.0,0.7435047285237596
4001,2026-03-30T17,2026,늦음,1,7.0,1.0261012112920818
4002,2026-03-31T01,2026,늦음,0,63.0,1.0765409266864299
4004,2026-03-31T16,2026,늦음,0,33.0,1.4009097801364583
4005,2026-04-01T12,2026,성공,1,7.0,0.8112437049970377
4006,2026-04-02T15,2026,성공,4,4.0,0.8692474035269437
4007,2026-04-05T00,2026,성공,1,22.0,0.37487230356957363
4008,2026-04-05T15,2026,성공,1,10.0,0.4021512160680173
4009,2026-04-06T17,2026,성공,3,1.0,0.5186797191823285
4010,2026-04-07T19,2026,성공,4,4.0,0.7000694454705343
4011,2026-04-08T13,2026,성공,1,1.0,0.5685655456417256
4012,2026-04-09T15,2026,성공,1,13.0,0.8034968729230969
4013,2026-04-10T02,2026,성공,2,3.0,0.9086484298948967
4014,2026-04-10T13,2026,늦음,0,42.0,1.0859149088789637
4015,2026-04-11T00,2026,성공,1,8.0,0.5683759694724246
4016,2026-04-11T18,2026,성공,0,33.0,0.47170787499671524
4017,2026-04-12T00,2026,성공,0,14.0,0.5048780487804957
4018,2026-04-12T19,2026,성공,0,17.0,0.4575793217792937
4019,2026-04-14T10,2026,성공,5,2.0,0.38968456902488113
4020,2026-04-15T19,2026,성공,1,8.0,0.6697932762012375
4021,2026-04-16T08,2026,성공,1,5.0,0.8121120483845337
4022,2026-04-16T19,2026,늦음,1,14.0,1.3672275034887347
4023,2026-04-17T02,2026,성공,0,16.0,0.8889336239937875
4025,2026-04-17T23,2026,늦음,1,31.0,1.5565677636131097
4026,2026-04-19T11,2026,성공,3,6.0,0.5175757883606897
4027,2026-04-19T18,2026,성공,0,27.0,0.7952836699828711
4028,2026-04-20T04,2026,성공,0,3.0,0.6062161252131599
4029,2026-04-21T03,2026,성공,3,14.0,0.922535744993349
4032,2026-04-22T00,2026,늦음,2,9.0,1.3113618368962787
4033,2026-04-22T20,2026,성공,4,7.0,0.8327510119800742
4034,2026-04-23T22,2026,늦음,4,4.0,1.3227568270481107
4035,2026-04-24T04,2026,성공,1,11.0,0.577307511109406
4036,2026-04-24T12,2026,성공,1,23.0,0.7179522976671188
4037,2026-04-24T17,2026,성공,0,10.0,0.7290558993856996
4038,2026-04-25T08,2026,성공,0,52.0,0.466321243523316
4039,2026-04-25T16,2026,성공,0,11.0,0.2792635868029441
4041,2026-04-27T05,2026,성공,5,38.0,0.5448202433001762
4042,2026-04-28T00,2026,성공,1,19.0,0.6178041713886281
4044,2026-04-28T19,2026,성공,0,40.0,0.7623553805892287
4045,2026-04-29T14,2026,성공,1,11.0,0.5057796044181901
4046,2026-04-30T07,2026,늦음,0,29.0,1.0898531375166929
4047,2026-05-01T21,2026,성공,4,6.0,0.8477820025348468
4049,2026-05-03T00,2026,성공,0,9.0,0.23274013137451122
4050,2026-05-03T11,2026,성공,0,20.0,0.4925344440884369
4051,2026-05-04T00,2026,성공,2,1.0,0.5517432417118862
4053,2026-05-04T10,2026,성공,0,21.0,0.8190975535012601
4055,2026-05-04T23,2026,성공,0,7.0,0.6479882886520272
4057,2026-05-05T10,2026,성공,0,8.0,0.5440344403444071
4059,2026-05-05T21,2026,성공,2,1.0,0.22130656461295806
4060,2026-05-06T09,2026,늦음,0,92.0,1.1072943277362957
4061,2026-05-06T14,2026,성공,0,19.0,0.7560589776720554
4062,2026-05-08T07,2026,성공,6,2.0,0.5209807886754261
4063,2026-05-10T01,2026,성공,3,24.0,0.42726764622780333
4065,2026-05-10T20,2026,성공,2,14.0,0.46644684970576594
4067,2026-05-11T03,2026,성공,0,9.0,0.48611279563372095
4068,2026-05-11T15,2026,늦음,0,17.0,1.235915930854375
4069,2026-05-12T01,2026,성공,1,35.0,0.6205272106357999
4070,2026-05-12T20,2026,성공,2,5.0,0.6337084790620526
4071,2026-05-13T11,2026,성공,1,17.0,0.45371861082651344
4072,2026-05-14T01,2026,성공,0,18.0,0.8588134122749039
4074,2026-05-14T04,2026,성공,0,2.0,0.42630783432576547
4075,2026-05-15T03,2026,성공,1,28.0,0.8626934474810598
4076,2026-05-16T03,2026,성공,1,28.0,0.8084213204426918
4078,2026-05-16T15,2026,성공,1,7.0,0.5414878674243851
4079,2026-05-17T23,2026,늦음,1,159.0,1.727506335123232
4080,2026-05-18T12,2026,성공,1,7.0,0.45466422785471644
4082,2026-05-18T19,2026,성공,0,8.0,0.6189481828265679
4083,2026-05-19T14,2026,성공,0,19.0,0.965007960960293
4085,2026-05-20T23,2026,성공,3,2.0,0.4064805643450694
4087,2026-05-21T06,2026,성공,0,19.0,0.4273635507513409
4088,2026-05-21T20,2026,성공,1,20.0,0.6823152291141992
4089,2026-05-22T06,2026,성공,1,9.0,0.32980157965710255
4090,2026-05-23T13,2026,성공,4,6.0,0.6522377643105706
4091,2026-05-24T14,2026,성공,1,14.0,0.3686927345463893
4092,2026-05-25T01,2026,성공,1,3.0,0.6610379400017393
4093,2026-05-25T13,2026,성공,2,18.0,0.3404907185705826
4095,2026-05-25T18,2026,성공,0,2.0,0.3761956731077871
4096,2026-05-26T11,2026,성공,0,22.0,0.5043435030613848
4097,2026-05-26T15,2026,늦음,1,2.0,1.4875270663301259
4098,2026-05-27T07,2026,성공,0,16.0,0.5618343419413884
4099,2026-05-27T13,2026,성공,1,10.0,0.9628720933898007
4100,2026-05-28T11,2026,성공,4,42.0,0.8971293511667853
4101,2026-05-29T14,2026,성공,1,67.0,0.8544372294372373
4103,2026-05-31T07,2026,성공,0,16.0,0.7397389315031585
4104,2026-05-31T22,2026,성공,1,11.0,0.3679568104047582
4105,2026-05-31T23,2026,성공,0,4.0,0.520399386306216
4108,2026-06-03T02,2026,성공,13,1.0,0.5273579201934616
4111,2026-06-03T19,2026,늦음,0,117.0,2.815067224712035
4112,2026-06-04T06,2026,늦음,2,4.0,2.7001777183571627
4114,2026-06-04T12,2026,늦음,0,8.0,1.8027457228847772
4115,2026-06-05T05,2026,늦음,0,37.0,1.9347453841572388
4116,2026-06-05T09,2026,늦음,0,15.0,2.717734778949715
4118,2026-06-05T21,2026,늦음,1,6.0,1.86539249239185
4119,2026-06-07T15,2026,늦음,1,41.0,1.4216044479745853
4120,2026-06-07T23,2026,늦음,1,29.0,4.101834359691525
4121,2026-06-08T17,2026,성공,2,14.0,0.9132540964078673
4122,2026-06-10T01,2026,늦음,1,4.0,1.4906515114076293
4124,2026-06-10T07,2026,성공,0,19.0,0.7183837430659995
4125,2026-06-10T22,2026,늦음,1,10.0,1.02948757931987
4127,2026-06-11T16,2026,성공,1,7.0,0.3856986300503376
4128,2026-06-11T17,2026,늦음,0,1.0,1.5073417315253195
4129,2026-06-12T03,2026,성공,1,13.0,0.9031298904538317
4130,2026-06-12T17,2026,늦음,0,20.0,1.002865785702916
4132,2026-06-13T10,2026,성공,0,121.0,0.5399416339034826
4133,2026-06-14T04,2026,성공,2,1.0,0.4250396544081715
4134,2026-06-14T21,2026,늦음,1,40.0,1.6809204995938372
4135,2026-06-15T20,2026,성공,5,36.0,0.806231048219267
4136,2026-06-17T05,2026,성공,1,34.0,0.6885319176945595
4138,2026-06-17T15,2026,성공,0,18.0,0.7049478068979219
4139,2026-06-17T19,2026,늦음,0,19.0,1.8583875011851898
4140,2026-06-18T08,2026,성공,1,11.0,0.5887869700249553
4142,2026-06-19T00,2026,성공,0,12.0,0.9405880121639907
4143,2026-06-20T13,2026,성공,3,6.0,0.5302936710365178
4144,2026-06-20T14,2026,늦음,0,7.0,1.227782659984643
4145,2026-06-21T07,2026,성공,2,3.0,0.43923819963429916
4146,2026-06-22T02,2026,성공,2,8.0,0.7753605877616087
4148,2026-06-22T05,2026,성공,0,11.0,0.3563875616824626
4149,2026-06-22T19,2026,늦음,2,5.0,1.0172876394902173
4150,2026-06-23T20,2026,성공,0,12.0,0.9550990329420281
4151,2026-06-24T13,2026,성공,1,13.0,0.97070028640244
4152,2026-06-24T23,2026,늦음,0,20.0,1.2362483873916834
4153,2026-06-25T13,2026,늦음,0,37.0,1.011748030021495
4154,2026-06-25T23,2026,늦음,0,2.0,2.413399813240625
4156,2026-06-26T03,2026,늦음,0,7.0,1.9530104049614452
4157,2026-06-27T19,2026,성공,1,8.0,0.387568267663421
4158,2026-06-28T11,2026,성공,2,22.0,0.6586185588762719
4159,2026-06-28T13,2026,성공,0,6.0,0.7221620190756657
4160,2026-06-29T03,2026,늦음,3,3.0,1.1245424855481558
4161,2026-06-29T14,2026,늦음,1,5.0,1.4741258741258765
4163,2026-06-30T01,2026,늦음,0,85.0,1.5989186694359276
4164,2026-06-30T22,2026,성공,2,46.0,0.8578547269704118
4165,2026-07-01T12,2026,늦음,1,43.0,1.4585155776865621
4167,2026-07-02T07,2026,늦음,1,1.0,1.29147350277944
4169,2026-07-02T20,2026,늦음,0,5.0,1.2669504266852245
4170,2026-07-03T13,2026,성공,0,65.0,0.9638884895377255
4171,2026-07-03T15,2026,성공,1,3.0,0.5999236868853621
4173,2026-07-03T19,2026,성공,1,4.0,0.18830789384121718
4175,2026-07-04T02,2026,성공,0,69.0,0.6939270264559609
4176,2026-07-04T17,2026,성공,1,104.0,0.8285750050552152
4178,2026-07-05T21,2026,성공,1,39.0,0.5154721795689629
4179,2026-07-06T06,2026,늦음,1,49.0,1.168360497662808
4180,2026-07-06T16,2026,늦음,0,10.0,1.271043290219924
4181,2026-07-07T03,2026,성공,0,1.0,0.7206753298136656
4182,2026-07-07T15,2026,늦음,1,3.0,1.1276352866984425
4183,2026-07-07T21,2026,성공,0,23.0,0.5201295264190281
4184,2026-07-08T19,2026,성공,3,8.0,0.5887804878048757
4185,2026-07-10T14,2026,성공,5,1.0,0.35245995405653585
4186,2026-07-12T14,2026,성공,1,13.0,0.41434531082188186
4188,2026-07-13T23,2026,성공,5,19.0,0.7700202014969898
4189,2026-07-15T03,2026,성공,2,24.0,0.3768969686912712
4190,2026-07-15T15,2026,늦음,1,65.0,1.1171606740823379
4192,2026-07-16T16,2026,성공,2,8.0,0.5665580345951344
4194,2026-07-17T13,2026,성공,3,0.0,0.37118812198009665
4195,2026-07-19T05,2026,성공,6,0.0,0.19554104822319396
4196,2026-07-20T02,2026,성공,1,35.0,0.43410360253049957
4198,2026-07-20T11,2026,성공,0,16.0,0.8926047601399432
4199,2026-07-21T17,2026,성공,5,11.0,0.4619220558818081
4200,2026-07-22T23,2026,성공,1,9.0,0.5351871017771254
4201,2026-07-23T01,2026,성공,0,6.0,0.40144526329288577
4202,2026-07-23T21,2026,성공,1,26.0,0.6698481615563495
4203,2026-07-24T12,2026,성공,0,5.0,0.6624640683927959
4204,2026-07-25T02,2026,성공,0,103.0,0.6733050029277566
4205,2026-07-27T08,2026,성공,9,0.0,0.33642994895754946
4206,2026-07-28T12,2026,성공,3,66.0,0.8120831885451572
4207,2026-07-29T15,2026,성공,2,19.0,0.47743169559325904
4208,2026-07-30T03,2026,성공,1,9.0,0.8463657084968929
4210,2026-07-30T08,2026,성공,0,9.0,0.4068023613312451
4211,2026-07-30T23,2026,성공,0,5.0,0.7381919206949994
4212,2026-08-01T01,2026,성공,1,27.0,0.8175055181622476
4213,2026-08-01T18,2026,성공,0,102.0,0.4835364704055787
4215,2026-08-02T12,2026,성공,0,43.0,0.6495098809755807
4216,2026-08-02T18,2026,성공,0,2.0,0.20184214705415043
4217,2026-08-03T01,2026,성공,2,4.0,0.5493178610632005
4218,2026-08-03T13,2026,성공,0,8.0,0.4421310943587781
4219,2026-08-04T07,2026,성공,1,4.0,0.5137786081270435
4220,2026-08-04T14,2026,성공,0,22.0,0.5953591627131074
4221,2026-08-05T00,2026,성공,4,1.0,0.3083720930232581
4222,2026-08-05T02,2026,성공,0,10.0,0.5658768588123894
4224,2026-08-05T14,2026,성공,0,4.0,0.8300704776820673
4225,2026-08-06T00,2026,성공,1,12.0,0.516769230769233
4226,2026-08-06T08,2026,성공,0,33.0,0.8176383821131876
4228,2026-08-07T08,2026,성공,1,11.0,0.2869977539306214
4229,2026-08-07T23,2026,성공,0,13.0,0.8271783229407044
4230,2026-08-08T17,2026,성공,0,39.0,0.39707657773097765
4232,2026-08-09T11,2026,성공,0,38.0,0.17435821338476842
4233,2026-08-09T23,2026,성공,2,1.0,0.3955940012510152
4234,2026-08-10T06,2026,성공,1,13.0,0.6639811084872854
4235,2026-08-10T09,2026,성공,0,13.0,0.2290920944098229
4236,2026-08-11T03,2026,성공,1,44.0,0.48683583362600974
4237,2026-08-11T15,2026,성공,1,13.0,0.38922996047222436
4238,2026-08-12T00,2026,성공,1,5.0,0.3451872415250258
4239,2026-08-12T15,2026,성공,0,1.0,0.6723327698248989
4240,2026-08-13T02,2026,성공,0,7.0,0.33291126634323776
4241,2026-08-13T15,2026,성공,0,39.0,0.3809708349480625
4242,2026-08-13T23,2026,늦음,0,29.0,1.0272167870021685
4243,2026-08-14T04,2026,성공,0,18.0,0.3962413675987773
4244,2026-08-14T16,2026,성공,3,6.0,0.5188376628467164
4245,2026-08-16T05,2026,성공,0,17.0,0.555063431301214
4246,2026-08-16T15,2026,성공,0,55.0,0.22215089098716181
4247,2026-08-16T21,2026,성공,0,4.0,0.2310387273932416
4248,2026-08-17T02,2026,성공,0,5.0,0.3974382702261115
4249,2026-08-18T02,2026,성공,3,8.0,0.5557961153037261
4250,2026-08-18T15,2026,성공,0,38.0,0.6224260869021826
4251,2026-08-18T21,2026,성공,0,5.0,0.2935159792010541
4252,2026-08-19T12,2026,성공,1,16.0,0.3378757640014923
4253,2026-08-20T06,2026,늦음,3,5.0,1.1252972766178597
4255,2026-08-20T18,2026,성공,3,8.0,0.7280578498235112
4256,2026-08-21T01,2026,성공,0,13.0,0.5763529283183405
4257,2026-08-21T14,2026,늦음,1,1.0,2.151982423151554
4258,2026-08-23T11,2026,성공,2,0.0,0.6644606221045666
4259,2026-08-24T03,2026,성공,1,12.0,0.5202166971621283
4260,2026-08-24T10,2026,성공,1,3.0,0.5438152437965847
4261,2026-08-25T08,2026,늦음,2,19.0,1.1927147428008826
4262,2026-08-26T06,2026,늦음,0,47.0,1.2544987146529563
4264,2026-08-26T20,2026,늦음,1,35.0,1.1040134926386356
4265,2026-08-28T02,2026,늦음,3,4.0,1.1184062802531047
4266,2026-08-29T05,2026,늦음,1,76.0,1.1621322940788303
4267,2026-08-30T22,2026,성공,4,5.0,0.6594638863514589
4268,2026-08-31T08,2026,늦음,0,7.0,1.3508452535760767
4269,2026-08-31T13,2026,늦음,0,42.0,1.1206732416891896
4271,2026-09-01T01,2026,성공,0,17.0,0.6350844088354305
