eid,side,lh_time,max_before,p_lh0,p_lh3,p_lh6,p_lh12,max_window,low_body,low_wick_against,low_wick_with,low_vol,separable,first_0.5,ok_0.5,first_0.6,ok_0.6,first_0.7,ok_0.7,first_0.8,ok_0.8,first_0.9,ok_0.9
2021-01-01T01,L,2021-01-01 00:00:00,0.0,,,,,,0.4109,0.5247,0.0644,14.5809,False,129.0,False,129.0,False,129.0,False,129.0,False,129.0,False
2021-01-01T07,H,2021-01-01 02:00:00,0.0,,,0.0669,0.1807,0.1893,0.227,0.6678,0.1053,0.7361,True,42.0,False,58.0,False,58.0,False,66.0,False,,False
2021-01-01T13,L,2021-01-01 08:00:00,0.0,,,,0.3335,0.4127,0.4036,0.5964,0.0,6.3631,True,24.0,False,24.0,False,26.0,False,28.0,False,62.0,False
2021-01-01T15,H,2021-01-01 14:10:00,0.1516,0.0863,0.1141,0.1254,0.2004,0.253,0.3,0.7,0.0,1.9183,True,18.0,False,18.0,False,22.0,False,22.0,False,22.0,False
2021-01-02T05,L,2021-01-01 18:50:00,0.3056,0.4889,0.7266,0.8777,0.8983,0.8992,0.0695,0.9305,0.0,8.3144,True,1.0,True,1.0,True,1.0,True,1.0,True,16.0,False
2021-01-03T13,H,2021-01-03 07:50:00,0.828,0.1021,0.202,0.2893,0.1466,0.3842,0.2004,0.3481,0.4515,0.8662,False,-271.0,False,-268.0,False,-268.0,False,-261.0,False,70.0,False
2021-01-04T22,L,2021-01-04 10:20:00,0.673,0.0698,0.1435,0.4401,0.4533,0.5759,0.3997,0.5982,0.0021,25.6558,False,-220.0,False,-219.0,False,19.0,False,24.0,False,29.0,False
2021-01-05T05,H,2021-01-05 00:45:00,0.3589,0.0153,0.0919,0.0784,0.0544,0.092,0.8029,0.1971,0.0,0.791,False,51.0,False,51.0,False,51.0,False,62.0,False,,False
2021-01-05T09,L,2021-01-05 06:15:00,0.078,0.0429,0.1171,0.3642,0.5115,0.5905,0.7398,0.2602,0.0,1.5628,True,7.0,True,23.0,False,23.0,False,34.0,False,42.0,False
2021-01-06T09,H,2021-01-06 04:30:00,0.6344,0.1773,0.3188,0.1842,0.5158,0.5158,0.2279,0.3237,0.4485,11.6357,False,-214.0,False,-80.0,False,15.0,False,27.0,False,40.0,False
2021-01-06T20,L,2021-01-06 10:00:00,0.0,,,,0.0085,0.0085,0.5351,0.3186,0.1464,2.8605,True,,False,,False,,False,,False,,False
2021-01-07T08,H,2021-01-07 03:45:00,0.7477,0.0074,0.0121,0.0175,0.0101,0.0297,0.8857,0.1143,0.0,0.2363,False,-72.0,False,-71.0,False,-69.0,False,,False,,False
2021-01-07T13,L,2021-01-07 09:00:00,0.0,,,,0.0066,0.0077,0.018,0.6592,0.3228,1.8222,True,,False,,False,,False,,False,,False
2021-01-08T00,H,2021-01-07 18:20:00,0.2288,0.1891,0.3393,0.7732,0.4981,0.7732,0.7992,0.138,0.0628,10.8087,True,5.0,True,5.0,True,5.0,True,68.0,False,77.0,False
2021-01-08T10,L,2021-01-08 02:50:00,0.2254,0.2714,0.2066,0.2962,0.381,0.4002,0.8398,0.1486,0.0116,2.6643,True,16.0,False,56.0,False,85.0,False,86.0,False,89.0,False
2021-01-08T18,H,2021-01-08 15:15:00,0.4141,0.1357,0.1964,0.1645,0.2637,0.5791,0.7732,0.0561,0.1707,3.5268,True,4.0,True,39.0,False,39.0,False,45.0,False,45.0,False
2021-01-09T12,L,2021-01-09 07:05:00,0.5057,0.2589,0.6149,0.786,0.7439,0.8367,0.6444,0.2792,0.0765,1.8664,True,-134.0,False,3.0,True,5.0,True,8.0,True,19.0,False
2021-01-09T16,H,2021-01-09 14:15:00,0.7326,0.0074,0.0096,0.0171,0.0768,0.0768,0.2121,0.5541,0.2338,0.6507,False,-9.0,False,-9.0,False,-9.0,False,,False,,False
2021-01-10T02,L,2021-01-09 23:15:00,0.7926,0.4413,0.6314,0.7373,0.8156,0.8598,0.4315,0.5397,0.0288,3.9301,True,-62.0,False,-15.0,False,-15.0,False,11.0,True,18.0,False
2021-01-10T03,H,2021-01-10 03:00:00,0.0,,,,0.1057,0.1057,0.9975,0.0025,0.0,3.1294,True,13.0,False,16.0,False,17.0,False,23.0,False,,False
2021-01-10T07,L,2021-01-10 04:45:00,0.4235,0.0482,0.094,0.2392,0.2767,0.3287,0.6627,0.332,0.0052,0.6772,False,17.0,False,17.0,False,20.0,False,21.0,False,24.0,False
2021-01-10T09,H,2021-01-10 08:05:00,0.066,0.4473,0.6189,0.6632,0.4656,0.7625,0.1109,0.6034,0.2857,2.8898,True,1.0,True,1.0,True,4.0,True,,False,,False
2021-01-11T20,L,2021-01-11 16:40:00,0.9739,0.2069,0.524,0.646,0.9371,0.9371,0.0239,0.538,0.4382,2.0686,False,-368.0,False,-368.0,False,-368.0,False,-368.0,False,-229.0,False
2021-01-12T13,H,2021-01-12 07:45:00,0.2721,0.0489,0.0548,0.2625,0.212,0.4436,0.9114,0.0886,0.0,1.2683,True,33.0,False,33.0,False,58.0,False,70.0,False,75.0,False
2021-01-12T18,L,2021-01-12 14:40:00,0.5611,0.0966,0.1614,0.1957,0.2306,0.3548,0.3156,0.6352,0.0492,2.9131,False,-7.0,False,20.0,False,27.0,False,28.0,False,40.0,False
2021-01-12T20,H,2021-01-12 19:00:00,0.0,,,,0.4827,0.505,0.3888,0.2657,0.3456,0.9464,True,10.0,True,16.0,False,17.0,False,25.0,False,,False
2021-01-12T21,L,2021-01-12 21:00:00,0.0,,,0.3395,0.1788,0.3764,0.1125,0.4214,0.4661,1.8018,True,14.0,False,16.0,False,16.0,False,,False,,False
2021-01-12T22,H,2021-01-12 22:05:00,0.0383,0.1471,0.2009,0.5135,,0.9636,0.7023,0.1906,0.107,2.8572,True,5.0,True,7.0,True,7.0,True,9.0,True,11.0,True
2021-01-13T07,L,2021-01-13 01:00:00,0.5176,0.0376,0.1458,0.0365,0.118,0.1554,0.5364,0.299,0.1646,2.2669,False,-21.0,False,72.0,False,75.0,False,77.0,False,78.0,False
2021-01-14T20,H,2021-01-14 15:40:00,0.7851,0.428,0.6734,0.3753,0.5021,0.6734,0.6464,0.1833,0.1702,8.3151,False,-141.0,False,-140.0,False,-138.0,False,16.0,False,,False
2021-01-16T00,L,2021-01-15 16:10:00,0.8322,0.053,0.1202,0.1653,0.1159,0.2037,0.1132,0.6315,0.2553,6.6229,False,-9.0,False,-9.0,False,-8.0,False,-7.0,False,,False
2021-01-16T19,H,2021-01-16 10:15:00,0.9593,0.0268,0.0384,0.0552,0.0602,0.0621,0.1165,0.7871,0.0964,3.2002,False,-102.0,False,-88.0,False,-87.0,False,-78.0,False,-51.0,False
2021-01-17T15,L,2021-01-17 10:05:00,0.8273,0.2758,0.356,0.5999,0.6863,0.7064,0.3677,0.5453,0.087,4.4349,False,-169.0,False,-168.0,False,-163.0,False,-161.0,False,23.0,False
2021-01-18T04,H,2021-01-17 21:35:00,0.5776,0.0425,0.051,0.0321,0.0455,0.0943,0.2138,0.7411,0.0451,1.8017,False,-19.0,False,46.0,False,70.0,False,72.0,False,87.0,False
2021-01-18T07,L,2021-01-18 05:35:00,0.185,0.1542,0.5841,0.4535,0.566,0.5841,0.2412,0.2495,0.5093,1.4495,True,3.0,True,20.0,False,21.0,False,29.0,False,29.0,False
2021-01-18T17,H,2021-01-18 12:25:00,0.515,0.0131,0.0341,0.0494,0.0519,0.0722,0.3726,0.4695,0.1579,2.4492,False,-15.0,False,46.0,False,47.0,False,58.0,False,67.0,False
2021-01-18T23,L,2021-01-18 18:00:00,0.0,,0.0135,0.021,0.0392,0.0392,0.1463,0.5544,0.2993,1.9873,True,63.0,False,71.0,False,,False,,False,,False
2021-01-19T05,H,2021-01-19 01:50:00,0.1641,0.1185,0.228,0.3748,0.4256,0.4555,0.7296,0.2704,0.0,3.9492,True,21.0,False,26.0,False,33.0,False,38.0,False,38.0,False
2021-01-19T07,L,2021-01-19 06:00:00,0.0,,0.3581,0.5073,0.6393,0.6818,0.8585,0.1415,0.0,1.003,True,6.0,True,8.0,True,13.0,False,13.0,False,23.0,False
2021-01-19T18,H,2021-01-19 16:15:00,0.8989,0.147,0.1791,0.3302,0.5759,0.6295,0.1623,0.5201,0.3176,3.0273,False,-53.0,False,-39.0,False,-36.0,False,-33.0,False,33.0,False
2021-01-20T18,L,2021-01-20 16:10:00,0.767,0.048,0.0661,0.0814,0.2994,0.2994,0.005,0.9686,0.0264,7.9818,False,-187.0,False,-185.0,False,-181.0,False,34.0,False,34.0,False
2021-01-21T08,H,2021-01-20 23:35:00,0.3085,0.0222,0.0224,0.0324,0.0395,0.0405,0.4575,0.1457,0.3968,1.4084,False,65.0,False,65.0,False,65.0,False,69.0,False,109.0,False
2021-01-22T04,L,2021-01-22 01:20:00,0.5794,0.0486,0.1991,0.2673,0.4811,0.4918,0.1331,0.4819,0.385,1.4285,False,-64.0,False,20.0,False,32.0,False,32.0,False,32.0,False
2021-01-23T03,H,2021-01-22 20:30:00,0.5758,0.0544,0.0592,0.0862,0.1069,0.1571,0.844,0.1514,0.0046,0.987,False,-148.0,False,39.0,False,54.0,False,75.0,False,78.0,False
2021-01-23T05,L,2021-01-23 04:00:00,0.0,,,,0.0801,0.0859,0.7124,0.2177,0.0699,0.8804,True,33.0,False,35.0,False,,False,,False,,False
2021-01-23T09,H,2021-01-23 06:05:00,0.1025,0.0937,0.0959,0.1355,0.3107,0.3482,0.5558,0.442,0.0022,0.9625,True,24.0,False,24.0,False,33.0,False,42.0,False,47.0,False
2021-01-23T21,L,2021-01-23 13:10:00,0.2794,0.0964,0.3318,0.3466,0.329,0.5366,0.1344,0.4344,0.4312,1.1693,True,7.0,True,80.0,False,82.0,False,94.0,False,94.0,False
2021-01-24T00,H,2021-01-23 22:05:00,0.7092,0.0611,0.5307,0.6062,0.8031,0.8031,0.9969,0.0031,0.0,0.7648,True,-1.0,False,-1.0,False,-1.0,False,12.0,True,,False
2021-01-24T03,L,2021-01-24 01:00:00,0.0,,,,0.7804,0.7804,0.716,0.284,0.0,4.7454,True,11.0,True,11.0,True,12.0,True,14.0,False,27.0,False
2021-01-24T13,H,2021-01-24 06:05:00,0.168,0.0489,0.1342,0.1917,0.1171,0.1917,0.3899,0.6032,0.0069,5.6098,True,78.0,False,80.0,False,86.0,False,90.0,False,95.0,False
2021-01-25T00,L,2021-01-24 19:35:00,0.199,0.3295,0.4328,0.3152,0.6438,0.6438,0.0361,0.9339,0.0301,5.4503,True,8.0,True,10.0,True,13.0,False,14.0,False,27.0,False
2021-01-25T19,H,2021-01-25 14:15:00,0.7823,0.0272,0.0567,0.0567,0.1442,0.1442,0.3514,0.5527,0.0958,1.6671,False,-52.0,False,-51.0,False,-48.0,False,57.0,False,57.0,False
2021-01-26T16,L,2021-01-26 14:50:00,0.8868,0.1212,0.1434,0.1541,0.4088,0.4858,0.272,0.6346,0.0934,4.3761,False,-156.0,False,-75.0,False,-70.0,False,-57.0,False,26.0,False
2021-01-27T05,H,2021-01-26 23:05:00,0.1081,0.0099,0.0127,0.0189,0.0191,0.02,0.0314,0.9686,0.0,1.7547,False,62.0,False,74.0,False,,False,,False,,False
2021-01-27T20,L,2021-01-27 14:55:00,0.6599,0.0204,0.0297,0.0325,0.081,0.0815,0.1997,0.3621,0.4382,4.0335,False,-56.0,False,-46.0,False,73.0,False,,False,,False
2021-01-29T06,H,2021-01-29 00:35:00,0.7236,0.1033,0.1548,0.1327,0.2929,0.2929,0.2263,0.7226,0.0511,2.2761,False,-204.0,False,-187.0,False,-136.0,False,47.0,False,51.0,False
2021-01-29T08,L,2021-01-29 07:35:00,0.1284,0.0234,0.2646,0.4944,0.2708,0.503,0.9302,0.0127,0.0571,2.2621,True,8.0,True,,False,,False,,False,,False
2021-01-29T18,H,2021-01-29 14:00:00,0.8541,0.006,0.0085,0.0081,0.0782,0.0782,0.5325,0.3672,0.1003,0.6746,False,-51.0,False,-51.0,False,-51.0,False,-43.0,False,60.0,False
2021-01-30T15,L,2021-01-30 03:55:00,0.4694,0.0163,0.0275,0.0203,0.0238,0.0275,0.1214,0.5133,0.3654,1.0756,False,133.0,False,133.0,False,,False,,False,,False
2021-01-31T02,H,2021-01-30 22:10:00,0.8311,0.0079,0.0121,0.0181,0.0236,0.029,0.4754,0.002,0.5225,2.1348,False,-72.0,False,-72.0,False,-71.0,False,-68.0,False,,False
2021-02-01T01,L,2021-01-31 18:05:00,0.3966,0.0057,0.0076,0.0122,0.0134,0.0236,0.2412,0.548,0.2108,1.9793,False,71.0,False,95.0,False,,False,,False,,False
2021-02-01T15,H,2021-02-01 09:10:00,0.4864,0.0221,0.0272,0.0283,0.0519,0.0802,0.3259,0.4963,0.1778,1.8316,False,82.0,False,82.0,False,82.0,False,82.0,False,,False
2021-02-02T05,L,2021-02-01 16:05:00,0.0049,0.0215,0.0301,0.0166,0.0281,0.0657,0.8054,0.1167,0.0778,0.6961,True,42.0,False,51.0,False,119.0,False,155.0,False,,False
2021-02-03T08,H,2021-02-03 04:45:00,0.932,0.0724,0.1151,0.1281,0.2079,0.2125,0.25,0.75,0.0,2.1945,False,-209.0,False,-207.0,False,-207.0,False,-201.0,False,-172.0,False
2021-02-03T16,L,2021-02-03 09:20:00,0.0978,0.0035,0.0166,0.0149,0.0386,0.0407,0.4879,0.0,0.5121,0.8799,False,,False,,False,,False,,False,,False
2021-02-04T05,H,2021-02-04 01:55:00,0.6189,0.0852,0.1865,0.5614,0.5119,0.6056,0.5722,0.4278,0.0,1.7939,False,-71.0,False,-70.0,False,23.0,False,25.0,False,37.0,False
2021-02-05T07,L,2021-02-04 15:25:00,0.6976,0.1839,0.3441,0.3938,0.4741,0.4741,0.6491,0.3509,0.0,4.9333,False,-56.0,False,-56.0,False,13.0,False,35.0,False,36.0,False
2021-02-05T19,H,2021-02-05 14:00:00,0.5669,0.0656,0.1316,0.1397,0.1775,0.1775,0.1067,0.4348,0.4585,4.4922,False,-48.0,False,58.0,False,60.0,False,60.0,False,,False
2021-02-05T23,L,2021-02-05 20:00:00,0.0,,,,0.3192,0.3192,0.6207,0.3793,0.0,2.2281,True,24.0,False,38.0,False,57.0,False,57.0,False,57.0,False
2021-02-06T19,H,2021-02-06 16:05:00,0.3942,0.0291,0.0645,0.0932,0.1238,0.13,0.2105,0.3421,0.4474,3.7289,False,23.0,False,23.0,False,24.0,False,47.0,False,,False
2021-02-07T22,L,2021-02-07 16:20:00,0.9289,0.2582,0.4948,0.6781,0.7785,0.7785,0.0142,0.6242,0.3616,6.2426,False,-238.0,False,-234.0,False,-233.0,False,-231.0,False,-217.0,False
2021-02-09T09,H,2021-02-09 07:05:00,0.9713,0.0389,0.0355,0.0552,0.0267,0.0637,0.8231,0.1176,0.0594,1.086,False,-368.0,False,-366.0,False,-345.0,False,-339.0,False,-337.0,False
2021-02-11T07,L,2021-02-10 15:50:00,0.0734,0.0722,0.0996,0.1422,0.1675,0.1974,0.1215,0.5747,0.3038,4.4805,True,146.0,False,,False,,False,,False,,False
2021-02-12T04,H,2021-02-12 00:15:00,0.8221,0.4074,0.2898,0.2336,0.5631,0.696,0.2303,0.6667,0.103,5.6202,False,-40.0,False,-39.0,False,-39.0,False,-34.0,False,45.0,False
2021-02-13T03,L,2021-02-12 14:50:00,0.6764,0.1633,0.1591,0.2129,0.421,0.421,0.375,0.625,0.0,8.8575,False,-27.0,False,-19.0,False,32.0,False,38.0,False,86.0,False
2021-02-13T07,H,2021-02-13 04:00:00,0.0,,,,0.6154,0.6154,0.7016,0.2965,0.0019,2.9814,True,11.0,True,12.0,True,28.0,False,54.0,False,58.0,False
2021-02-13T22,L,2021-02-13 12:05:00,0.3045,0.0249,0.0423,0.0654,0.0244,0.1374,0.3471,0.6514,0.0014,1.4384,False,117.0,False,120.0,False,131.0,False,131.0,False,131.0,False
2021-02-14T17,H,2021-02-14 12:20:00,0.5439,0.0373,0.0761,0.0446,0.0853,0.0853,0.1779,0.4786,0.3434,6.5227,False,-100.0,False,68.0,False,68.0,False,68.0,False,,False
2021-02-15T12,L,2021-02-15 02:25:00,0.2718,0.0219,0.0541,0.174,0.166,0.174,0.5309,0.4441,0.025,27.4329,False,103.0,False,109.0,False,127.0,False,,False,,False
2021-02-16T15,H,2021-02-16 12:35:00,0.9056,0.5302,0.9143,0.8767,0.9013,0.9548,0.344,0.656,0.0,13.9823,True,-240.0,False,-240.0,False,-211.0,False,-151.0,False,-139.0,False
2021-02-17T01,L,2021-02-16 18:15:00,0.5552,0.0303,0.1411,0.1531,0.1234,0.1565,0.5336,0.2303,0.2361,2.5994,False,-14.0,False,58.0,False,70.0,False,82.0,False,,False
2021-02-18T02,H,2021-02-17 21:35:00,0.7555,0.1631,0.3694,0.4068,0.397,0.4863,0.6621,0.2589,0.079,0.669,False,-49.0,False,-33.0,False,-33.0,False,55.0,False,,False
2021-02-19T08,L,2021-02-19 02:10:00,0.72,0.0732,0.1088,0.1467,0.2264,0.2516,0.4728,0.409,0.1182,6.5798,False,-254.0,False,-248.0,False,-241.0,False,82.0,False,,False
2021-02-20T05,H,2021-02-20 01:05:00,0.404,0.0392,0.0973,0.0654,0.139,0.1557,0.6711,0.1841,0.1448,1.6105,False,36.0,False,59.0,False,59.0,False,59.0,False,,False
2021-02-20T13,L,2021-02-20 09:15:00,0.2276,0.3514,0.5703,0.6166,0.6142,0.6452,0.4511,0.5489,0.0,5.0121,True,1.0,True,2.0,True,15.0,False,16.0,False,25.0,False
2021-02-20T14,H,2021-02-20 14:00:00,0.0,,,0.0169,0.0376,0.0489,0.5625,0.2578,0.1797,0.8765,True,16.0,False,16.0,False,,False,,False,,False
2021-02-21T10,L,2021-02-20 22:45:00,0.9657,0.5408,0.6986,0.8549,0.8214,0.8774,0.4315,0.5682,0.0003,15.4577,False,-91.0,False,-68.0,False,-68.0,False,-66.0,False,-57.0,False
2021-02-21T22,H,2021-02-21 19:10:00,0.7277,0.0144,0.0399,0.0547,0.141,0.141,0.037,0.1919,0.771,1.9501,False,-76.0,False,-76.0,False,-59.0,False,34.0,False,46.0,False
2021-02-22T21,L,2021-02-22 14:20:00,0.7421,0.7888,0.9395,0.9764,0.9855,0.9883,0.2574,0.6649,0.0777,30.8048,True,-148.0,False,-142.0,False,-141.0,False,1.0,True,2.0,True
2021-02-23T02,H,2021-02-22 22:10:00,0.0359,0.0259,0.0554,0.1167,0.077,0.1188,0.7288,0.1108,0.1604,1.5821,True,46.0,False,46.0,False,46.0,False,47.0,False,,False
2021-02-23T18,L,2021-02-23 09:15:00,0.29,0.0627,0.2826,0.2309,0.3867,0.3867,0.4879,0.3338,0.1783,7.7186,True,46.0,False,77.0,False,81.0,False,82.0,False,,False
2021-02-23T19,H,2021-02-23 19:00:00,0.0,,0.0093,0.0083,0.0278,0.0278,0.5575,0.0022,0.4403,0.8731,True,,False,,False,,False,,False,,False
2021-02-23T20,L,2021-02-23 20:05:00,0.0054,0.1326,0.1179,0.2834,,0.9086,0.7181,0.2289,0.053,1.557,True,11.0,True,11.0,True,11.0,True,11.0,True,11.0,True
2021-02-24T16,H,2021-02-24 09:45:00,0.3334,0.0212,0.0389,0.0564,0.063,0.0877,0.0784,0.4592,0.4624,1.7104,False,46.0,False,46.0,False,60.0,False,60.0,False,,False
2021-02-24T17,L,2021-02-24 17:00:00,0.0,0.0304,0.1228,0.1095,0.2183,0.2183,0.6859,0.1283,0.1859,1.98,True,,False,,False,,False,,False,,False
2021-02-24T18,H,2021-02-24 18:00:00,0.0,0.0892,0.4838,0.5155,0.6176,0.6856,0.8942,0.0408,0.0649,1.2018,True,4.0,True,4.0,True,,False,,False,,False
2021-02-25T00,L,2021-02-24 22:15:00,0.2589,0.1058,0.4346,0.3673,0.755,0.8005,0.0592,0.273,0.6678,2.0163,True,4.0,True,10.0,True,10.0,True,10.0,True,33.0,False
2021-02-25T09,H,2021-02-25 01:15:00,0.0272,0.0406,0.0548,0.0808,0.0911,0.1352,0.7956,0.2044,0.0,2.255,True,25.0,False,34.0,False,35.0,False,44.0,False,45.0,False
2021-02-25T12,L,2021-02-25 10:00:00,0.0,,0.2798,0.6177,0.6316,0.6762,0.6492,0.3137,0.0371,2.141,True,5.0,True,5.0,True,13.0,False,15.0,False,25.0,False
2021-02-25T17,H,2021-02-25 13:15:00,0.1121,0.1435,0.2477,0.2276,0.2436,0.3136,0.2973,0.5548,0.1479,1.3992,True,28.0,False,48.0,False,48.0,False,51.0,False,57.0,False
2021-02-26T12,L,2021-02-26 07:50:00,0.7212,0.0567,0.2593,0.4197,0.7487,0.7492,0.352,0.4384,0.2096,2.6208,True,-153.0,False,-152.0,False,-152.0,False,16.0,False,16.0,False
2021-02-26T22,H,2021-02-26 17:05:00,0.6349,0.0106,0.0267,0.0258,0.0348,0.0348,0.8534,0.1466,0.0,1.3855,False,-26.0,False,-20.0,False,62.0,False,,False,,False
2021-02-26T23,L,2021-02-26 23:00:00,0.0,,,,0.665,0.695,0.7162,0.1579,0.1259,2.5613,True,10.0,True,10.0,True,14.0,False,15.0,False,,False
2021-02-27T16,H,2021-02-27 06:45:00,0.579,0.0257,0.0516,0.1047,0.2173,0.2173,0.8409,0.1591,0.0,5.4409,False,-46.0,False,111.0,False,111.0,False,111.0,False,,False
2021-02-27T17,L,2021-02-27 17:00:00,0.0,,,,0.44,0.5258,0.482,0.518,0.0,3.9071,True,11.0,True,15.0,False,16.0,False,,False,,False
2021-02-27T22,H,2021-02-27 20:05:00,0.3586,0.0681,0.0634,0.074,0.1362,0.1475,0.4123,0.5877,0.0,2.0767,False,26.0,False,27.0,False,28.0,False,35.0,False,35.0,False
2021-02-28T20,L,2021-02-28 16:05:00,0.9218,0.3876,0.2642,0.1655,0.116,0.3876,0.5299,0.4684,0.0018,4.1557,False,-194.0,False,-191.0,False,-189.0,False,-181.0,False,-13.0,False
2021-03-02T03,H,2021-03-02 00:30:00,0.7311,0.0202,0.0986,0.2298,0.5084,0.5176,0.4136,0.0,0.5864,0.9205,False,-214.0,False,-214.0,False,-212.0,False,,False,,False
2021-03-03T01,L,2021-03-02 20:50:00,0.4347,0.0536,0.1268,0.1521,0.1027,0.1521,0.182,0.4932,0.3248,2.0534,False,,False,,False,,False,,False,,False
2021-03-03T19,H,2021-03-03 13:05:00,0.3887,0.0706,0.2972,0.3237,0.5871,0.5871,0.2882,0.3842,0.3276,2.2476,True,9.0,True,14.0,False,15.0,False,71.0,False,75.0,False
2021-03-05T09,L,2021-03-05 01:25:00,0.8974,0.0698,0.148,0.1514,0.2256,0.241,0.4845,0.5155,0.0,1.3664,False,-353.0,False,-353.0,False,-353.0,False,-353.0,False,,False
2021-03-06T09,H,2021-03-05 20:05:00,0.5937,0.0471,0.091,0.0494,0.0244,0.1155,0.2737,0.5819,0.1444,1.0762,False,-44.0,False,109.0,False,160.0,False,164.0,False,167.0,False
2021-03-06T19,L,2021-03-06 13:30:00,0.2195,0.273,0.3794,0.5285,0.7078,0.7923,0.6661,0.3322,0.0017,4.4265,True,2.0,True,8.0,True,8.0,True,16.0,False,17.0,False
2021-03-07T19,H,2021-03-07 16:50:00,0.9207,0.157,0.2574,0.3086,0.4227,0.4227,0.3935,0.6065,0.0,4.0368,False,-240.0,False,-179.0,False,-178.0,False,-29.0,False,-28.0,False
2021-03-08T01,L,2021-03-07 20:15:00,0.1537,0.0233,0.0246,0.0471,0.0424,0.0743,0.2025,0.443,0.3544,1.2298,False,,False,,False,,False,,False,,False
2021-03-08T02,H,2021-03-08 02:00:00,0.0,,,,0.0134,0.0235,0.3122,0.4937,0.1941,1.4031,True,21.0,False,,False,,False,,False,,False
2021-03-08T15,L,2021-03-08 08:20:00,0.6214,0.0797,0.2421,0.2043,0.2675,0.3882,0.3046,0.6358,0.0596,1.7199,False,-29.0,False,-28.0,False,44.0,False,44.0,False,60.0,False
2021-03-09T15,H,2021-03-09 14:00:00,0.7939,0.0109,0.0318,0.0363,0.0595,0.0705,0.875,0.125,0.0,1.8245,False,-263.0,False,-255.0,False,-255.0,False,,False,,False
2021-03-10T00,L,2021-03-09 18:50:00,0.2616,0.0287,0.2551,0.2551,0.3432,0.3432,1.0,0.0,0.0,0.6918,True,21.0,False,57.0,False,65.0,False,66.0,False,66.0,False
2021-03-10T01,H,2021-03-10 01:10:00,0.1118,0.0552,0.0993,0.533,,0.8651,0.1096,0.8904,0.0,0.9889,True,6.0,True,7.0,True,7.0,True,8.0,True,,False
2021-03-10T12,L,2021-03-10 05:15:00,0.7279,0.1202,0.2592,0.3244,0.3288,0.3592,0.3028,0.4732,0.224,1.7505,False,-35.0,False,-35.0,False,-26.0,False,45.0,False,54.0,False
2021-03-10T23,H,2021-03-10 19:25:00,0.3263,0.0648,0.0897,0.1258,0.3242,0.3242,0.3647,0.4877,0.1477,1.4026,False,14.0,False,19.0,False,19.0,False,55.0,False,55.0,False
2021-03-11T13,L,2021-03-11 08:20:00,0.3116,0.276,0.6714,0.8034,0.6525,0.8034,0.4746,0.5254,0.0,2.936,True,3.0,True,3.0,True,6.0,True,6.0,True,31.0,False
2021-03-12T02,H,2021-03-11 23:10:00,0.5024,0.076,0.0669,0.095,0.1962,0.1962,0.405,0.3333,0.2617,1.3816,False,-100.0,False,31.0,False,34.0,False,,False,,False
2021-03-12T18,L,2021-03-12 13:30:00,0.7059,0.0903,0.2095,0.2074,0.3655,0.3655,0.4824,0.4431,0.0744,5.9349,False,-92.0,False,-91.0,False,-89.0,False,33.0,False,36.0,False
2021-03-12T20,H,2021-03-12 19:00:00,0.0,,,,0.0987,0.1129,0.234,0.3462,0.4199,1.2936,True,23.0,False,23.0,False,27.0,False,,False,,False
2021-03-12T22,L,2021-03-12 21:25:00,0.4818,0.0696,0.4637,0.3661,0.6707,0.6707,0.8439,0.1512,0.005,0.684,True,11.0,True,12.0,True,19.0,False,,False,,False
2021-03-13T00,H,2021-03-12 23:45:00,0.3157,0.048,0.0596,0.3504,0.3451,0.6189,0.7212,0.1827,0.0962,0.6389,True,9.0,True,9.0,True,15.0,False,,False,,False
2021-03-13T07,L,2021-03-13 01:20:00,0.6334,0.1424,0.3771,0.263,0.1966,0.4794,0.6368,0.1088,0.2544,1.5518,False,-4.0,False,-4.0,False,22.0,False,26.0,False,62.0,False
2021-03-14T03,H,2021-03-13 20:45:00,0.7478,0.0344,0.034,0.1059,0.2519,0.2856,0.0155,0.7035,0.281,1.4116,False,-121.0,False,-121.0,False,-121.0,False,,False,,False
2021-03-15T21,L,2021-03-15 09:45:00,0.9436,0.7268,0.7647,0.8937,0.9005,0.9224,0.3802,0.6198,0.0,13.7999,False,-99.0,False,-98.0,False,-82.0,False,-69.0,False,-69.0,False
2021-03-16T00,H,2021-03-15 22:00:00,0.0,,0.0184,0.0219,0.0347,0.0347,0.2929,0.4214,0.2857,2.6107,True,,False,,False,,False,,False,,False
2021-03-16T07,L,2021-03-16 01:05:00,0.0612,0.0097,0.0262,0.0254,0.0271,0.0288,0.6578,0.3415,0.0006,2.5874,False,72.0,False,72.0,False,83.0,False,83.0,False,,False
2021-03-17T09,H,2021-03-17 00:05:00,0.8153,0.3228,0.7026,0.7078,0.8102,0.8265,0.3289,0.6692,0.0019,2.9226,True,-150.0,False,-140.0,False,-135.0,False,-6.0,False,47.0,False
2021-03-17T18,L,2021-03-17 12:20:00,0.6365,0.1952,0.3729,0.4153,0.4341,0.5802,0.7049,0.2389,0.0562,3.8335,False,-22.0,False,-20.0,False,68.0,False,68.0,False,69.0,False
2021-03-18T08,H,2021-03-18 00:05:00,0.3439,0.1672,0.1705,0.1422,0.2534,0.3073,0.5015,0.4985,0.0,3.4549,False,88.0,False,92.0,False,92.0,False,103.0,False,107.0,False
2021-03-19T08,L,2021-03-19 00:25:00,0.6024,0.0164,0.019,0.0254,0.0238,0.0267,0.1278,0.5517,0.3205,3.2469,False,-31.0,False,-20.0,False,67.0,False,79.0,False,,False
2021-03-19T21,H,2021-03-19 20:20:00,0.9161,0.0503,0.7966,0.764,0.9337,0.9671,0.3345,0.088,0.5775,1.8524,True,-134.0,False,-134.0,False,-134.0,False,-134.0,False,-126.0,False
2021-03-20T10,L,2021-03-20 00:05:00,0.6321,0.0537,0.1168,0.1362,0.1723,0.1966,0.0965,0.5161,0.3874,8.5388,False,-25.0,False,-25.0,False,,False,,False,,False
2021-03-20T20,H,2021-03-20 13:25:00,0.4811,0.0081,0.018,0.0641,0.0475,0.0641,0.4759,0.0028,0.5212,2.7535,False,91.0,False,,False,,False,,False,,False
2021-03-21T15,L,2021-03-21 09:45:00,0.7659,0.0436,0.0285,0.0368,0.057,0.0744,0.6355,0.3619,0.0026,16.3773,False,-147.0,False,-141.0,False,-138.0,False,66.0,False,75.0,False
2021-03-22T14,H,2021-03-22 10:20:00,0.973,0.1851,0.1313,0.1822,0.4052,0.4268,0.433,0.5657,0.0013,5.7483,False,-133.0,False,-133.0,False,-133.0,False,-133.0,False,-116.0,False
2021-03-23T09,L,2021-03-23 06:25:00,0.5881,0.0262,0.0578,0.0402,0.0989,0.0989,0.1727,0.6338,0.1934,3.1212,False,-122.0,False,43.0,False,43.0,False,43.0,False,,False
2021-03-24T00,H,2021-03-23 18:35:00,0.358,0.0647,0.1129,0.1282,0.3248,0.3248,0.3359,0.3977,0.2664,1.2061,False,18.0,False,20.0,False,28.0,False,53.0,False,65.0,False
2021-03-24T03,L,2021-03-24 01:05:00,0.1824,0.0881,0.3695,0.6774,0.8556,0.8567,0.4591,0.5409,0.0,0.7907,True,5.0,True,5.0,True,5.0,True,11.0,True,24.0,False
2021-03-24T04,H,2021-03-24 04:00:00,0.0,,,0.2956,0.3074,0.4177,0.7505,0.2477,0.0018,1.8172,True,14.0,False,16.0,False,16.0,False,,False,,False
2021-03-24T06,L,2021-03-24 06:35:00,0.4176,0.7892,0.869,,,0.9781,0.785,0.192,0.023,3.9062,True,0.0,True,0.0,True,0.0,True,1.0,True,5.0,True
2021-03-24T18,H,2021-03-24 13:40:00,0.1597,0.0931,0.1956,0.1227,0.164,0.2329,0.2897,0.6952,0.0151,1.243,True,25.0,False,25.0,False,29.0,False,61.0,False,64.0,False
2021-03-25T10,L,2021-03-25 02:05:00,0.7243,0.1771,0.1121,0.1482,0.2217,0.2217,0.5331,0.4088,0.0581,3.6875,False,-41.0,False,-31.0,False,-28.0,False,95.0,False,95.0,False
2021-03-25T12,H,2021-03-25 11:10:00,0.0556,0.0203,0.0184,0.0329,0.1314,0.1314,0.9428,0.0027,0.0545,1.1215,True,18.0,False,,False,,False,,False,,False
2021-03-25T18,L,2021-03-25 13:20:00,0.4404,0.2092,0.2094,0.3009,0.3385,0.4087,0.7504,0.2489,0.0007,1.6753,False,27.0,False,45.0,False,56.0,False,56.0,False,63.0,False
2021-03-27T09,H,2021-03-27 00:20:00,0.7708,0.0164,0.0406,0.0403,0.0984,0.1047,0.03,0.39,0.58,1.5071,False,-205.0,False,-153.0,False,-148.0,False,,False,,False
2021-03-27T16,L,2021-03-27 12:55:00,0.3018,0.1121,0.3003,0.1807,0.5209,0.5209,0.8264,0.1736,0.0,1.1806,True,12.0,True,38.0,False,38.0,False,40.0,False,49.0,False
2021-03-28T02,H,2021-03-27 21:55:00,0.2202,0.2137,0.2478,0.39,0.373,0.4632,0.2882,0.4765,0.2354,2.4915,True,16.0,False,25.0,False,25.0,False,50.0,False,54.0,False
2021-03-29T07,L,2021-03-28 19:20:00,0.8428,0.3394,0.3843,0.7174,0.5635,0.7174,0.393,0.5827,0.0243,4.8815,False,-69.0,False,-48.0,False,-47.0,False,-47.0,False,45.0,False
2021-03-29T20,H,2021-03-29 12:15:00,0.4507,0.1935,0.3403,0.2489,0.6105,0.6105,0.5758,0.4242,0.0,1.1065,True,11.0,True,12.0,True,36.0,False,45.0,False,103.0,False
2021-03-30T09,L,2021-03-29 21:00:00,0.0,0.0537,0.1128,0.1839,0.2344,0.2779,0.0422,0.9578,0.0,2.6087,True,15.0,False,45.0,False,94.0,False,118.0,False,151.0,False
2021-03-30T16,H,2021-03-30 10:20:00,0.0512,0.1385,0.3559,0.5184,0.4939,0.6277,0.4812,0.4709,0.0479,1.6384,True,5.0,True,5.0,True,46.0,False,57.0,False,68.0,False
2021-03-31T15,L,2021-03-31 08:10:00,0.9726,0.114,0.1965,0.1789,0.2287,0.2829,0.1429,0.8571,0.0,15.7926,False,-168.0,False,-168.0,False,-168.0,False,-21.0,False,-20.0,False
2021-04-01T04,H,2021-03-31 16:05:00,0.1273,0.2672,0.3977,0.3717,0.3815,0.6077,0.1883,0.7918,0.02,2.7844,True,10.0,True,10.0,True,83.0,False,83.0,False,154.0,False
2021-04-01T22,L,2021-04-01 18:25:00,0.9448,0.5492,0.6038,0.5694,0.7103,0.7103,0.987,0.013,0.0,2.8662,False,-120.0,False,-80.0,False,-79.0,False,-65.0,False,-64.0,False
2021-04-01T23,H,2021-04-01 23:05:00,0.2737,0.5492,0.7588,0.8802,,0.9447,0.3016,0.6984,0.0,1.5629,True,0.0,True,1.0,True,2.0,True,4.0,True,7.0,True
2021-04-02T02,L,2021-04-02 00:55:00,0.1731,0.1122,0.1483,0.1539,0.4446,0.4936,0.145,0.77,0.085,1.9441,True,13.0,False,13.0,False,13.0,False,14.0,False,15.0,False
2021-04-02T13,H,2021-04-02 03:00:00,0.0,,,0.0064,0.0091,0.01,0.5577,0.1421,0.3002,1.734,True,127.0,False,131.0,False,136.0,False,136.0,False,136.0,False
2021-04-03T04,L,2021-04-02 21:05:00,0.6646,0.0516,0.0656,0.0954,0.1302,0.1824,0.2812,0.7188,0.0,2.4595,False,-71.0,False,-70.0,False,39.0,False,71.0,False,71.0,False
2021-04-03T08,H,2021-04-03 08:15:00,0.9136,0.1046,0.2822,0.9351,,0.953,0.7218,0.2768,0.0014,8.9968,True,-39.0,False,-39.0,False,-39.0,False,-37.0,False,-3.0,False
2021-04-03T09,L,2021-04-03 09:00:00,0.0,,0.2343,0.2313,0.5119,0.5119,0.5976,0.338,0.0643,3.6885,True,12.0,True,14.0,False,14.0,False,15.0,False,,False
2021-04-03T15,H,2021-04-03 10:25:00,0.1184,0.1106,0.2108,0.3013,0.373,0.373,0.5911,0.0186,0.3903,3.3556,True,20.0,False,21.0,False,26.0,False,31.0,False,55.0,False
2021-04-04T07,L,2021-04-04 01:05:00,0.4732,0.0343,0.0776,0.0712,0.0914,0.1212,0.1436,0.8564,0.0,2.616,False,36.0,False,47.0,False,83.0,False,83.0,False,83.0,False
2021-04-05T03,H,2021-04-04 15:30:00,0.5532,0.2154,0.7084,0.7225,0.7461,0.7723,0.6488,0.349,0.0022,4.0227,True,-9.0,False,3.0,True,3.0,True,48.0,False,127.0,False
2021-04-05T11,L,2021-04-05 08:30:00,0.6822,0.1709,0.3459,0.3206,0.6283,0.6283,0.2762,0.6431,0.0806,2.3775,False,-22.0,False,-19.0,False,29.0,False,30.0,False,30.0,False
2021-04-06T03,H,2021-04-06 01:05:00,0.6626,0.1679,0.2375,0.4401,0.7094,0.7094,0.3907,0.6093,0.0,2.5763,True,-91.0,False,-80.0,False,12.0,True,23.0,False,35.0,False
2021-04-07T06,L,2021-04-07 01:30:00,0.9732,0.1394,0.1604,0.1655,0.3989,0.4159,0.1574,0.7869,0.0557,2.375,False,-257.0,False,-256.0,False,-255.0,False,-253.0,False,-246.0,False
2021-04-07T09,H,2021-04-07 07:00:00,0.0,,,,0.971,0.971,0.721,0.2775,0.0014,3.18,True,11.0,True,11.0,True,11.0,True,11.0,True,12.0,True
2021-04-08T00,L,2021-04-07 19:20:00,0.3883,0.1165,0.1519,0.5777,0.5257,0.6715,0.3685,0.3991,0.2324,1.1941,True,6.0,True,8.0,True,20.0,False,30.0,False,44.0,False
2021-04-09T06,H,2021-04-09 00:35:00,0.8343,0.0426,0.1314,0.0572,0.5224,0.5224,0.8942,0.0635,0.0423,2.5452,False,-174.0,False,-174.0,False,-156.0,False,-151.0,False,77.0,False
2021-04-09T10,L,2021-04-09 07:05:00,0.003,0.1167,0.2381,0.1518,0.2097,0.4698,0.4367,0.5633,0.0,3.5885,True,36.0,False,36.0,False,36.0,False,37.0,False,39.0,False
2021-04-09T15,H,2021-04-09 11:35:00,0.1833,0.0619,0.1585,0.2396,0.3408,0.3913,0.3667,0.6333,0.0,1.7481,True,14.0,False,27.0,False,27.0,False,34.0,False,34.0,False
2021-04-10T03,L,2021-04-09 16:15:00,0.1633,0.112,0.1469,0.2428,0.2529,0.3194,0.3779,0.572,0.0501,4.924,True,24.0,False,64.0,False,118.0,False,129.0,False,130.0,False
2021-04-10T15,H,2021-04-10 04:25:00,0.0681,0.9301,0.9803,0.9733,0.722,0.9881,0.4541,0.5455,0.0004,4.8343,True,0.0,True,0.0,True,0.0,True,0.0,True,0.0,True
2021-04-11T22,L,2021-04-10 21:00:00,0.3284,0.0575,0.0744,0.1119,0.1721,0.2428,0.4472,0.5528,0.0,10.1762,False,31.0,False,31.0,False,33.0,False,39.0,False,72.0,False
2021-04-12T14,H,2021-04-12 07:35:00,0.8897,0.1205,0.2942,0.3279,0.387,0.387,0.0174,0.9151,0.0676,5.5994,False,-100.0,False,-100.0,False,-97.0,False,-96.0,False,37.0,False
2021-04-13T01,L,2021-04-12 15:15:00,0.0704,0.0923,0.1707,0.2979,0.2551,0.3303,0.6221,0.3779,0.0,3.9027,True,51.0,False,62.0,False,108.0,False,108.0,False,117.0,False
2021-04-13T21,H,2021-04-13 16:05:00,0.7301,0.2033,0.3732,0.5592,0.5741,0.5741,0.4968,0.4721,0.0311,3.0241,False,-149.0,False,-141.0,False,-136.0,False,34.0,False,42.0,False
2021-04-14T05,L,2021-04-13 22:00:00,0.0,,,0.092,0.2532,0.2901,0.5842,0.4158,0.0,2.4774,True,23.0,False,28.0,False,87.0,False,88.0,False,88.0,False
2021-04-14T08,H,2021-04-14 06:15:00,0.3739,0.1255,0.2788,0.2682,0.0908,0.4276,0.8329,0.1671,0.0,4.3355,True,33.0,False,33.0,False,33.0,False,,False,,False
2021-04-15T15,L,2021-04-14 19:35:00,0.9316,0.0623,0.1934,0.4251,0.6301,0.6904,0.9408,0.0592,0.0,5.6238,False,-126.0,False,-126.0,False,-126.0,False,-116.0,False,-95.0,False
2021-04-16T04,H,2021-04-15 21:45:00,0.3918,0.0456,0.1222,0.1052,0.1441,0.1579,0.4344,0.5636,0.002,4.3062,False,63.0,False,63.0,False,63.0,False,76.0,False,82.0,False
2021-04-16T16,L,2021-04-16 11:25:00,0.3549,0.0921,0.1665,0.2988,0.2093,0.3056,0.6722,0.3278,0.0,1.77,False,25.0,False,37.0,False,42.0,False,55.0,False,65.0,False
2021-04-17T11,H,2021-04-17 03:45:00,0.4978,0.0172,0.0547,0.1851,0.4203,0.4203,0.9971,0.0,0.0029,3.1859,False,19.0,False,87.0,False,87.0,False,87.0,False,94.0,False
2021-04-18T15,L,2021-04-18 03:40:00,0.8059,0.952,0.952,0.9824,0.9912,0.9912,0.427,0.573,0.0,71.4112,True,-138.0,False,-137.0,False,-130.0,False,-55.0,False,0.0,True
2021-04-19T14,H,2021-04-19 08:05:00,0.5407,0.1117,0.2283,0.2584,0.3212,0.4021,0.0623,0.9377,0.0,1.3865,False,-25.0,False,24.0,False,26.0,False,65.0,False,77.0,False
2021-04-19T21,L,2021-04-19 15:50:00,0.8284,0.0715,0.1433,0.1726,0.1082,0.1941,0.2994,0.4246,0.276,2.6088,False,-8.0,False,-8.0,False,-8.0,False,-5.0,False,,False
2021-04-20T00,H,2021-04-19 22:00:00,0.0,,0.0632,0.0779,0.0869,0.09,0.0329,0.885,0.0822,1.7765,True,31.0,False,34.0,False,38.0,False,,False,,False
2021-04-20T09,L,2021-04-20 07:40:00,0.792,0.0813,0.3188,0.5941,0.5014,0.6668,0.3684,0.4152,0.2164,2.3592,False,-46.0,False,-40.0,False,-34.0,False,14.0,False,16.0,False
2021-04-21T03,H,2021-04-20 22:05:00,0.5723,0.1984,0.4259,0.5064,0.6654,0.7297,0.3732,0.4014,0.2254,1.1726,True,-8.0,False,8.0,True,9.0,True,14.0,False,34.0,False
2021-04-21T14,L,2021-04-21 11:55:00,0.549,0.1345,0.0828,0.402,0.6402,0.6402,0.3186,0.375,0.3064,1.878,True,-65.0,False,10.0,True,32.0,False,37.0,False,37.0,False
2021-04-21T20,H,2021-04-21 15:00:00,0.0,,,0.0287,0.0478,0.0478,0.8171,0.1829,0.0,3.1763,True,42.0,False,43.0,False,49.0,False,50.0,False,66.0,False
2021-04-22T09,L,2021-04-22 02:15:00,0.6703,0.0081,0.0225,0.0219,0.0482,0.0486,0.0803,0.6494,0.2703,5.6446,False,-63.0,False,-62.0,False,,False,,False,,False
2021-04-22T18,H,2021-04-22 12:40:00,0.8017,0.0241,0.0368,0.0781,0.0388,0.0781,0.4506,0.2069,0.3425,1.1231,False,-32.0,False,-31.0,False,-30.0,False,-28.0,False,76.0,False
2021-04-23T12,L,2021-04-23 08:15:00,0.6596,0.172,0.238,0.2362,0.3566,0.3894,0.5914,0.2209,0.1877,2.8808,False,-152.0,False,-152.0,False,45.0,False,45.0,False,,False
2021-04-24T10,H,2021-04-23 20:35:00,0.6355,0.0103,0.0288,0.0447,0.0422,0.0473,0.4944,0.5056,0.0,0.474,False,-90.0,False,-81.0,False,126.0,False,149.0,False,161.0,False
2021-04-24T15,L,2021-04-24 12:00:00,0.0799,0.2238,0.4689,0.5318,0.9058,0.9058,0.5036,0.3971,0.0993,1.7098,True,6.0,True,7.0,True,9.0,True,12.0,True,12.0,True
2021-04-25T03,H,2021-04-24 21:45:00,0.2515,0.0406,0.101,0.2209,0.456,0.5497,0.9951,0.0,0.0049,0.8186,True,7.0,True,26.0,False,34.0,False,63.0,False,73.0,False
2021-04-25T14,L,2021-04-25 07:25:00,0.7054,0.2328,0.5627,0.7483,0.8601,0.8601,0.6204,0.3796,0.0,4.8665,True,-28.0,False,-23.0,False,-15.0,False,11.0,True,17.0,False
2021-04-25T19,H,2021-04-25 15:20:00,0.0519,0.0143,0.0344,0.0691,0.1103,0.1449,0.858,0.0,0.142,0.7964,True,45.0,False,56.0,False,56.0,False,56.0,False,,False
2021-04-26T00,L,2021-04-25 21:50:00,0.5522,0.0087,0.0086,0.0086,0.0434,0.0434,0.5056,0.3021,0.1924,2.5158,False,-16.0,False,38.0,False,,False,,False,,False
2021-04-26T20,H,2021-04-26 17:25:00,0.9101,0.3884,0.4069,0.6152,0.7133,0.7133,0.5798,0.382,0.0382,4.7897,False,-17.0,False,-15.0,False,-15.0,False,-12.0,False,-11.0,False
2021-04-27T11,L,2021-04-26 21:30:00,0.1097,0.0027,0.0057,0.0053,0.0032,0.0069,0.1917,0.4093,0.399,0.9146,False,,False,,False,,False,,False,,False
2021-04-27T13,H,2021-04-27 12:00:00,0.0,,0.1423,0.2151,0.2693,0.4265,0.7923,0.2077,0.0,5.3309,True,13.0,False,13.0,False,21.0,False,21.0,False,22.0,False
2021-04-28T19,L,2021-04-28 06:40:00,0.8739,0.0577,0.0709,0.1188,0.1902,0.1997,0.1977,0.8,0.0023,2.0427,False,-194.0,False,-194.0,False,-189.0,False,-177.0,False,160.0,False
2021-04-28T20,H,2021-04-28 20:10:00,0.0391,0.274,0.9797,0.9791,,0.9919,0.3409,0.6591,0.0,6.5396,True,1.0,True,1.0,True,1.0,True,1.0,True,2.0,True
2021-04-29T12,L,2021-04-29 05:05:00,0.9929,0.0551,0.1461,0.129,0.1813,0.1871,0.4198,0.2984,0.2819,1.6042,False,-93.0,False,-93.0,False,-93.0,False,-90.0,False,-88.0,False
2021-04-29T13,H,2021-04-29 13:00:00,0.0,,,,0.0417,0.0605,0.2519,0.7074,0.0407,1.5477,True,,False,,False,,False,,False,,False
2021-04-30T00,L,2021-04-29 20:10:00,0.707,0.0732,0.7194,0.7675,0.6073,0.8251,0.6414,0.293,0.0656,2.4982,True,-15.0,False,-12.0,False,-5.0,False,5.0,True,44.0,False
2021-05-01T07,H,2021-05-01 05:25:00,0.7625,0.0213,0.0314,0.0431,0.098,0.1455,0.798,0.202,0.0,2.8459,False,-341.0,False,-341.0,False,-337.0,False,31.0,False,,False
2021-05-02T20,L,2021-05-02 09:25:00,0.5791,0.1424,0.1483,0.1307,0.1265,0.193,0.4428,0.5191,0.0381,5.4281,False,-119.0,False,115.0,False,115.0,False,,False,,False
2021-05-02T22,H,2021-05-02 21:10:00,0.2715,0.7228,0.8576,0.8347,0.9335,0.9335,0.8834,0.1166,0.0,4.1519,True,0.0,True,0.0,True,0.0,True,1.0,True,8.0,True
2021-05-03T00,L,2021-05-02 23:00:00,0.0,,,0.3191,0.6316,0.6316,0.5366,0.4634,0.0,2.8181,True,8.0,True,12.0,True,13.0,False,19.0,False,19.0,False
2021-05-03T14,H,2021-05-03 08:40:00,0.7301,0.096,0.1704,0.5136,0.3415,0.5136,0.655,0.345,0.0,2.4269,False,-50.0,False,-47.0,False,-47.0,False,60.0,False,62.0,False
2021-05-04T10,L,2021-05-04 01:00:00,0.8899,0.1673,0.1628,0.2153,0.4182,0.4182,0.3289,0.6101,0.061,22.008,False,-114.0,False,-36.0,False,-30.0,False,-26.0,False,120.0,False
2021-05-04T14,H,2021-05-04 11:00:00,0.0,,,,0.1011,0.1011,0.3639,0.3063,0.3298,1.9549,True,46.0,False,52.0,False,56.0,False,,False,,False
2021-05-05T01,L,2021-05-05 00:05:00,0.5998,0.5269,0.6767,0.7734,0.9731,0.9731,0.4277,0.4875,0.0848,3.2361,True,-100.0,False,1.0,True,6.0,True,7.0,True,10.0,True
2021-05-06T03,H,2021-05-05 16:05:00,0.2424,0.0243,0.054,0.0685,0.0767,0.0767,0.5673,0.3503,0.0824,4.2792,False,59.0,False,63.0,False,101.0,False,107.0,False,120.0,False
2021-05-06T10,L,2021-05-06 07:05:00,0.9204,0.1735,0.2401,0.3981,0.6784,0.6784,0.2709,0.7291,0.0,2.397,False,-37.0,False,-36.0,False,-36.0,False,-35.0,False,-33.0,False
2021-05-06T14,H,2021-05-06 11:00:00,0.0,,,,0.4543,0.5533,0.7329,0.2671,0.0,1.241,True,10.0,True,22.0,False,23.0,False,29.0,False,34.0,False
2021-05-07T10,L,2021-05-07 04:40:00,0.9338,0.0256,0.0608,0.1519,0.1772,0.1772,0.0173,0.7991,0.1836,1.0024,False,-152.0,False,-152.0,False,-151.0,False,-147.0,False,-52.0,False
2021-05-08T15,H,2021-05-08 13:45:00,0.9606,0.2962,0.7501,0.8743,0.7002,0.9145,0.1774,0.8226,0.0,3.2648,False,-321.0,False,-321.0,False,-321.0,False,-321.0,False,-318.0,False
2021-05-09T21,L,2021-05-09 13:00:00,0.8571,0.1141,0.5296,0.428,0.7159,0.7159,0.6817,0.2472,0.0711,9.3807,False,-228.0,False,-228.0,False,-223.0,False,-220.0,False,40.0,False
2021-05-10T09,H,2021-05-10 04:10:00,0.2232,0.1027,0.1291,0.1674,0.0838,0.2581,0.5506,0.4494,0.0,3.5327,True,17.0,False,18.0,False,45.0,False,46.0,False,65.0,False
2021-05-11T07,L,2021-05-10 20:10:00,0.8441,0.3115,0.3898,0.6777,0.6927,0.6927,0.4719,0.4619,0.0661,24.4116,False,-103.0,False,-102.0,False,-101.0,False,-51.0,False,52.0,False
2021-05-12T10,H,2021-05-12 04:20:00,0.6586,0.0874,0.1733,0.258,0.2546,0.3177,0.5049,0.4498,0.0453,0.7716,False,-191.0,False,-190.0,False,25.0,False,69.0,False,71.0,False
2021-05-13T12,L,2021-05-13 00:05:00,0.6382,0.0154,0.1272,0.5444,0.3201,0.5729,0.6307,0.3693,0.0,40.7823,False,-123.0,False,-116.0,False,27.0,False,49.0,False,155.0,False
2021-05-13T18,H,2021-05-13 14:15:00,0.0975,0.0108,0.0172,0.0205,0.0233,0.024,0.0485,0.7636,0.1879,1.0921,False,,False,,False,,False,,False,,False
2021-05-13T19,L,2021-05-13 19:00:00,0.0,,0.0844,0.4674,0.8069,0.8082,0.6164,0.1266,0.257,1.4576,True,8.0,True,9.0,True,10.0,True,10.0,True,,False
2021-05-14T20,H,2021-05-14 15:20:00,0.621,0.058,0.0794,0.1447,0.1084,0.1879,0.1839,0.8161,0.0,1.6288,False,-64.0,False,-63.0,False,44.0,False,56.0,False,58.0,False
2021-05-15T14,L,2021-05-15 10:35:00,0.9601,0.2231,0.2097,0.4533,0.4376,0.5554,0.5813,0.3296,0.0892,3.4778,False,-152.0,False,-144.0,False,-144.0,False,-103.0,False,-103.0,False
2021-05-15T16,H,2021-05-15 15:05:00,0.1866,0.4513,0.5433,0.6635,0.8485,0.8485,0.0625,0.8975,0.04,2.2253,True,3.0,True,6.0,True,9.0,True,12.0,True,13.0,False
2021-05-16T02,L,2021-05-16 00:05:00,0.9329,0.1967,0.4308,0.2056,0.4801,0.4801,0.6054,0.3501,0.0445,7.3928,False,-43.0,False,-32.0,False,-25.0,False,-25.0,False,-23.0,False
2021-05-16T15,H,2021-05-16 10:50:00,0.3804,0.0791,0.1097,0.1379,0.1836,0.1836,0.6184,0.3816,0.0,3.159,False,38.0,False,39.0,False,44.0,False,51.0,False,61.0,False
2021-05-17T08,L,2021-05-17 04:10:00,0.9033,0.0262,0.0963,0.0719,0.0977,0.14,0.5,0.321,0.179,4.7413,False,-77.0,False,-73.0,False,-71.0,False,-56.0,False,-50.0,False
2021-05-17T16,H,2021-05-17 12:05:00,0.2495,0.0692,0.1149,0.1929,0.201,0.2111,0.4159,0.1681,0.4159,0.8095,False,26.0,False,27.0,False,27.0,False,43.0,False,47.0,False
2021-05-17T19,L,2021-05-17 17:30:00,0.0874,0.1184,0.1646,0.1748,0.3942,0.4908,0.3928,0.4564,0.1508,1.248,True,14.0,False,15.0,False,30.0,False,30.0,False,30.0,False
2021-05-18T13,H,2021-05-18 06:15:00,0.8738,0.1399,0.2923,0.4291,0.6027,0.6255,0.1822,0.44,0.3778,2.0298,False,-122.0,False,-91.0,False,-87.0,False,-87.0,False,81.0,False
2021-05-19T17,L,2021-05-19 13:15:00,0.8656,0.6125,0.7379,0.8006,0.6924,0.8006,0.3629,0.3128,0.3243,14.7448,False,-244.0,False,-237.0,False,-65.0,False,-55.0,False,21.0,False
2021-05-20T20,H,2021-05-20 13:20:00,0.9352,0.0454,0.1019,0.1873,0.3322,0.3322,0.7745,0.1847,0.0407,2.8186,False,-223.0,False,-223.0,False,-151.0,False,-151.0,False,-148.0,False
2021-05-20T21,L,2021-05-20 21:00:00,0.0,,,,0.5932,0.6137,0.1019,0.8981,0.0,2.4837,True,11.0,True,11.0,True,14.0,False,16.0,False,,False
2021-05-21T04,H,2021-05-21 00:45:00,0.3438,0.1494,0.0959,0.1557,0.1392,0.3497,0.6747,0.2679,0.0574,5.8189,True,28.0,False,29.0,False,39.0,False,39.0,False,45.0,False
2021-05-21T13,L,2021-05-21 06:15:00,0.1373,0.0281,0.1031,0.171,0.1629,0.5795,0.4219,0.0264,0.5517,0.9866,True,9.0,True,41.0,False,45.0,False,69.0,False,,False
2021-05-21T14,H,2021-05-21 14:15:00,0.4136,0.8187,0.9856,0.9887,,0.9906,0.8928,0.0854,0.0219,4.2198,True,0.0,True,0.0,True,0.0,True,0.0,True,1.0,True
2021-05-22T02,L,2021-05-21 21:20:00,0.5489,0.0414,0.805,0.878,0.8846,0.8846,0.6208,0.0647,0.3146,3.0492,True,-10.0,False,2.0,True,2.0,True,3.0,True,44.0,False
2021-05-22T05,H,2021-05-22 03:00:00,0.0,,,,0.4995,0.4995,0.6973,0.1149,0.1878,1.4769,True,16.0,False,25.0,False,26.0,False,30.0,False,33.0,False
2021-05-22T06,L,2021-05-22 06:00:00,0.0,,,0.753,0.3614,0.7603,0.6607,0.2964,0.0429,1.1746,True,5.0,True,5.0,True,5.0,True,,False,,False
2021-05-23T04,H,2021-05-22 10:55:00,0.6718,0.1755,0.2193,0.2744,0.3064,0.333,0.0962,0.7456,0.1582,3.4418,False,-44.0,False,-44.0,False,157.0,False,158.0,False,158.0,False
2021-05-23T21,L,2021-05-23 16:45:00,0.6566,0.0451,0.1781,0.5644,0.339,0.5644,0.2288,0.3877,0.3834,1.8761,False,-67.0,False,-63.0,False,47.0,False,63.0,False,63.0,False
2021-05-25T02,H,2021-05-24 20:05:00,0.8092,0.1094,0.2435,0.2933,0.3626,0.3805,0.0781,0.7695,0.1523,2.8106,False,-114.0,False,-48.0,False,-45.0,False,-45.0,False,83.0,False
2021-05-25T23,L,2021-05-25 12:05:00,0.037,0.0724,0.1613,0.079,0.1764,0.1764,0.4364,0.2646,0.299,3.2186,True,43.0,False,83.0,False,119.0,False,129.0,False,131.0,False
2021-05-26T13,H,2021-05-26 08:05:00,0.4027,0.1012,0.3304,0.1437,0.2327,0.3546,0.0985,0.854,0.0474,3.3418,False,25.0,False,26.0,False,37.0,False,71.0,False,71.0,False
2021-05-27T09,L,2021-05-27 03:20:00,0.9546,0.0209,0.0423,0.0392,0.0483,0.0889,0.0634,0.5074,0.4292,1.0655,False,-112.0,False,-112.0,False,-88.0,False,-81.0,False,-74.0,False
2021-05-27T19,H,2021-05-27 13:30:00,0.5887,0.0428,0.0968,0.0932,0.0427,0.1017,0.6186,0.3802,0.0012,3.3169,False,-9.0,False,78.0,False,78.0,False,,False,,False
2021-05-29T00,L,2021-05-28 21:30:00,0.8463,0.0182,0.0191,0.0321,0.0269,0.0976,0.029,0.971,0.0,2.6919,False,-287.0,False,-286.0,False,-276.0,False,-66.0,False,,False
2021-05-29T12,H,2021-05-29 05:30:00,0.1296,0.2109,0.4093,0.3785,0.4672,0.4672,0.4918,0.459,0.0492,2.732,True,22.0,False,26.0,False,27.0,False,36.0,False,46.0,False
2021-05-29T22,L,2021-05-29 18:25:00,0.6357,0.0632,0.1124,0.0747,0.047,0.1228,0.7045,0.2216,0.0739,0.5103,False,-61.0,False,-61.0,False,55.0,False,,False,,False
2021-05-30T01,H,2021-05-29 23:35:00,0.1791,0.2664,0.6496,0.6223,0.8118,0.8118,0.4736,0.4873,0.0391,2.4785,True,2.0,True,3.0,True,9.0,True,12.0,True,17.0,False
2021-05-30T02,L,2021-05-30 02:00:00,0.0,,,0.5151,0.845,0.845,0.3311,0.6532,0.0157,1.0967,True,6.0,True,8.0,True,10.0,True,12.0,True,15.0,False
2021-05-31T00,H,2021-05-30 12:05:00,0.4643,0.1789,0.4554,0.4142,0.8196,0.8202,0.597,0.3911,0.0119,3.0054,True,7.0,True,7.0,True,8.0,True,9.0,True,133.0,False
2021-05-31T08,L,2021-05-31 04:35:00,0.4483,0.1163,0.1677,0.1244,0.4141,0.4141,0.2586,0.2952,0.4462,1.3002,False,19.0,False,22.0,False,29.0,False,30.0,False,33.0,False
2021-06-01T03,H,2021-06-01 01:00:00,0.9689,0.0208,0.0371,0.0707,0.1834,0.1834,0.4663,0.4489,0.0848,1.1786,False,-102.0,False,-102.0,False,-102.0,False,-101.0,False,-99.0,False
2021-06-02T03,L,2021-06-01 13:10:00,0.7844,0.1092,0.1489,0.7609,0.8226,0.8886,0.3807,0.4284,0.1909,7.8225,True,-88.0,False,-86.0,False,-84.0,False,7.0,True,130.0,False
2021-06-02T22,H,2021-06-02 15:25:00,0.3332,0.1259,0.2851,0.2245,0.2289,0.32,0.2669,0.7331,0.0,1.5935,False,17.0,False,22.0,False,57.0,False,59.0,False,87.0,False
2021-06-03T05,L,2021-06-03 02:35:00,0.0727,0.0453,0.0352,0.0394,0.0579,0.0591,0.3747,0.6253,0.0,1.8524,False,41.0,False,,False,,False,,False,,False
2021-06-03T14,H,2021-06-03 10:25:00,0.4992,0.0973,0.1442,0.1254,0.7349,0.7349,0.1029,0.8971,0.0,1.8825,True,9.0,True,9.0,True,12.0,True,18.0,False,20.0,False
2021-06-04T17,L,2021-06-04 12:15:00,0.9757,0.1048,0.1002,0.527,0.6431,0.7095,0.043,0.8986,0.0584,5.8761,False,-252.0,False,-239.0,False,-239.0,False,-237.0,False,-235.0,False
2021-06-05T09,H,2021-06-05 07:25:00,0.1783,0.0403,0.0539,0.1068,0.081,0.1805,0.1349,0.4206,0.4444,1.1773,True,30.0,False,30.0,False,30.0,False,31.0,False,31.0,False
2021-06-06T01,L,2021-06-05 21:35:00,0.4026,0.1022,0.0987,0.1332,0.1783,0.1783,0.4129,0.3631,0.2241,3.3021,False,29.0,False,29.0,False,29.0,False,35.0,False,53.0,False
2021-06-06T22,H,2021-06-06 06:05:00,0.0051,0.0304,0.1082,0.1279,0.1216,0.1493,0.6686,0.3295,0.0019,5.417,True,169.0,False,195.0,False,198.0,False,198.0,False,,False
2021-06-07T00,L,2021-06-06 23:00:00,0.0,,,0.1528,0.1417,0.173,0.9145,0.0855,0.0,2.698,True,20.0,False,20.0,False,20.0,False,21.0,False,23.0,False
2021-06-07T15,H,2021-06-07 12:35:00,0.8367,0.299,0.3192,0.4271,0.683,0.683,0.7222,0.2162,0.0616,8.9007,False,-89.0,False,-73.0,False,-69.0,False,-42.0,False,18.0,False
2021-06-08T11,L,2021-06-08 07:10:00,0.646,0.0371,0.069,0.069,0.1065,0.1972,0.1694,0.7781,0.0525,8.1868,False,-123.0,False,-123.0,False,58.0,False,58.0,False,,False
2021-06-08T14,H,2021-06-08 12:00:00,0.0,0.1688,0.2468,0.3251,0.4104,0.4104,0.2171,0.7829,0.0,2.0499,True,14.0,False,24.0,False,24.0,False,26.0,False,,False
2021-06-08T17,L,2021-06-08 15:25:00,0.2137,0.185,0.3415,0.7651,0.8812,0.8871,0.6875,0.2828,0.0297,1.7855,True,1.0,True,2.0,True,5.0,True,8.0,True,19.0,False
2021-06-10T04,H,2021-06-10 00:05:00,0.9754,0.1463,0.3459,0.3129,0.376,0.5213,0.0823,0.679,0.2387,4.2885,False,-355.0,False,-287.0,False,-286.0,False,-268.0,False,-265.0,False
2021-06-11T09,L,2021-06-10 20:35:00,0.2448,0.0053,0.0091,0.0092,0.0107,0.0111,0.6758,0.2617,0.0625,2.3044,False,,False,,False,,False,,False,,False
2021-06-11T15,H,2021-06-11 10:45:00,0.3693,0.0741,0.2378,0.3253,0.518,0.6467,0.7419,0.1166,0.1414,1.6791,True,8.0,True,10.0,True,52.0,False,53.0,False,63.0,False
2021-06-12T13,L,2021-06-12 10:20:00,0.8425,0.3099,0.8567,0.956,0.8901,0.956,0.0134,0.7495,0.2371,4.5939,True,-172.0,False,-167.0,False,-124.0,False,-124.0,False,4.0,True
2021-06-13T03,H,2021-06-12 20:55:00,0.4468,0.0656,0.2867,0.1934,0.295,0.3387,0.2121,0.7879,0.0,0.5133,False,38.0,False,38.0,False,72.0,False,73.0,False,76.0,False
2021-06-13T08,L,2021-06-13 04:05:00,0.063,0.0319,0.0425,0.0476,0.1032,0.1282,0.0281,0.7022,0.2697,1.2247,True,54.0,False,59.0,False,59.0,False,59.0,False,,False
2021-06-14T09,H,2021-06-14 01:40:00,0.8485,0.2224,0.8105,0.8423,0.8924,0.9126,0.6041,0.3918,0.0041,2.0702,True,-158.0,False,-155.0,False,-135.0,False,-135.0,False,8.0,True
2021-06-14T14,L,2021-06-14 10:00:00,0.0,,,,0.3036,0.3036,0.2213,0.1872,0.5915,0.8359,True,48.0,False,48.0,False,48.0,False,48.0,False,50.0,False
2021-06-14T17,H,2021-06-14 15:00:00,0.0,,,0.0644,0.0581,0.0691,0.4244,0.5178,0.0578,1.1983,True,42.0,False,42.0,False,42.0,False,,False,,False
2021-06-17T03,L,2021-06-16 23:20:00,0.84,0.4959,0.2585,0.4021,0.615,0.6831,0.3028,0.6579,0.0393,3.6366,False,-563.0,False,-563.0,False,-519.0,False,-351.0,False,34.0,False
2021-06-17T17,H,2021-06-17 09:55:00,0.8152,0.0331,0.0502,0.0466,0.0753,0.0753,0.8366,0.1634,0.0,4.331,False,-69.0,False,-68.0,False,-68.0,False,-65.0,False,,False
2021-06-18T07,L,2021-06-18 02:25:00,0.8818,0.471,0.9381,0.9675,0.9707,0.9736,0.3778,0.3111,0.3111,2.0492,True,-41.0,False,-40.0,False,-40.0,False,-29.0,False,3.0,True
2021-06-18T14,H,2021-06-18 11:05:00,0.3594,0.0073,0.0102,0.0097,0.0095,0.0102,0.4794,0.4459,0.0747,3.222,False,36.0,False,37.0,False,37.0,False,38.0,False,,False
2021-06-19T01,L,2021-06-18 19:00:00,0.5943,0.0164,0.0175,0.0243,0.0249,0.0335,0.0261,0.8534,0.1205,1.8477,False,-8.0,False,84.0,False,84.0,False,84.0,False,,False
2021-06-19T02,H,2021-06-19 02:00:00,0.0,,,,0.6923,0.6923,0.5219,0.1406,0.3375,2.3406,True,9.0,True,12.0,True,15.0,False,,False,,False
2021-06-19T05,L,2021-06-19 03:30:00,0.3429,0.2164,0.3393,0.3999,0.6724,0.6724,0.6036,0.3718,0.0246,6.7063,True,1.0,True,12.0,True,13.0,False,13.0,False,20.0,False
2021-06-20T09,H,2021-06-19 12:20:00,0.1197,0.0527,0.1025,0.1894,0.27,0.271,0.4649,0.5332,0.0018,5.3205,True,80.0,False,129.0,False,142.0,False,229.0,False,248.0,False
2021-06-20T18,L,2021-06-20 12:25:00,0.5663,0.01,0.0189,0.0264,0.0143,0.0609,0.2843,0.4824,0.2332,1.8735,False,-20.0,False,75.0,False,79.0,False,79.0,False,79.0,False
2021-06-21T04,H,2021-06-20 20:35:00,0.2299,0.1162,0.1526,0.1557,0.1602,0.2392,0.034,0.8472,0.1189,2.6002,True,72.0,False,84.0,False,87.0,False,97.0,False,101.0,False
2021-06-21T20,L,2021-06-21 11:25:00,0.8568,0.0035,0.0065,0.0095,0.0145,0.018,0.5375,0.2918,0.1707,2.3087,False,-77.0,False,-76.0,False,-67.0,False,-66.0,False,,False
2021-06-21T21,H,2021-06-21 21:00:00,0.0,,0.0308,0.0597,0.0709,0.0709,0.2747,0.5092,0.2161,1.2258,True,,False,,False,,False,,False,,False
2021-06-22T01,L,2021-06-22 00:25:00,0.4365,0.2473,0.3315,0.4617,0.8829,0.913,0.3903,0.1293,0.4804,1.3553,True,5.0,True,7.0,True,8.0,True,9.0,True,10.0,True
2021-06-22T11,H,2021-06-22 03:45:00,0.2931,0.0744,0.0903,0.112,0.1463,0.1531,0.4588,0.5265,0.0147,1.2279,False,57.0,False,59.0,False,59.0,False,64.0,False,76.0,False
2021-06-22T16,L,2021-06-22 14:00:00,0.4711,0.1207,0.2071,0.2875,0.7746,0.7746,0.3917,0.1181,0.4902,2.1686,True,11.0,True,11.0,True,11.0,True,14.0,False,19.0,False
2021-06-23T15,H,2021-06-23 13:15:00,0.8972,0.0427,0.1221,0.4052,0.7526,0.7551,0.9059,0.0941,0.0,4.3912,False,-61.0,False,-51.0,False,-51.0,False,-51.0,False,22.0,False
2021-06-24T09,L,2021-06-24 04:35:00,0.493,0.1649,0.3602,0.365,0.46,0.46,0.6343,0.3533,0.0124,2.0648,False,16.0,False,17.0,False,27.0,False,52.0,False,53.0,False
2021-06-25T05,H,2021-06-25 02:20:00,0.6826,0.109,0.137,0.1827,0.5077,0.5077,0.6504,0.3475,0.0021,2.1221,False,-196.0,False,-188.0,False,32.0,False,32.0,False,32.0,False
2021-06-26T03,L,2021-06-25 22:55:00,0.5082,0.0383,0.0394,0.0281,0.0562,0.0985,0.1108,0.6329,0.2563,1.0096,False,-23.0,False,,False,,False,,False,,False
2021-06-26T07,H,2021-06-26 05:05:00,0.3202,0.0814,0.2371,0.3549,0.2082,0.3614,0.757,0.2416,0.0013,5.0594,True,20.0,False,21.0,False,21.0,False,26.0,False,31.0,False
2021-06-26T11,L,2021-06-26 08:20:00,0.1546,0.0692,0.1878,0.1403,0.0717,0.1878,0.0941,0.3804,0.5255,0.7312,True,34.0,False,34.0,False,44.0,False,44.0,False,,False
2021-06-27T17,H,2021-06-27 12:35:00,0.9693,0.5299,0.6386,0.8815,0.8474,0.8815,0.5404,0.4596,0.0,4.3371,False,-284.0,False,-284.0,False,-283.0,False,-283.0,False,-273.0,False
2021-06-27T22,L,2021-06-27 21:25:00,0.225,0.0129,0.0259,0.0434,0.1495,0.1495,0.6754,0.2644,0.0602,3.0388,False,,False,,False,,False,,False,,False
2021-06-28T10,H,2021-06-28 07:50:00,0.6853,0.3436,0.4608,0.5359,0.6031,0.6668,0.3002,0.6998,0.0,2.3708,False,-76.0,False,-70.0,False,15.0,False,21.0,False,24.0,False
2021-06-29T06,L,2021-06-28 12:05:00,0.0276,0.1345,0.315,0.205,0.4504,0.5126,0.4465,0.5512,0.0023,2.0762,True,11.0,True,44.0,False,47.0,False,47.0,False,227.0,False
2021-06-29T22,H,2021-06-29 17:35:00,0.2152,0.0406,0.0872,0.0872,0.1323,0.1323,0.2844,0.6114,0.1043,1.9184,False,58.0,False,58.0,False,65.0,False,65.0,False,65.0,False
2021-06-30T21,L,2021-06-30 16:10:00,0.5903,0.3745,0.4284,0.4477,0.4075,0.4477,0.5796,0.4172,0.0032,2.0885,False,-49.0,False,18.0,False,18.0,False,22.0,False,46.0,False
2021-07-01T03,H,2021-06-30 23:50:00,0.0116,0.0321,0.0856,0.1259,0.1189,0.1371,0.3032,0.6915,0.0053,2.563,True,41.0,False,49.0,False,50.0,False,,False,,False
2021-07-01T18,L,2021-07-01 10:30:00,0.3827,0.0355,0.1043,0.0558,0.2486,0.2486,0.627,0.2006,0.1724,1.7288,False,26.0,False,37.0,False,92.0,False,100.0,False,,False
2021-07-02T06,H,2021-07-02 00:15:00,0.773,0.0345,0.0504,0.0645,0.0889,0.0889,0.43,0.3735,0.1966,4.9816,False,-58.0,False,-58.0,False,-58.0,False,69.0,False,,False
2021-07-02T07,L,2021-07-02 07:00:00,0.0,,,0.3802,0.609,0.638,0.2459,0.6459,0.1082,1.197,True,7.0,True,10.0,True,15.0,False,16.0,False,16.0,False
2021-07-03T21,H,2021-07-03 17:45:00,0.8375,0.0107,0.0479,0.0486,0.046,0.051,0.8422,0.1006,0.0572,6.1921,False,-352.0,False,-177.0,False,-177.0,False,-177.0,False,,False
2021-07-04T06,L,2021-07-03 22:30:00,0.488,0.2463,0.4166,0.8298,0.6138,0.8298,0.7697,0.2287,0.0015,6.3571,True,5.0,True,5.0,True,6.0,True,6.0,True,17.0,False
2021-07-04T15,H,2021-07-04 08:00:00,0.0669,0.0655,0.0842,0.1869,0.1065,0.1869,0.2474,0.7491,0.0034,1.9524,True,,False,,False,,False,,False,,False
2021-07-05T19,L,2021-07-05 17:45:00,0.5606,0.0302,0.5849,0.6729,0.806,0.8354,0.6993,0.1611,0.1395,6.1981,True,-237.0,False,4.0,True,4.0,True,9.0,True,15.0,False
2021-07-06T14,H,2021-07-06 09:00:00,0.7057,0.0257,0.1185,0.3644,0.3224,0.453,0.4617,0.536,0.0023,5.3482,False,-151.0,False,-148.0,False,-81.0,False,37.0,False,37.0,False
2021-07-07T00,L,2021-07-06 17:20:00,0.4795,0.0249,0.0343,0.0776,0.0574,0.0818,0.3541,0.6431,0.0028,1.889,False,,False,,False,,False,,False,,False
2021-07-07T16,H,2021-07-07 12:45:00,0.9015,0.395,0.2644,0.4385,0.4778,0.4778,0.4712,0.4776,0.0513,6.1867,False,-133.0,False,-133.0,False,-133.0,False,-13.0,False,-11.0,False
2021-07-08T15,L,2021-07-08 11:05:00,0.783,0.0382,0.1447,0.2231,0.2925,0.2925,0.8329,0.1658,0.0013,7.1174,False,-204.0,False,-203.0,False,-58.0,False,59.0,False,,False
2021-07-10T05,H,2021-07-10 00:45:00,0.9211,0.0311,0.0707,0.0956,0.1186,0.1659,0.3793,0.6207,0.0,2.0479,False,-321.0,False,-321.0,False,-319.0,False,-315.0,False,-285.0,False
2021-07-11T09,L,2021-07-10 20:15:00,0.9579,0.1199,0.1232,0.1393,0.1426,0.1547,0.4924,0.5054,0.0022,5.4125,False,-160.0,False,-160.0,False,-160.0,False,-91.0,False,-46.0,False
2021-07-12T09,H,2021-07-12 04:25:00,0.8672,0.1628,0.4395,0.6134,0.6257,0.6423,0.1873,0.8127,0.0,3.9557,False,-88.0,False,-57.0,False,-50.0,False,-50.0,False,60.0,False
2021-07-13T03,L,2021-07-12 20:05:00,0.8309,0.1951,0.4568,0.6124,0.6552,0.6613,0.6337,0.218,0.1483,1.9538,False,-42.0,False,-42.0,False,-11.0,False,-11.0,False,39.0,False
2021-07-13T12,H,2021-07-13 10:05:00,0.4565,0.036,0.0556,0.0617,0.2268,0.2268,0.2014,0.7986,0.0,2.6956,False,31.0,False,31.0,False,31.0,False,35.0,False,35.0,False
2021-07-13T17,L,2021-07-13 13:00:00,0.0,0.0318,0.0778,0.0836,0.1307,0.1307,0.6,0.35,0.05,1.4606,True,50.0,False,,False,,False,,False,,False
2021-07-13T18,H,2021-07-13 18:00:00,0.0,,,,0.6067,0.6795,0.3506,0.645,0.0043,3.4197,True,10.0,True,11.0,True,13.0,False,18.0,False,22.0,False
2021-07-13T22,L,2021-07-13 20:05:00,0.0802,0.0172,0.0329,0.0424,0.1444,0.1444,0.1225,0.8103,0.0672,2.1817,True,35.0,False,35.0,False,35.0,False,,False,,False
2021-07-14T03,H,2021-07-14 00:10:00,0.3088,0.1034,0.2309,0.343,0.5983,0.5983,0.6604,0.3396,0.0,1.7072,True,12.0,True,13.0,False,13.0,False,39.0,False,39.0,False
2021-07-14T10,L,2021-07-14 09:05:00,0.6011,0.9016,0.9463,0.9523,0.954,0.9609,0.6715,0.2585,0.07,9.6771,True,-46.0,False,-45.0,False,0.0,True,0.0,True,0.0,True
2021-07-15T04,H,2021-07-15 01:05:00,0.7188,0.2625,0.3007,0.6984,0.7974,0.7974,0.66,0.3378,0.0022,6.6722,True,-71.0,False,-11.0,False,-9.0,False,23.0,False,35.0,False
2021-07-15T23,L,2021-07-15 17:55:00,0.7814,0.1385,0.3354,0.3885,0.6457,0.6457,0.4875,0.5083,0.0042,1.5086,False,-155.0,False,-155.0,False,-155.0,False,17.0,False,37.0,False
2021-07-16T10,H,2021-07-16 02:15:00,0.3846,0.0903,0.2672,0.3029,0.1494,0.3231,0.4577,0.5352,0.007,2.5952,False,49.0,False,52.0,False,53.0,False,78.0,False,93.0,False
2021-07-16T13,L,2021-07-16 11:50:00,0.0824,0.2416,0.2106,0.4934,0.5252,0.5767,0.604,0.3926,0.0034,1.999,True,7.0,True,13.0,False,14.0,False,14.0,False,14.0,False
2021-07-16T23,H,2021-07-16 16:40:00,0.135,0.0935,0.1522,0.0885,0.2032,0.2391,0.815,0.185,0.0,1.3137,True,44.0,False,55.0,False,55.0,False,64.0,False,76.0,False
2021-07-17T08,L,2021-07-17 00:25:00,0.1035,0.0307,0.1063,0.3702,0.2639,0.6498,0.365,0.635,0.0,1.2078,True,7.0,True,7.0,True,70.0,False,79.0,False,79.0,False
2021-07-17T11,H,2021-07-17 09:00:00,0.0,,0.351,0.1779,0.4188,0.4188,0.2863,0.7099,0.0038,2.0002,True,14.0,False,16.0,False,16.0,False,16.0,False,17.0,False
2021-07-17T12,L,2021-07-17 12:00:00,0.0,,,,0.061,0.127,0.2569,0.221,0.5221,2.8892,True,19.0,False,,False,,False,,False,,False
2021-07-18T08,H,2021-07-18 01:35:00,0.6784,0.0433,0.1754,0.1873,0.1243,0.1873,0.788,0.212,0.0,9.8713,False,-99.0,False,-19.0,False,42.0,False,55.0,False,67.0,False
2021-07-18T23,L,2021-07-18 14:45:00,0.8343,0.0974,0.0584,0.1747,0.1759,0.2063,0.4522,0.5168,0.0311,16.7636,False,-42.0,False,-37.0,False,-33.0,False,-32.0,False,87.0,False
2021-07-19T01,H,2021-07-19 00:00:00,0.0,,0.106,0.0304,0.2572,0.2572,1.0,0.0,0.0,2.6743,True,18.0,False,18.0,False,,False,,False,,False
2021-07-19T04,L,2021-07-19 02:00:00,0.0,,,,0.8104,0.8829,0.9806,0.0097,0.0097,1.3583,True,8.0,True,8.0,True,8.0,True,9.0,True,44.0,False
2021-07-19T09,H,2021-07-19 05:50:00,0.577,0.1745,0.184,0.3589,0.5039,0.5154,0.8647,0.1353,0.0,6.4482,False,-5.0,False,20.0,False,36.0,False,37.0,False,38.0,False
2021-07-19T23,L,2021-07-19 14:25:00,0.1933,0.0939,0.2026,0.18,0.6241,0.6514,0.1618,0.5218,0.3164,3.8697,True,10.0,True,10.0,True,83.0,False,99.0,False,103.0,False
2021-07-20T02,H,2021-07-20 00:20:00,0.4561,0.4406,0.4679,0.4908,0.6852,0.8282,0.0871,0.9097,0.0032,4.786,True,10.0,True,11.0,True,11.0,True,11.0,True,24.0,False
2021-07-20T14,L,2021-07-20 10:00:00,0.1865,0.1691,0.1801,0.3293,0.2613,0.3498,0.5182,0.4802,0.0017,6.1346,True,27.0,False,36.0,False,50.0,False,50.0,False,60.0,False
2021-07-22T01,H,2021-07-21 18:15:00,0.6484,0.0365,0.2968,0.4737,0.7976,0.7976,0.6284,0.1786,0.193,11.3703,True,-26.0,False,-14.0,False,9.0,True,19.0,False,70.0,False
2021-07-23T02,L,2021-07-22 11:15:00,0.197,0.0318,0.0326,0.0569,0.0366,0.0634,0.6989,0.2268,0.0743,2.5319,False,177.0,False,177.0,False,177.0,False,,False,,False
2021-07-23T06,H,2021-07-23 05:40:00,0.5379,0.6183,0.7444,0.9256,0.8316,0.9256,0.3452,0.631,0.0238,6.3362,True,-23.0,False,0.0,True,1.0,True,5.0,True,6.0,True
2021-07-23T22,L,2021-07-23 16:25:00,0.5028,0.2276,0.3012,0.4967,0.2932,0.4967,0.2312,0.7341,0.0347,4.0513,False,-102.0,False,25.0,False,25.0,False,45.0,False,46.0,False
2021-07-24T13,H,2021-07-24 11:20:00,0.3137,0.3838,0.5893,0.5475,0.3857,0.7472,0.4634,0.5366,0.0,4.1438,True,2.0,True,2.0,True,2.0,True,30.0,False,32.0,False
2021-07-24T16,L,2021-07-24 14:20:00,0.072,0.0937,0.107,0.2554,0.3871,0.3871,0.7217,0.2087,0.0696,2.1489,True,30.0,False,32.0,False,32.0,False,,False,,False
2021-07-24T19,H,2021-07-24 17:10:00,0.0693,0.1012,0.1158,0.2213,0.1495,0.413,0.2304,0.6911,0.0785,0.7708,True,23.0,False,27.0,False,27.0,False,27.0,False,32.0,False
2021-07-25T07,L,2021-07-24 20:30:00,0.1105,0.0771,0.1426,0.1071,0.136,0.2186,0.1577,0.8382,0.0041,1.3914,True,39.0,False,40.0,False,44.0,False,45.0,False,126.0,False
2021-07-25T10,H,2021-07-25 08:20:00,0.1765,0.0897,0.122,0.2053,0.1222,0.2065,0.5595,0.4405,0.0,1.0163,True,30.0,False,30.0,False,30.0,False,32.0,False,,False
2021-07-25T23,L,2021-07-25 14:30:00,0.1238,0.0038,0.0045,0.0075,0.005,0.0123,0.5548,0.2645,0.1806,1.8448,False,78.0,False,78.0,False,83.0,False,102.0,False,102.0,False
2021-07-26T14,H,2021-07-26 01:05:00,0.1588,0.4634,0.5936,0.5936,0.8715,0.8715,0.698,0.2897,0.0123,11.4994,True,1.0,True,7.0,True,11.0,True,12.0,True,13.0,False
2021-07-27T12,L,2021-07-27 03:10:00,0.5689,0.0086,0.0195,0.0137,0.0171,0.0195,0.5078,0.2969,0.1953,0.8593,False,-79.0,False,106.0,False,106.0,False,,False,,False
2021-07-27T19,H,2021-07-27 13:45:00,0.1028,0.0129,0.0209,0.1513,0.1224,0.1513,0.4625,0.2531,0.2844,2.4365,True,53.0,False,,False,,False,,False,,False
2021-07-27T20,L,2021-07-27 20:00:00,0.0,0.1082,0.4511,0.7212,0.5835,0.7752,0.9067,0.0917,0.0017,3.2208,True,1.0,True,1.0,True,1.0,True,,False,,False
2021-07-28T13,H,2021-07-28 11:35:00,0.8981,0.0233,0.0405,0.0339,0.0229,0.0405,0.6753,0.1758,0.149,8.6308,False,-127.0,False,-88.0,False,-84.0,False,-58.0,False,,False
2021-07-30T01,L,2021-07-28 18:05:00,0.4825,0.0794,0.1238,0.1877,0.3976,0.4386,0.4547,0.4316,0.1137,2.6182,False,188.0,False,191.0,False,191.0,False,195.0,False,,False
2021-07-30T05,H,2021-07-30 02:15:00,0.1062,0.1777,0.1911,0.2459,0.38,0.4955,0.342,0.5648,0.0933,1.6246,True,23.0,False,30.0,False,30.0,False,32.0,False,39.0,False
2021-07-30T19,L,2021-07-30 09:30:00,0.0887,0.0198,0.0387,0.0429,0.0546,0.0547,0.2487,0.4347,0.3166,2.9157,False,97.0,False,102.0,False,106.0,False,110.0,False,117.0,False
2021-07-31T11,H,2021-07-31 00:05:00,0.4883,0.1528,0.1133,0.2001,0.1582,0.2147,0.5857,0.3411,0.0732,2.9082,False,95.0,False,95.0,False,135.0,False,,False,,False
2021-08-01T03,L,2021-07-31 17:40:00,0.8266,0.0607,0.0288,0.0377,0.1503,0.1582,0.0254,0.9721,0.0025,2.6795,False,-68.0,False,-68.0,False,-68.0,False,-65.0,False,,False
2021-08-01T05,H,2021-08-01 04:00:00,0.0,0.1504,0.1724,0.2995,0.745,0.745,0.2914,0.7066,0.002,2.7459,True,5.0,True,12.0,True,12.0,True,15.0,False,24.0,False
2021-08-02T14,L,2021-08-02 12:35:00,0.8735,0.4096,0.5685,0.4024,0.5355,0.5685,0.0783,0.8502,0.0715,5.4348,False,-329.0,False,-329.0,False,-327.0,False,-67.0,False,17.0,False
2021-08-02T20,H,2021-08-02 16:25:00,0.0311,0.0386,0.1629,0.1678,0.1853,0.2044,0.597,0.3424,0.0606,3.2182,True,46.0,False,53.0,False,,False,,False,,False
2021-08-02T21,L,2021-08-02 21:00:00,0.0,,,,0.3132,0.3132,0.4931,0.5058,0.0011,3.971,True,18.0,False,18.0,False,19.0,False,19.0,False,,False
2021-08-03T02,H,2021-08-03 00:50:00,0.6518,0.3561,0.6503,0.8251,0.9313,0.9313,0.2375,0.76,0.0025,1.8326,True,-26.0,False,-26.0,False,4.0,True,4.0,True,12.0,True
2021-08-03T09,L,2021-08-03 05:20:00,0.1895,0.0771,0.0802,0.0765,0.0966,0.0975,0.5812,0.3464,0.0725,3.6692,False,56.0,False,56.0,False,56.0,False,,False,,False
2021-08-04T08,H,2021-08-03 10:45:00,0.4504,0.1121,0.151,0.2926,0.4583,0.5098,0.6559,0.0866,0.2574,2.9896,True,11.0,True,16.0,False,16.0,False,16.0,False,114.0,False
2021-08-04T09,L,2021-08-04 09:00:00,0.0,,0.4938,0.7714,0.7516,0.8146,0.179,0.747,0.074,3.7208,True,1.0,True,4.0,True,6.0,True,10.0,True,,False
2021-08-05T03,H,2021-08-04 21:15:00,0.6119,0.051,0.1116,0.0758,0.0683,0.1465,0.6821,0.3036,0.0143,0.9894,False,-131.0,False,-131.0,False,51.0,False,76.0,False,,False
2021-08-05T16,L,2021-08-05 12:50:00,0.3141,0.1245,0.4899,0.2809,0.3303,0.4899,0.4494,0.5494,0.0013,8.4421,True,14.0,False,16.0,False,16.0,False,18.0,False,23.0,False
2021-08-06T04,H,2021-08-05 19:20:00,0.1041,0.0545,0.0954,0.2542,0.1425,0.2542,0.3953,0.5203,0.0843,0.7944,True,67.0,False,71.0,False,104.0,False,104.0,False,,False
2021-08-06T06,L,2021-08-06 05:00:00,0.0,,,0.2467,0.2455,0.2574,0.0285,0.8256,0.1459,2.2625,True,18.0,False,21.0,False,21.0,False,22.0,False,,False
2021-08-06T09,H,2021-08-06 07:00:00,0.0,,,,0.4028,0.4028,0.8721,0.127,0.0009,3.8278,True,20.0,False,20.0,False,44.0,False,44.0,False,44.0,False
2021-08-06T15,L,2021-08-06 12:10:00,0.453,0.0905,0.275,0.2184,0.2748,0.2902,0.4635,0.5347,0.0018,2.1169,False,40.0,False,40.0,False,43.0,False,46.0,False,46.0,False
2021-08-07T06,H,2021-08-07 04:15:00,0.855,0.055,0.1709,0.1622,0.4608,0.4608,0.6574,0.3426,0.0,2.5386,False,-138.0,False,-137.0,False,-137.0,False,-83.0,False,,False
2021-08-08T00,L,2021-08-07 16:25:00,0.9382,0.2187,0.1854,0.3187,0.194,0.3223,0.3039,0.6507,0.0453,3.3604,False,-105.0,False,-103.0,False,-103.0,False,-52.0,False,-50.0,False
2021-08-08T01,H,2021-08-08 01:00:00,0.0,,,,0.3936,0.3936,0.3691,0.6293,0.0016,1.8246,True,16.0,False,16.0,False,17.0,False,,False,,False
2021-08-08T06,L,2021-08-08 02:30:00,0.0983,0.0691,0.1115,0.0297,0.1024,0.1678,0.3654,0.4385,0.1962,1.0835,True,38.0,False,40.0,False,42.0,False,42.0,False,42.0,False
2021-08-08T08,H,2021-08-08 07:00:00,0.0,,0.2312,0.1222,0.3642,0.4624,0.4371,0.5629,0.0,1.7383,True,15.0,False,19.0,False,27.0,False,27.0,False,27.0,False
2021-08-09T09,L,2021-08-09 01:20:00,0.8295,0.0809,0.1104,0.113,0.1285,0.1449,0.8277,0.1461,0.0262,1.7169,False,-194.0,False,-193.0,False,-61.0,False,-21.0,False,97.0,False
2021-08-10T02,H,2021-08-10 00:10:00,0.7912,0.1118,0.2552,0.4001,0.6493,0.6613,0.077,0.9219,0.0011,4.1362,False,-122.0,False,-39.0,False,-38.0,False,,False,,False
2021-08-11T01,L,2021-08-10 16:35:00,0.3691,0.2662,0.4117,0.4787,0.607,0.6568,0.2311,0.499,0.2699,4.6859,True,7.0,True,9.0,True,18.0,False,42.0,False,65.0,False
2021-08-11T02,H,2021-08-11 02:05:00,0.3331,0.3733,0.4975,0.6065,,0.7682,0.4341,0.5659,0.0,2.9922,True,4.0,True,6.0,True,8.0,True,,False,,False
2021-08-11T04,L,2021-08-11 03:00:00,0.0,,0.1146,0.2674,0.3537,0.3608,0.2071,0.7357,0.0571,1.1351,True,18.0,False,24.0,False,,False,,False,,False
2021-08-11T21,H,2021-08-11 15:35:00,0.7657,0.5799,0.7191,0.8971,0.8881,0.8971,0.5616,0.2935,0.1448,2.3813,True,-127.0,False,-127.0,False,-127.0,False,4.0,True,14.0,False
2021-08-13T00,L,2021-08-12 16:35:00,0.7264,0.1149,0.2747,0.1398,0.3373,0.3373,0.1524,0.7143,0.1333,3.2189,False,-223.0,False,-223.0,False,-223.0,False,83.0,False,89.0,False
2021-08-14T05,H,2021-08-13 20:20:00,0.5206,0.7144,0.7381,0.7155,0.762,0.8085,0.0048,0.8542,0.141,5.6773,True,-100.0,False,0.0,True,0.0,True,10.0,True,27.0,False
2021-08-15T01,L,2021-08-14 11:05:00,0.3709,0.0784,0.0794,0.1559,0.1067,0.1559,0.1395,0.7067,0.1537,3.1703,False,,False,,False,,False,,False,,False
2021-08-15T03,H,2021-08-15 02:00:00,0.0,,,0.4352,0.2548,0.5172,0.6977,0.3023,0.0,1.6656,True,5.0,True,17.0,False,20.0,False,27.0,False,28.0,False
2021-08-15T18,L,2021-08-15 13:50:00,0.5133,0.48,0.8768,0.948,0.7024,0.9613,0.4794,0.5206,0.0,3.719,True,-102.0,False,1.0,True,1.0,True,1.0,True,4.0,True
2021-08-16T12,H,2021-08-16 02:50:00,0.2631,0.4041,0.3233,0.3953,0.6452,0.688,0.2781,0.7219,0.0,8.5407,True,9.0,True,9.0,True,13.0,False,14.0,False,66.0,False
2021-08-17T04,L,2021-08-17 00:30:00,0.8756,0.0507,0.0447,0.1136,0.1906,0.1906,0.2787,0.6077,0.1136,4.7091,False,-107.0,False,-101.0,False,-88.0,False,-74.0,False,,False
2021-08-17T06,H,2021-08-17 05:00:00,0.0,,,,0.2725,0.2922,0.655,0.3392,0.0058,1.0965,True,21.0,False,21.0,False,22.0,False,22.0,False,24.0,False
2021-08-17T09,L,2021-08-17 07:10:00,0.0481,0.013,0.0267,0.0417,0.3211,0.3211,0.4213,0.1117,0.467,1.1859,True,22.0,False,23.0,False,23.0,False,34.0,False,34.0,False
2021-08-17T15,H,2021-08-17 11:45:00,0.0153,0.159,0.2968,0.2357,0.3168,0.3446,0.4129,0.5516,0.0355,4.0663,True,18.0,False,18.0,False,29.0,False,33.0,False,39.0,False
2021-08-18T05,L,2021-08-18 01:15:00,0.741,0.0501,0.0842,0.1703,0.361,0.361,0.5477,0.3174,0.1349,3.2049,False,-89.0,False,-85.0,False,-83.0,False,57.0,False,57.0,False
2021-08-18T20,H,2021-08-18 18:10:00,0.3132,0.2546,0.3701,0.3418,0.5034,0.5236,0.7448,0.2552,0.0,1.3545,True,10.0,True,13.0,False,14.0,False,21.0,False,34.0,False
2021-08-19T08,L,2021-08-19 04:20:00,0.9665,0.0128,0.0246,0.0238,0.0245,0.0279,0.1718,0.7883,0.0399,2.0447,False,-87.0,False,-87.0,False,-87.0,False,-86.0,False,-57.0,False
2021-08-19T11,H,2021-08-19 09:00:00,0.0,,,,0.3796,0.6242,0.6677,0.3323,0.0,3.6175,True,11.0,True,11.0,True,26.0,False,27.0,False,33.0,False
2021-08-19T12,L,2021-08-19 12:05:00,0.1117,0.123,0.2119,0.501,,0.9134,0.3453,0.1466,0.5081,1.7262,True,5.0,True,5.0,True,8.0,True,8.0,True,11.0,True
2021-08-20T08,H,2021-08-20 00:25:00,0.7469,0.4139,0.2949,0.5428,0.3834,0.6863,0.4067,0.4975,0.0958,4.8973,False,-87.0,False,-14.0,False,-11.0,False,57.0,False,87.0,False
2021-08-20T14,L,2021-08-20 09:00:00,0.0,,,0.1409,0.106,0.1409,0.3879,0.6121,0.0,1.4927,True,57.0,False,64.0,False,64.0,False,64.0,False,68.0,False
2021-08-21T02,H,2021-08-20 22:00:00,0.6472,0.0239,0.0289,0.0588,0.0401,0.0588,0.7696,0.2304,0.0,5.0957,False,-51.0,False,-23.0,False,60.0,False,,False,,False
2021-08-22T22,L,2021-08-22 15:05:00,0.9198,0.4059,0.3895,0.5613,0.5862,0.619,0.1566,0.7472,0.0962,7.9128,False,-271.0,False,-271.0,False,-253.0,False,-96.0,False,-58.0,False
2021-08-23T14,H,2021-08-23 10:20:00,0.2683,0.2174,0.2772,0.2772,0.2349,0.3184,0.2894,0.709,0.0016,3.9826,True,51.0,False,52.0,False,56.0,False,56.0,False,56.0,False
2021-08-24T07,L,2021-08-24 01:25:00,0.7406,0.0039,0.0041,0.0037,0.0039,0.005,0.0678,0.6016,0.3306,1.8862,False,-101.0,False,-101.0,False,-100.0,False,,False,,False
2021-08-24T10,H,2021-08-24 08:00:00,0.0,,,,0.1306,0.1556,0.3049,0.6951,0.0,1.8101,True,39.0,False,40.0,False,40.0,False,41.0,False,42.0,False
2021-08-25T05,L,2021-08-24 23:55:00,0.4315,0.0432,0.0855,0.1816,0.206,0.2067,0.3487,0.1809,0.4704,1.3345,False,37.0,False,51.0,False,62.0,False,65.0,False,69.0,False
2021-08-25T08,H,2021-08-25 06:05:00,0.0818,0.0588,0.2649,0.1974,0.3571,0.5137,0.0,0.9941,0.0059,2.0997,True,11.0,True,19.0,False,20.0,False,35.0,False,,False
2021-08-25T14,L,2021-08-25 09:35:00,0.0738,0.1417,0.0942,0.1159,0.2638,0.2638,0.042,0.9423,0.0157,1.8728,True,31.0,False,38.0,False,41.0,False,43.0,False,53.0,False
2021-08-26T03,H,2021-08-26 00:55:00,0.5783,0.2208,0.4972,0.7152,0.8706,0.8988,0.5431,0.2944,0.1624,1.7552,True,-48.0,False,4.0,True,5.0,True,8.0,True,13.0,False
2021-08-26T18,L,2021-08-26 12:10:00,0.6929,0.0296,0.3511,0.2393,0.3171,0.3568,0.4049,0.4344,0.1607,4.3528,False,-55.0,False,-39.0,False,,False,,False,,False
2021-08-28T07,H,2021-08-28 00:50:00,0.8918,0.1296,0.1991,0.3547,0.2184,0.3547,0.6022,0.3978,0.0,1.1696,False,-327.0,False,-327.0,False,-149.0,False,-148.0,False,63.0,False
2021-08-29T00,L,2021-08-28 14:45:00,0.2361,0.0376,0.1954,0.1939,0.2045,0.2045,0.0078,0.9922,0.0,4.8347,False,18.0,False,19.0,False,21.0,False,121.0,False,123.0,False
2021-08-29T02,H,2021-08-29 01:00:00,0.0,0.2847,0.2651,0.318,0.5311,0.8084,0.2785,0.7215,0.0,2.071,True,8.0,True,8.0,True,8.0,True,11.0,True,21.0,False
2021-08-29T17,L,2021-08-29 04:10:00,0.4177,0.149,0.1698,0.224,0.2323,0.2774,0.0849,0.9151,0.0,3.6301,False,28.0,False,35.0,False,48.0,False,57.0,False,152.0,False
2021-08-30T01,H,2021-08-29 22:35:00,0.3829,0.0377,0.154,0.2071,0.5353,0.5353,0.5894,0.4106,0.0,4.4517,True,12.0,True,17.0,False,22.0,False,27.0,False,29.0,False
2021-08-30T16,L,2021-08-30 13:15:00,0.6031,0.0309,0.0519,0.0797,0.1934,0.2158,0.3725,0.4146,0.2129,4.3173,False,-79.0,False,-54.0,False,45.0,False,45.0,False,45.0,False
2021-08-30T23,H,2021-08-30 20:15:00,0.3578,0.0055,0.0121,0.0057,0.0925,0.1044,0.996,0.004,0.0,1.1936,False,26.0,False,27.0,False,28.0,False,34.0,False,42.0,False
2021-08-31T08,L,2021-08-31 00:45:00,0.0871,0.0638,0.0544,0.0726,0.0697,0.1184,0.1457,0.6857,0.1686,1.6117,True,87.0,False,87.0,False,92.0,False,93.0,False,,False
2021-08-31T20,H,2021-08-31 14:05:00,0.7536,0.1699,0.7986,0.8361,0.8494,0.8715,0.5433,0.4567,0.0,4.2903,True,-58.0,False,-57.0,False,-55.0,False,5.0,True,47.0,False
2021-09-01T04,L,2021-09-01 01:15:00,0.8031,0.0596,0.0906,0.1054,0.1839,0.2425,0.316,0.684,0.0,3.0001,False,-24.0,False,-20.0,False,-13.0,False,-13.0,False,,False
2021-09-02T14,H,2021-09-02 14:10:00,0.9061,0.6078,0.9092,0.9303,,0.9939,0.7569,0.2422,0.0009,9.763,True,-278.0,False,-223.0,False,-223.0,False,-1.0,False,-1.0,False
2021-09-03T09,L,2021-09-03 01:35:00,0.3394,0.102,0.1134,0.129,0.2875,0.338,0.3368,0.6078,0.0554,2.1824,False,26.0,False,27.0,False,27.0,False,39.0,False,89.0,False
2021-09-03T20,H,2021-09-03 14:35:00,0.8685,0.1135,0.5047,0.2861,0.3247,0.5047,0.2871,0.3564,0.3564,2.0616,False,-44.0,False,-44.0,False,-44.0,False,-44.0,False,71.0,False
2021-09-05T02,L,2021-09-04 17:30:00,0.9397,0.2099,0.3544,0.5874,0.6197,0.6813,0.0387,0.8516,0.1097,3.7898,False,-205.0,False,-174.0,False,-166.0,False,-166.0,False,-126.0,False
2021-09-05T03,H,2021-09-05 03:00:00,0.0,,,0.4219,0.674,0.6933,0.0746,0.9254,0.0,3.8103,True,7.0,True,7.0,True,13.0,False,14.0,False,,False
2021-09-05T09,L,2021-09-05 06:25:00,0.0237,0.0343,0.1233,0.218,0.3563,0.3563,0.668,0.3279,0.004,2.8584,True,22.0,False,28.0,False,31.0,False,31.0,False,31.0,False
2021-09-06T10,H,2021-09-06 07:50:00,0.7311,0.9525,0.9471,0.9734,0.9584,0.9734,0.3983,0.5683,0.0333,5.929,True,-245.0,False,-245.0,False,-245.0,False,0.0,True,0.0,True
2021-09-06T22,L,2021-09-06 12:05:00,0.5866,0.05,0.1128,0.1155,0.1551,0.1551,0.6067,0.3933,0.0,3.5556,False,-4.0,False,131.0,False,131.0,False,,False,,False
2021-09-07T06,H,2021-09-07 03:20:00,0.4511,0.0413,0.0648,0.1052,0.1244,0.2828,0.6452,0.3508,0.004,1.2797,False,44.0,False,44.0,False,44.0,False,44.0,False,,False
2021-09-08T03,L,2021-09-07 15:10:00,0.8912,0.0086,0.1274,0.1356,0.2631,0.2631,0.9319,0.0679,0.0002,21.5886,False,-94.0,False,-93.0,False,-92.0,False,-87.0,False,,False
2021-09-08T06,H,2021-09-08 04:00:00,0.0,,,,0.1261,0.1261,0.4863,0.5068,0.0068,0.4511,True,35.0,False,38.0,False,39.0,False,44.0,False,,False
2021-09-08T09,L,2021-09-08 08:25:00,0.1322,0.0683,0.3559,0.4073,0.89,0.9069,0.3098,0.4562,0.234,1.5854,True,7.0,True,7.0,True,7.0,True,7.0,True,10.0,True
2021-09-09T23,H,2021-09-09 16:55:00,0.7918,0.1184,0.2609,0.3094,0.4923,0.4923,0.4958,0.3627,0.1414,2.4664,False,-70.0,False,-52.0,False,-52.0,False,18.0,False,61.0,False
2021-09-10T01,L,2021-09-10 00:15:00,0.0409,0.243,0.7194,0.845,0.8397,0.894,0.8093,0.1907,0.0,1.0124,True,1.0,True,3.0,True,3.0,True,6.0,True,14.0,False
2021-09-10T06,H,2021-09-10 02:00:00,0.0,,,0.0925,0.117,0.1176,0.6939,0.3061,0.0,4.3239,True,19.0,False,40.0,False,40.0,False,41.0,False,64.0,False
2021-09-11T03,L,2021-09-10 21:55:00,0.7268,0.097,0.0592,0.1196,0.0931,0.2105,0.5044,0.4811,0.0145,4.8281,False,-47.0,False,-35.0,False,-20.0,False,37.0,False,51.0,False
2021-09-11T22,H,2021-09-11 16:40:00,0.7978,0.0562,0.1173,0.137,0.1806,0.1975,0.8456,0.1544,0.0,7.1245,False,-147.0,False,-112.0,False,-107.0,False,64.0,False,66.0,False
2021-09-12T05,L,2021-09-12 01:25:00,0.4935,0.009,0.0134,0.0119,0.0438,0.0464,0.0574,0.4833,0.4593,1.4675,False,45.0,False,,False,,False,,False,,False
2021-09-12T20,H,2021-09-12 13:35:00,0.9664,0.2511,0.6716,0.5401,0.6763,0.687,0.4218,0.5756,0.0027,3.244,False,-89.0,False,-88.0,False,-87.0,False,-82.0,False,-79.0,False
2021-09-13T00,L,2021-09-12 21:05:00,0.0155,0.045,0.0387,0.0622,0.1384,0.1384,0.0712,0.7299,0.1989,1.6131,True,25.0,False,25.0,False,26.0,False,36.0,False,,False
2021-09-13T01,H,2021-09-13 01:00:00,0.0,,,,0.9347,0.9347,0.5878,0.4046,0.0076,1.2615,True,11.0,True,11.0,True,11.0,True,11.0,True,11.0,True
2021-09-13T13,L,2021-09-13 11:15:00,0.8496,0.0434,0.2687,0.3733,0.5655,0.5655,0.8558,0.143,0.0012,3.4802,False,-104.0,False,-66.0,False,-66.0,False,-32.0,False,33.0,False
2021-09-13T14,H,2021-09-13 14:00:00,0.0,,0.4918,0.7053,0.7673,0.7673,0.0873,0.7094,0.2033,3.637,True,5.0,True,5.0,True,5.0,True,14.0,False,,False
2021-09-13T19,L,2021-09-13 15:00:00,0.0,,,,0.8143,0.8393,0.5265,0.2674,0.2061,2.2921,True,8.0,True,8.0,True,9.0,True,11.0,True,15.0,False
2021-09-15T04,H,2021-09-15 01:15:00,0.9692,0.3747,0.386,0.7099,0.8807,0.8878,0.0027,0.8301,0.1671,3.0765,False,-152.0,False,-54.0,False,-53.0,False,-49.0,False,-47.0,False
2021-09-15T13,L,2021-09-15 06:25:00,0.0831,0.0033,0.0063,0.0063,0.0146,0.0181,0.1753,0.6289,0.1959,1.9983,False,,False,,False,,False,,False,,False
2021-09-15T23,H,2021-09-15 23:20:00,0.5982,0.2235,0.6087,0.8084,,0.8511,0.5949,0.4008,0.0042,2.8091,True,-98.0,False,3.0,True,5.0,True,6.0,True,,False
2021-09-17T03,L,2021-09-16 20:55:00,0.6306,0.153,0.2975,0.5042,0.5657,0.5785,0.6319,0.3681,0.0,3.692,False,-194.0,False,-166.0,False,27.0,False,56.0,False,61.0,False
2021-09-17T10,H,2021-09-17 05:05:00,0.5374,0.0168,0.0448,0.0698,0.1319,0.1319,0.2727,0.7273,0.0,1.3655,False,-9.0,False,59.0,False,62.0,False,64.0,False,67.0,False
2021-09-18T01,L,2021-09-17 18:20:00,0.5189,0.2038,0.259,0.3612,0.4792,0.4792,0.4292,0.5201,0.0507,4.9271,False,-31.0,False,14.0,False,16.0,False,17.0,False,45.0,False
2021-09-18T16,H,2021-09-18 05:50:00,0.2619,0.1872,0.1192,0.1522,0.1584,0.2609,0.4418,0.5582,0.0,7.8183,False,74.0,False,75.0,False,96.0,False,126.0,False,134.0,False
2021-09-20T20,L,2021-09-20 12:40:00,0.9738,0.0609,0.6852,0.4841,0.7865,0.8241,0.6382,0.2668,0.095,9.9578,False,-449.0,False,-448.0,False,-440.0,False,-342.0,False,-332.0,False
2021-09-21T00,H,2021-09-20 21:50:00,0.3291,0.0524,0.0713,0.0367,0.1048,0.1176,0.2606,0.672,0.0674,2.5939,False,30.0,False,31.0,False,,False,,False,,False
2021-09-21T03,L,2021-09-21 01:00:00,0.0,,,,0.2022,0.2233,0.4938,0.3461,0.1601,3.758,True,31.0,False,31.0,False,31.0,False,43.0,False,43.0,False
2021-09-21T19,H,2021-09-21 10:50:00,0.1258,0.0237,0.0736,0.0819,0.0775,0.0955,0.8371,0.1156,0.0473,4.7274,False,48.0,False,50.0,False,78.0,False,79.0,False,101.0,False
2021-09-22T02,L,2021-09-21 21:20:00,0.498,0.0477,0.383,0.4337,0.4659,0.5806,0.7,0.1725,0.1275,5.7444,True,5.0,True,56.0,False,56.0,False,68.0,False,,False
2021-09-23T10,H,2021-09-23 07:00:00,0.9232,0.2092,0.4724,0.4154,0.2924,0.4724,0.6333,0.3667,0.0,3.2558,False,-228.0,False,-228.0,False,-110.0,False,-110.0,False,-72.0,False
2021-09-23T17,L,2021-09-23 11:55:00,0.4564,0.0786,0.0447,0.0421,0.0312,0.0803,0.1415,0.7736,0.0849,1.7245,False,,False,,False,,False,,False,,False
2021-09-24T01,H,2021-09-23 23:00:00,0.7418,0.1131,0.2356,0.102,0.1313,0.2402,0.4747,0.5231,0.0022,2.5362,False,-57.0,False,-56.0,False,-8.0,False,36.0,False,36.0,False
2021-09-24T21,L,2021-09-24 11:20:00,0.9411,0.1353,0.1979,0.5624,0.2705,0.5624,0.2115,0.7086,0.0799,5.3943,False,-64.0,False,-63.0,False,-61.0,False,-50.0,False,-43.0,False
2021-09-26T02,H,2021-09-24 22:00:00,0.0,,,0.2246,0.2782,0.2782,0.55,0.4474,0.0026,1.172,True,25.0,False,38.0,False,42.0,False,44.0,False,94.0,False
2021-09-26T09,L,2021-09-26 07:55:00,0.239,0.1699,0.5307,0.2994,0.5991,0.5991,0.2812,0.7159,0.0029,5.7671,True,3.0,True,13.0,False,17.0,False,18.0,False,18.0,False
2021-09-27T08,H,2021-09-27 01:45:00,0.9708,0.1291,0.1142,0.1704,0.2658,0.3044,0.2375,0.7566,0.0059,2.6558,False,-183.0,False,-78.0,False,-33.0,False,-33.0,False,-21.0,False
2021-09-28T20,L,2021-09-28 17:20:00,0.7855,0.0246,0.0544,0.0542,0.0943,0.0943,0.128,0.34,0.532,0.8214,False,-383.0,False,-226.0,False,-50.0,False,,False,,False
2021-09-29T16,H,2021-09-29 12:20:00,0.7645,0.0127,0.0154,0.0276,0.0324,0.0348,0.355,0.3375,0.3075,2.8815,False,-147.0,False,-145.0,False,-145.0,False,,False,,False
2021-09-30T00,L,2021-09-29 20:20:00,0.1359,0.0831,0.1073,0.1083,0.121,0.1895,0.2598,0.6163,0.1239,2.9381,True,48.0,False,48.0,False,53.0,False,54.0,False,56.0,False
2021-09-30T14,H,2021-09-30 04:05:00,0.2022,0.0981,0.2922,0.3048,0.4281,0.5267,0.7036,0.2964,0.0,1.7945,True,9.0,True,39.0,False,51.0,False,55.0,False,83.0,False
2021-09-30T18,L,2021-09-30 15:00:00,0.0,,,,0.0353,0.0353,0.5822,0.3615,0.0563,2.6946,True,53.0,False,55.0,False,55.0,False,58.0,False,58.0,False
2021-10-01T02,H,2021-09-30 19:05:00,0.0953,0.1431,0.1857,0.2175,0.5671,0.7203,0.2199,0.7801,0.0,1.5145,True,8.0,True,11.0,True,11.0,True,18.0,False,20.0,False
2021-10-01T07,L,2021-10-01 03:00:00,0.0,,0.0434,0.0686,0.1694,0.1694,0.0359,0.9203,0.0438,2.5092,True,49.0,False,49.0,False,55.0,False,56.0,False,57.0,False
2021-10-02T00,H,2021-10-01 22:10:00,0.4249,0.2647,0.3441,0.8169,0.7182,0.8697,0.5871,0.4129,0.0,0.9248,True,4.0,True,5.0,True,5.0,True,6.0,True,25.0,False
2021-10-03T17,L,2021-10-03 00:55:00,0.6301,0.125,0.2531,0.1349,0.3297,0.4161,0.3094,0.2604,0.4302,5.7689,False,-67.0,False,-59.0,False,55.0,False,73.0,False,205.0,False
2021-10-03T22,H,2021-10-03 18:00:00,0.0,,0.3174,0.3228,0.4713,0.4713,0.3375,0.5188,0.1437,6.0655,True,18.0,False,28.0,False,37.0,False,38.0,False,39.0,False
2021-10-04T13,L,2021-10-04 04:10:00,0.8188,0.0374,0.0684,0.1192,0.1174,0.1676,0.2054,0.5501,0.2445,3.7947,False,-59.0,False,-59.0,False,-54.0,False,-49.0,False,118.0,False
2021-10-04T14,H,2021-10-04 14:05:00,0.2732,0.1379,0.1158,0.224,,0.88,0.275,0.725,0.0,5.5902,True,7.0,True,7.0,True,8.0,True,10.0,True,,False
2021-10-04T16,L,2021-10-04 15:05:00,0.3634,0.1105,0.8168,0.825,0.9096,0.9096,0.6857,0.3143,0.0,2.6795,True,2.0,True,2.0,True,2.0,True,3.0,True,11.0,True
2021-10-05T15,H,2021-10-05 10:20:00,0.8704,0.1845,0.1957,0.3189,0.2749,0.478,0.2833,0.5017,0.215,2.9127,False,-28.0,False,-27.0,False,-17.0,False,-10.0,False,68.0,False
2021-10-05T18,L,2021-10-05 16:10:00,0.1347,0.3356,0.2054,0.3028,0.3816,0.4328,0.4409,0.5371,0.022,1.6595,True,23.0,False,23.0,False,27.0,False,29.0,False,,False
2021-10-06T05,H,2021-10-05 21:45:00,0.2639,0.1322,0.1211,0.201,0.1925,0.2095,0.2645,0.4205,0.315,1.7706,False,41.0,False,41.0,False,45.0,False,87.0,False,88.0,False
2021-10-06T13,L,2021-10-06 09:25:00,0.4303,0.0279,0.0195,0.0274,0.0642,0.0831,0.0282,0.8398,0.132,2.2584,False,35.0,False,36.0,False,42.0,False,43.0,False,43.0,False
2021-10-07T01,H,2021-10-06 14:00:00,0.0,,,,0.3304,0.4269,0.5514,0.4425,0.0062,6.1536,True,15.0,False,147.0,False,153.0,False,153.0,False,,False
2021-10-08T07,L,2021-10-07 14:40:00,0.6695,0.0168,0.0132,0.0147,0.0245,0.0245,0.5729,0.4271,0.0,10.3691,False,-23.0,False,-11.0,False,206.0,False,206.0,False,,False
2021-10-08T14,H,2021-10-08 08:40:00,0.0929,0.1024,0.1252,0.2715,0.4877,0.5516,0.6119,0.3881,0.0,4.4354,True,9.0,True,42.0,False,44.0,False,60.0,False,64.0,False
2021-10-09T04,L,2021-10-09 00:10:00,0.6974,0.3442,0.5398,0.5553,0.6806,0.7905,0.6028,0.3959,0.0014,2.6942,True,-107.0,False,-107.0,False,9.0,True,34.0,False,37.0,False
2021-10-09T19,H,2021-10-09 13:50:00,0.9112,0.2411,0.4033,0.3804,0.4126,0.4399,0.3834,0.6166,0.0,3.1587,False,-97.0,False,-30.0,False,-29.0,False,-29.0,False,-21.0,False
2021-10-10T04,L,2021-10-10 02:05:00,0.2486,0.1934,0.5314,0.5535,0.6754,0.7091,0.4041,0.5959,0.0,6.2364,True,3.0,True,7.0,True,8.0,True,17.0,False,32.0,False
2021-10-10T10,H,2021-10-10 05:05:00,0.0198,0.5955,0.64,0.6961,0.6049,0.7296,0.4466,0.5534,0.0,1.8116,True,0.0,True,3.0,True,4.0,True,33.0,False,50.0,False
2021-10-11T02,L,2021-10-10 23:55:00,0.9762,0.5859,0.8023,0.4443,0.8585,0.8695,0.1151,0.4979,0.387,4.1885,False,-146.0,False,-83.0,False,-83.0,False,-53.0,False,-47.0,False
2021-10-11T21,H,2021-10-11 19:50:00,0.4094,0.1914,0.6275,0.5787,0.3882,0.74,0.3966,0.6034,0.0,1.8916,True,3.0,True,3.0,True,5.0,True,26.0,False,26.0,False
2021-10-13T02,L,2021-10-12 20:10:00,0.7114,0.4102,0.5964,0.8374,0.7753,0.8623,0.2874,0.7126,0.0,17.1401,True,-171.0,False,-170.0,False,-168.0,False,4.0,True,17.0,False
2021-10-13T05,H,2021-10-13 03:05:00,0.0178,0.0816,0.087,0.1005,0.1696,0.1696,0.6368,0.3632,0.0,2.0812,True,30.0,False,30.0,False,30.0,False,31.0,False,35.0,False
2021-10-13T14,L,2021-10-13 09:10:00,0.3948,0.0362,0.1072,0.2383,0.4508,0.4508,0.5706,0.4279,0.0015,2.7002,True,16.0,False,17.0,False,30.0,False,34.0,False,65.0,False
2021-10-14T08,H,2021-10-14 02:30:00,0.5301,0.1223,0.152,0.1402,0.227,0.227,0.2378,0.7622,0.0,1.4799,False,-64.0,False,52.0,False,52.0,False,53.0,False,65.0,False
2021-10-15T02,L,2021-10-14 18:30:00,0.5197,0.0269,0.0621,0.1198,0.0399,0.1198,0.4554,0.5446,0.0,3.3406,False,-85.0,False,102.0,False,102.0,False,,False,,False
2021-10-16T01,H,2021-10-15 20:30:00,0.8709,0.8243,0.8397,0.6479,0.9258,0.9258,0.1528,0.7612,0.086,7.3649,True,-144.0,False,-144.0,False,-137.0,False,-119.0,False,12.0,True
2021-10-17T10,L,2021-10-16 17:35:00,0.3009,0.0147,0.0211,0.0303,0.0458,0.0458,0.7456,0.1447,0.1096,1.5917,False,125.0,False,198.0,False,,False,,False,,False
2021-10-17T12,H,2021-10-17 11:00:00,0.0,,0.2654,0.2585,0.4785,0.4798,0.3474,0.6526,0.0,3.3475,True,15.0,False,15.0,False,17.0,False,18.0,False,18.0,False
2021-10-17T13,L,2021-10-17 13:50:00,0.7173,0.3467,,,,0.7266,0.3905,0.5912,0.0182,1.7464,True,-7.0,False,-7.0,False,-3.0,False,,False,,False
2021-10-17T15,H,2021-10-17 14:00:00,0.0,,,,0.5462,0.5462,0.2603,0.7397,0.0,1.2517,True,12.0,True,16.0,False,21.0,False,27.0,False,31.0,False
2021-10-17T16,L,2021-10-17 16:00:00,0.0,,,0.3204,0.3647,0.3674,0.3488,0.6512,0.0,3.3912,True,16.0,False,16.0,False,16.0,False,16.0,False,,False
2021-10-17T19,H,2021-10-17 17:50:00,0.6601,0.0913,0.1786,0.2807,0.3396,0.3396,0.8972,0.0935,0.0093,1.295,False,-7.0,False,-7.0,False,17.0,False,26.0,False,26.0,False
2021-10-17T23,L,2021-10-17 20:25:00,0.3388,0.4332,0.4241,0.3376,0.7241,0.7241,0.1553,0.7949,0.0498,4.0607,True,8.0,True,8.0,True,10.0,True,16.0,False,18.0,False
2021-10-18T09,H,2021-10-18 07:40:00,0.2282,0.4201,0.6756,0.7638,0.8031,0.8043,0.1701,0.5699,0.2599,5.7957,True,3.0,True,3.0,True,4.0,True,7.0,True,16.0,False
2021-10-18T23,L,2021-10-18 13:10:00,0.3579,0.0247,0.0493,0.1998,0.6504,0.6504,0.0237,0.7327,0.2436,3.0241,True,12.0,True,12.0,True,34.0,False,34.0,False,37.0,False
2021-10-19T02,H,2021-10-19 00:40:00,0.1057,0.1842,0.2677,0.2986,0.2989,0.512,0.696,0.2654,0.0387,1.867,True,9.0,True,,False,,False,,False,,False
2021-10-19T03,L,2021-10-19 03:00:00,0.0,,0.2041,0.651,0.7313,0.7313,0.5484,0.4435,0.0081,1.0825,True,5.0,True,5.0,True,8.0,True,14.0,False,14.0,False
2021-10-19T11,H,2021-10-19 04:00:00,0.0,,,,0.6188,0.7033,0.4153,0.5833,0.0014,2.3182,True,7.0,True,7.0,True,10.0,True,17.0,False,20.0,False
2021-10-19T13,L,2021-10-19 12:05:00,0.0889,0.7446,0.9598,0.9513,0.8391,0.9704,0.3801,0.6164,0.0034,2.9381,True,0.0,True,0.0,True,0.0,True,1.0,True,1.0,True
2021-10-20T04,H,2021-10-19 23:50:00,0.9128,0.0178,0.037,0.0494,0.0651,0.0798,0.2735,0.3232,0.4033,0.5948,False,-118.0,False,-118.0,False,-112.0,False,-94.0,False,-91.0,False
2021-10-20T13,L,2021-10-20 05:55:00,0.4295,0.1905,0.3374,0.3738,0.2984,0.3738,0.0096,0.9904,0.0,3.2943,False,25.0,False,29.0,False,83.0,False,94.0,False,97.0,False
2021-10-20T22,H,2021-10-20 14:55:00,0.3526,0.0218,0.0372,0.0529,0.0359,0.0529,0.5591,0.4397,0.0012,1.2904,False,86.0,False,97.0,False,97.0,False,,False,,False
2021-10-22T03,L,2021-10-21 15:30:00,0.7759,0.1587,0.3481,0.4277,0.8382,0.8382,0.6325,0.2859,0.0816,8.8481,True,-196.0,False,-196.0,False,-75.0,False,12.0,True,141.0,False
2021-10-22T14,H,2021-10-22 09:05:00,0.0498,0.0106,0.0133,0.0328,0.0278,0.0364,0.3881,0.5089,0.103,2.5025,False,,False,,False,,False,,False,,False
2021-10-23T01,L,2021-10-22 16:20:00,0.7688,0.0745,0.2344,0.2243,0.0499,0.2665,0.4805,0.2017,0.3178,1.8844,False,-16.0,False,-15.0,False,-15.0,False,,False,,False
2021-10-24T06,H,2021-10-23 11:45:00,0.9081,0.0373,0.0388,0.0578,0.0315,0.0757,0.6456,0.3544,0.0,4.9031,False,-30.0,False,-29.0,False,-13.0,False,-10.0,False,-9.0,False
2021-10-24T20,L,2021-10-24 16:10:00,0.5841,0.1234,0.3181,0.4446,0.4407,0.448,0.5073,0.4367,0.056,4.4501,False,-62.0,False,14.0,False,46.0,False,46.0,False,49.0,False
2021-10-25T19,H,2021-10-25 16:55:00,0.9033,0.0201,0.0945,0.2174,0.4226,0.4933,0.5631,0.3495,0.0874,1.1894,False,-235.0,False,-231.0,False,-230.0,False,-224.0,False,-207.0,False
2021-10-27T19,L,2021-10-27 08:10:00,0.8731,0.039,0.4604,0.6032,0.6295,0.6729,0.5207,0.096,0.3833,19.4961,False,-381.0,False,-197.0,False,-197.0,False,-196.0,False,142.0,False
2021-10-28T22,H,2021-10-28 20:10:00,0.7983,0.3711,0.3622,0.4758,0.778,0.778,0.2211,0.5449,0.234,11.6273,False,-18.0,False,-18.0,False,-18.0,False,13.0,False,34.0,False
2021-10-29T01,L,2021-10-29 00:20:00,0.0323,0.1339,0.1791,0.3108,0.304,0.3108,0.0144,0.6774,0.3081,3.5389,True,,False,,False,,False,,False,,False
2021-10-29T05,H,2021-10-29 02:00:00,0.0,,,0.2578,0.2891,0.2891,0.8315,0.1685,0.0,3.6097,True,49.0,False,51.0,False,51.0,False,54.0,False,54.0,False
2021-10-29T15,L,2021-10-29 07:35:00,0.625,0.0836,0.101,0.0505,0.1117,0.1209,0.8504,0.1496,0.0,2.2808,False,-10.0,False,-7.0,False,101.0,False,101.0,False,101.0,False
2021-10-30T00,H,2021-10-29 16:20:00,0.1149,0.11,0.2424,0.3409,0.3162,0.4778,0.6143,0.2516,0.1342,0.8359,True,17.0,False,18.0,False,19.0,False,62.0,False,104.0,False
2021-10-30T23,L,2021-10-30 14:25:00,0.4719,0.4447,0.3047,0.5347,0.5362,0.5362,0.1024,0.7464,0.1512,12.6317,True,6.0,True,21.0,False,45.0,False,58.0,False,79.0,False
2021-10-31T05,H,2021-10-31 00:30:00,0.193,0.0275,0.0242,0.0183,0.0199,0.0275,0.1945,0.5918,0.2137,1.0752,False,54.0,False,55.0,False,57.0,False,,False,,False
2021-10-31T20,L,2021-10-31 13:40:00,0.7243,0.0199,0.0421,0.0364,0.0697,0.0812,0.0519,0.7037,0.2444,3.7892,False,-16.0,False,-16.0,False,-16.0,False,81.0,False,88.0,False
2021-11-01T03,H,2021-11-01 01:15:00,0.7094,0.032,0.048,0.1047,0.1694,0.1694,0.4706,0.5294,0.0,1.3536,False,-21.0,False,-15.0,False,-14.0,False,14.0,False,14.0,False
2021-11-01T07,L,2021-11-01 04:05:00,0.1225,0.0786,0.2953,0.4873,0.4901,0.5049,0.3243,0.6375,0.0383,3.9813,True,8.0,True,16.0,False,36.0,False,37.0,False,38.0,False
2021-11-01T16,H,2021-11-01 11:05:00,0.4855,0.0261,0.036,0.036,0.0459,0.0692,0.218,0.5724,0.2097,1.9743,False,69.0,False,71.0,False,71.0,False,71.0,False,71.0,False
2021-11-02T04,L,2021-11-01 19:05:00,0.14,0.4827,0.569,0.6071,0.8498,0.8745,0.5718,0.4282,0.0,5.0104,True,1.0,True,4.0,True,11.0,True,11.0,True,110.0,False
2021-11-02T21,H,2021-11-02 15:50:00,0.4673,0.1755,0.1188,0.3916,0.3419,0.4142,0.3738,0.6262,0.0,4.7702,False,21.0,False,31.0,False,38.0,False,55.0,False,62.0,False
2021-11-03T21,L,2021-11-03 18:05:00,0.7312,0.7487,0.8882,0.8769,0.8987,0.8987,0.3052,0.6946,0.0002,25.8209,True,-7.0,False,-1.0,False,-1.0,False,1.0,True,14.0,False
2021-11-04T01,H,2021-11-03 22:00:00,0.0,,0.0507,0.0942,0.1771,0.1771,0.3559,0.6384,0.0056,1.5642,True,46.0,False,51.0,False,,False,,False,,False
2021-11-04T23,L,2021-11-04 19:05:00,0.8879,0.7199,0.7638,0.8657,0.8145,0.8891,0.4485,0.5515,0.0,2.2177,True,-108.0,False,-99.0,False,-98.0,False,-94.0,False,15.0,False
2021-11-05T00,H,2021-11-05 00:00:00,0.0,,,,0.7818,0.7818,0.8868,0.1111,0.0021,4.0144,True,12.0,True,12.0,True,12.0,True,17.0,False,,False
2021-11-05T01,L,2021-11-05 01:00:00,0.0,0.3913,0.8912,0.8048,0.9968,0.9968,0.8845,0.1116,0.004,1.5668,True,1.0,True,1.0,True,2.0,True,3.0,True,4.0,True
2021-11-05T14,H,2021-11-05 06:30:00,0.117,0.1287,0.2583,0.3514,0.3079,0.3514,0.3201,0.6799,0.0,2.7874,True,22.0,False,38.0,False,38.0,False,50.0,False,65.0,False
2021-11-06T01,L,2021-11-05 16:05:00,0.1423,0.0776,0.1186,0.0947,0.0939,0.1294,0.4842,0.4237,0.0921,1.0741,False,105.0,False,,False,,False,,False,,False
2021-11-06T10,H,2021-11-06 06:05:00,0.719,0.0476,0.1305,0.1394,0.1437,0.1745,0.7692,0.2267,0.004,4.0776,False,-44.0,False,-40.0,False,-37.0,False,55.0,False,58.0,False
2021-11-06T17,L,2021-11-06 12:20:00,0.0493,0.0542,0.2834,0.153,0.3818,0.3818,0.6078,0.3882,0.0039,1.4932,True,22.0,False,48.0,False,68.0,False,,False,,False
2021-11-07T13,H,2021-11-07 10:10:00,0.7581,0.1924,0.1755,0.3254,0.657,0.657,0.2699,0.7285,0.0015,8.0741,False,-22.0,False,-13.0,False,-13.0,False,34.0,False,34.0,False
2021-11-07T17,L,2021-11-07 15:30:00,0.2767,0.0223,0.0736,0.2292,0.0891,0.3134,1.0,0.0,0.0,1.5474,True,30.0,False,,False,,False,,False,,False
2021-11-08T13,H,2021-11-08 07:15:00,0.6598,0.2087,0.3844,0.5897,0.3671,0.6498,0.0391,0.9595,0.0013,3.6582,False,-140.0,False,-138.0,False,77.0,False,77.0,False,79.0,False
2021-11-09T00,L,2021-11-08 14:45:00,0.165,0.007,0.0193,0.0727,0.0229,0.0727,0.7442,0.093,0.1628,1.0637,False,,False,,False,,False,,False,,False
2021-11-09T08,H,2021-11-09 03:45:00,0.2157,0.1757,0.0354,0.0733,0.1135,0.1757,0.5825,0.4175,0.0,10.1074,False,54.0,False,,False,,False,,False,,False
2021-11-10T13,L,2021-11-10 13:35:00,0.8838,0.9684,0.994,,,0.9989,0.3521,0.5778,0.0701,20.1299,True,-333.0,False,-331.0,False,-187.0,False,-187.0,False,0.0,True
2021-11-10T20,H,2021-11-10 14:20:00,0.1123,0.0632,0.1935,0.1954,0.1532,0.3481,0.1595,0.6582,0.1823,1.6721,True,65.0,False,65.0,False,65.0,False,68.0,False,68.0,False
2021-11-11T09,L,2021-11-10 21:25:00,0.4059,0.0733,0.5373,0.2826,0.2469,0.5373,0.8964,0.1036,0.0,5.6589,True,2.0,True,78.0,False,119.0,False,125.0,False,139.0,False
2021-11-12T09,H,2021-11-11 10:00:00,0.0,,,0.1776,0.4353,0.4353,0.9152,0.0848,0.0,2.1519,True,16.0,False,19.0,False,19.0,False,27.0,False,33.0,False
2021-11-12T19,L,2021-11-12 16:45:00,0.8366,0.0116,0.1348,0.123,0.1101,0.1454,0.3707,0.2918,0.3375,2.4173,False,-76.0,False,-66.0,False,-61.0,False,-54.0,False,,False
2021-11-14T08,H,2021-11-14 00:30:00,0.9153,0.0419,0.068,0.0594,0.0628,0.1028,0.3333,0.4876,0.179,6.4509,False,-154.0,False,-150.0,False,-150.0,False,-143.0,False,-138.0,False
2021-11-14T23,L,2021-11-14 17:00:00,0.7215,0.0396,0.053,0.048,0.114,0.114,0.1371,0.8629,0.0,1.0737,False,-51.0,False,-51.0,False,-36.0,False,75.0,False,80.0,False
2021-11-15T13,H,2021-11-15 09:15:00,0.5036,0.0449,0.1789,0.3474,0.5218,0.5218,0.7703,0.1661,0.0636,5.0544,True,-11.0,False,28.0,False,33.0,False,45.0,False,45.0,False
2021-11-16T14,L,2021-11-16 10:15:00,0.8692,0.0891,0.3449,0.7879,0.9221,0.9221,0.6186,0.1476,0.2338,8.3113,True,-109.0,False,-109.0,False,-109.0,False,-109.0,False,12.0,True
2021-11-18T05,H,2021-11-16 15:00:00,0.0,,0.0843,0.0818,0.2506,0.2506,0.2615,0.6148,0.1237,2.1758,True,60.0,False,71.0,False,120.0,False,148.0,False,227.0,False
2021-11-19T08,L,2021-11-19 03:50:00,0.7047,0.0377,0.0274,0.0351,0.0402,0.0428,0.2775,0.5311,0.1914,0.8404,False,-148.0,False,-148.0,False,-146.0,False,62.0,False,62.0,False
2021-11-20T13,H,2021-11-20 02:25:00,0.221,0.0273,0.0617,0.0674,0.0969,0.0969,0.1027,0.8973,0.0,1.2834,False,91.0,False,103.0,False,107.0,False,,False,,False
2021-11-20T19,L,2021-11-20 16:25:00,0.4578,0.2089,0.4098,0.3467,0.3338,0.4686,0.4789,0.4924,0.0287,2.5094,True,16.0,False,18.0,False,19.0,False,23.0,False,23.0,False
2021-11-21T03,H,2021-11-20 23:50:00,0.348,0.1019,0.2627,0.4028,0.6265,0.6265,0.4141,0.1013,0.4846,1.731,True,9.0,True,10.0,True,24.0,False,32.0,False,34.0,False
2021-11-21T16,L,2021-11-21 10:45:00,0.5432,0.017,0.0309,0.2686,0.0315,0.2686,0.66,0.34,0.0,5.3305,False,-45.0,False,65.0,False,74.0,False,74.0,False,75.0,False
2021-11-21T22,H,2021-11-21 17:05:00,0.2851,0.025,0.0293,0.0773,0.283,0.283,0.2141,0.7816,0.0043,2.0065,False,61.0,False,68.0,False,71.0,False,71.0,False,71.0,False
2021-11-22T13,L,2021-11-22 13:25:00,0.8292,0.0685,0.4076,0.5357,,0.9844,0.5948,0.1477,0.2575,3.0655,True,-76.0,False,-51.0,False,-10.0,False,-10.0,False,7.0,True
2021-11-22T18,H,2021-11-22 14:00:00,0.0,,,0.0483,0.0929,0.0929,0.5882,0.4116,0.0003,4.1902,True,41.0,False,47.0,False,51.0,False,59.0,False,64.0,False
2021-11-23T02,L,2021-11-22 21:05:00,0.2067,0.0467,0.0215,0.0639,0.0374,0.0639,0.3355,0.6645,0.0,1.6841,False,71.0,False,71.0,False,71.0,False,,False,,False
2021-11-24T02,H,2021-11-23 20:00:00,0.9493,0.0724,0.13,0.1936,0.0561,0.2436,0.596,0.3315,0.0725,1.8617,False,-174.0,False,-174.0,False,-167.0,False,-154.0,False,-144.0,False
2021-11-24T18,L,2021-11-24 14:25:00,0.7406,0.1775,0.1733,0.1762,0.3289,0.409,0.2905,0.2011,0.5084,4.5328,False,-110.0,False,-90.0,False,-54.0,False,31.0,False,32.0,False
2021-11-25T23,H,2021-11-25 16:05:00,0.805,0.0483,0.0348,0.0998,0.0822,0.1079,0.6372,0.3614,0.0014,7.7452,False,-207.0,False,-139.0,False,-137.0,False,-124.0,False,,False
2021-11-27T00,L,2021-11-26 12:15:00,0.64,0.0517,0.1519,0.2018,0.1852,0.2133,0.0085,0.8614,0.1301,1.7328,False,-75.0,False,-75.0,False,144.0,False,147.0,False,,False
2021-11-28T02,H,2021-11-27 08:40:00,0.6781,0.0119,0.0458,0.0335,0.2208,0.2418,0.4858,0.5142,0.0,2.8076,False,-87.0,False,-4.0,False,17.0,False,148.0,False,152.0,False
2021-11-28T07,L,2021-11-28 03:00:00,0.0,,0.2424,0.1526,0.0799,0.259,0.0637,0.5846,0.3516,2.2063,True,49.0,False,51.0,False,56.0,False,,False,,False
2021-11-28T16,H,2021-11-28 10:55:00,0.5466,0.0551,0.0896,0.1249,0.2378,0.2678,0.2824,0.7147,0.0029,4.3343,False,-1.0,False,40.0,False,63.0,False,67.0,False,70.0,False
2021-11-28T19,L,2021-11-28 18:45:00,0.472,0.4105,0.6336,0.8313,0.8553,0.8553,0.1927,0.537,0.2703,10.9308,True,1.0,True,1.0,True,5.0,True,6.0,True,15.0,False
2021-11-29T10,H,2021-11-29 01:15:00,0.2291,0.166,0.316,0.3996,0.5355,0.5355,0.1111,0.8889,0.0,3.814,True,12.0,True,14.0,False,18.0,False,46.0,False,93.0,False
2021-11-29T17,L,2021-11-29 11:00:00,0.0,,,,0.0942,0.0942,0.0079,0.7953,0.1969,0.931,True,84.0,False,86.0,False,87.0,False,95.0,False,,False
2021-11-29T22,H,2021-11-29 18:30:00,0.0947,0.1546,0.1594,0.059,0.1305,0.2236,0.2716,0.5288,0.1996,1.3946,True,54.0,False,54.0,False,54.0,False,,False,,False
2021-11-30T13,L,2021-11-30 06:20:00,0.7064,0.0853,0.2857,0.3821,0.4157,0.5063,0.2359,0.7258,0.0383,5.0786,False,-29.0,False,-27.0,False,-26.0,False,29.0,False,60.0,False
2021-11-30T16,H,2021-11-30 15:35:00,0.2013,0.17,0.5937,0.7975,0.8128,0.8785,0.6484,0.3516,0.0,1.3853,True,3.0,True,4.0,True,4.0,True,5.0,True,17.0,False
2021-11-30T18,L,2021-11-30 17:10:00,0.0098,0.0094,0.0239,0.0457,0.1125,0.1125,0.6113,0.1873,0.2014,0.6198,True,22.0,False,,False,,False,,False,,False
2021-11-30T21,H,2021-11-30 19:00:00,0.0,0.0264,0.0727,0.159,0.2141,0.225,0.52,0.16,0.32,1.9861,True,32.0,False,32.0,False,33.0,False,,False,,False
2021-12-01T13,L,2021-12-01 00:05:00,0.2349,0.0144,0.0535,0.0555,0.0825,0.0917,0.2613,0.4555,0.2832,5.5826,False,143.0,False,156.0,False,162.0,False,162.0,False,167.0,False
2021-12-01T20,H,2021-12-01 16:20:00,0.083,0.0966,0.2,0.2035,0.2233,0.2509,0.1027,0.4886,0.4087,1.8372,True,24.0,False,30.0,False,34.0,False,35.0,False,49.0,False
2021-12-02T14,L,2021-12-02 03:25:00,0.7229,0.0806,0.0602,0.1949,0.2807,0.3322,0.5332,0.4668,0.0,5.5138,False,-51.0,False,-47.0,False,-23.0,False,61.0,False,139.0,False
2021-12-02T16,H,2021-12-02 15:05:00,0.0899,0.0708,0.62,0.7875,0.7252,0.8738,0.5483,0.3621,0.0897,2.2221,True,2.0,True,3.0,True,6.0,True,8.0,True,,False
2021-12-02T18,L,2021-12-02 17:00:00,0.0,,0.0786,0.1193,0.1735,0.1966,0.3644,0.6297,0.0058,1.7856,True,26.0,False,26.0,False,26.0,False,26.0,False,,False
2021-12-03T02,H,2021-12-02 20:45:00,0.2236,0.0259,0.0309,0.069,0.0298,0.0908,0.6491,0.3509,0.0,1.8687,False,44.0,False,71.0,False,72.0,False,75.0,False,75.0,False
2021-12-03T04,L,2021-12-03 03:00:00,0.0,,0.0894,0.0673,0.2506,0.3421,0.4318,0.4756,0.0925,4.2808,True,18.0,False,18.0,False,23.0,False,26.0,False,26.0,False
2021-12-03T15,H,2021-12-03 13:35:00,0.8819,0.3834,0.9372,0.9412,0.9466,0.9614,0.5204,0.4796,0.0,10.1697,True,-97.0,False,-97.0,False,-36.0,False,-35.0,False,3.0,True
2021-12-04T15,L,2021-12-04 05:30:00,0.9758,0.4334,0.435,0.5011,0.6775,0.6775,0.2745,0.6987,0.0268,16.9297,False,-110.0,False,-110.0,False,-109.0,False,-109.0,False,-109.0,False
2021-12-06T06,H,2021-12-05 00:15:00,0.2095,0.0502,0.0573,0.152,0.0717,0.152,0.2095,0.7772,0.0133,2.9685,False,177.0,False,177.0,False,179.0,False,181.0,False,189.0,False
2021-12-06T15,L,2021-12-06 09:40:00,0.9562,0.4527,0.4305,0.6593,0.5907,0.6846,0.4361,0.5313,0.0325,4.7832,False,-21.0,False,-20.0,False,-20.0,False,-19.0,False,-19.0,False
2021-12-07T13,H,2021-12-07 01:25:00,0.217,0.0759,0.1095,0.1352,0.1451,0.1479,0.3043,0.695,0.0007,8.2722,False,139.0,False,139.0,False,139.0,False,151.0,False,,False
2021-12-07T15,L,2021-12-07 14:00:00,0.0,,,0.0342,0.1497,0.1497,0.2488,0.4585,0.2927,1.1518,True,25.0,False,26.0,False,,False,,False,,False
2021-12-07T16,H,2021-12-07 16:00:00,0.0,,0.2965,0.6003,0.8287,0.8287,0.6639,0.2626,0.0735,1.2762,True,5.0,True,6.0,True,11.0,True,12.0,True,,False
2021-12-08T15,L,2021-12-08 12:25:00,0.5274,0.1723,0.4109,0.7124,0.6815,0.8203,0.4441,0.4388,0.1171,5.8267,True,-7.0,False,5.0,True,6.0,True,8.0,True,25.0,False
2021-12-09T02,H,2021-12-08 16:00:00,0.0,,,,0.4499,0.5205,0.4268,0.5457,0.0275,2.228,True,11.0,True,14.0,False,15.0,False,132.0,False,,False
2021-12-10T01,L,2021-12-09 20:40:00,0.5462,0.0182,0.0203,0.0355,0.0494,0.0494,0.2635,0.6115,0.125,0.7158,False,-94.0,False,64.0,False,64.0,False,64.0,False,,False
2021-12-10T17,H,2021-12-10 13:40:00,0.1308,0.0992,0.1353,0.1385,0.2332,0.3024,0.6421,0.3579,0.0,14.051,True,14.0,False,14.0,False,16.0,False,16.0,False,17.0,False
2021-12-10T20,L,2021-12-10 18:00:00,0.0,,,0.0842,0.162,0.2489,0.488,0.0225,0.4896,1.7166,True,40.0,False,40.0,False,40.0,False,,False,,False
2021-12-10T22,H,2021-12-10 21:15:00,0.0726,0.0522,0.0595,0.0658,0.1631,0.196,0.066,0.8604,0.0736,2.8643,True,21.0,False,21.0,False,21.0,False,,False,,False
2021-12-11T02,L,2021-12-10 23:55:00,0.1249,0.3105,0.3888,0.5277,0.8681,0.87,0.7036,0.2534,0.043,7.7974,True,1.0,True,7.0,True,7.0,True,7.0,True,14.0,False
2021-12-12T08,H,2021-12-12 00:25:00,0.9792,0.1048,0.2705,0.4066,0.3148,0.4066,0.062,0.7416,0.1964,2.1214,False,-217.0,False,-216.0,False,-216.0,False,-214.0,False,-201.0,False
2021-12-12T13,L,2021-12-12 10:15:00,0.1294,0.0093,0.0269,0.0137,0.024,0.0269,0.0103,0.6598,0.3299,3.3254,False,45.0,False,45.0,False,,False,,False,,False
2021-12-13T00,H,2021-12-12 17:05:00,0.5843,0.7613,0.7119,0.869,0.5391,0.869,0.3215,0.6444,0.0341,9.1197,True,-37.0,False,0.0,True,0.0,True,1.0,True,57.0,False
2021-12-14T03,L,2021-12-13 19:35:00,0.9211,0.4423,0.754,0.8042,0.747,0.9412,0.2971,0.6742,0.0287,10.1425,True,-217.0,False,-217.0,False,-191.0,False,-180.0,False,-164.0,False
2021-12-15T12,H,2021-12-14 21:10:00,0.0902,0.3738,0.2091,0.1735,0.1376,0.3738,0.2961,0.7035,0.0005,6.4104,True,106.0,False,106.0,False,106.0,False,121.0,False,178.0,False
2021-12-15T20,L,2021-12-15 16:05:00,0.4264,0.1342,0.0768,0.1458,0.1909,0.1909,0.6587,0.1408,0.2004,3.2565,False,32.0,False,33.0,False,36.0,False,47.0,False,47.0,False
2021-12-16T07,H,2021-12-15 21:00:00,0.0,,,0.1196,0.1458,0.2068,0.455,0.4347,0.1103,1.9402,True,84.0,False,94.0,False,114.0,False,114.0,False,114.0,False
2021-12-16T10,L,2021-12-16 08:20:00,0.5936,0.4499,0.4794,0.7017,0.7273,0.7273,0.4675,0.3766,0.1558,1.1683,True,-4.0,False,5.0,True,6.0,True,18.0,False,21.0,False
2021-12-16T12,H,2021-12-16 11:45:00,0.569,0.0885,0.174,0.2074,0.7772,0.7772,0.7089,0.2911,0.0,4.0102,True,-6.0,False,12.0,True,12.0,True,15.0,False,15.0,False
2021-12-17T19,L,2021-12-17 15:20:00,0.7707,0.3505,0.8824,0.9534,0.9853,0.9853,0.0894,0.9106,0.0,6.4986,True,-311.0,False,-302.0,False,-124.0,False,3.0,True,4.0,True
2021-12-17T20,H,2021-12-17 20:00:00,0.0,,,,0.211,0.2594,0.1342,0.6759,0.1899,3.4286,True,17.0,False,17.0,False,20.0,False,,False,,False
2021-12-17T21,L,2021-12-17 21:05:00,0.2234,0.3727,0.7732,0.7952,,0.9913,0.5,0.5,0.0,1.1005,True,2.0,True,3.0,True,3.0,True,7.0,True,7.0,True
2021-12-17T23,H,2021-12-17 22:00:00,0.0,,,0.6736,0.8824,0.9174,0.8038,0.1962,0.0,4.4272,True,6.0,True,6.0,True,7.0,True,7.0,True,8.0,True
2021-12-18T04,L,2021-12-18 02:10:00,0.6885,0.1953,0.2622,0.2734,0.2723,0.3139,0.4651,0.3697,0.1652,1.9743,False,-17.0,False,-17.0,False,26.0,False,34.0,False,34.0,False
2021-12-19T11,H,2021-12-19 04:45:00,0.9626,0.0247,0.0253,0.0235,0.0535,0.0535,0.28,0.72,0.0,3.2446,False,-129.0,False,-115.0,False,-114.0,False,-65.0,False,-52.0,False
2021-12-19T13,L,2021-12-19 12:20:00,0.283,0.2692,0.3091,0.4297,0.5833,0.7613,0.5085,0.4915,0.0,1.6951,True,7.0,True,10.0,True,11.0,True,20.0,False,20.0,False
2021-12-19T15,H,2021-12-19 14:05:00,0.2474,0.6567,0.9617,0.963,0.9728,0.9728,0.3739,0.6261,0.0,5.1238,True,0.0,True,0.0,True,2.0,True,2.0,True,2.0,True
2021-12-20T17,L,2021-12-20 14:25:00,0.7481,0.0767,0.1595,0.1594,0.2778,0.3435,0.2453,0.753,0.0017,3.7889,False,-200.0,False,-195.0,False,-186.0,False,31.0,False,43.0,False
2021-12-21T17,H,2021-12-21 08:15:00,0.2875,0.1115,0.0934,0.1141,0.2143,0.2788,0.1274,0.8603,0.0123,8.2173,False,93.0,False,93.0,False,115.0,False,117.0,False,,False
2021-12-23T13,L,2021-12-23 07:50:00,0.868,0.0244,0.0318,0.0318,0.0575,0.0728,0.5844,0.363,0.0526,5.0883,False,-409.0,False,-409.0,False,-395.0,False,-394.0,False,,False
2021-12-24T07,H,2021-12-24 02:05:00,0.8892,0.3157,0.6217,0.7502,0.8744,0.8744,0.6654,0.3346,0.0,2.9928,False,-141.0,False,-135.0,False,-58.0,False,-34.0,False,37.0,False
2021-12-25T21,L,2021-12-25 17:25:00,0.6847,0.3252,0.3766,0.6801,0.8017,0.8017,0.6484,0.3516,0.0,15.3094,True,-269.0,False,-269.0,False,7.0,True,11.0,True,14.0,False
2021-12-25T22,H,2021-12-25 22:00:00,0.0,,0.2518,0.4276,0.8868,0.8868,0.5915,0.4014,0.007,1.2092,True,8.0,True,8.0,True,9.0,True,9.0,True,15.0,False
2021-12-26T15,L,2021-12-26 11:50:00,0.7458,0.8433,0.9273,0.9309,0.9694,0.9694,0.5173,0.481,0.0017,12.4243,True,-24.0,False,-24.0,False,-24.0,False,0.0,True,1.0,True
2021-12-27T11,H,2021-12-26 22:40:00,0.3699,0.2017,0.5713,0.8126,0.8903,0.9163,0.7049,0.2951,0.0,5.2226,True,2.0,True,5.0,True,5.0,True,5.0,True,10.0,True
2021-12-27T12,L,2021-12-27 12:20:00,0.3161,0.0059,0.0791,0.0174,,0.1134,0.9964,0.0,0.0036,2.9629,False,,False,,False,,False,,False,,False
2021-12-27T21,H,2021-12-27 17:50:00,0.5706,0.3715,0.5726,0.8688,0.8985,0.9031,0.054,0.8175,0.1285,3.5961,True,-50.0,False,1.0,True,5.0,True,6.0,True,11.0,True
2021-12-29T02,L,2021-12-28 22:40:00,0.986,0.1033,0.2708,0.1894,0.3629,0.3629,0.5137,0.4836,0.0027,1.0996,False,-96.0,False,-96.0,False,-96.0,False,-96.0,False,-95.0,False
2021-12-29T23,H,2021-12-29 03:15:00,0.17,0.0201,0.0507,0.0369,0.0222,0.0532,0.0244,0.6951,0.2805,1.6528,False,,False,,False,,False,,False,,False
2021-12-30T06,L,2021-12-30 00:00:00,0.0,,,,0.3075,0.3075,0.543,0.457,0.0,6.8158,True,43.0,False,43.0,False,55.0,False,55.0,False,79.0,False
2021-12-31T00,H,2021-12-30 18:55:00,0.6356,0.1637,0.1773,0.2085,0.3359,0.3359,0.5652,0.4348,0.0,3.9144,False,-36.0,False,-35.0,False,23.0,False,26.0,False,73.0,False
2021-12-31T04,L,2021-12-31 02:30:00,0.8421,0.3758,0.3297,0.3463,0.456,0.4807,0.2251,0.7717,0.0032,1.7737,False,-18.0,False,-18.0,False,-18.0,False,-13.0,False,30.0,False
2021-12-31T17,H,2021-12-31 08:50:00,0.9028,0.1371,0.0843,0.1021,0.1782,0.278,0.1675,0.8325,0.0,2.4473,False,-25.0,False,-25.0,False,-19.0,False,-18.0,False,-7.0,False
2022-01-01T05,L,2021-12-31 20:00:00,0.1178,0.0565,0.2166,0.1904,0.1197,0.2166,0.7423,0.2555,0.0022,1.4824,True,36.0,False,43.0,False,86.0,False,96.0,False,113.0,False
2022-01-02T04,H,2022-01-01 17:50:00,0.7162,0.1803,0.3022,0.3672,0.7177,0.7652,0.4425,0.4156,0.1418,3.4803,True,-98.0,False,-70.0,False,-34.0,False,20.0,False,95.0,False
2022-01-02T16,L,2022-01-02 05:00:00,0.0,,0.0487,0.0476,0.0749,0.0749,0.8459,0.0423,0.1118,2.3207,True,145.0,False,145.0,False,145.0,False,145.0,False,,False
2022-01-02T18,H,2022-01-02 17:05:00,0.0263,0.2435,0.5478,0.6765,0.7999,0.7999,0.1938,0.8041,0.0021,2.6449,True,1.0,True,6.0,True,9.0,True,13.0,False,16.0,False
2022-01-03T10,L,2022-01-02 19:00:00,0.0,,,0.6959,0.4441,0.6979,0.65,0.35,0.0,2.3961,True,5.0,True,5.0,True,42.0,False,50.0,False,65.0,False
2022-01-03T15,H,2022-01-03 12:20:00,0.2584,0.1856,0.4061,0.4353,0.4332,0.5259,0.0316,0.7708,0.1976,1.5429,True,8.0,True,23.0,False,30.0,False,34.0,False,44.0,False
2022-01-04T06,L,2022-01-03 20:45:00,0.5133,0.1405,0.2579,0.1803,0.5007,0.6236,0.2014,0.7986,0.0,1.8677,True,-16.0,False,10.0,True,18.0,False,23.0,False,114.0,False
2022-01-04T18,H,2022-01-04 15:10:00,0.5302,0.1997,0.2804,0.4414,0.8053,0.8053,0.6343,0.2985,0.0672,1.5918,True,-64.0,False,9.0,True,10.0,True,12.0,True,34.0,False
2022-01-05T03,L,2022-01-04 19:00:00,0.0,,0.6278,0.6905,0.6627,0.746,0.1913,0.7425,0.0662,3.6553,True,3.0,True,3.0,True,5.0,True,37.0,False,77.0,False
2022-01-05T17,H,2022-01-05 10:15:00,0.7261,0.0971,0.2687,0.3496,0.4671,0.4671,0.2852,0.6477,0.0671,4.2575,False,-60.0,False,-56.0,False,-55.0,False,18.0,False,26.0,False
2022-01-06T11,L,2022-01-06 10:00:00,0.7382,0.6702,0.8272,0.9114,0.9566,0.9566,0.0833,0.8513,0.0654,3.6491,True,-126.0,False,-113.0,False,-104.0,False,1.0,True,6.0,True
2022-01-07T04,H,2022-01-06 20:10:00,0.5263,0.0294,0.1302,0.1554,0.1698,0.1698,0.3893,0.6107,0.0,0.9905,False,-92.0,False,82.0,False,87.0,False,87.0,False,106.0,False
2022-01-07T09,L,2022-01-07 05:00:00,0.0,,,0.4045,0.6135,0.6897,0.5058,0.4243,0.0698,1.9596,True,7.0,True,8.0,True,21.0,False,46.0,False,47.0,False
2022-01-07T15,H,2022-01-07 13:35:00,0.2459,0.1486,0.5623,0.5768,0.5332,0.6964,0.4974,0.5026,0.0,9.0176,True,1.0,True,2.0,True,19.0,False,29.0,False,29.0,False
2022-01-07T16,L,2022-01-07 16:00:00,0.0,,0.395,0.3671,0.6794,0.6794,0.0629,0.7874,0.1496,4.6997,True,7.0,True,10.0,True,13.0,False,13.0,False,13.0,False
2022-01-08T16,H,2022-01-07 17:00:00,0.0,0.0417,0.0986,0.1632,0.1183,0.1774,0.356,0.516,0.128,1.6851,True,264.0,False,265.0,False,283.0,False,288.0,False,288.0,False
2022-01-08T22,L,2022-01-08 19:05:00,0.4884,0.1972,0.2297,0.2533,0.3409,0.4216,0.1252,0.3639,0.511,2.1063,False,24.0,False,27.0,False,30.0,False,32.0,False,39.0,False
2022-01-09T13,H,2022-01-08 23:00:00,0.0,,,0.1619,0.2802,0.2802,0.7697,0.0,0.2303,1.6725,True,20.0,False,40.0,False,111.0,False,186.0,False,,False
2022-01-09T16,L,2022-01-09 15:20:00,0.4777,0.2116,0.7448,0.5419,0.7547,0.7547,0.3376,0.6624,0.0,6.9417,True,2.0,True,3.0,True,3.0,True,14.0,False,18.0,False
2022-01-10T00,H,2022-01-09 20:05:00,0.5008,0.1057,0.1717,0.2734,0.2735,0.2885,0.4303,0.4378,0.1318,1.9015,False,-13.0,False,37.0,False,41.0,False,56.0,False,59.0,False
2022-01-10T20,L,2022-01-10 14:40:00,0.8705,0.096,0.7621,0.6027,0.7255,0.7621,0.417,0.4277,0.1553,5.4131,False,-120.0,False,-116.0,False,-116.0,False,-116.0,False,52.0,False
2022-01-11T10,H,2022-01-11 08:25:00,0.6864,0.481,0.7958,0.8374,0.8439,0.8539,0.4855,0.5134,0.0011,9.3592,True,-35.0,False,-20.0,False,1.0,True,4.0,True,24.0,False
2022-01-11T16,L,2022-01-11 14:40:00,0.7573,0.1706,0.2765,0.5795,0.4783,0.6426,0.7522,0.0927,0.1552,3.6618,False,-36.0,False,-33.0,False,-29.0,False,19.0,False,28.0,False
2022-01-12T03,H,2022-01-11 19:55:00,0.6058,0.1973,0.3295,0.3895,0.4224,0.4669,0.503,0.4954,0.0015,1.9882,False,-29.0,False,-29.0,False,65.0,False,83.0,False,85.0,False
2022-01-12T12,L,2022-01-12 07:20:00,0.2741,0.0179,0.0394,0.0431,0.0892,0.0962,0.551,0.2449,0.2041,2.8654,False,68.0,False,68.0,False,,False,,False,,False
2022-01-13T00,H,2022-01-12 21:25:00,0.6144,0.287,0.6135,0.6356,0.6535,0.6535,0.6097,0.3556,0.0348,4.0599,True,-94.0,False,-94.0,False,19.0,False,31.0,False,43.0,False
2022-01-14T14,L,2022-01-14 12:15:00,0.9414,0.3184,0.4145,0.5868,0.6942,0.6942,0.3445,0.6555,0.0,4.2054,False,-337.0,False,-336.0,False,-327.0,False,-265.0,False,-260.0,False
2022-01-15T11,H,2022-01-14 19:40:00,0.2229,0.3048,0.3301,0.3713,0.4139,0.4139,0.2297,0.7694,0.0009,4.3025,True,100.0,False,100.0,False,104.0,False,112.0,False,195.0,False
2022-01-15T15,L,2022-01-15 12:45:00,0.1929,0.4404,0.3794,0.6052,0.8665,0.8708,0.4804,0.5196,0.0,8.2751,True,6.0,True,6.0,True,9.0,True,11.0,True,23.0,False
2022-01-15T23,H,2022-01-15 20:30:00,0.3602,0.1692,0.2551,0.2396,0.3772,0.3772,0.1255,0.7657,0.1088,1.0213,True,14.0,False,24.0,False,24.0,False,42.0,False,42.0,False
2022-01-16T14,L,2022-01-16 13:35:00,0.5186,0.6812,0.7482,0.8718,0.9212,0.9212,0.678,0.1293,0.1927,6.2491,True,-150.0,False,0.0,True,1.0,True,1.0,True,12.0,True
2022-01-16T19,H,2022-01-16 16:30:00,0.5642,0.2332,0.2943,0.2079,0.4182,0.4182,0.2614,0.7386,0.0,1.5961,False,-13.0,False,16.0,False,16.0,False,24.0,False,30.0,False
2022-01-18T01,L,2022-01-17 22:20:00,0.8864,0.1598,0.8541,0.9124,0.8969,0.9276,0.5277,0.4723,0.0,2.7145,True,-312.0,False,-312.0,False,-293.0,False,-284.0,False,4.0,True
2022-01-18T08,H,2022-01-18 02:00:00,0.0,,,,0.4912,0.4912,0.8598,0.1402,0.0,1.8876,True,13.0,False,16.0,False,33.0,False,37.0,False,93.0,False
2022-01-18T19,L,2022-01-18 14:35:00,0.9048,0.0669,0.1704,0.1254,0.411,0.417,0.6227,0.2008,0.1765,3.048,False,-61.0,False,-61.0,False,-61.0,False,-59.0,False,-47.0,False
2022-01-19T06,H,2022-01-18 22:45:00,0.529,0.0562,0.0705,0.0484,0.0966,0.1096,0.3448,0.6534,0.0018,4.139,False,-24.0,False,84.0,False,87.0,False,87.0,False,93.0,False
2022-01-19T12,L,2022-01-19 07:35:00,0.1248,0.2045,0.215,0.1067,0.0859,0.2662,0.0575,0.9292,0.0133,2.8212,True,43.0,False,43.0,False,44.0,False,44.0,False,53.0,False
2022-01-19T20,H,2022-01-19 15:00:00,0.1875,0.0764,0.1161,0.2623,0.5367,0.5367,0.3527,0.5479,0.0993,2.6013,True,9.0,True,14.0,False,58.0,False,66.0,False,72.0,False
2022-01-20T03,L,2022-01-19 21:00:00,0.0,,,0.2994,0.431,0.431,0.3065,0.4422,0.2513,1.5916,True,20.0,False,20.0,False,21.0,False,25.0,False,88.0,False
2022-01-20T21,H,2022-01-20 16:05:00,0.7933,0.0307,0.0918,0.0605,0.0836,0.1126,0.5908,0.4092,0.0,4.41,False,-142.0,False,-133.0,False,-128.0,False,60.0,False,64.0,False
2022-01-21T16,L,2022-01-21 12:40:00,0.417,0.1316,0.3222,0.6979,0.7746,0.7746,0.8045,0.1579,0.0376,8.0669,True,4.0,True,5.0,True,10.0,True,16.0,False,30.0,False
2022-01-21T21,H,2022-01-21 17:00:00,0.0,,,,0.3086,0.3519,0.6081,0.2311,0.1608,1.806,True,19.0,False,41.0,False,42.0,False,67.0,False,,False
2022-01-22T11,L,2022-01-22 10:15:00,0.6747,0.1348,0.3756,0.775,0.8502,0.8692,0.3371,0.6043,0.0586,4.9964,True,-146.0,False,-146.0,False,4.0,True,9.0,True,21.0,False
2022-01-23T18,H,2022-01-22 13:20:00,0.2065,0.0705,0.1301,0.1394,0.205,0.2116,0.4794,0.4724,0.0482,3.1716,True,142.0,False,355.0,False,356.0,False,,False,,False
2022-01-23T22,L,2022-01-23 20:00:00,0.325,0.0961,0.596,0.4536,0.6933,0.6933,0.509,0.4041,0.087,1.1012,True,3.0,True,12.0,True,17.0,False,21.0,False,36.0,False
2022-01-24T04,H,2022-01-23 23:15:00,0.1788,0.0787,0.0937,0.1326,0.2858,0.2858,0.6602,0.3198,0.02,8.7188,True,24.0,False,28.0,False,41.0,False,43.0,False,67.0,False
2022-01-24T17,L,2022-01-24 13:05:00,0.6103,0.0436,0.1149,0.1304,0.1331,0.1434,0.0,0.2576,0.7424,6.2638,False,-79.0,False,-76.0,False,54.0,False,58.0,False,59.0,False
2022-01-25T07,H,2022-01-24 21:00:00,0.1757,0.1289,0.2127,0.2191,0.2218,0.2602,0.0369,0.726,0.2371,2.1176,True,38.0,False,46.0,False,47.0,False,60.0,False,112.0,False
2022-01-25T10,L,2022-01-25 08:00:00,0.0,,,,0.6862,0.6862,0.1071,0.3571,0.5357,0.7569,True,11.0,True,12.0,True,35.0,False,,False,,False
2022-01-25T14,H,2022-01-25 14:40:00,0.7572,0.2414,0.75,,,0.9539,0.5475,0.3958,0.0567,6.7042,True,-39.0,False,-31.0,False,-2.0,False,4.0,True,4.0,True
2022-01-25T16,L,2022-01-25 15:05:00,0.1895,0.0387,0.116,0.1215,0.2298,0.2431,0.3463,0.3366,0.3172,2.012,True,23.0,False,23.0,False,23.0,False,23.0,False,23.0,False
2022-01-25T21,H,2022-01-25 18:30:00,0.3347,0.0524,0.1075,0.085,0.1382,0.1431,0.3075,0.615,0.0775,2.0118,False,42.0,False,42.0,False,42.0,False,42.0,False,42.0,False
2022-01-26T04,L,2022-01-25 22:00:00,0.0,,,0.1544,0.1198,0.1632,0.2745,0.585,0.1405,1.2566,True,71.0,False,76.0,False,76.0,False,86.0,False,88.0,False
2022-01-26T18,H,2022-01-26 14:25:00,0.7969,0.1473,0.2478,0.2703,0.3788,0.4132,0.3521,0.6302,0.0178,1.1639,False,-95.0,False,-91.0,False,-89.0,False,44.0,False,44.0,False
2022-01-27T11,L,2022-01-27 03:50:00,0.862,0.0289,0.1186,0.2333,0.2662,0.2662,0.4815,0.0453,0.4733,0.9976,False,-105.0,False,-105.0,False,-105.0,False,-105.0,False,98.0,False
2022-01-27T20,H,2022-01-27 14:35:00,0.1458,0.0834,0.0889,0.1004,0.2001,0.2001,0.1877,0.6399,0.1724,4.569,True,47.0,False,60.0,False,77.0,False,77.0,False,,False
2022-01-27T22,L,2022-01-27 21:15:00,0.0801,0.066,0.121,0.3713,0.4202,0.6109,0.658,0.342,0.0,1.4086,True,7.0,True,9.0,True,17.0,False,19.0,False,21.0,False
2022-01-28T09,H,2022-01-28 06:40:00,0.5901,0.4085,0.7153,0.8103,0.8138,0.8625,0.3469,0.6403,0.0128,1.6794,True,-61.0,False,1.0,True,2.0,True,4.0,True,21.0,False
2022-01-28T15,L,2022-01-28 12:45:00,0.3197,0.2048,0.4463,0.5908,0.8348,0.8801,0.2727,0.2898,0.4375,1.8433,True,5.0,True,5.0,True,7.0,True,10.0,True,17.0,False
2022-01-29T09,H,2022-01-28 21:55:00,0.6243,0.1824,0.1033,0.1381,0.2861,0.2861,0.5521,0.2914,0.1564,1.2135,False,-51.0,False,-47.0,False,61.0,False,134.0,False,145.0,False
2022-01-29T13,L,2022-01-29 10:00:00,0.0,,,,0.3398,0.3889,0.4552,0.5448,0.0,3.339,True,19.0,False,39.0,False,41.0,False,53.0,False,58.0,False
2022-01-29T14,H,2022-01-29 14:05:00,0.1107,0.1275,0.1722,0.3585,,0.9632,0.1493,0.5473,0.3035,1.2753,True,10.0,True,10.0,True,10.0,True,10.0,True,11.0,True
2022-01-29T20,L,2022-01-29 15:55:00,0.4423,0.4292,0.3944,0.5207,0.5057,0.6344,0.0362,0.9126,0.0512,2.7492,True,1.0,True,1.0,True,14.0,False,27.0,False,41.0,False
2022-01-30T00,H,2022-01-29 21:10:00,0.4999,0.1809,0.1644,0.5386,0.5607,0.5933,0.3013,0.5961,0.1026,1.1997,True,6.0,True,17.0,False,27.0,False,43.0,False,46.0,False
2022-01-31T10,L,2022-01-31 02:05:00,0.9611,0.2528,0.5516,0.6627,0.6668,0.7058,0.6558,0.2814,0.0628,6.3967,False,-294.0,False,-294.0,False,-281.0,False,-272.0,False,-251.0,False
2022-02-01T07,H,2022-01-31 19:20:00,0.7872,0.1299,0.1749,0.181,0.3612,0.3613,0.2863,0.5944,0.1193,2.5769,False,-91.0,False,-91.0,False,-91.0,False,140.0,False,,False
2022-02-01T13,L,2022-02-01 10:20:00,0.8465,0.1066,0.1671,0.2096,0.3863,0.3863,0.4818,0.4745,0.0436,3.6895,False,-16.0,False,-15.0,False,-15.0,False,-15.0,False,,False
2022-02-01T14,H,2022-02-01 14:35:00,0.1912,0.0242,0.4176,,,0.7286,0.3109,0.1345,0.5546,2.6994,True,4.0,True,5.0,True,5.0,True,,False,,False
2022-02-01T16,L,2022-02-01 15:10:00,0.2285,0.1422,0.2635,0.2097,0.5262,0.5262,0.3827,0.352,0.2653,0.9133,True,12.0,True,13.0,False,17.0,False,22.0,False,22.0,False
2022-02-01T18,H,2022-02-01 17:00:00,0.0,0.0977,0.3269,0.3887,0.466,0.4943,0.3677,0.4491,0.1831,3.8002,True,13.0,False,21.0,False,22.0,False,24.0,False,24.0,False
2022-02-03T07,L,2022-02-02 21:40:00,0.5964,0.5562,0.4877,0.6728,0.8944,0.8944,0.6398,0.3593,0.0009,13.2187,True,-104.0,False,4.0,True,9.0,True,12.0,True,13.0,False
2022-02-03T10,H,2022-02-03 08:15:00,0.2267,0.0603,0.1611,0.1843,0.1862,0.265,0.6822,0.1215,0.1963,1.9516,True,21.0,False,21.0,False,33.0,False,,False,,False
2022-02-03T11,L,2022-02-03 11:00:00,0.0,,,,0.3655,0.4641,0.3963,0.5216,0.0821,2.4499,True,14.0,False,14.0,False,15.0,False,17.0,False,20.0,False
2022-02-05T07,H,2022-02-05 00:45:00,0.9686,0.0927,0.1759,0.3117,0.2856,0.3152,0.1556,0.8216,0.0228,2.6287,False,-384.0,False,-381.0,False,-363.0,False,-339.0,False,-134.0,False
2022-02-06T23,L,2022-02-05 17:05:00,0.9208,0.1143,0.1415,0.3701,0.5194,0.6155,0.5979,0.3126,0.0895,6.8731,False,-85.0,False,-85.0,False,-80.0,False,-37.0,False,-21.0,False
2022-02-08T00,H,2022-02-07 18:15:00,0.8556,0.244,0.402,0.635,0.4132,0.7303,0.3083,0.69,0.0017,4.4602,False,-216.0,False,-215.0,False,-215.0,False,-213.0,False,81.0,False
2022-02-08T05,L,2022-02-08 01:00:00,0.0,,,,0.3647,0.4043,0.3109,0.5279,0.1613,2.3373,True,56.0,False,59.0,False,66.0,False,67.0,False,68.0,False
2022-02-08T08,H,2022-02-08 06:20:00,0.1448,0.1475,0.5394,0.7663,0.6175,0.7663,0.2617,0.7367,0.0017,1.5577,True,3.0,True,5.0,True,6.0,True,22.0,False,23.0,False
2022-02-08T22,L,2022-02-08 17:40:00,0.5402,0.2324,0.3821,0.4338,0.5011,0.5776,0.4656,0.2719,0.2625,1.7194,True,-36.0,False,20.0,False,35.0,False,36.0,False,38.0,False
2022-02-09T02,H,2022-02-08 23:35:00,0.4125,0.15,0.2348,0.2942,0.4315,0.4782,0.7435,0.1981,0.0584,1.6202,True,30.0,False,31.0,False,32.0,False,41.0,False,41.0,False
2022-02-09T12,L,2022-02-09 03:00:00,0.0,,,0.3433,0.4713,0.4713,0.8547,0.1453,0.0,1.181,True,25.0,False,27.0,False,38.0,False,38.0,False,116.0,False
2022-02-10T02,H,2022-02-09 20:40:00,0.4988,0.091,0.1012,0.111,0.1976,0.2046,0.307,0.6487,0.0443,2.0072,False,43.0,False,52.0,False,52.0,False,73.0,False,76.0,False
2022-02-10T10,L,2022-02-10 03:10:00,0.0542,0.0396,0.0607,0.0594,0.132,0.132,0.0101,0.6216,0.3682,2.5238,True,82.0,False,85.0,False,88.0,False,94.0,False,,False
2022-02-10T20,H,2022-02-10 17:20:00,0.9579,0.0457,0.0563,0.0947,0.0638,0.0996,0.205,0.6532,0.1418,2.0588,False,-45.0,False,-45.0,False,-45.0,False,-43.0,False,-40.0,False
2022-02-11T12,L,2022-02-11 00:50:00,0.3011,0.1095,0.2446,0.249,0.1644,0.2523,0.6106,0.3894,0.0,2.4165,False,74.0,False,110.0,False,118.0,False,127.0,False,139.0,False
2022-02-11T18,H,2022-02-11 14:50:00,0.1203,0.1029,0.2416,0.2262,0.1157,0.2671,0.6967,0.3033,0.0,4.9998,True,46.0,False,46.0,False,47.0,False,47.0,False,50.0,False
2022-02-12T09,L,2022-02-12 06:50:00,0.8938,0.3642,0.7786,0.7765,0.7535,0.8322,0.4162,0.5809,0.0029,2.8821,False,-139.0,False,-139.0,False,-138.0,False,-135.0,False,17.0,False
2022-02-13T18,H,2022-02-12 18:20:00,0.7431,0.0583,0.2752,0.3171,0.397,0.397,0.9141,0.0859,0.0,1.2526,False,-86.0,False,-84.0,False,-44.0,False,34.0,False,39.0,False
2022-02-14T07,L,2022-02-14 01:35:00,0.7852,0.5652,0.3381,0.1806,0.266,0.5652,0.3328,0.6672,0.0,8.1982,False,-61.0,False,-55.0,False,-55.0,False,41.0,False,65.0,False
2022-02-14T20,H,2022-02-14 17:55:00,0.8587,0.1902,0.1485,0.2571,0.3624,0.3624,0.0849,0.8606,0.0545,3.4958,False,-111.0,False,-107.0,False,-104.0,False,-68.0,False,,False
2022-02-14T22,L,2022-02-14 21:00:00,0.0,,,,0.5407,0.5407,0.2169,0.7831,0.0,2.1364,True,11.0,True,21.0,False,25.0,False,25.0,False,25.0,False
2022-02-15T17,H,2022-02-15 14:40:00,0.6739,0.1376,0.3568,0.4386,0.4748,0.5119,0.25,0.5521,0.1979,3.6285,False,-166.0,False,-161.0,False,21.0,False,22.0,False,34.0,False
2022-02-16T21,L,2022-02-16 14:55:00,0.9245,0.2129,0.4924,0.4854,0.4499,0.5846,0.6122,0.3863,0.0015,9.4625,False,-196.0,False,-195.0,False,-183.0,False,-183.0,False,-182.0,False
2022-02-16T23,H,2022-02-16 23:35:00,0.5889,0.1208,0.2592,,,0.617,0.9333,0.0667,0.0,0.6826,True,-17.0,False,5.0,True,,False,,False,,False
2022-02-17T00,L,2022-02-17 00:00:00,0.0,0.3626,0.3794,0.2877,0.9246,0.9246,0.4596,0.5368,0.0035,4.0219,True,9.0,True,10.0,True,12.0,True,12.0,True,12.0,True
2022-02-17T03,H,2022-02-17 01:15:00,0.0771,0.0944,0.0756,0.1537,0.1096,0.1961,0.0266,0.8631,0.1103,2.4185,True,30.0,False,30.0,False,33.0,False,33.0,False,33.0,False
2022-02-18T06,L,2022-02-17 21:30:00,0.9693,0.0757,0.1811,0.2047,0.2187,0.2469,0.5996,0.3985,0.0019,2.4122,False,-177.0,False,-165.0,False,-162.0,False,-144.0,False,-135.0,False
2022-02-20T04,H,2022-02-18 09:00:00,0.1274,0.0338,0.062,0.0568,0.0466,0.0663,0.5482,0.4485,0.0033,5.3015,False,68.0,False,68.0,False,68.0,False,283.0,False,336.0,False
2022-02-20T18,L,2022-02-20 09:10:00,0.4826,0.1038,0.1047,0.1333,0.1938,0.1938,0.4921,0.4652,0.0427,2.9799,False,85.0,False,98.0,False,109.0,False,118.0,False,118.0,False
2022-02-21T11,H,2022-02-21 05:30:00,0.8559,0.1762,0.3246,0.3947,0.4014,0.4146,0.4816,0.5164,0.002,2.9823,False,-73.0,False,-68.0,False,-68.0,False,-66.0,False,62.0,False
2022-02-21T16,L,2022-02-21 13:15:00,0.1521,0.2937,0.1503,0.1874,0.3624,0.3633,0.6837,0.2971,0.0192,2.3833,True,13.0,False,13.0,False,13.0,False,13.0,False,15.0,False
2022-02-21T18,H,2022-02-21 17:00:00,0.0,,,,0.3049,0.3955,0.1834,0.799,0.0175,1.7018,True,17.0,False,19.0,False,20.0,False,21.0,False,31.0,False
2022-02-22T09,L,2022-02-22 03:20:00,0.6238,0.1149,0.1342,0.1296,0.2884,0.3859,0.4329,0.564,0.003,1.5256,False,-54.0,False,-53.0,False,30.0,False,67.0,False,68.0,False
2022-02-23T17,H,2022-02-23 13:20:00,0.7948,0.0394,0.0998,0.0998,0.1622,0.2181,0.0444,0.9556,0.0,2.4185,False,-138.0,False,-131.0,False,-127.0,False,56.0,False,56.0,False
2022-02-24T13,L,2022-02-24 05:50:00,0.3725,0.0319,0.0626,0.0754,0.0854,0.0894,0.138,0.53,0.332,2.2451,False,74.0,False,98.0,False,98.0,False,98.0,False,,False
2022-02-25T17,H,2022-02-24 20:10:00,0.4942,0.3002,0.3127,0.4622,0.4421,0.6493,0.1158,0.7367,0.1475,10.9146,True,7.0,True,7.0,True,34.0,False,262.0,False,,False
2022-02-27T09,L,2022-02-27 02:05:00,0.9812,0.0918,0.2155,0.2686,0.3439,0.3439,0.7217,0.2609,0.0174,2.4219,False,-368.0,False,-351.0,False,-349.0,False,-327.0,False,-305.0,False
2022-02-27T18,H,2022-02-27 12:55:00,0.2792,0.084,0.1408,0.1225,0.5438,0.5995,0.3081,0.577,0.1149,2.296,True,10.0,True,24.0,False,25.0,False,61.0,False,,False
2022-02-28T07,L,2022-02-27 21:20:00,0.4585,0.0205,0.1188,0.1069,0.1747,0.1747,0.7835,0.1036,0.113,2.0244,False,82.0,False,93.0,False,116.0,False,116.0,False,128.0,False
2022-03-01T09,H,2022-02-28 22:35:00,0.3875,0.4287,0.1195,0.222,0.4205,0.4287,0.6456,0.3392,0.0152,15.1342,True,47.0,False,66.0,False,77.0,False,79.0,False,89.0,False
2022-03-03T13,L,2022-03-01 10:15:00,0.2995,0.1049,0.1119,0.2292,0.2742,0.3326,0.5027,0.4177,0.0796,3.7242,True,25.0,False,26.0,False,33.0,False,33.0,False,621.0,False
2022-03-03T15,H,2022-03-03 14:10:00,0.0528,0.0236,0.0514,0.1113,0.1872,0.1872,0.6788,0.3212,0.0,1.0234,True,18.0,False,18.0,False,18.0,False,22.0,False,,False
2022-03-04T09,L,2022-03-04 08:35:00,0.8294,0.422,0.9723,0.9817,0.9829,0.9829,0.8394,0.1606,0.0,8.3394,True,-124.0,False,-103.0,False,-5.0,False,-5.0,False,1.0,True
2022-03-04T15,H,2022-03-04 11:55:00,0.1838,0.0688,0.211,0.2259,0.2395,0.2431,0.5214,0.4786,0.0,2.6861,True,35.0,False,49.0,False,49.0,False,,False,,False
2022-03-05T06,L,2022-03-04 22:35:00,0.5418,0.0862,0.1131,0.1501,0.3333,0.3333,0.4158,0.4888,0.0953,2.3589,False,-71.0,False,89.0,False,89.0,False,89.0,False,92.0,False
2022-03-06T09,H,2022-03-06 01:00:00,0.7023,0.192,0.3086,0.2937,0.4273,0.4273,0.4874,0.5126,0.0,4.5995,False,-189.0,False,-178.0,False,-33.0,False,37.0,False,108.0,False
2022-03-06T16,L,2022-03-06 11:10:00,0.1435,0.1118,0.0504,0.1269,0.1671,0.256,0.459,0.5076,0.0334,1.045,True,23.0,False,25.0,False,26.0,False,31.0,False,61.0,False
2022-03-07T00,H,2022-03-06 17:00:00,0.0,,,0.0855,0.2681,0.2681,0.5,0.4724,0.0276,1.3275,True,41.0,False,41.0,False,82.0,False,91.0,False,,False
2022-03-07T11,L,2022-03-07 02:55:00,0.5987,0.0788,0.1171,0.1635,0.2146,0.2393,0.6452,0.2806,0.0742,5.0999,False,-22.0,False,75.0,False,83.0,False,89.0,False,109.0,False
2022-03-07T19,H,2022-03-07 16:15:00,0.1599,0.1158,0.1259,0.3001,0.4801,0.4801,0.5131,0.4584,0.0285,1.9038,True,21.0,False,21.0,False,22.0,False,22.0,False,24.0,False
2022-03-08T01,L,2022-03-07 20:05:00,0.1621,0.0369,0.0681,0.1423,0.1491,0.199,0.4,0.4435,0.1565,0.9614,True,31.0,False,59.0,False,62.0,False,71.0,False,,False
2022-03-08T16,H,2022-03-08 12:15:00,0.7106,0.263,0.4697,0.5403,0.5345,0.5403,0.6792,0.2382,0.0825,2.3192,False,-70.0,False,-70.0,False,-68.0,False,40.0,False,57.0,False
2022-03-08T17,L,2022-03-08 17:00:00,0.0,,0.2962,0.7835,0.927,0.927,0.1236,0.6925,0.1839,1.3064,True,5.0,True,6.0,True,6.0,True,7.0,True,10.0,True
2022-03-08T20,H,2022-03-08 18:10:00,0.0154,0.0154,0.0954,0.3159,0.7013,0.7013,0.5143,0.0,0.4857,0.8931,True,9.0,True,10.0,True,12.0,True,28.0,False,34.0,False
2022-03-09T01,L,2022-03-08 21:40:00,0.098,0.0631,0.2165,0.2063,0.2648,0.3254,0.8466,0.1481,0.0053,1.5425,True,30.0,False,34.0,False,38.0,False,40.0,False,49.0,False
2022-03-09T18,H,2022-03-09 16:00:00,0.7971,0.3318,0.5774,0.5617,0.762,0.762,0.5055,0.4917,0.0028,2.7682,False,-40.0,False,-39.0,False,-39.0,False,24.0,False,25.0,False
2022-03-10T19,L,2022-03-10 13:45:00,0.8765,0.0563,0.3593,0.4808,0.5812,0.661,0.9241,0.0475,0.0284,11.7987,False,-81.0,False,-2.0,False,-2.0,False,-2.0,False,63.0,False
2022-03-11T02,H,2022-03-10 20:55:00,0.2803,0.0875,0.2108,0.2236,0.3996,0.4132,0.6278,0.3722,0.0,2.5038,True,14.0,False,46.0,False,52.0,False,55.0,False,73.0,False
2022-03-11T06,L,2022-03-11 03:00:00,0.0,,,,0.1078,0.1203,0.824,0.1747,0.0013,4.9821,True,21.0,False,21.0,False,21.0,False,45.0,False,45.0,False
2022-03-11T18,H,2022-03-11 12:35:00,0.3482,0.0476,0.1307,0.106,0.2072,0.2517,0.1705,0.5738,0.2557,2.3568,False,33.0,False,43.0,False,53.0,False,65.0,False,77.0,False
2022-03-12T00,L,2022-03-11 20:55:00,0.6475,0.0548,0.5003,0.5598,0.5298,0.565,0.0382,0.1306,0.8312,1.928,False,-17.0,False,-7.0,False,14.0,False,43.0,False,49.0,False
2022-03-12T23,H,2022-03-12 17:05:00,0.9238,0.637,0.7918,0.8609,0.9152,0.9152,0.5079,0.4905,0.0016,8.8757,False,-105.0,False,-61.0,False,-39.0,False,-35.0,False,-25.0,False
2022-03-13T02,L,2022-03-13 00:05:00,0.097,0.1754,0.3814,0.2136,0.3617,0.3943,0.1849,0.7605,0.0546,2.2578,True,13.0,False,15.0,False,35.0,False,35.0,False,35.0,False
2022-03-13T09,H,2022-03-13 04:10:00,0.1527,0.4982,0.4216,0.5457,0.5072,0.5457,0.2749,0.7251,0.0,5.8179,True,1.0,True,13.0,False,24.0,False,48.0,False,70.0,False
2022-03-13T18,L,2022-03-13 12:30:00,0.4671,0.0781,0.0899,0.0891,0.2762,0.4021,0.1241,0.7632,0.1128,3.4808,False,31.0,False,31.0,False,33.0,False,54.0,False,59.0,False
2022-03-13T20,H,2022-03-13 19:20:00,0.3733,0.2077,0.4533,0.6168,0.901,0.901,0.5311,0.4689,0.0,2.5677,True,5.0,True,6.0,True,9.0,True,9.0,True,11.0,True
2022-03-14T05,L,2022-03-14 00:15:00,0.6689,0.0308,0.0662,0.0673,0.343,0.4616,0.578,0.4191,0.0029,2.2566,False,-36.0,False,-31.0,False,48.0,False,48.0,False,69.0,False
2022-03-14T20,H,2022-03-14 10:00:00,0.1911,0.082,0.1127,0.1255,0.0939,0.1436,0.2438,0.7562,0.0,2.6854,False,90.0,False,108.0,False,108.0,False,111.0,False,,False
2022-03-14T22,L,2022-03-14 21:10:00,0.0797,0.2862,0.4046,0.2634,0.2915,0.4046,0.3588,0.4751,0.1661,1.9095,True,13.0,False,13.0,False,15.0,False,19.0,False,22.0,False
2022-03-15T03,H,2022-03-14 23:00:00,0.0,,0.2613,0.2279,0.284,0.4615,0.7705,0.1698,0.0597,4.7001,True,28.0,False,28.0,False,32.0,False,38.0,False,59.0,False
2022-03-15T14,L,2022-03-15 07:15:00,0.2793,0.1131,0.1561,0.2081,0.1808,0.2147,0.7611,0.2389,0.0,10.9224,False,49.0,False,62.0,False,87.0,False,93.0,False,93.0,False
2022-03-16T05,H,2022-03-16 02:20:00,0.6346,0.2037,0.6269,0.7491,0.9302,0.9302,0.2059,0.5953,0.1988,4.7687,True,-16.0,False,-16.0,False,6.0,True,11.0,True,11.0,True
2022-03-16T08,L,2022-03-16 06:00:00,0.0,,,,0.3126,0.3126,0.3655,0.5862,0.0483,0.9317,True,19.0,False,33.0,False,33.0,False,39.0,False,43.0,False
2022-03-16T18,H,2022-03-16 14:20:00,0.4177,0.313,0.201,0.3358,0.3355,0.3502,0.2805,0.7106,0.0089,9.4472,False,25.0,False,26.0,False,26.0,False,33.0,False,45.0,False
2022-03-16T19,L,2022-03-16 19:00:00,0.0,,,0.5305,0.8836,0.9084,0.4464,0.5536,0.0,1.3718,True,6.0,True,7.0,True,8.0,True,9.0,True,11.0,True
2022-03-17T03,H,2022-03-16 20:15:00,0.036,0.0677,0.2031,0.1577,0.1002,0.2382,0.7286,0.1925,0.0789,2.2512,True,62.0,False,83.0,False,84.0,False,93.0,False,93.0,False
2022-03-17T04,L,2022-03-17 04:10:00,0.0216,0.106,0.2261,0.1924,,0.6557,0.2979,0.6968,0.0053,2.3134,True,10.0,True,10.0,True,,False,,False,,False
2022-03-17T05,H,2022-03-17 05:05:00,0.0562,0.3175,0.5025,0.4458,,0.8491,0.52,0.447,0.033,3.5599,True,3.0,True,10.0,True,11.0,True,11.0,True,,False
2022-03-18T15,L,2022-03-18 11:35:00,0.7345,0.4141,0.5312,0.5943,0.5932,0.645,0.1953,0.5657,0.2391,7.3145,False,-163.0,False,-122.0,False,-107.0,False,50.0,False,53.0,False
2022-03-19T06,H,2022-03-18 20:05:00,0.2213,0.1077,0.2201,0.2514,0.2799,0.2915,0.4173,0.5237,0.059,7.1266,True,71.0,False,86.0,False,96.0,False,119.0,False,119.0,False
2022-03-19T20,L,2022-03-19 07:50:00,0.1647,0.0242,0.0441,0.0752,0.0845,0.0893,0.5698,0.176,0.2542,2.176,False,137.0,False,154.0,False,,False,,False,,False
2022-03-19T22,H,2022-03-19 21:00:00,0.0,,0.2966,0.3152,0.2548,0.3152,0.0347,0.7694,0.1959,3.7702,True,15.0,False,17.0,False,18.0,False,27.0,False,27.0,False
2022-03-21T09,L,2022-03-21 02:40:00,0.8818,0.1821,0.3787,0.4795,0.6359,0.6359,0.196,0.202,0.602,10.0031,False,-328.0,False,-327.0,False,-320.0,False,-320.0,False,70.0,False
2022-03-22T17,H,2022-03-22 04:30:00,0.6841,0.174,0.2516,0.1609,0.2163,0.2516,0.6445,0.3551,0.0005,19.5344,False,-189.0,False,-189.0,False,24.0,False,28.0,False,150.0,False
2022-03-23T15,L,2022-03-23 04:20:00,0.2361,0.1509,0.0935,0.0887,0.0856,0.1509,0.5027,0.496,0.0013,7.1284,False,128.0,False,128.0,False,128.0,False,137.0,False,,False
2022-03-23T18,H,2022-03-23 16:25:00,0.1723,0.1096,0.1788,0.2479,0.3112,0.3134,0.0605,0.8629,0.0766,1.1945,True,17.0,False,17.0,False,19.0,False,21.0,False,,False
2022-03-23T21,L,2022-03-23 19:00:00,0.0,,,,0.1327,0.1327,0.521,0.3697,0.1092,1.7213,True,32.0,False,44.0,False,44.0,False,,False,,False
2022-03-24T12,H,2022-03-24 06:30:00,0.2455,0.4421,0.3806,0.4466,0.7012,0.7172,0.1467,0.7879,0.0655,9.1478,True,1.0,True,9.0,True,10.0,True,19.0,False,45.0,False
2022-03-24T14,L,2022-03-24 13:35:00,0.16,0.2737,0.5146,0.5796,0.587,0.6212,0.0707,0.4792,0.4501,7.7508,True,2.0,True,4.0,True,15.0,False,17.0,False,17.0,False
2022-03-25T02,H,2022-03-25 01:35:00,0.2567,0.9385,0.9242,0.9463,0.9598,0.9613,0.025,0.9735,0.0015,10.6673,True,0.0,True,0.0,True,0.0,True,0.0,True,0.0,True
2022-03-25T12,L,2022-03-25 08:15:00,0.2518,0.3704,0.514,0.6938,0.5895,0.6944,0.2182,0.7474,0.0344,11.2678,True,3.0,True,6.0,True,16.0,False,22.0,False,39.0,False
2022-03-25T16,H,2022-03-25 14:05:00,0.179,0.036,0.121,0.1066,0.2049,0.2049,0.7385,0.2615,0.0,1.503,True,19.0,False,21.0,False,24.0,False,35.0,False,35.0,False
2022-03-27T00,L,2022-03-25 17:15:00,0.0867,0.3103,0.4602,0.4358,0.618,0.618,0.1012,0.4963,0.4025,1.5301,True,9.0,True,12.0,True,16.0,False,45.0,False,333.0,False
2022-03-27T09,H,2022-03-27 02:10:00,0.6919,0.375,0.3444,0.6236,0.8098,0.8242,0.5257,0.3664,0.108,7.0462,True,-9.0,False,-6.0,False,7.0,True,8.0,True,20.0,False
2022-03-27T15,L,2022-03-27 13:05:00,0.4704,0.0381,0.105,0.0912,0.1798,0.2153,0.55,0.45,0.0,1.8754,False,29.0,False,29.0,False,35.0,False,35.0,False,35.0,False
2022-03-28T11,H,2022-03-28 00:35:00,0.9281,0.1235,0.4604,0.4272,0.5204,0.5204,0.6189,0.3806,0.0005,9.9275,False,-100.0,False,-95.0,False,-95.0,False,-95.0,False,-55.0,False
2022-03-28T13,L,2022-03-28 12:00:00,0.0,,,,0.4734,0.4734,0.1766,0.2151,0.6083,4.5828,True,30.0,False,31.0,False,32.0,False,35.0,False,,False
2022-03-28T14,H,2022-03-28 14:00:00,0.0,0.0984,0.3389,0.4201,0.6975,0.6975,0.3817,0.458,0.1603,2.5053,True,4.0,True,5.0,True,,False,,False,,False
2022-03-30T17,L,2022-03-30 01:45:00,0.9522,0.1819,0.3537,0.4997,0.6024,0.6024,0.5248,0.4743,0.0009,12.5695,False,-415.0,False,-414.0,False,-414.0,False,-380.0,False,-369.0,False
2022-03-30T19,H,2022-03-30 18:00:00,0.0,0.0237,0.02,0.0907,0.5418,0.5418,0.1881,0.344,0.4679,1.3323,True,12.0,True,16.0,False,24.0,False,24.0,False,,False
2022-03-31T01,L,2022-03-30 20:00:00,0.0,,0.1628,0.166,0.3135,0.3135,0.0805,0.9195,0.0,0.9322,True,63.0,False,73.0,False,73.0,False,73.0,False,73.0,False
2022-03-31T04,H,2022-03-31 02:00:00,0.0,0.0695,0.1289,0.2474,0.411,0.411,0.3977,0.5909,0.0114,1.3822,True,13.0,False,28.0,False,36.0,False,36.0,False,,False
2022-03-31T07,L,2022-03-31 05:15:00,0.1556,0.043,0.1889,0.1868,0.1451,0.1985,0.3993,0.4097,0.191,2.1481,True,25.0,False,33.0,False,33.0,False,,False,,False
2022-03-31T14,H,2022-03-31 13:05:00,0.4912,0.0648,0.546,0.6985,0.9804,0.9804,0.6824,0.3176,0.0,5.9777,True,3.0,True,6.0,True,7.0,True,11.0,True,11.0,True
2022-04-01T08,L,2022-04-01 02:55:00,0.8063,0.0304,0.0381,0.0412,0.0577,0.0581,0.4331,0.3613,0.2055,5.4635,False,-143.0,False,-143.0,False,-143.0,False,-139.0,False,73.0,False
2022-04-02T11,H,2022-04-02 01:00:00,0.9455,0.1646,0.1047,0.3042,0.2449,0.3321,0.191,0.8075,0.0015,5.3945,False,-192.0,False,-192.0,False,-184.0,False,-153.0,False,-151.0,False
2022-04-03T06,L,2022-04-03 01:25:00,0.5758,0.0662,0.0368,0.0675,0.1123,0.1123,0.3042,0.6209,0.0749,5.7474,False,-7.0,False,43.0,False,56.0,False,67.0,False,,False
2022-04-04T00,H,2022-04-03 22:25:00,0.9652,0.0392,0.0618,0.2024,0.5817,0.5932,0.6437,0.1581,0.1982,10.2268,False,-163.0,False,-160.0,False,-140.0,False,-77.0,False,-44.0,False
2022-04-04T20,L,2022-04-04 17:45:00,0.8351,0.2146,0.2292,0.1432,0.3244,0.3244,0.505,0.4766,0.0184,16.203,False,-174.0,False,-141.0,False,-45.0,False,-45.0,False,32.0,False
2022-04-05T13,H,2022-04-05 12:30:00,0.4557,0.1697,0.7184,0.8253,0.9769,0.9769,0.7241,0.2736,0.0024,5.5447,True,2.0,True,2.0,True,3.0,True,6.0,True,9.0,True
2022-04-07T04,L,2022-04-07 00:55:00,0.9822,0.344,0.7533,0.7098,0.87,0.87,0.8073,0.1899,0.0028,10.1347,False,-291.0,False,-289.0,False,-283.0,False,-271.0,False,-239.0,False
2022-04-08T12,H,2022-04-08 08:50:00,0.3896,0.1388,0.4978,0.4852,0.4573,0.5563,0.6036,0.3423,0.0541,4.4222,True,2.0,True,14.0,False,15.0,False,26.0,False,38.0,False
2022-04-08T15,L,2022-04-08 13:45:00,0.0779,0.0959,0.1531,0.5882,0.7363,0.9138,0.4708,0.5234,0.0058,1.8854,True,5.0,True,5.0,True,5.0,True,9.0,True,9.0,True
2022-04-08T17,H,2022-04-08 16:00:00,0.0,,,,0.3754,0.3754,0.0702,0.7193,0.2105,1.0303,True,22.0,False,24.0,False,25.0,False,26.0,False,34.0,False
2022-04-09T07,L,2022-04-08 23:15:00,0.5058,0.1401,0.1238,0.0671,0.3983,0.3983,0.1938,0.4938,0.3125,1.4341,False,-27.0,False,72.0,False,97.0,False,105.0,False,105.0,False
2022-04-10T13,H,2022-04-10 02:55:00,0.5459,0.1402,0.1795,0.1146,0.2659,0.2659,0.2798,0.7202,0.0,5.4633,False,-133.0,False,56.0,False,85.0,False,85.0,False,,False
2022-04-10T14,L,2022-04-10 14:00:00,0.0,,,,0.3009,0.3009,0.866,0.134,0.0,0.8071,True,16.0,False,19.0,False,,False,,False,,False
2022-04-10T22,H,2022-04-10 20:10:00,0.4935,0.0717,0.0722,0.0884,0.2962,0.3776,0.1162,0.8788,0.0051,1.9662,False,21.0,False,23.0,False,23.0,False,26.0,False,34.0,False
2022-04-12T04,L,2022-04-11 22:15:00,0.889,0.3006,0.635,0.7441,0.6306,0.7511,0.47,0.53,0.0,2.7795,False,-279.0,False,-279.0,False,-276.0,False,-275.0,False,75.0,False
2022-04-12T19,H,2022-04-12 12:35:00,0.3629,0.0203,0.0428,0.0305,0.058,0.058,0.6435,0.2245,0.132,15.0689,False,,False,,False,,False,,False,,False
2022-04-12T22,L,2022-04-12 20:05:00,0.0416,0.061,0.1105,0.2328,0.2488,0.2488,0.4312,0.2354,0.3333,1.3117,True,14.0,False,17.0,False,30.0,False,,False,,False
2022-04-13T12,H,2022-04-12 23:25:00,0.2261,0.2292,0.3218,0.1908,0.2262,0.3218,0.4649,0.5227,0.0124,4.8846,True,20.0,False,23.0,False,24.0,False,139.0,False,151.0,False
2022-04-13T13,L,2022-04-13 13:15:00,0.1976,0.1664,0.3239,0.8702,,0.9597,0.4846,0.5154,0.0,1.1161,True,5.0,True,5.0,True,6.0,True,6.0,True,8.0,True
2022-04-14T06,H,2022-04-13 19:10:00,0.6817,0.1557,0.2263,0.3693,0.5275,0.5275,0.0524,0.9476,0.0,2.5004,False,-56.0,False,-55.0,False,125.0,False,130.0,False,133.0,False
2022-04-15T03,L,2022-04-14 19:05:00,0.3648,0.1639,0.2096,0.1859,0.2181,0.2563,0.2931,0.5837,0.1232,2.8543,False,60.0,False,64.0,False,95.0,False,100.0,False,107.0,False
2022-04-16T07,H,2022-04-15 14:55:00,0.448,0.6853,0.5441,0.4968,0.6134,0.6853,0.2528,0.6961,0.0511,13.5842,True,0.0,True,0.0,True,49.0,False,86.0,False,157.0,False
2022-04-16T22,L,2022-04-16 16:00:00,0.5841,0.144,0.2891,0.3336,0.5403,0.5406,0.4387,0.3726,0.1887,2.6245,False,-76.0,False,39.0,False,60.0,False,71.0,False,72.0,False
2022-04-17T02,H,2022-04-16 23:00:00,0.0,,,,0.6785,0.6785,0.3991,0.6009,0.0,1.2598,True,9.0,True,9.0,True,19.0,False,51.0,False,57.0,False
2022-04-17T06,L,2022-04-17 03:00:00,0.0,,0.1369,0.1541,0.3211,0.3265,0.0375,0.95,0.0125,1.3111,True,36.0,False,37.0,False,37.0,False,49.0,False,,False
2022-04-17T07,H,2022-04-17 07:00:00,0.0,,,0.2302,0.4067,0.4067,0.5094,0.4906,0.0,1.4718,True,,False,,False,,False,,False,,False
2022-04-17T08,L,2022-04-17 08:00:00,0.0,,0.4913,0.8218,0.7802,0.9045,0.3,0.68,0.02,1.2351,True,4.0,True,4.0,True,5.0,True,6.0,True,7.0,True
2022-04-17T16,H,2022-04-17 13:50:00,0.7378,0.0318,0.1689,0.1512,0.1328,0.1689,0.1007,0.4631,0.4362,3.5879,False,-30.0,False,-4.0,False,-4.0,False,38.0,False,38.0,False
2022-04-18T13,L,2022-04-18 05:10:00,0.7792,0.1421,0.6052,0.5309,0.5893,0.6844,0.3034,0.6948,0.0018,7.9071,False,-112.0,False,-112.0,False,-110.0,False,58.0,False,83.0,False
2022-04-19T09,H,2022-04-19 00:35:00,0.601,0.0893,0.1917,0.1963,0.2681,0.2681,0.3827,0.5872,0.0301,4.4161,False,-107.0,False,-100.0,False,89.0,False,89.0,False,104.0,False
2022-04-19T13,L,2022-04-19 10:00:00,0.0,,,0.1492,0.3703,0.3703,0.3333,0.6606,0.0061,1.8721,True,18.0,False,51.0,False,52.0,False,53.0,False,54.0,False
2022-04-19T21,H,2022-04-19 15:15:00,0.1458,0.1004,0.1535,0.1351,0.1559,0.1732,0.1149,0.8826,0.0024,2.3671,True,57.0,False,58.0,False,65.0,False,69.0,False,81.0,False
2022-04-20T11,L,2022-04-20 01:20:00,0.3349,0.1245,0.1398,0.1643,0.1584,0.1804,0.3944,0.6009,0.0047,2.143,False,70.0,False,89.0,False,101.0,False,110.0,False,110.0,False
2022-04-20T14,H,2022-04-20 12:00:00,0.0,,0.1904,0.1972,0.107,0.2314,0.3828,0.6172,0.0,1.4602,True,22.0,False,23.0,False,24.0,False,37.0,False,37.0,False
2022-04-21T03,L,2022-04-20 18:45:00,0.3386,0.0546,0.0684,0.1587,0.2522,0.2522,0.8547,0.1453,0.0,5.2619,False,33.0,False,77.0,False,81.0,False,87.0,False,107.0,False
2022-04-21T05,H,2022-04-21 04:20:00,0.1073,0.1993,0.4448,0.4879,0.3036,0.4879,0.7933,0.2067,0.0,1.2848,True,16.0,False,17.0,False,20.0,False,20.0,False,,False
2022-04-21T07,L,2022-04-21 06:05:00,0.187,0.1412,0.144,0.2514,0.3833,0.4176,0.0602,0.4639,0.4759,1.709,True,16.0,False,18.0,False,22.0,False,23.0,False,23.0,False
2022-04-21T17,H,2022-04-21 13:40:00,0.6803,0.1241,0.3271,0.5545,0.575,0.5801,0.7824,0.1172,0.1004,2.2005,False,-47.0,False,-47.0,False,14.0,False,26.0,False,40.0,False
2022-04-22T11,L,2022-04-21 22:35:00,0.1754,0.4768,0.8612,0.8251,0.8453,0.8612,0.4409,0.5591,0.0,8.1396,True,1.0,True,1.0,True,2.0,True,2.0,True,24.0,False
2022-04-22T14,H,2022-04-22 13:35:00,0.1772,0.1837,0.7375,0.6006,0.8163,0.8185,0.1868,0.6264,0.1868,5.2044,True,1.0,True,2.0,True,2.0,True,10.0,True,17.0,False
2022-04-22T22,L,2022-04-22 18:05:00,0.2184,0.364,0.5236,0.4175,0.4307,0.5236,0.3397,0.5845,0.0758,1.6947,True,3.0,True,59.0,False,59.0,False,59.0,False,59.0,False
2022-04-24T01,H,2022-04-23 16:15:00,0.6791,0.2168,0.2862,0.2849,0.4243,0.4243,0.4009,0.5496,0.0496,12.6806,False,-199.0,False,-150.0,False,93.0,False,117.0,False,117.0,False
2022-04-24T03,L,2022-04-24 02:10:00,0.0583,0.369,0.77,0.792,0.9209,0.9209,0.2377,0.7213,0.041,2.0368,True,1.0,True,2.0,True,3.0,True,7.0,True,11.0,True
2022-04-24T16,H,2022-04-24 14:55:00,0.9464,0.6857,0.6452,0.556,0.7612,0.7612,0.4336,0.5619,0.0044,10.2621,False,-123.0,False,-41.0,False,-35.0,False,-23.0,False,-18.0,False
2022-04-24T19,L,2022-04-24 17:00:00,0.0,,0.8183,0.5783,0.8581,0.8989,0.4094,0.5906,0.0,5.2959,True,1.0,True,1.0,True,1.0,True,1.0,True,16.0,False
2022-04-24T20,H,2022-04-24 20:00:00,0.0,,,,0.1306,0.1306,0.1761,0.8239,0.0,4.8666,True,16.0,False,22.0,False,23.0,False,,False,,False
2022-04-25T14,L,2022-04-25 07:05:00,0.7463,0.2,0.378,0.2312,0.4084,0.4084,0.6274,0.315,0.0576,15.9065,False,-107.0,False,-46.0,False,-43.0,False,32.0,False,52.0,False
2022-04-26T09,H,2022-04-26 00:40:00,0.5227,0.0856,0.1291,0.2442,0.2727,0.2727,0.2053,0.7925,0.0022,2.3159,False,-105.0,False,66.0,False,70.0,False,76.0,False,101.0,False
2022-04-27T05,L,2022-04-26 20:15:00,0.4853,0.0299,0.1248,0.1059,0.1692,0.171,0.703,0.2253,0.0717,3.4229,False,105.0,False,105.0,False,117.0,False,,False,,False
2022-04-28T13,H,2022-04-28 09:45:00,0.9614,0.2418,0.2681,0.5142,0.6837,0.686,0.1993,0.7838,0.0169,1.8893,False,-268.0,False,-234.0,False,-95.0,False,-93.0,False,-56.0,False
2022-04-28T16,L,2022-04-28 14:05:00,0.0832,0.0739,0.2657,0.103,0.6765,0.6765,0.7857,0.2143,0.0,1.8533,True,11.0,True,12.0,True,13.0,False,13.0,False,13.0,False
2022-04-28T23,H,2022-04-28 18:10:00,0.2065,0.0837,0.0779,0.0726,0.1074,0.2234,0.5111,0.3473,0.1416,1.199,True,47.0,False,52.0,False,65.0,False,70.0,False,70.0,False
2022-04-30T01,L,2022-04-29 19:55:00,0.6983,0.0362,0.1696,0.2653,0.3337,0.3337,0.4375,0.375,0.1875,2.34,False,-175.0,False,-148.0,False,53.0,False,63.0,False,73.0,False
2022-04-30T17,H,2022-04-30 05:50:00,0.1424,0.0849,0.0954,0.1384,0.1103,0.1501,0.0744,0.6558,0.2698,3.8198,True,76.0,False,98.0,False,103.0,False,110.0,False,146.0,False
2022-04-30T19,L,2022-04-30 18:00:00,0.0,,0.4453,0.256,0.33,0.5242,0.5497,0.445,0.0052,1.7225,True,2.0,True,13.0,False,13.0,False,23.0,False,24.0,False
2022-04-30T23,H,2022-04-30 20:00:00,0.0,,0.2021,0.3884,0.6432,0.6432,0.9227,0.0048,0.0725,4.2492,True,8.0,True,12.0,True,15.0,False,28.0,False,38.0,False
2022-05-01T06,L,2022-05-01 01:40:00,0.2548,0.198,0.6163,0.3824,0.4495,0.6163,0.1682,0.6577,0.1741,2.6937,True,1.0,True,3.0,True,43.0,False,52.0,False,64.0,False
2022-05-02T11,H,2022-05-02 06:10:00,0.9547,0.1446,0.2276,0.2504,0.2902,0.3346,0.2638,0.7165,0.0197,3.9135,False,-177.0,False,-145.0,False,-141.0,False,-140.0,False,-135.0,False
2022-05-04T03,L,2022-05-03 19:40:00,0.9572,0.1064,0.3782,0.2422,0.1995,0.3782,0.5671,0.4146,0.0183,2.9116,False,-359.0,False,-359.0,False,-356.0,False,-356.0,False,-356.0,False
2022-05-05T05,H,2022-05-04 19:15:00,0.6349,0.0529,0.0666,0.1192,0.0849,0.1192,0.1775,0.8106,0.012,3.6003,False,-44.0,False,-8.0,False,123.0,False,129.0,False,129.0,False
2022-05-06T05,L,2022-05-05 19:20:00,0.7931,0.1526,0.2369,0.2537,0.3757,0.4114,0.1361,0.6877,0.1762,5.1336,False,-50.0,False,-49.0,False,-49.0,False,85.0,False,104.0,False
2022-05-07T21,H,2022-05-06 06:10:00,0.0412,0.0519,0.0803,0.101,0.1741,0.1836,0.4077,0.2231,0.3692,1.8496,True,295.0,False,420.0,False,478.0,False,478.0,False,,False
2022-05-08T11,L,2022-05-08 03:15:00,0.9558,0.17,0.1903,0.1363,0.3527,0.3527,0.0979,0.7488,0.1532,2.6521,False,-52.0,False,-51.0,False,-50.0,False,-49.0,False,-48.0,False
2022-05-08T17,H,2022-05-08 12:00:00,0.0,,,0.0735,0.1077,0.1077,0.4558,0.4465,0.0977,1.9359,True,53.0,False,57.0,False,67.0,False,69.0,False,,False
2022-05-08T18,L,2022-05-08 18:00:00,0.0,,,,0.4839,0.4839,0.316,0.3882,0.2958,1.8855,True,14.0,False,15.0,False,15.0,False,18.0,False,22.0,False
2022-05-09T02,H,2022-05-08 19:20:00,0.1676,0.1802,0.2544,0.4275,0.3898,0.4276,0.4615,0.5356,0.0028,1.1662,True,14.0,False,17.0,False,35.0,False,54.0,False,81.0,False
2022-05-10T03,L,2022-05-10 00:35:00,0.8562,0.1498,0.6085,0.8741,0.8512,0.8945,0.1046,0.5415,0.3539,2.4536,True,-189.0,False,-188.0,False,-187.0,False,-187.0,False,21.0,False
2022-05-10T21,H,2022-05-10 06:40:00,0.1053,0.0368,0.1374,0.1818,0.2243,0.2463,0.6489,0.3067,0.0444,1.4715,True,97.0,False,98.0,False,101.0,False,172.0,False,180.0,False
2022-05-11T02,L,2022-05-10 22:05:00,0.024,0.0389,0.1313,0.0435,0.3021,0.3021,0.2316,0.1248,0.6436,4.2046,True,23.0,False,23.0,False,28.0,False,53.0,False,59.0,False
2022-05-11T07,H,2022-05-11 05:15:00,0.2383,0.243,0.2541,0.308,0.3405,0.3405,0.4825,0.4341,0.0834,9.8239,True,18.0,False,19.0,False,21.0,False,21.0,False,21.0,False
2022-05-11T08,L,2022-05-11 08:00:00,0.0,,,0.4235,0.5932,0.7098,0.5246,0.2481,0.2273,1.4619,True,7.0,True,7.0,True,7.0,True,16.0,False,16.0,False
2022-05-11T12,H,2022-05-11 10:15:00,0.2048,0.0496,0.1596,0.1338,0.0972,0.2,0.6341,0.3476,0.0183,3.6378,False,28.0,False,28.0,False,29.0,False,31.0,False,31.0,False
2022-05-11T14,L,2022-05-11 13:00:00,0.0,,0.0853,0.1643,0.6718,0.7662,0.0596,0.5804,0.36,2.7796,True,11.0,True,11.0,True,11.0,True,18.0,False,25.0,False
2022-05-11T16,H,2022-05-11 15:00:00,0.0,,0.136,0.2996,0.4398,0.4398,0.2831,0.6068,0.1101,1.6134,True,24.0,False,25.0,False,26.0,False,26.0,False,26.0,False
2022-05-12T10,L,2022-05-12 07:20:00,0.6894,0.0648,0.123,0.3352,0.4091,0.4373,0.187,0.5409,0.2721,3.4044,False,-161.0,False,-151.0,False,43.0,False,44.0,False,44.0,False
2022-05-13T16,H,2022-05-13 05:25:00,0.4338,0.2684,0.4375,0.5272,0.7097,0.7097,0.3913,0.5251,0.0836,1.3084,True,2.0,True,10.0,True,12.0,True,20.0,False,127.0,False
2022-05-14T17,L,2022-05-14 16:15:00,0.8998,0.2754,0.3631,0.5891,0.7069,0.7539,0.3619,0.6072,0.0309,4.2115,False,-51.0,False,-51.0,False,-46.0,False,-45.0,False,21.0,False
2022-05-16T03,H,2022-05-15 22:05:00,0.8229,0.0719,0.1504,0.1549,0.1977,0.1977,0.6857,0.3143,0.0,7.4056,False,-157.0,False,-157.0,False,-157.0,False,-139.0,False,63.0,False
2022-05-16T21,L,2022-05-16 16:50:00,0.5823,0.19,0.2153,0.3291,0.5129,0.5409,0.3288,0.4399,0.2312,2.471,False,-71.0,False,14.0,False,26.0,False,50.0,False,50.0,False
2022-05-17T14,H,2022-05-17 08:45:00,0.6994,0.1301,0.2759,0.2763,0.2331,0.2763,0.2316,0.5,0.2684,3.347,False,-115.0,False,-110.0,False,69.0,False,72.0,False,75.0,False
2022-05-17T23,L,2022-05-17 18:25:00,0.5759,0.0724,0.1077,0.1413,0.5935,0.5935,0.0451,0.9474,0.0075,2.8279,True,-13.0,False,14.0,False,38.0,False,42.0,False,67.0,False
2022-05-18T01,H,2022-05-18 00:40:00,0.1763,0.2074,0.373,0.31,0.3452,0.3833,0.7718,0.1946,0.0336,1.5577,True,16.0,False,16.0,False,16.0,False,16.0,False,16.0,False
2022-05-19T03,L,2022-05-19 00:00:00,0.9497,0.3629,0.7552,0.7733,0.7363,0.8405,0.3543,0.4803,0.1654,1.2008,False,-129.0,False,-89.0,False,-89.0,False,-59.0,False,-48.0,False
2022-05-20T04,H,2022-05-20 01:45:00,0.5316,0.0924,0.2336,0.3582,0.4013,0.4013,0.4805,0.5195,0.0,2.3731,False,-143.0,False,32.0,False,39.0,False,39.0,False,39.0,False
2022-05-21T05,L,2022-05-20 17:30:00,0.7807,0.0659,0.181,0.2109,0.1713,0.2597,0.7162,0.2838,0.0,1.8815,False,-112.0,False,-78.0,False,-78.0,False,126.0,False,150.0,False
2022-05-22T04,H,2022-05-21 16:15:00,0.7629,0.304,0.3396,0.3409,0.2988,0.4185,0.0145,0.942,0.0435,2.9264,False,-81.0,False,-81.0,False,-69.0,False,67.0,False,144.0,False
2022-05-22T07,L,2022-05-22 05:00:00,0.0,,,,0.1698,0.1698,0.5465,0.4109,0.0426,3.9605,True,23.0,False,27.0,False,27.0,False,33.0,False,,False
2022-05-23T04,H,2022-05-22 22:25:00,0.9475,0.367,0.5112,0.5725,0.2763,0.6503,0.5612,0.4388,0.0,6.4858,False,-151.0,False,-130.0,False,-130.0,False,-127.0,False,-17.0,False
2022-05-23T06,L,2022-05-23 05:05:00,0.0311,0.0445,0.0691,0.0747,0.2695,0.2695,0.5375,0.425,0.0375,0.813,True,23.0,False,23.0,False,,False,,False,,False
2022-05-23T12,H,2022-05-23 07:00:00,0.0,,0.3217,0.3316,0.4117,0.4117,0.4503,0.5314,0.0183,4.3866,True,15.0,False,18.0,False,23.0,False,31.0,False,63.0,False
2022-05-24T09,L,2022-05-23 23:20:00,0.7432,0.0803,0.2417,0.237,0.3618,0.3618,0.4429,0.4204,0.1367,4.369,False,-114.0,False,-114.0,False,-21.0,False,68.0,False,86.0,False
2022-05-24T14,H,2022-05-24 11:20:00,0.3122,0.0199,0.1001,0.1489,0.1477,0.1579,0.569,0.431,0.0,2.5611,False,32.0,False,32.0,False,34.0,False,34.0,False,,False
2022-05-24T15,L,2022-05-24 15:00:00,0.0,,,,0.561,0.6333,0.1448,0.5421,0.3131,1.6283,True,9.0,True,9.0,True,18.0,False,18.0,False,21.0,False
2022-05-25T11,H,2022-05-25 03:30:00,0.7093,0.0431,0.0409,0.0277,0.0633,0.0821,0.0515,0.8608,0.0876,1.6541,False,-122.0,False,-104.0,False,-102.0,False,102.0,False,102.0,False
2022-05-25T22,L,2022-05-25 12:35:00,0.0862,0.1577,0.2464,0.2048,0.3076,0.3076,0.6579,0.2661,0.076,1.3224,True,20.0,False,29.0,False,72.0,False,107.0,False,,False
2022-05-25T23,H,2022-05-25 23:00:00,0.0,,,,0.2709,0.2709,0.05,0.85,0.1,2.0025,True,19.0,False,22.0,False,23.0,False,23.0,False,,False
2022-05-26T03,L,2022-05-26 00:05:00,0.021,0.0296,0.1153,0.1833,0.1946,0.2191,0.2944,0.5794,0.1262,2.2865,True,47.0,False,47.0,False,47.0,False,47.0,False,47.0,False
2022-05-26T05,H,2022-05-26 04:15:00,0.2226,0.0407,0.0777,0.0947,0.1444,0.2107,0.1429,0.5306,0.3265,0.7923,False,21.0,False,21.0,False,,False,,False,,False
2022-05-26T17,L,2022-05-26 13:20:00,0.4754,0.1675,0.4187,0.8722,0.9308,0.9308,0.6875,0.3125,0.0,17.6561,True,5.0,True,6.0,True,6.0,True,6.0,True,11.0,True
2022-05-27T00,H,2022-05-26 21:15:00,0.2661,0.0553,0.0688,0.0876,0.0308,0.0876,0.502,0.2824,0.2157,0.8389,False,33.0,False,45.0,False,45.0,False,,False,,False
2022-05-27T12,L,2022-05-27 06:10:00,0.4391,0.0759,0.1464,0.2802,0.3717,0.429,0.029,0.7391,0.2319,1.9278,False,16.0,False,42.0,False,46.0,False,77.0,False,82.0,False
2022-05-27T16,H,2022-05-27 14:00:00,0.2144,0.0686,0.1517,0.1758,0.6163,0.6163,0.6056,0.2676,0.1268,1.7231,True,12.0,True,12.0,True,29.0,False,36.0,False,36.0,False
2022-05-27T22,L,2022-05-27 18:30:00,0.2848,0.0335,0.0283,0.0723,0.0967,0.0967,0.1805,0.8195,0.0,0.7871,False,21.0,False,42.0,False,45.0,False,54.0,False,54.0,False
2022-05-29T02,H,2022-05-28 13:20:00,0.8004,0.3689,0.5624,0.6067,0.7799,0.8432,0.5881,0.4098,0.002,14.4982,True,-164.0,False,-164.0,False,-163.0,False,-128.0,False,35.0,False
2022-05-29T03,L,2022-05-29 03:00:00,0.0,,,,0.4169,0.4169,0.0989,0.8132,0.0879,3.2665,True,18.0,False,21.0,False,21.0,False,,False,,False
2022-05-29T04,H,2022-05-29 04:00:00,0.0,0.2455,0.3414,0.6189,0.8852,0.8852,0.6053,0.3289,0.0658,1.7065,True,5.0,True,5.0,True,12.0,True,12.0,True,,False
2022-05-29T05,L,2022-05-29 05:00:00,0.0,,,0.0984,0.3307,0.3307,0.28,0.48,0.24,2.0865,True,18.0,False,18.0,False,18.0,False,18.0,False,18.0,False
2022-05-29T19,H,2022-05-29 12:15:00,0.9423,0.1192,0.2404,0.2944,0.4479,0.4479,0.5498,0.4479,0.0024,11.4024,False,-51.0,False,-44.0,False,-42.0,False,-40.0,False,-34.0,False
2022-05-29T22,L,2022-05-29 20:00:00,0.0,,,,0.2521,0.3214,0.9859,0.0,0.0141,1.4213,True,20.0,False,22.0,False,27.0,False,31.0,False,37.0,False
2022-05-30T14,H,2022-05-30 06:20:00,0.8261,0.4439,0.4558,0.3005,0.6507,0.6507,0.375,0.5597,0.0653,11.6121,False,-74.0,False,-74.0,False,-69.0,False,-64.0,False,104.0,False
2022-05-30T20,L,2022-05-30 15:00:00,0.0,,0.0627,0.2326,0.4117,0.4117,0.6697,0.2661,0.0642,1.429,True,37.0,False,68.0,False,68.0,False,68.0,False,,False
2022-05-31T06,H,2022-05-30 21:25:00,0.1788,0.7826,0.9511,0.9656,0.9331,0.9656,0.357,0.6398,0.0032,3.9689,True,0.0,True,0.0,True,0.0,True,1.0,True,1.0,True
2022-06-02T06,L,2022-06-01 20:35:00,0.879,0.0921,0.0899,0.1388,0.1405,0.1587,0.2816,0.7023,0.0162,5.7935,False,-358.0,False,-345.0,False,-344.0,False,-319.0,False,113.0,False
2022-06-03T10,H,2022-06-02 22:10:00,0.4705,0.1626,0.1831,0.1858,0.1571,0.2316,0.5223,0.4698,0.0079,9.329,False,118.0,False,127.0,False,148.0,False,154.0,False,154.0,False
2022-06-03T22,L,2022-06-03 14:50:00,0.2189,0.4496,0.3698,0.4916,0.5678,0.5678,0.1807,0.7203,0.099,2.7251,True,10.0,True,14.0,False,64.0,False,76.0,False,86.0,False
2022-06-05T07,H,2022-06-04 14:35:00,0.9508,0.8444,0.839,0.8115,0.8562,0.8562,0.3468,0.6338,0.0194,16.4931,False,-181.0,False,-180.0,False,-161.0,False,-149.0,False,-139.0,False
2022-06-05T14,L,2022-06-05 09:40:00,0.5114,0.2919,0.4695,0.3917,0.5614,0.6894,0.2228,0.7254,0.0518,2.2441,True,-16.0,False,8.0,True,28.0,False,28.0,False,42.0,False
2022-06-06T16,H,2022-06-06 14:40:00,0.5873,0.297,0.7457,0.8572,0.8929,0.9211,0.0311,0.9275,0.0415,2.6025,True,-265.0,False,3.0,True,3.0,True,5.0,True,8.0,True
2022-06-07T15,L,2022-06-07 02:25:00,0.5194,0.1167,0.1268,0.1465,0.2821,0.2821,0.1203,0.7797,0.1,3.973,False,-62.0,False,92.0,False,102.0,False,149.0,False,151.0,False
2022-06-08T04,H,2022-06-07 20:10:00,0.4717,0.1003,0.0729,0.1085,0.0718,0.1573,0.3138,0.6772,0.009,4.6189,False,32.0,False,32.0,False,32.0,False,32.0,False,90.0,False
2022-06-09T05,L,2022-06-08 05:00:00,0.0,,,,0.1952,0.2011,0.2219,0.574,0.2041,1.2721,True,23.0,False,118.0,False,146.0,False,310.0,False,,False
2022-06-09T13,H,2022-06-09 09:40:00,0.5969,0.1184,0.1524,0.161,0.1691,0.1691,0.4649,0.5351,0.0,3.7144,False,-39.0,False,28.0,False,32.0,False,32.0,False,40.0,False
2022-06-09T17,L,2022-06-09 14:00:00,0.0,,0.37,0.4155,0.5032,0.5569,0.2506,0.4567,0.2927,2.6938,True,8.0,True,24.0,False,24.0,False,39.0,False,,False
2022-06-09T18,H,2022-06-09 18:00:00,0.0,,,,0.3138,0.3138,0.1121,0.8879,0.0,3.0665,True,22.0,False,22.0,False,22.0,False,22.0,False,22.0,False
2022-06-10T05,L,2022-06-10 00:20:00,0.5977,0.4938,0.5382,0.676,0.8199,0.8199,0.593,0.396,0.011,19.9148,True,-37.0,False,4.0,True,12.0,True,12.0,True,33.0,False
2022-06-10T09,H,2022-06-10 06:20:00,0.2618,0.266,0.2507,0.2686,0.1846,0.2686,0.3612,0.4627,0.1761,5.2453,True,36.0,False,44.0,False,44.0,False,44.0,False,,False
2022-06-10T11,L,2022-06-10 10:00:00,0.0,,0.1709,0.1799,0.397,0.4074,0.4709,0.2169,0.3122,2.2573,True,13.0,False,15.0,False,20.0,False,25.0,False,,False
2022-06-10T12,H,2022-06-10 12:30:00,0.3225,0.2558,0.8503,0.9773,,0.9773,0.3721,0.3907,0.2372,2.7061,True,1.0,True,1.0,True,1.0,True,1.0,True,6.0,True
2022-06-11T01,L,2022-06-10 16:30:00,0.5783,0.1187,0.1738,0.218,0.4686,0.4686,0.7196,0.2682,0.0121,6.6227,False,-33.0,False,46.0,False,65.0,False,65.0,False,114.0,False
2022-06-11T11,H,2022-06-11 05:10:00,0.1563,0.0182,0.0517,0.0567,0.0672,0.0672,0.7113,0.1753,0.1134,3.7397,False,75.0,False,82.0,False,82.0,False,,False,,False
2022-06-11T21,L,2022-06-11 16:20:00,0.7224,0.0852,0.2016,0.4308,0.5062,0.5062,0.6959,0.2603,0.0438,4.3852,False,-36.0,False,-33.0,False,-33.0,False,44.0,False,62.0,False
2022-06-12T02,H,2022-06-11 22:35:00,0.1687,0.0969,0.1609,0.2311,0.4197,0.4473,0.6784,0.3158,0.0058,2.1291,True,13.0,False,13.0,False,41.0,False,41.0,False,47.0,False
2022-06-12T13,L,2022-06-12 05:35:00,0.468,0.007,0.0167,0.0115,0.0386,0.0386,0.0529,0.9471,0.0,1.3588,False,,False,,False,,False,,False,,False
2022-06-12T22,H,2022-06-12 15:35:00,0.74,0.0805,0.3303,0.3234,0.4095,0.4095,0.6713,0.1295,0.1992,1.1837,False,-16.0,False,-15.0,False,-15.0,False,53.0,False,85.0,False
2022-06-13T19,L,2022-06-13 14:55:00,0.601,0.3533,0.2463,0.6628,0.7296,0.8587,0.0728,0.4651,0.462,5.2014,True,-126.0,False,-16.0,False,10.0,True,10.0,True,15.0,False
2022-06-14T00,H,2022-06-13 20:35:00,0.5123,0.2494,0.4278,0.3928,0.5109,0.5281,0.3013,0.6225,0.0762,2.3067,True,-7.0,False,14.0,False,26.0,False,29.0,False,29.0,False
2022-06-14T05,L,2022-06-14 02:00:00,0.0757,0.0168,0.0877,0.0606,0.1271,0.1442,0.6023,0.0382,0.3595,1.6849,True,25.0,False,36.0,False,36.0,False,36.0,False,41.0,False
2022-06-15T04,H,2022-06-14 06:00:00,0.0,,,,0.4269,0.4269,0.3669,0.5975,0.0356,2.7761,True,22.0,False,79.0,False,151.0,False,161.0,False,180.0,False
2022-06-15T12,L,2022-06-15 09:40:00,0.7619,0.0715,0.1239,0.0934,0.322,0.3361,0.3633,0.44,0.1967,1.0093,False,-45.0,False,-43.0,False,-32.0,False,40.0,False,40.0,False
2022-06-16T07,H,2022-06-16 01:20:00,0.5313,0.0839,0.1546,0.2082,0.2625,0.2831,0.7881,0.2119,0.0,0.9316,False,-94.0,False,55.0,False,56.0,False,68.0,False,80.0,False
2022-06-17T05,L,2022-06-16 23:25:00,0.6503,0.022,0.0417,0.1016,0.2663,0.2663,0.0845,0.0423,0.8732,0.5531,False,-130.0,False,-130.0,False,31.0,False,74.0,False,,False
2022-06-17T18,H,2022-06-17 08:35:00,0.2771,0.0609,0.1429,0.2162,0.2383,0.2383,0.2394,0.597,0.1636,1.9269,False,53.0,False,69.0,False,77.0,False,101.0,False,125.0,False
2022-06-17T20,L,2022-06-17 19:15:00,0.105,0.1328,0.158,0.247,0.5467,0.5467,0.1265,0.6325,0.241,1.8839,True,11.0,True,14.0,False,14.0,False,21.0,False,,False
2022-06-17T22,H,2022-06-17 21:00:00,0.0,,,0.1706,0.3828,0.3828,0.1567,0.5075,0.3358,1.1647,True,22.0,False,23.0,False,29.0,False,29.0,False,,False
2022-06-18T00,L,2022-06-17 23:00:00,0.0,,,0.1084,0.2835,0.3042,0.1713,0.4972,0.3315,1.8633,True,29.0,False,29.0,False,29.0,False,,False,,False
2022-06-18T01,H,2022-06-18 01:00:00,0.0,,,0.539,0.8022,0.8022,0.495,0.3861,0.1188,1.7189,True,5.0,True,8.0,True,9.0,True,12.0,True,17.0,False
2022-06-18T02,L,2022-06-18 02:05:00,0.0798,0.0584,0.3675,0.4102,,0.5451,0.479,0.2815,0.2395,2.6309,True,11.0,True,,False,,False,,False,,False
2022-06-18T06,H,2022-06-18 05:05:00,0.3107,0.0803,0.1227,0.2561,0.2738,0.309,0.1071,0.8482,0.0446,1.8011,False,22.0,False,22.0,False,22.0,False,22.0,False,23.0,False
2022-06-18T22,L,2022-06-18 20:35:00,0.6066,0.0601,0.0252,0.1486,0.5683,0.7214,0.2581,0.4924,0.2495,2.21,True,-161.0,False,-111.0,False,11.0,True,23.0,False,29.0,False
2022-06-20T03,H,2022-06-19 20:35:00,0.7316,0.1671,0.1645,0.1793,0.3333,0.3428,0.5259,0.4373,0.0369,5.7145,False,-219.0,False,-217.0,False,-175.0,False,56.0,False,,False
2022-06-20T09,L,2022-06-20 05:30:00,0.2437,0.0547,0.0769,0.1756,0.104,0.2023,0.1071,0.8274,0.0655,1.3971,False,42.0,False,42.0,False,54.0,False,54.0,False,,False
2022-06-20T16,H,2022-06-20 15:10:00,0.8212,0.3544,0.7071,0.7004,0.7086,0.735,0.4708,0.3523,0.1769,3.4452,False,-59.0,False,-30.0,False,-23.0,False,-14.0,False,22.0,False
2022-06-21T05,L,2022-06-20 18:15:00,0.1171,0.023,0.0427,0.0423,0.0467,0.0469,0.0157,0.6299,0.3543,0.8635,False,134.0,False,141.0,False,141.0,False,141.0,False,141.0,False
2022-06-21T18,H,2022-06-21 14:50:00,0.7092,0.1293,0.1893,0.2657,0.3844,0.4201,0.2872,0.5949,0.1179,1.9496,False,-92.0,False,-90.0,False,-90.0,False,38.0,False,50.0,False
2022-06-22T13,L,2022-06-22 06:35:00,0.4533,0.087,0.2243,0.1504,0.3222,0.3222,0.1407,0.6046,0.2548,3.6271,False,41.0,False,53.0,False,59.0,False,87.0,False,89.0,False
2022-06-22T17,H,2022-06-22 14:35:00,0.102,0.0484,0.193,0.269,0.3817,0.4376,0.3676,0.598,0.0343,1.0761,True,14.0,False,16.0,False,17.0,False,17.0,False,,False
2022-06-23T00,L,2022-06-22 20:40:00,0.4003,0.1504,0.3132,0.2132,0.1382,0.3132,0.4286,0.4192,0.1523,4.0023,False,29.0,False,44.0,False,46.0,False,52.0,False,52.0,False
2022-06-23T16,H,2022-06-23 12:35:00,0.4366,0.1317,0.3559,0.3975,0.3715,0.447,0.2231,0.5041,0.2727,2.4851,True,16.0,False,16.0,False,19.0,False,36.0,False,42.0,False
2022-06-23T19,L,2022-06-23 17:05:00,0.1617,0.2004,0.4549,0.4463,0.5314,0.5314,0.4378,0.5579,0.0043,2.6777,True,10.0,True,17.0,False,23.0,False,25.0,False,33.0,False
2022-06-24T07,H,2022-06-24 02:40:00,0.5496,0.3538,0.3838,0.5625,0.7069,0.7069,0.4312,0.5688,0.0,5.1354,True,-59.0,False,5.0,True,11.0,True,16.0,False,40.0,False
2022-06-24T12,L,2022-06-24 08:00:00,0.0,,,,0.4182,0.4182,0.5833,0.2833,0.1333,1.4031,True,18.0,False,21.0,False,21.0,False,56.0,False,68.0,False
2022-06-24T15,H,2022-06-24 13:00:00,0.0,,,0.6857,0.7156,0.7424,0.3848,0.5393,0.0758,2.6007,True,6.0,True,6.0,True,9.0,True,27.0,False,31.0,False
2022-06-24T21,L,2022-06-24 16:40:00,0.2869,0.0704,0.1281,0.1979,0.3329,0.3329,0.0769,0.7933,0.1298,1.189,True,40.0,False,40.0,False,52.0,False,64.0,False,64.0,False
2022-06-25T00,H,2022-06-24 22:25:00,0.3011,0.2643,0.3173,0.4162,0.3738,0.4646,0.3728,0.5852,0.042,3.1591,True,20.0,False,31.0,False,31.0,False,31.0,False,,False
2022-06-25T01,L,2022-06-25 01:00:00,0.0,,,,0.2925,0.2925,0.3667,0.3792,0.2542,1.6374,True,17.0,False,21.0,False,21.0,False,,False,,False
2022-06-25T02,H,2022-06-25 02:10:00,0.0848,0.1093,0.2036,0.2812,,0.7952,0.2575,0.7365,0.006,1.4227,True,10.0,True,10.0,True,10.0,True,,False,,False
2022-06-25T07,L,2022-06-25 03:00:00,0.0,0.042,0.1381,0.1447,0.2235,0.2465,0.069,0.6092,0.3218,1.1959,True,50.0,False,50.0,False,51.0,False,55.0,False,60.0,False
2022-06-25T11,H,2022-06-25 08:00:00,0.0,,,0.2401,0.3958,0.3958,0.0514,0.6838,0.2648,2.6286,True,37.0,False,42.0,False,47.0,False,52.0,False,52.0,False
2022-06-25T21,L,2022-06-25 16:00:00,0.211,0.0571,0.1171,0.079,0.1723,0.1723,0.3438,0.4,0.2562,1.8652,False,63.0,False,64.0,False,72.0,False,72.0,False,72.0,False
2022-06-26T09,H,2022-06-26 00:00:00,0.2804,0.1807,0.2753,0.2479,0.2171,0.2753,0.0524,0.7863,0.1613,3.7879,False,69.0,False,76.0,False,98.0,False,,False,,False
2022-06-26T11,L,2022-06-26 10:00:00,0.0,,,,0.4966,0.4966,0.0899,0.5506,0.3596,2.2736,True,29.0,False,29.0,False,31.0,False,31.0,False,32.0,False
2022-06-26T13,H,2022-06-26 12:15:00,0.534,0.1571,0.6973,0.623,0.9135,0.9135,0.3562,0.6373,0.0065,2.8447,True,-2.0,False,3.0,True,8.0,True,9.0,True,12.0,True
2022-06-27T07,L,2022-06-27 01:15:00,0.5383,0.0923,0.3585,0.3219,0.3056,0.3871,0.4971,0.3295,0.1734,2.2492,False,-125.0,False,45.0,False,69.0,False,69.0,False,81.0,False
2022-06-27T13,H,2022-06-27 08:40:00,0.0911,0.3276,0.3054,0.2676,0.243,0.3722,0.2217,0.7783,0.0,5.3028,True,33.0,False,35.0,False,39.0,False,49.0,False,59.0,False
2022-06-28T05,L,2022-06-28 02:15:00,0.947,0.3648,0.5048,0.4062,0.8281,0.8281,0.2816,0.7055,0.0129,2.3921,False,-115.0,False,-109.0,False,-98.0,False,-92.0,False,-63.0,False
2022-06-28T16,H,2022-06-28 09:10:00,0.4091,0.0302,0.0393,0.0505,0.0719,0.0812,0.5714,0.4202,0.0084,2.5209,False,74.0,False,78.0,False,81.0,False,82.0,False,82.0,False
2022-06-29T13,L,2022-06-29 11:25:00,0.8643,0.786,0.8909,0.8408,0.9659,0.9714,0.4583,0.4917,0.05,5.6527,True,-113.0,False,-99.0,False,-24.0,False,-23.0,False,2.0,True
2022-06-30T06,H,2022-06-29 20:10:00,0.1875,0.0703,0.1099,0.2007,0.1395,0.2113,0.2571,0.6,0.1429,4.5911,True,63.0,False,70.0,False,105.0,False,109.0,False,130.0,False
2022-06-30T23,L,2022-06-30 20:50:00,0.9064,0.4923,0.8804,0.9355,0.9478,0.9572,0.659,0.2548,0.0862,3.9442,True,-74.0,False,-70.0,False,-70.0,False,-57.0,False,-33.0,False
2022-07-01T10,H,2022-07-01 00:35:00,0.205,0.3815,0.5759,0.5248,0.6236,0.6236,0.1805,0.7431,0.0764,2.91,True,1.0,True,12.0,True,40.0,False,41.0,False,53.0,False
2022-07-01T17,L,2022-07-01 11:05:00,0.1123,0.1363,0.1781,0.1796,0.2586,0.2586,0.2204,0.7796,0.0,1.5423,True,32.0,False,33.0,False,37.0,False,47.0,False,70.0,False
2022-07-01T23,H,2022-07-01 20:25:00,0.3767,0.1533,0.2565,0.315,0.3217,0.3555,0.0107,0.8683,0.121,4.025,False,31.0,False,31.0,False,31.0,False,31.0,False,43.0,False
2022-07-02T10,L,2022-07-02 09:30:00,0.8331,0.156,0.2731,0.7056,0.6986,0.7687,0.4403,0.5556,0.0041,7.1614,False,-59.0,False,-50.0,False,-41.0,False,-28.0,False,18.0,False
2022-07-03T05,H,2022-07-02 12:45:00,0.2213,0.1388,0.2332,0.4731,0.506,0.506,0.5963,0.3096,0.094,7.8609,True,12.0,True,33.0,False,139.0,False,159.0,False,207.0,False
2022-07-03T16,L,2022-07-03 09:00:00,0.0275,0.1455,0.0831,0.1234,0.2168,0.2312,0.3052,0.6908,0.004,4.0396,True,92.0,False,96.0,False,96.0,False,96.0,False,,False
2022-07-04T02,H,2022-07-03 20:10:00,0.3353,0.0184,0.0255,0.0372,0.0498,0.0543,0.0039,0.642,0.3541,3.8626,False,60.0,False,80.0,False,82.0,False,82.0,False,,False
2022-07-04T09,L,2022-07-04 03:05:00,0.0806,0.1243,0.1682,0.1851,0.213,0.3177,0.061,0.7439,0.1951,1.6101,True,38.0,False,71.0,False,77.0,False,82.0,False,83.0,False
2022-07-05T08,H,2022-07-05 00:50:00,0.961,0.2026,0.1481,0.2812,0.4559,0.5287,0.0677,0.9098,0.0226,1.6375,False,-135.0,False,-133.0,False,-130.0,False,-116.0,False,-113.0,False
2022-07-05T19,L,2022-07-05 13:05:00,0.5041,0.1608,0.1694,0.1584,0.2041,0.2624,0.1271,0.7388,0.134,2.8086,False,-30.0,False,59.0,False,67.0,False,70.0,False,83.0,False
2022-07-06T02,H,2022-07-05 20:15:00,0.2443,0.1847,0.3256,0.4529,0.7831,0.7831,0.7555,0.2445,0.0,2.5793,True,7.0,True,11.0,True,12.0,True,14.0,False,45.0,False
2022-07-06T09,L,2022-07-06 03:15:00,0.1684,0.1548,0.1459,0.2073,0.5809,0.5809,0.2714,0.7286,0.0,2.8991,True,12.0,True,49.0,False,57.0,False,59.0,False,81.0,False
2022-07-06T10,H,2022-07-06 10:00:00,0.0,,,,0.3964,0.3964,0.4626,0.4898,0.0476,1.7299,True,19.0,False,,False,,False,,False,,False
2022-07-06T16,L,2022-07-06 12:10:00,0.2693,0.1206,0.6334,0.5917,0.5573,0.676,0.1129,0.3871,0.5,1.1877,True,3.0,True,3.0,True,13.0,False,22.0,False,24.0,False
2022-07-07T04,H,2022-07-06 23:10:00,0.4839,0.1903,0.2768,0.2628,0.3659,0.3659,0.073,0.7584,0.1685,2.5062,False,38.0,False,38.0,False,42.0,False,70.0,False,70.0,False
2022-07-07T14,L,2022-07-07 05:55:00,0.3406,0.0531,0.0721,0.0974,0.1172,0.1172,0.7186,0.2771,0.0043,7.3692,False,48.0,False,49.0,False,101.0,False,101.0,False,106.0,False
2022-07-08T07,H,2022-07-08 01:30:00,0.3489,0.2869,0.6644,0.6006,0.8912,0.8912,0.796,0.1921,0.0118,13.5527,True,2.0,True,2.0,True,4.0,True,12.0,True,18.0,False
2022-07-09T17,L,2022-07-08 12:50:00,0.281,0.096,0.364,0.3828,0.2316,0.437,0.2041,0.5633,0.2327,3.2922,True,24.0,False,33.0,False,38.0,False,99.0,False,266.0,False
2022-07-09T22,H,2022-07-09 18:00:00,0.0,,,0.1952,0.2167,0.4341,0.8818,0.113,0.0051,5.0972,True,17.0,False,19.0,False,20.0,False,20.0,False,64.0,False
2022-07-11T10,L,2022-07-11 06:15:00,0.8567,0.3256,0.5357,0.5033,0.6959,0.6959,0.7647,0.2262,0.009,6.406,False,-299.0,False,-294.0,False,-110.0,False,-110.0,False,36.0,False
2022-07-11T22,H,2022-07-11 13:35:00,0.2261,0.0967,0.1249,0.1971,0.1939,0.2075,0.1218,0.7329,0.1453,10.2286,False,113.0,False,113.0,False,113.0,False,,False,,False
2022-07-12T12,L,2022-07-12 09:45:00,0.8583,0.1388,0.0764,0.24,0.3088,0.3088,0.0134,0.953,0.0336,4.0711,False,-92.0,False,-88.0,False,-63.0,False,-57.0,False,39.0,False
2022-07-12T20,H,2022-07-12 13:40:00,0.4123,0.1929,0.4211,0.5771,0.489,0.7473,0.6657,0.3314,0.0028,2.8948,True,4.0,True,5.0,True,5.0,True,68.0,False,69.0,False
2022-07-13T02,L,2022-07-12 22:05:00,0.4851,0.084,0.1076,0.1129,0.1051,0.1187,0.1393,0.725,0.1357,3.8136,False,59.0,False,59.0,False,59.0,False,,False,,False
2022-07-14T08,H,2022-07-14 01:20:00,0.9381,0.1416,0.237,0.2924,0.3488,0.4035,0.0661,0.7479,0.186,2.0671,False,-153.0,False,-153.0,False,-152.0,False,-152.0,False,-148.0,False
2022-07-14T15,L,2022-07-14 12:35:00,0.2687,0.3731,0.346,0.3318,0.1336,0.3817,0.3297,0.6332,0.0371,6.2755,True,28.0,False,31.0,False,33.0,False,37.0,False,39.0,False
2022-07-15T04,H,2022-07-14 19:35:00,0.5897,0.0858,0.1067,0.1355,0.1815,0.1942,0.3189,0.6622,0.0189,2.2953,False,-33.0,False,65.0,False,65.0,False,95.0,False,,False
2022-07-15T05,L,2022-07-15 05:00:00,0.0,0.0397,0.0426,0.0683,0.2023,0.2023,0.4274,0.4113,0.1613,1.1325,True,,False,,False,,False,,False,,False
2022-07-15T06,H,2022-07-15 06:30:00,0.0961,0.0196,0.0432,0.2068,,0.2068,0.4427,0.2214,0.3359,1.486,True,,False,,False,,False,,False,,False
2022-07-15T07,L,2022-07-15 07:10:00,0.0603,0.1478,0.3403,0.3756,,0.9391,0.2692,0.4121,0.3187,4.3361,True,10.0,True,10.0,True,10.0,True,10.0,True,10.0,True
2022-07-15T15,H,2022-07-15 13:10:00,0.5968,0.1336,0.264,0.303,0.3983,0.5401,0.3725,0.6,0.0275,2.8458,False,-14.0,False,22.0,False,23.0,False,28.0,False,34.0,False
2022-07-15T19,L,2022-07-15 16:30:00,0.1632,0.1464,0.1802,0.1924,0.326,0.3881,0.2727,0.7203,0.007,1.8709,True,28.0,False,30.0,False,39.0,False,42.0,False,42.0,False
2022-07-15T20,H,2022-07-15 20:30:00,0.0848,0.1766,0.75,0.8853,,0.8853,0.2158,0.7801,0.0041,2.4509,True,2.0,True,2.0,True,2.0,True,6.0,True,,False
2022-07-16T14,L,2022-07-16 06:40:00,0.7967,0.0469,0.0741,0.1107,0.1368,0.1403,0.3197,0.6721,0.0082,4.2992,False,-49.0,False,-46.0,False,-39.0,False,88.0,False,88.0,False
2022-07-17T10,H,2022-07-17 07:15:00,0.9084,0.2057,0.3781,0.6455,0.7287,0.7558,0.2414,0.5517,0.2069,4.1077,False,-133.0,False,-132.0,False,-131.0,False,-130.0,False,-51.0,False
2022-07-18T03,L,2022-07-17 23:40:00,0.7309,0.2438,0.1129,0.4706,0.4169,0.6411,0.2469,0.7531,0.0,4.1792,False,-149.0,False,-139.0,False,-137.0,False,39.0,False,40.0,False
2022-07-18T18,H,2022-07-18 16:00:00,0.366,0.1262,0.4258,0.5147,0.734,0.734,0.7315,0.261,0.0075,8.797,True,5.0,True,9.0,True,12.0,True,24.0,False,24.0,False
2022-07-19T13,L,2022-07-18 19:50:00,0.3019,0.1373,0.1601,0.2385,0.2702,0.3532,0.427,0.573,0.0,2.8916,True,20.0,False,23.0,False,29.0,False,40.0,False,46.0,False
2022-07-20T03,H,2022-07-19 22:00:00,0.3,0.0885,0.1842,0.2234,0.2885,0.2885,0.2661,0.7283,0.0056,1.4116,False,33.0,False,36.0,False,61.0,False,63.0,False,,False
2022-07-20T06,L,2022-07-20 04:00:00,0.0,,,,0.3392,0.3392,0.1792,0.6301,0.1908,1.6439,True,36.0,False,39.0,False,40.0,False,46.0,False,,False
2022-07-20T07,H,2022-07-20 07:15:00,0.1701,0.5487,0.6913,0.9355,,0.9872,0.7126,0.2874,0.0,2.1543,True,0.0,True,1.0,True,2.0,True,5.0,True,6.0,True
2022-07-20T14,L,2022-07-20 09:05:00,0.1781,0.0967,0.2576,0.2273,0.3072,0.314,0.4444,0.4815,0.0741,1.0317,True,15.0,False,35.0,False,48.0,False,70.0,False,71.0,False
2022-07-20T16,H,2022-07-20 15:40:00,0.0743,0.1488,0.1689,0.2669,0.6637,0.7273,0.3593,0.5628,0.0779,1.0383,True,10.0,True,10.0,True,11.0,True,16.0,False,16.0,False
2022-07-21T17,L,2022-07-21 14:35:00,0.8045,0.0357,0.1194,0.2472,0.3163,0.3163,0.8421,0.004,0.1538,2.3779,False,-209.0,False,-202.0,False,-202.0,False,-198.0,False,41.0,False
2022-07-22T17,H,2022-07-22 13:55:00,0.7785,0.321,0.5075,0.3608,0.1827,0.5075,0.2233,0.7767,0.0,8.5039,False,-239.0,False,-238.0,False,-232.0,False,37.0,False,42.0,False
2022-07-23T21,L,2022-07-23 17:50:00,0.7772,0.1318,0.0809,0.4704,0.2904,0.4937,0.0881,0.6743,0.2375,5.2865,False,-142.0,False,-141.0,False,-139.0,False,38.0,False,38.0,False
2022-07-24T23,H,2022-07-24 22:45:00,0.5308,0.1478,0.9021,0.9256,0.9307,0.9319,0.459,0.1189,0.4221,4.345,True,-229.0,False,2.0,True,2.0,True,2.0,True,3.0,True
2022-07-25T16,L,2022-07-25 14:30:00,0.6198,0.1513,0.4129,0.6677,0.4461,0.7132,0.3633,0.6133,0.0234,5.4906,True,-42.0,False,-18.0,False,7.0,True,18.0,False,19.0,False
2022-07-25T23,H,2022-07-25 20:45:00,0.5402,0.0414,0.1769,0.2433,0.5031,0.5031,0.9177,0.0823,0.0,2.3566,False,-19.0,False,18.0,False,18.0,False,22.0,False,37.0,False
2022-07-26T11,L,2022-07-26 03:15:00,0.3515,0.1743,0.2236,0.2002,0.269,0.269,0.2152,0.7827,0.0021,4.5469,False,66.0,False,70.0,False,81.0,False,93.0,False,105.0,False
2022-07-28T08,H,2022-07-28 02:50:00,0.8896,0.0887,0.4427,0.3407,0.674,0.674,0.8477,0.1523,0.0,11.6247,False,-456.0,False,-456.0,False,-456.0,False,-418.0,False,62.0,False
2022-07-28T16,L,2022-07-28 12:35:00,0.693,0.0725,0.0933,0.0581,0.1104,0.1207,0.4132,0.476,0.1108,15.5224,False,-25.0,False,-25.0,False,,False,,False,,False
2022-07-29T00,H,2022-07-28 20:40:00,0.5091,0.0963,0.1441,0.1138,0.4236,0.4236,0.4421,0.5579,0.0,4.3409,False,-9.0,False,40.0,False,44.0,False,,False,,False
2022-07-30T12,L,2022-07-29 13:10:00,0.6456,0.1971,0.2845,0.2424,0.6248,0.6248,0.5652,0.4348,0.0,1.4855,False,-78.0,False,-78.0,False,13.0,False,14.0,False,18.0,False
2022-07-30T20,H,2022-07-30 13:10:00,0.0217,0.1336,0.2271,0.35,0.2994,0.3774,0.6037,0.3963,0.0,4.7785,True,21.0,False,73.0,False,75.0,False,79.0,False,79.0,False
2022-07-31T15,L,2022-07-30 22:15:00,0.14,0.0629,0.0988,0.1466,0.1315,0.2127,0.1968,0.6649,0.1383,1.6987,True,141.0,False,151.0,False,165.0,False,176.0,False,,False
2022-07-31T22,H,2022-07-31 18:15:00,0.4415,0.076,0.857,0.8983,0.7087,0.8987,0.5989,0.3984,0.0027,9.0028,True,3.0,True,3.0,True,3.0,True,3.0,True,43.0,False
2022-08-01T14,L,2022-08-01 11:10:00,0.7769,0.1324,0.3541,0.3585,0.438,0.5453,0.5795,0.4205,0.0,3.6415,False,-36.0,False,-23.0,False,-6.0,False,34.0,False,36.0,False
2022-08-01T17,H,2022-08-01 15:00:00,0.0,,,,0.1953,0.2379,0.0139,0.8958,0.0903,1.8773,True,22.0,False,25.0,False,30.0,False,38.0,False,45.0,False
2022-08-01T22,L,2022-08-01 18:45:00,0.3304,0.3191,0.519,0.6595,0.5218,0.6771,0.6391,0.3565,0.0043,1.6122,True,2.0,True,5.0,True,20.0,False,27.0,False,27.0,False
2022-08-02T03,H,2022-08-02 00:20:00,0.1255,0.2711,0.4214,0.4787,0.3587,0.4787,0.5463,0.393,0.0607,2.2901,True,19.0,False,20.0,False,20.0,False,30.0,False,34.0,False
2022-08-02T11,L,2022-08-02 09:35:00,0.589,0.1954,0.4089,0.2543,0.4491,0.4634,0.4639,0.4691,0.067,2.9178,False,-46.0,False,17.0,False,17.0,False,21.0,False,24.0,False
2022-08-02T12,H,2022-08-02 12:00:00,0.0,,0.2448,0.3369,0.5043,0.5043,0.3427,0.6224,0.035,1.7304,True,10.0,True,15.0,False,15.0,False,15.0,False,,False
2022-08-02T13,L,2022-08-02 13:00:00,0.0,0.2339,0.7087,0.5398,0.8989,0.8989,0.7413,0.2168,0.042,1.7212,True,2.0,True,2.0,True,3.0,True,8.0,True,,False
2022-08-03T01,H,2022-08-02 16:45:00,0.8947,0.1269,0.1291,0.1574,0.3548,0.3581,0.0067,0.7833,0.21,2.2693,False,-26.0,False,-26.0,False,-26.0,False,-26.0,False,99.0,False
2022-08-03T06,L,2022-08-03 02:00:00,0.0,,,,0.3557,0.3563,0.1478,0.7043,0.1478,2.0767,True,58.0,False,58.0,False,60.0,False,60.0,False,70.0,False
2022-08-03T22,H,2022-08-03 12:20:00,0.2076,0.2047,0.5734,0.7654,0.6792,0.7654,0.5561,0.4065,0.0374,10.4584,True,3.0,True,5.0,True,6.0,True,29.0,False,116.0,False
2022-08-05T01,L,2022-08-04 18:15:00,0.7485,0.1451,0.3936,0.2676,0.3985,0.5716,0.5186,0.4814,0.0,8.1295,False,-200.0,False,-169.0,False,-146.0,False,71.0,False,83.0,False
2022-08-05T16,H,2022-08-05 12:15:00,0.2489,0.3737,0.3782,0.8162,0.9107,0.9107,0.3261,0.529,0.1449,2.7287,True,1.0,True,4.0,True,4.0,True,6.0,True,11.0,True
2022-08-05T22,L,2022-08-05 19:00:00,0.5215,0.0514,0.0992,0.1063,0.1537,0.1537,0.0756,0.8319,0.0924,3.0764,False,-22.0,False,37.0,False,47.0,False,48.0,False,,False
2022-08-06T08,H,2022-08-06 00:50:00,0.3349,0.1287,0.2977,0.2793,0.4082,0.4435,0.4368,0.5632,0.0,1.3306,True,29.0,False,33.0,False,74.0,False,74.0,False,98.0,False
2022-08-07T11,L,2022-08-07 01:00:00,0.9124,0.0211,0.0256,0.0236,0.0231,0.0298,0.0115,0.8966,0.092,5.8024,False,-154.0,False,-142.0,False,-92.0,False,-92.0,False,-60.0,False
2022-08-08T18,H,2022-08-08 12:10:00,0.8336,0.0982,0.4087,0.4429,0.4572,0.4685,0.5575,0.1897,0.2529,5.365,False,-241.0,False,-161.0,False,-157.0,False,-155.0,False,70.0,False
2022-08-10T06,L,2022-08-10 00:45:00,0.8362,0.5741,0.4276,0.5094,0.6976,0.6976,0.3835,0.5995,0.017,18.169,False,-351.0,False,-351.0,False,-348.0,False,-20.0,False,51.0,False
2022-08-11T14,H,2022-08-11 12:35:00,0.9373,0.7964,0.7524,0.3794,0.8416,0.8416,0.0093,0.8174,0.1733,13.6696,False,-215.0,False,-213.0,False,-213.0,False,-58.0,False,-31.0,False
2022-08-12T16,L,2022-08-12 11:40:00,0.7517,0.1433,0.1333,0.2634,0.3805,0.3981,0.1893,0.7087,0.1019,3.4962,False,-91.0,False,-56.0,False,-20.0,False,52.0,False,,False
2022-08-13T10,H,2022-08-13 06:20:00,0.3707,0.0227,0.1089,0.1578,0.4225,0.4307,0.6774,0.1613,0.1613,1.6383,True,19.0,False,29.0,False,32.0,False,48.0,False,,False
2022-08-14T06,L,2022-08-13 11:45:00,0.08,0.0649,0.168,0.1505,0.1833,0.1935,0.0909,0.8636,0.0455,2.5601,True,171.0,False,183.0,False,225.0,False,,False,,False
2022-08-14T11,H,2022-08-14 07:55:00,0.2715,0.1939,0.267,0.2649,0.6015,0.6015,0.3652,0.4744,0.1604,3.0329,True,11.0,True,12.0,True,29.0,False,37.0,False,46.0,False
2022-08-15T01,L,2022-08-14 18:05:00,0.3659,0.084,0.1267,0.2266,0.3616,0.3616,0.2645,0.6157,0.1198,4.2334,False,27.0,False,40.0,False,83.0,False,91.0,False,95.0,False
2022-08-15T07,H,2022-08-15 03:20:00,0.1003,0.212,0.2704,0.8278,0.8452,0.8765,0.3569,0.5765,0.0667,2.5307,True,4.0,True,5.0,True,5.0,True,6.0,True,35.0,False
2022-08-16T00,L,2022-08-15 23:15:00,0.8194,0.1845,0.8486,0.9287,0.939,0.9464,0.6824,0.3176,0.0,2.6584,True,-89.0,False,-88.0,False,-86.0,False,-12.0,False,6.0,True
2022-08-16T14,H,2022-08-16 01:35:00,0.1783,0.0498,0.2938,0.2518,0.2808,0.359,0.8605,0.1395,0.0,0.9696,True,14.0,False,18.0,False,19.0,False,41.0,False,147.0,False
2022-08-16T19,L,2022-08-16 15:05:00,0.1671,0.0328,0.2321,0.3073,0.3337,0.4327,0.699,0.1165,0.1845,0.5173,True,37.0,False,38.0,False,59.0,False,59.0,False,59.0,False
2022-08-17T09,H,2022-08-17 06:45:00,0.4452,0.067,0.083,0.1569,0.9323,0.9323,0.538,0.462,0.0,2.7344,True,9.0,True,9.0,True,9.0,True,10.0,True,10.0,True
2022-08-18T01,L,2022-08-17 20:05:00,0.3743,0.0922,0.4961,0.5744,0.7268,0.8087,0.7156,0.1927,0.0917,2.9268,True,4.0,True,5.0,True,11.0,True,11.0,True,54.0,False
2022-08-18T18,H,2022-08-18 12:25:00,0.1706,0.161,0.489,0.3749,0.4475,0.489,0.4783,0.4728,0.0489,4.1842,True,14.0,False,19.0,False,25.0,False,49.0,False,67.0,False
2022-08-18T20,L,2022-08-18 19:00:00,0.0,,,,0.3478,0.3478,0.3713,0.4132,0.2156,3.0769,True,14.0,False,15.0,False,17.0,False,31.0,False,35.0,False
2022-08-18T23,H,2022-08-18 21:00:00,0.0,,,0.2191,0.2227,0.3476,0.6829,0.3049,0.0122,1.1116,True,32.0,False,33.0,False,33.0,False,40.0,False,40.0,False
2022-08-19T20,L,2022-08-19 06:40:00,0.3181,0.9675,0.9604,0.9509,0.9486,0.9675,0.5326,0.4579,0.0095,29.5653,True,0.0,True,0.0,True,0.0,True,0.0,True,0.0,True
2022-08-19T21,H,2022-08-19 21:00:00,0.0,,,,0.2115,0.2115,0.89,0.1,0.01,0.416,True,23.0,False,,False,,False,,False,,False
2022-08-20T01,L,2022-08-20 00:00:00,0.7799,0.0158,0.0432,0.1189,0.2001,0.3228,0.0372,0.6489,0.3138,1.5305,False,-23.0,False,-21.0,False,-21.0,False,,False,,False
2022-08-22T02,H,2022-08-21 20:55:00,0.9356,0.6169,0.7939,0.5151,0.7424,0.7939,0.4124,0.5697,0.0179,15.1774,False,-309.0,False,-308.0,False,-288.0,False,-288.0,False,-287.0,False
2022-08-22T23,L,2022-08-22 08:20:00,0.612,0.0408,0.1095,0.2363,0.3982,0.47,0.4982,0.2226,0.2792,4.3997,False,-42.0,False,-37.0,False,69.0,False,92.0,False,188.0,False
2022-08-23T05,H,2022-08-23 00:30:00,0.1834,0.0565,0.1913,0.3263,0.2528,0.3892,0.7711,0.2289,0.0,1.9328,True,21.0,False,42.0,False,58.0,False,60.0,False,61.0,False
2022-08-23T07,L,2022-08-23 06:15:00,0.1676,0.0715,0.1238,0.2646,0.4618,0.4618,0.05,0.7917,0.1583,1.3697,True,18.0,False,21.0,False,21.0,False,21.0,False,21.0,False
2022-08-24T00,H,2022-08-23 14:15:00,0.2233,0.1501,0.229,0.3097,0.4399,0.5253,0.1533,0.7067,0.14,2.2467,True,9.0,True,80.0,False,81.0,False,105.0,False,123.0,False
2022-08-24T12,L,2022-08-24 02:55:00,0.2291,0.0322,0.055,0.0611,0.132,0.132,0.5203,0.3252,0.1545,0.9014,False,109.0,False,109.0,False,121.0,False,121.0,False,121.0,False
2022-08-24T23,H,2022-08-24 16:15:00,0.368,0.2297,0.4696,0.6418,0.5134,0.6418,0.7042,0.05,0.2458,4.5231,True,5.0,True,6.0,True,14.0,False,24.0,False,74.0,False
2022-08-25T06,L,2022-08-25 00:20:00,0.1888,0.1405,0.3766,0.4885,0.6304,0.6304,0.5872,0.1284,0.2844,1.248,True,8.0,True,12.0,True,15.0,False,72.0,False,80.0,False
2022-08-25T15,H,2022-08-25 08:10:00,0.1383,0.2687,0.469,0.4788,0.6729,0.6729,0.1186,0.8729,0.0085,1.786,True,5.0,True,9.0,True,14.0,False,34.0,False,82.0,False
2022-08-26T13,L,2022-08-26 11:10:00,0.8905,0.4851,0.1853,0.1938,0.302,0.4851,0.533,0.4652,0.0018,22.0755,False,-214.0,False,-213.0,False,-211.0,False,-185.0,False,17.0,False
2022-08-26T14,H,2022-08-26 14:00:00,0.0,,,,0.8184,0.8184,0.7095,0.2884,0.0021,3.2736,True,12.0,True,12.0,True,12.0,True,12.0,True,18.0,False
2022-08-27T08,L,2022-08-27 05:15:00,0.7196,0.2657,0.6759,0.3146,0.7871,0.7989,0.6234,0.3664,0.0102,4.6654,True,-56.0,False,-54.0,False,-38.0,False,14.0,False,27.0,False
2022-08-28T23,H,2022-08-27 09:00:00,0.0,,,0.1192,0.2266,0.2266,0.9787,0.0213,0.0,0.4084,True,75.0,False,76.0,False,77.0,False,82.0,False,87.0,False
2022-08-29T06,L,2022-08-29 00:00:00,0.0,0.074,0.0986,0.2129,0.1422,0.2947,0.1408,0.5211,0.338,1.0173,True,43.0,False,43.0,False,60.0,False,75.0,False,84.0,False
2022-08-30T12,H,2022-08-30 07:35:00,0.7911,0.1002,0.3066,0.3394,0.5298,0.5298,0.5489,0.4436,0.0075,3.8248,False,-147.0,False,-67.0,False,-67.0,False,39.0,False,57.0,False
2022-08-31T01,L,2022-08-30 16:50:00,0.2927,0.0716,0.0811,0.0541,0.0799,0.0868,0.1185,0.5592,0.3223,1.9749,False,29.0,False,31.0,False,106.0,False,110.0,False,110.0,False
2022-08-31T14,H,2022-08-31 06:15:00,0.4593,0.1958,0.3527,0.3569,0.3438,0.3569,0.1193,0.8395,0.0412,3.7431,False,93.0,False,104.0,False,105.0,False,105.0,False,,False
2022-09-01T20,L,2022-09-01 16:55:00,0.9425,0.1282,0.2579,0.5125,0.4715,0.7109,0.4088,0.547,0.0442,3.1021,False,-304.0,False,-303.0,False,-298.0,False,-253.0,False,-59.0,False
2022-09-02T17,H,2022-09-02 14:45:00,0.7391,0.1064,0.0956,0.1039,0.1576,0.2192,0.3833,0.6167,0.0,3.2569,False,-150.0,False,-24.0,False,-8.0,False,32.0,False,33.0,False
2022-09-03T22,L,2022-09-03 19:15:00,0.9635,0.348,0.8195,0.857,0.4414,0.8997,0.4072,0.5928,0.0,8.9681,False,-122.0,False,-122.0,False,-122.0,False,-116.0,False,-104.0,False
2022-09-04T07,H,2022-09-04 00:15:00,0.2019,0.1025,0.0797,0.2265,0.4242,0.4242,0.0227,0.9545,0.0227,1.2179,True,19.0,False,28.0,False,32.0,False,62.0,False,93.0,False
2022-09-04T09,L,2022-09-04 08:05:00,0.2452,0.4422,0.5775,0.5541,0.9355,0.9355,0.1913,0.8,0.0087,3.7991,True,1.0,True,7.0,True,7.0,True,7.0,True,11.0,True
2022-09-05T05,H,2022-09-05 00:05:00,0.9782,0.1535,0.4898,0.6124,0.5781,0.6334,0.5043,0.4872,0.0085,2.8874,False,-144.0,False,-144.0,False,-143.0,False,-143.0,False,-125.0,False
2022-09-05T15,L,2022-09-05 10:45:00,0.1864,0.291,0.373,0.3897,0.4613,0.4778,0.3631,0.5475,0.0894,6.6627,True,26.0,False,41.0,False,51.0,False,52.0,False,63.0,False
2022-09-05T19,H,2022-09-05 16:00:00,0.0,,,,0.4967,0.7266,0.4316,0.5263,0.0421,1.5593,True,7.0,True,7.0,True,11.0,True,16.0,False,43.0,False
2022-09-05T22,L,2022-09-05 20:00:00,0.0,0.0392,0.0897,0.2566,0.139,0.2832,0.4353,0.4118,0.1529,3.2778,True,36.0,False,36.0,False,,False,,False,,False
2022-09-06T05,H,2022-09-06 01:05:00,0.4126,0.0192,0.0506,0.0975,0.7417,0.7417,0.7208,0.2792,0.0,2.704,True,10.0,True,11.0,True,12.0,True,17.0,False,47.0,False
2022-09-06T06,L,2022-09-06 06:00:00,0.0,,,,0.2951,0.2951,0.46,0.08,0.46,1.3225,True,19.0,False,19.0,False,19.0,False,,False,,False
2022-09-06T13,H,2022-09-06 09:00:00,0.3778,0.0771,0.1915,0.5623,0.5575,0.58,0.6715,0.3212,0.0073,2.5447,True,6.0,True,29.0,False,55.0,False,60.0,False,60.0,False
2022-09-07T08,L,2022-09-07 02:25:00,0.6574,0.3443,0.6133,0.6154,0.7328,0.7328,0.5699,0.3746,0.0556,5.302,True,-141.0,False,-140.0,False,12.0,True,13.0,False,19.0,False
2022-09-08T12,H,2022-09-07 21:05:00,0.7768,0.0865,0.244,0.2834,0.2308,0.3475,0.641,0.359,0.0,2.1281,False,-143.0,False,-129.0,False,-121.0,False,123.0,False,145.0,False
2022-09-08T20,L,2022-09-08 13:15:00,0.0589,0.036,0.079,0.619,0.266,0.619,0.2995,0.4378,0.2627,2.3304,True,6.0,True,6.0,True,21.0,False,93.0,False,,False
2022-09-09T21,H,2022-09-09 17:15:00,0.7745,0.0789,0.2318,0.3761,0.4641,0.4681,0.2557,0.5795,0.1648,1.929,False,-231.0,False,-229.0,False,-227.0,False,57.0,False,,False
2022-09-10T22,L,2022-09-10 14:00:00,0.7518,0.1367,0.2433,0.4696,0.476,0.4964,0.1842,0.7368,0.0789,4.0746,False,-108.0,False,-104.0,False,-103.0,False,36.0,False,72.0,False
2022-09-11T00,H,2022-09-10 23:00:00,0.0,,0.1606,0.3094,0.2671,0.3094,0.4111,0.5415,0.0474,1.9261,True,15.0,False,18.0,False,19.0,False,27.0,False,,False
2022-09-12T01,L,2022-09-11 06:35:00,0.5986,0.0571,0.2667,0.1543,0.3761,0.3761,0.8684,0.1287,0.0029,12.6941,False,-58.0,False,55.0,False,108.0,False,109.0,False,133.0,False
2022-09-12T22,H,2022-09-12 20:15:00,0.9823,0.2986,0.3981,0.2815,0.4428,0.62,0.2214,0.5191,0.2595,2.2405,False,-219.0,False,-217.0,False,-216.0,False,-216.0,False,-211.0,False
2022-09-13T11,L,2022-09-13 02:15:00,0.5565,0.0365,0.1009,0.1012,0.1376,0.1615,0.8719,0.1033,0.0248,3.7962,False,-25.0,False,109.0,False,110.0,False,,False,,False
2022-09-13T12,H,2022-09-13 12:30:00,0.5599,0.3125,0.9849,0.9957,,0.9957,0.0686,0.2574,0.6739,5.2019,True,-6.0,False,1.0,True,1.0,True,1.0,True,1.0,True
2022-09-14T04,L,2022-09-13 21:45:00,0.638,0.3475,0.551,0.5208,0.5864,0.5864,0.347,0.616,0.037,2.5487,False,-22.0,False,-12.0,False,52.0,False,56.0,False,63.0,False
2022-09-15T14,H,2022-09-14 08:55:00,0.2013,0.0544,0.0909,0.0897,0.2001,0.2001,0.2346,0.5432,0.2222,1.4846,False,36.0,False,111.0,False,114.0,False,122.0,False,,False
2022-09-16T02,L,2022-09-15 15:20:00,0.1855,0.2651,0.5171,0.4543,0.2662,0.5171,0.1551,0.8102,0.0347,3.5788,True,3.0,True,68.0,False,80.0,False,,False,,False
2022-09-16T16,H,2022-09-16 11:50:00,0.51,0.0134,0.0177,0.0334,0.068,0.068,0.5464,0.3196,0.134,3.6115,False,-101.0,False,62.0,False,62.0,False,,False,,False
2022-09-16T20,L,2022-09-16 17:10:00,0.1582,0.3461,0.2196,0.4376,0.342,0.4821,0.144,0.7535,0.1025,5.3742,True,16.0,False,20.0,False,31.0,False,34.0,False,43.0,False
2022-09-18T01,H,2022-09-17 16:20:00,0.9506,0.2405,0.6368,0.249,0.4514,0.6656,0.3116,0.5226,0.1658,10.7189,False,-166.0,False,-163.0,False,-152.0,False,-68.0,False,-52.0,False
2022-09-19T12,L,2022-09-19 06:45:00,0.6762,0.319,0.7135,0.6644,0.7528,0.7528,0.481,0.4927,0.0262,10.5262,True,-244.0,False,-214.0,False,3.0,True,44.0,False,49.0,False
2022-09-20T08,H,2022-09-19 21:25:00,0.4886,0.1077,0.1236,0.181,0.1799,0.1999,0.3391,0.6565,0.0043,1.3501,False,71.0,False,72.0,False,79.0,False,91.0,False,130.0,False
2022-09-21T03,L,2022-09-20 18:00:00,0.8485,0.0533,0.1369,0.2132,0.2175,0.2646,0.6901,0.3063,0.0035,2.2427,False,-84.0,False,-34.0,False,-24.0,False,-23.0,False,,False
2022-09-21T21,H,2022-09-21 18:05:00,0.849,0.3364,0.3554,0.295,0.241,0.3683,0.6308,0.091,0.2782,53.922,False,-145.0,False,-145.0,False,-139.0,False,-106.0,False,35.0,False
2022-09-22T07,L,2022-09-21 22:20:00,0.1005,0.0748,0.133,0.1342,0.209,0.2622,0.3096,0.5757,0.1147,2.5538,True,69.0,False,96.0,False,107.0,False,116.0,False,116.0,False
2022-09-23T07,H,2022-09-22 23:10:00,0.9629,0.0893,0.3155,0.2096,0.4182,0.4182,0.6416,0.3584,0.0,2.5438,False,-148.0,False,-97.0,False,-37.0,False,-32.0,False,-26.0,False
2022-09-23T22,L,2022-09-23 14:30:00,0.3789,0.08,0.0917,0.0921,0.116,0.1571,0.8199,0.1704,0.0096,2.9887,False,70.0,False,87.0,False,90.0,False,90.0,False,96.0,False
2022-09-24T10,H,2022-09-23 23:20:00,0.1235,0.1818,0.113,0.2292,0.5855,0.5855,0.5146,0.4152,0.0702,0.9229,True,12.0,True,16.0,False,26.0,False,53.0,False,95.0,False
2022-09-24T12,L,2022-09-24 11:00:00,0.0,,0.2382,0.1744,0.4577,0.4577,0.5568,0.3182,0.125,2.2637,True,23.0,False,23.0,False,24.0,False,27.0,False,27.0,False
2022-09-24T21,H,2022-09-24 13:10:00,0.1552,0.0743,0.4408,0.5239,0.7198,0.7198,0.7711,0.2289,0.0,1.7751,True,6.0,True,8.0,True,12.0,True,21.0,False,58.0,False
2022-09-25T07,L,2022-09-24 22:50:00,0.3098,0.0229,0.2372,0.3095,0.4017,0.4017,0.9769,0.0192,0.0038,2.9495,True,75.0,False,86.0,False,87.0,False,98.0,False,102.0,False
2022-09-25T14,H,2022-09-25 11:50:00,0.9138,0.0439,0.1862,0.1682,0.2255,0.2802,0.7265,0.2735,0.0,7.6379,False,-32.0,False,-28.0,False,-26.0,False,-19.0,False,-18.0,False
2022-09-26T08,L,2022-09-25 22:05:00,0.6611,0.0743,0.329,0.3554,0.4171,0.4275,0.5923,0.2654,0.1423,5.3461,False,-78.0,False,-72.0,False,71.0,False,119.0,False,119.0,False
2022-09-27T15,H,2022-09-27 12:25:00,0.6528,0.6557,0.6957,0.7035,0.9492,0.9492,0.5282,0.4051,0.0667,2.4718,True,-293.0,False,-292.0,False,1.0,True,1.0,True,8.0,True
2022-09-28T11,L,2022-09-28 02:45:00,0.2185,0.0595,0.0932,0.1387,0.1806,0.2035,0.1164,0.8201,0.0635,1.5389,False,74.0,False,91.0,False,92.0,False,92.0,False,95.0,False
2022-09-29T06,H,2022-09-28 21:30:00,0.6577,0.2786,0.5316,0.6356,0.7173,0.7173,0.335,0.455,0.21,3.0528,True,-44.0,False,-44.0,False,12.0,True,42.0,False,102.0,False
2022-09-29T20,L,2022-09-29 14:20:00,0.5956,0.0479,0.0885,0.2768,0.4562,0.4562,0.2919,0.6584,0.0497,3.6994,False,-36.0,False,28.0,False,28.0,False,29.0,False,,False
2022-09-30T05,H,2022-09-30 00:40:00,0.4306,0.2713,0.3145,0.3617,0.3348,0.3673,0.5061,0.3122,0.1816,5.892,False,27.0,False,28.0,False,28.0,False,53.0,False,,False
2022-09-30T07,L,2022-09-30 06:45:00,0.1686,0.0422,0.1131,0.4121,0.6433,0.6433,0.5294,0.2941,0.1765,2.1731,True,8.0,True,12.0,True,15.0,False,15.0,False,,False
2022-09-30T11,H,2022-09-30 08:00:00,0.0,,0.0576,0.1,0.1406,0.1406,0.1522,0.837,0.0109,2.0628,True,41.0,False,51.0,False,51.0,False,51.0,False,51.0,False
2022-09-30T14,L,2022-09-30 12:35:00,0.3116,0.4406,0.2569,0.1447,0.3135,0.4863,0.4894,0.4849,0.0257,11.5007,True,16.0,False,18.0,False,19.0,False,23.0,False,24.0,False
2022-09-30T20,H,2022-09-30 15:15:00,0.2239,0.0764,0.1508,0.1987,0.365,0.4793,0.0202,0.702,0.2778,0.7405,True,30.0,False,45.0,False,56.0,False,56.0,False,57.0,False
2022-10-01T22,L,2022-10-01 11:30:00,0.6513,0.5025,0.6854,0.8128,0.8411,0.8411,0.6035,0.3649,0.0316,10.705,True,-18.0,False,-10.0,False,5.0,True,6.0,True,45.0,False
2022-10-02T10,H,2022-10-02 05:35:00,0.266,0.065,0.1196,0.1808,0.3009,0.3224,0.4878,0.5,0.0122,8.6988,True,20.0,False,31.0,False,39.0,False,48.0,False,53.0,False
2022-10-02T18,L,2022-10-02 11:00:00,0.0,,,,0.608,0.608,0.7717,0.2283,0.0,1.5525,True,11.0,True,12.0,True,13.0,False,13.0,False,103.0,False
2022-10-02T23,H,2022-10-02 19:10:00,0.1219,0.1058,0.1487,0.2381,0.2339,0.3015,0.6827,0.3173,0.0,7.1107,True,18.0,False,24.0,False,27.0,False,48.0,False,48.0,False
2022-10-03T01,L,2022-10-03 00:00:00,0.0,,,,0.4708,0.4708,0.4926,0.4505,0.0568,4.0296,True,13.0,False,13.0,False,15.0,False,20.0,False,25.0,False
2022-10-03T04,H,2022-10-03 02:00:00,0.0,,0.4737,0.6609,0.5547,0.7274,0.8224,0.0748,0.1028,1.3932,True,4.0,True,4.0,True,7.0,True,14.0,False,30.0,False
2022-10-03T05,L,2022-10-03 05:15:00,0.0852,0.0281,0.0669,0.2544,,0.7954,0.2381,0.4444,0.3175,1.59,True,9.0,True,9.0,True,9.0,True,,False,,False
2022-10-05T01,H,2022-10-04 20:50:00,0.9526,0.0455,0.0644,0.0828,0.2074,0.2074,0.8034,0.1966,0.0,4.6545,False,-459.0,False,-457.0,False,-433.0,False,-428.0,False,-226.0,False
2022-10-06T00,L,2022-10-05 14:25:00,0.4847,0.0698,0.1441,0.2335,0.2981,0.2981,0.2467,0.72,0.0333,6.8584,False,29.0,False,29.0,False,29.0,False,55.0,False,,False
2022-10-06T07,H,2022-10-06 04:20:00,0.3736,0.0298,0.0334,0.0376,0.0786,0.0878,0.0877,0.9123,0.0,1.623,False,32.0,False,,False,,False,,False,,False
2022-10-07T09,L,2022-10-07 06:30:00,0.8648,0.2755,0.3241,0.2894,0.775,0.8521,0.6122,0.2776,0.1102,5.5147,False,-251.0,False,-186.0,False,-181.0,False,-152.0,False,21.0,False
2022-10-07T12,H,2022-10-07 12:30:00,0.2911,0.225,0.6835,0.9165,,0.9165,0.035,0.1749,0.7901,20.0378,True,1.0,True,1.0,True,6.0,True,6.0,True,6.0,True
2022-10-08T00,L,2022-10-07 16:35:00,0.8872,0.4476,0.3819,0.3482,0.719,0.719,0.1356,0.774,0.0904,2.111,False,-40.0,False,-39.0,False,-39.0,False,-39.0,False,53.0,False
2022-10-08T21,H,2022-10-08 01:00:00,0.0,,,,0.1899,0.1979,0.7212,0.2788,0.0,3.0233,True,103.0,False,169.0,False,230.0,False,238.0,False,259.0,False
2022-10-09T01,L,2022-10-08 22:00:00,0.0,,0.8859,0.8511,0.9663,0.9663,0.3742,0.6237,0.002,8.2288,True,3.0,True,3.0,True,3.0,True,3.0,True,7.0,True
2022-10-09T23,H,2022-10-09 11:20:00,0.7292,0.0836,0.2174,0.3067,0.2825,0.5062,0.4107,0.5804,0.0089,5.1493,False,-100.0,False,-93.0,False,-91.0,False,140.0,False,141.0,False
2022-10-10T00,L,2022-10-10 00:00:00,0.0,,,,0.6533,0.7313,0.0921,0.9079,0.0,1.6494,True,11.0,True,11.0,True,11.0,True,20.0,False,21.0,False
2022-10-10T05,H,2022-10-10 01:55:00,0.105,0.1163,0.5225,0.6156,0.7417,0.7436,0.5909,0.4091,0.0,1.1226,True,3.0,True,5.0,True,11.0,True,18.0,False,25.0,False
2022-10-11T08,L,2022-10-11 00:15:00,0.9734,0.2385,0.4452,0.5103,0.5956,0.5956,0.411,0.4064,0.1826,6.0986,False,-179.0,False,-179.0,False,-177.0,False,-173.0,False,-155.0,False
2022-10-13T02,H,2022-10-11 12:30:00,0.6527,0.0838,0.2219,0.4152,0.4987,0.5423,0.2308,0.6923,0.0769,2.6347,False,-34.0,False,-26.0,False,18.0,False,18.0,False,462.0,False
2022-10-13T17,L,2022-10-13 12:35:00,0.649,0.1546,0.1475,0.0708,0.0746,0.4176,0.6214,0.3607,0.0179,40.5213,False,-21.0,False,-10.0,False,33.0,False,41.0,False,53.0,False
2022-10-14T10,H,2022-10-14 02:00:00,0.431,0.0831,0.113,0.1459,0.1618,0.1618,0.2828,0.6515,0.0657,3.5924,False,67.0,False,70.0,False,78.0,False,87.0,False,,False
2022-10-15T12,L,2022-10-15 09:00:00,0.8503,0.1386,0.3503,0.3678,0.7469,0.7469,0.4179,0.5821,0.0,2.02,False,-242.0,False,-240.0,False,-35.0,False,-24.0,False,24.0,False
2022-10-17T03,H,2022-10-16 20:05:00,0.9744,0.2776,0.8021,0.8739,0.8629,0.8872,0.3675,0.3932,0.2393,13.6125,False,-371.0,False,-369.0,False,-368.0,False,-345.0,False,-265.0,False
2022-10-17T04,L,2022-10-17 04:00:00,0.0,,,,0.145,0.145,0.0,1.0,0.0,2.4399,True,,False,,False,,False,,False,,False
2022-10-17T23,H,2022-10-17 13:45:00,0.7743,0.099,0.2697,0.1063,0.5743,0.5743,0.377,0.623,0.0,3.6514,False,-82.0,False,-19.0,False,-18.0,False,88.0,False,111.0,False
2022-10-18T00,L,2022-10-18 00:10:00,0.1349,0.1874,0.3927,0.4868,,0.5801,0.5079,0.4921,0.0,2.8201,True,5.0,True,,False,,False,,False,,False
2022-10-18T01,H,2022-10-18 01:15:00,0.0627,0.1323,0.4971,0.5801,,0.9347,0.2759,0.6897,0.0345,1.2573,True,4.0,True,7.0,True,9.0,True,9.0,True,9.0,True
2022-10-18T07,L,2022-10-18 02:55:00,0.182,0.0615,0.057,0.0523,0.214,0.2542,0.2909,0.7091,0.0,2.3422,True,46.0,False,60.0,False,61.0,False,61.0,False,61.0,False
2022-10-18T08,H,2022-10-18 08:00:00,0.0,0.2131,0.5152,0.4362,0.9618,0.9618,0.2045,0.75,0.0455,1.2767,True,3.0,True,8.0,True,9.0,True,9.0,True,12.0,True
2022-10-19T15,L,2022-10-19 13:50:00,0.901,0.4628,0.8231,0.8797,0.9157,0.9408,0.6127,0.2745,0.1127,4.42,True,-298.0,False,-205.0,False,-118.0,False,-114.0,False,-44.0,False
2022-10-20T00,H,2022-10-19 16:00:00,0.0,0.1617,0.2606,0.5314,0.6003,0.6003,0.1585,0.8415,0.0,2.0302,True,6.0,True,12.0,True,14.0,False,18.0,False,97.0,False
2022-10-20T04,L,2022-10-20 01:00:00,0.0,,0.2505,0.4797,0.5951,0.5951,0.4687,0.529,0.0023,7.9977,True,10.0,True,16.0,False,19.0,False,42.0,False,50.0,False
2022-10-20T18,H,2022-10-20 14:25:00,0.3285,0.1366,0.2787,0.2632,0.2518,0.3241,0.6369,0.3575,0.0056,9.0326,False,20.0,False,22.0,False,33.0,False,40.0,False,45.0,False
2022-10-21T15,L,2022-10-21 12:15:00,0.8953,0.4046,0.3499,0.5454,0.8907,0.8907,0.5456,0.4544,0.0,33.084,False,-207.0,False,-207.0,False,-206.0,False,-21.0,False,15.0,False
2022-10-22T09,H,2022-10-21 19:50:00,0.1972,0.0737,0.094,0.2074,0.2601,0.2601,0.1647,0.4588,0.3765,1.6538,True,86.0,False,87.0,False,110.0,False,122.0,False,123.0,False
2022-10-22T11,L,2022-10-22 10:00:00,0.0,0.1876,0.549,0.5819,0.8777,0.8777,0.9615,0.0,0.0385,2.421,True,3.0,True,7.0,True,7.0,True,10.0,True,20.0,False
2022-10-22T17,H,2022-10-22 13:20:00,0.9284,0.6027,0.7486,0.8869,0.4968,0.9304,0.1519,0.8481,0.0,4.9296,True,-11.0,False,-11.0,False,-11.0,False,-11.0,False,-10.0,False
2022-10-22T21,L,2022-10-22 18:15:00,0.032,0.079,0.2409,0.5073,0.5441,0.6161,0.4,0.6,0.0,1.6514,True,6.0,True,7.0,True,32.0,False,33.0,False,41.0,False
2022-10-22T22,H,2022-10-22 22:00:00,0.0,,,,0.341,0.341,1.0,0.0,0.0,1.6106,True,19.0,False,20.0,False,23.0,False,,False,,False
2022-10-23T17,L,2022-10-23 12:30:00,0.6075,0.8195,0.751,0.9396,0.9782,0.9782,0.0872,0.906,0.0067,29.0475,True,-116.0,False,-97.0,False,0.0,True,0.0,True,4.0,True
2022-10-24T03,H,2022-10-23 22:35:00,0.5812,0.0512,0.1213,0.189,0.5268,0.5621,0.5828,0.3926,0.0245,2.4854,False,-12.0,False,26.0,False,39.0,False,56.0,False,65.0,False
2022-10-25T13,L,2022-10-24 14:30:00,0.5305,0.0722,0.0869,0.1687,0.1684,0.1771,0.56,0.36,0.08,6.4629,False,-49.0,False,78.0,False,93.0,False,162.0,False,282.0,False
2022-10-26T06,H,2022-10-25 19:35:00,0.8972,0.4078,0.444,0.6973,0.8417,0.8417,0.4507,0.4209,0.1284,1.6519,False,-28.0,False,-28.0,False,-27.0,False,-27.0,False,125.0,False
2022-10-26T08,L,2022-10-26 07:00:00,0.0,,,,0.0714,0.0714,1.0,0.0,0.0,0.8993,True,27.0,False,27.0,False,27.0,False,31.0,False,,False
2022-10-26T18,H,2022-10-26 14:45:00,0.8046,0.1897,0.4784,0.3592,0.3677,0.5278,0.4587,0.538,0.0033,5.0584,False,-54.0,False,-31.0,False,-28.0,False,-14.0,False,34.0,False
2022-10-28T13,L,2022-10-28 12:35:00,0.7566,0.9417,0.9461,0.9713,0.9624,0.9744,0.297,0.4292,0.2738,28.7939,True,-320.0,False,-283.0,False,-216.0,False,0.0,True,0.0,True
2022-10-29T13,H,2022-10-29 10:25:00,0.8619,0.1769,0.5133,0.5349,0.6477,0.7064,0.0493,0.8725,0.0783,10.7004,False,-75.0,False,-72.0,False,-65.0,False,-41.0,False,,False
2022-10-29T15,L,2022-10-29 14:00:00,0.0,,,0.0932,0.1534,0.2521,0.7829,0.093,0.124,1.2302,True,,False,,False,,False,,False,,False
2022-10-29T17,H,2022-10-29 16:05:00,0.1232,0.1614,0.1515,0.1769,0.2475,0.271,0.4404,0.5544,0.0052,2.2834,True,23.0,False,23.0,False,23.0,False,23.0,False,,False
2022-10-31T09,L,2022-10-31 02:30:00,0.8294,0.0343,0.0453,0.0691,0.085,0.1229,0.4828,0.4655,0.0517,2.7252,False,-234.0,False,-72.0,False,-35.0,False,-27.0,False,90.0,False
2022-10-31T14,H,2022-10-31 10:05:00,0.0382,0.0677,0.1778,0.1616,0.1609,0.2932,0.7165,0.2795,0.0039,3.4279,True,45.0,False,45.0,False,46.0,False,47.0,False,47.0,False
2022-10-31T23,L,2022-10-31 15:00:00,0.0,,,0.323,0.3294,0.3876,0.1863,0.7888,0.0248,1.7014,True,15.0,False,15.0,False,92.0,False,100.0,False,112.0,False
2022-11-01T14,H,2022-11-01 09:50:00,0.3978,0.0363,0.074,0.0489,0.059,0.074,0.0552,0.9448,0.0,8.7818,False,47.0,False,48.0,False,48.0,False,48.0,False,51.0,False
2022-11-01T23,L,2022-11-01 15:00:00,0.0,,,,0.4416,0.4416,0.5081,0.4839,0.0081,1.5121,True,15.0,False,21.0,False,30.0,False,45.0,False,81.0,False
2022-11-02T07,H,2022-11-02 05:05:00,0.5814,0.0446,0.2329,0.2356,0.3016,0.3016,0.8171,0.1829,0.0,2.3529,False,-59.0,False,26.0,False,27.0,False,27.0,False,,False
2022-11-02T08,L,2022-11-02 08:00:00,0.0,,,,0.362,0.362,0.7554,0.2014,0.0432,4.5119,True,20.0,False,20.0,False,20.0,False,20.0,False,,False
2022-11-02T09,H,2022-11-02 09:05:00,0.096,0.0737,0.2446,0.5265,,0.8632,0.3433,0.6567,0.0,3.8355,True,6.0,True,11.0,True,11.0,True,11.0,True,,False
2022-11-02T16,L,2022-11-02 10:10:00,0.1812,0.384,0.438,0.5229,0.4567,0.5229,0.1295,0.8633,0.0072,3.9588,True,6.0,True,18.0,False,79.0,False,81.0,False,82.0,False
2022-11-02T19,H,2022-11-02 18:35:00,0.6071,0.1153,0.306,0.5586,0.7926,0.7926,0.1716,0.4925,0.3358,1.9468,True,-6.0,False,-6.0,False,10.0,True,17.0,False,17.0,False
2022-11-03T04,L,2022-11-02 21:30:00,0.3711,0.0924,0.205,0.2404,0.2193,0.2404,0.4459,0.5541,0.0,1.6934,False,54.0,False,71.0,False,78.0,False,78.0,False,78.0,False
2022-11-03T11,H,2022-11-03 05:00:00,0.0,,,,0.0659,0.0696,0.3651,0.4683,0.1667,2.5751,True,86.0,False,86.0,False,88.0,False,91.0,False,91.0,False
2022-11-03T15,L,2022-11-03 12:55:00,0.3999,0.5599,0.5481,0.6073,0.641,0.6767,0.3717,0.4346,0.1937,1.964,True,0.0,True,6.0,True,16.0,False,17.0,False,25.0,False
2022-11-05T08,H,2022-11-05 00:50:00,0.977,0.3559,0.2392,0.3799,0.4131,0.4798,0.058,0.942,0.0,4.6501,False,-369.0,False,-318.0,False,-307.0,False,-112.0,False,-109.0,False
2022-11-07T17,L,2022-11-07 08:05:00,0.8954,0.1738,0.2257,0.1426,0.2834,0.2976,0.4239,0.5761,0.0,11.391,False,-540.0,False,-532.0,False,-341.0,False,-193.0,False,,False
2022-11-07T22,H,2022-11-07 19:40:00,0.2761,0.0741,0.0771,0.1371,0.2429,0.2429,0.7576,0.1616,0.0808,9.7874,False,24.0,False,24.0,False,25.0,False,33.0,False,40.0,False
2022-11-08T16,L,2022-11-08 15:30:00,0.9361,0.1234,0.219,0.5682,0.9575,0.9575,0.3829,0.4766,0.1405,4.3139,True,-194.0,False,-193.0,False,-192.0,False,-187.0,False,-7.0,False
2022-11-08T18,H,2022-11-08 17:00:00,0.0,,0.0598,0.2429,0.4986,0.4986,0.134,0.7352,0.1308,0.5254,True,14.0,False,15.0,False,17.0,False,27.0,False,27.0,False
2022-11-09T05,L,2022-11-08 19:35:00,0.2742,0.7479,0.844,0.8186,0.7722,0.844,0.2829,0.5986,0.1185,4.0462,True,0.0,True,0.0,True,0.0,True,1.0,True,20.0,False
2022-11-09T10,H,2022-11-09 06:00:00,0.0,,0.2349,0.2347,0.2537,0.2825,0.1724,0.8276,0.0,1.6629,True,29.0,False,40.0,False,40.0,False,42.0,False,50.0,False
2022-11-10T03,L,2022-11-09 22:10:00,0.8533,0.0664,0.2851,0.322,0.4059,0.4059,0.6633,0.3124,0.0243,1.8793,False,-122.0,False,-122.0,False,-114.0,False,-76.0,False,58.0,False
2022-11-11T03,H,2022-11-10 21:00:00,0.8406,0.0386,0.0877,0.0646,0.1504,0.1811,0.0382,0.252,0.7098,7.1679,False,-129.0,False,-123.0,False,-122.0,False,-120.0,False,84.0,False
2022-11-12T03,L,2022-11-11 14:35:00,0.8787,0.3618,0.7029,0.4387,0.5875,0.7029,0.5448,0.4379,0.0172,6.4383,False,-105.0,False,-105.0,False,-78.0,False,-19.0,False,,False
2022-11-12T04,H,2022-11-12 04:10:00,0.039,0.1119,0.267,0.267,,0.574,0.0682,0.8409,0.0909,1.977,True,10.0,True,,False,,False,,False,,False
2022-11-12T08,L,2022-11-12 05:50:00,0.1927,0.0646,0.2278,0.2942,0.3214,0.3344,0.6517,0.2289,0.1194,1.3028,True,18.0,False,34.0,False,38.0,False,38.0,False,38.0,False
2022-11-13T06,H,2022-11-12 15:15:00,0.3472,0.1258,0.3011,0.3732,0.267,0.3992,0.3333,0.2899,0.3768,2.3667,True,14.0,False,22.0,False,35.0,False,46.0,False,189.0,False
2022-11-14T07,L,2022-11-14 04:25:00,0.958,0.4409,0.3848,0.3772,0.3843,0.4409,0.3629,0.5538,0.0833,5.6604,False,-256.0,False,-255.0,False,-255.0,False,-255.0,False,-254.0,False
2022-11-14T19,H,2022-11-14 13:30:00,0.4686,0.1177,0.2662,0.5689,0.7232,0.7232,0.1732,0.4477,0.3791,2.8767,True,5.0,True,7.0,True,12.0,True,34.0,False,77.0,False
2022-11-15T01,L,2022-11-14 20:00:00,0.0,0.0732,0.0754,0.1039,0.0806,0.1155,0.5396,0.4246,0.0358,4.4328,True,38.0,False,40.0,False,48.0,False,48.0,False,72.0,False
2022-11-15T18,H,2022-11-15 13:35:00,0.8019,0.3841,0.5674,0.4453,0.4951,0.5885,0.5245,0.4714,0.0041,12.0551,False,-73.0,False,-73.0,False,-37.0,False,-27.0,False,65.0,False
2022-11-16T23,L,2022-11-16 15:50:00,0.8586,0.1428,0.3399,0.4103,0.4266,0.4266,0.6319,0.3125,0.0556,6.1934,False,-245.0,False,-238.0,False,-215.0,False,-142.0,False,86.0,False
2022-11-18T08,H,2022-11-18 01:05:00,0.9187,0.0869,0.3311,0.4992,0.5682,0.5682,0.0765,0.5824,0.3412,6.1152,False,-255.0,False,-253.0,False,-253.0,False,-252.0,False,-141.0,False
2022-11-19T11,L,2022-11-18 18:25:00,0.5446,0.0839,0.1103,0.1069,0.1967,0.1967,0.0,0.9833,0.0167,2.3038,False,-97.0,False,65.0,False,67.0,False,175.0,False,211.0,False
2022-11-20T08,H,2022-11-19 22:35:00,0.5167,0.0243,0.6834,0.4445,0.8161,0.8161,0.5217,0.029,0.4493,5.8097,True,-5.0,False,3.0,True,10.0,True,12.0,True,79.0,False
2022-11-21T12,L,2022-11-21 03:30:00,0.7899,0.0963,0.2103,0.3684,0.6882,0.7237,0.255,0.54,0.205,4.0857,False,-213.0,False,-203.0,False,-90.0,False,91.0,False,114.0,False
2022-11-21T19,H,2022-11-21 13:25:00,0.1124,0.0644,0.142,0.1771,0.1484,0.2352,0.506,0.4464,0.0476,4.2909,True,68.0,False,73.0,False,73.0,False,73.0,False,79.0,False
2022-11-22T02,L,2022-11-21 21:55:00,0.274,0.268,0.3522,0.4082,0.5363,0.6267,0.1337,0.7799,0.0864,3.513,True,7.0,True,9.0,True,19.0,False,28.0,False,49.0,False
2022-11-23T13,H,2022-11-23 10:55:00,0.8275,0.1169,0.1264,0.1769,0.1373,0.1769,0.0538,0.9032,0.043,6.5347,False,-364.0,False,-343.0,False,-299.0,False,-274.0,False,,False
2022-11-24T01,L,2022-11-23 17:00:00,0.3469,0.1055,0.1667,0.1265,0.2599,0.2599,0.6786,0.3214,0.0,3.0808,False,25.0,False,25.0,False,25.0,False,105.0,False,108.0,False
2022-11-24T07,H,2022-11-24 02:05:00,0.0969,0.1494,0.2521,0.3539,0.4322,0.5368,0.281,0.7124,0.0065,1.8201,True,8.0,True,47.0,False,47.0,False,47.0,False,71.0,False
2022-11-25T12,L,2022-11-25 06:05:00,0.6558,0.12,0.1627,0.2247,0.3047,0.3047,0.5699,0.3978,0.0323,3.2157,False,-166.0,False,-85.0,False,60.0,False,63.0,False,71.0,False
2022-11-26T11,H,2022-11-26 01:25:00,0.8199,0.2607,0.2358,0.4131,0.4207,0.4207,0.5539,0.4461,0.0,11.2404,False,-147.0,False,-147.0,False,-140.0,False,-135.0,False,91.0,False
2022-11-27T04,L,2022-11-26 22:50:00,0.9355,0.146,0.2014,0.203,0.2838,0.2838,0.1,0.8875,0.0125,4.881,False,-124.0,False,-124.0,False,-124.0,False,-116.0,False,-108.0,False
2022-11-27T23,H,2022-11-27 05:00:00,0.0,,0.138,0.1708,0.2571,0.3019,0.5231,0.4615,0.0154,2.5503,True,45.0,False,47.0,False,53.0,False,65.0,False,231.0,False
2022-11-28T14,L,2022-11-28 02:05:00,0.5527,0.0279,0.2176,0.2238,0.1227,0.3083,0.7565,0.2435,0.0,2.5352,False,-20.0,False,71.0,False,119.0,False,151.0,False,155.0,False
2022-11-28T15,H,2022-11-28 15:00:00,0.0,,,0.1944,0.2787,0.2879,0.5254,0.4746,0.0,4.5133,True,,False,,False,,False,,False,,False
2022-11-28T16,L,2022-11-28 16:25:00,0.2847,0.7953,0.9375,0.9608,,0.9937,0.6099,0.3184,0.0717,3.4636,True,0.0,True,0.0,True,0.0,True,1.0,True,2.0,True
2022-11-29T15,H,2022-11-29 08:55:00,0.8343,0.51,0.601,0.6106,0.5747,0.6813,0.0278,0.963,0.0093,2.1174,False,-179.0,False,-178.0,False,-174.0,False,-90.0,False,57.0,False
2022-11-29T22,L,2022-11-29 16:00:00,0.0,,,,0.0596,0.1369,0.487,0.2957,0.2174,2.634,True,,False,,False,,False,,False,,False
2022-11-29T23,H,2022-11-29 23:05:00,0.0356,0.4305,0.5904,0.618,,0.9529,0.4464,0.4732,0.0804,4.0315,True,1.0,True,6.0,True,11.0,True,11.0,True,11.0,True
2022-11-30T00,L,2022-11-30 00:00:00,0.0,,0.1738,0.2296,0.8956,0.8956,0.1034,0.5517,0.3448,1.3244,True,9.0,True,9.0,True,10.0,True,10.0,True,13.0,False
2022-11-30T12,H,2022-11-30 02:25:00,0.2445,0.0463,0.0822,0.158,0.3907,0.3907,0.4701,0.5271,0.0028,4.4531,True,16.0,False,19.0,False,43.0,False,115.0,False,127.0,False
2022-11-30T20,L,2022-11-30 18:35:00,0.4237,0.6488,0.7731,0.7713,0.8097,0.82,0.5378,0.1657,0.2965,8.156,True,0.0,True,0.0,True,1.0,True,8.0,True,17.0,False
2022-12-01T04,H,2022-11-30 23:00:00,0.1803,0.4409,0.4184,0.415,0.4982,0.5426,0.1695,0.7768,0.0537,10.5144,True,2.0,True,21.0,False,42.0,False,72.0,False,,False
2022-12-02T10,L,2022-12-01 21:05:00,0.5345,0.1364,0.2589,0.2612,0.3595,0.3595,0.314,0.6777,0.0083,6.4947,False,-74.0,False,35.0,False,47.0,False,131.0,False,147.0,False
2022-12-02T14,H,2022-12-02 13:15:00,0.6423,0.0923,0.3017,0.5681,0.6959,0.7657,0.4412,0.4706,0.0882,2.3685,True,-25.0,False,-24.0,False,10.0,True,,False,,False
2022-12-02T19,L,2022-12-02 15:00:00,0.0,,,,0.384,0.384,0.1935,0.6774,0.129,0.7849,True,25.0,False,37.0,False,58.0,False,58.0,False,68.0,False
2022-12-03T06,H,2022-12-03 00:05:00,0.583,0.0761,0.2889,0.2708,0.2964,0.306,0.4286,0.4351,0.1364,11.9417,False,-30.0,False,47.0,False,47.0,False,64.0,False,83.0,False
2022-12-04T02,L,2022-12-03 22:40:00,0.903,0.704,0.8837,0.8229,0.825,0.8964,0.0233,0.6977,0.2791,3.5032,False,-179.0,False,-129.0,False,-105.0,False,-61.0,False,-6.0,False
2022-12-04T12,H,2022-12-04 05:10:00,0.1796,0.2516,0.3599,0.3974,0.422,0.4993,0.5225,0.4775,0.0,13.4129,True,19.0,False,24.0,False,74.0,False,75.0,False,94.0,False
2022-12-04T15,L,2022-12-04 13:55:00,0.3468,0.2085,0.3318,0.1809,0.6657,0.6657,0.3333,0.6389,0.0278,2.2975,True,12.0,True,12.0,True,13.0,False,13.0,False,13.0,False
2022-12-05T12,H,2022-12-05 05:00:00,0.8854,0.1294,0.1327,0.1397,0.2009,0.2735,0.3249,0.574,0.1011,15.2167,False,-149.0,False,-149.0,False,-147.0,False,-145.0,False,85.0,False
2022-12-06T08,L,2022-12-05 19:35:00,0.3001,0.2686,0.2844,0.3011,0.305,0.3394,0.3241,0.6667,0.0093,2.9741,True,49.0,False,54.0,False,56.0,False,67.0,False,137.0,False
2022-12-06T10,H,2022-12-06 09:00:00,0.0,0.0684,0.2309,0.3688,0.5827,0.5827,0.5,0.5,0.0,1.7705,True,12.0,True,24.0,False,,False,,False,,False
2022-12-06T11,L,2022-12-06 11:25:00,0.5689,0.7896,0.8043,0.8344,,0.9367,0.4191,0.5662,0.0147,4.5744,True,-5.0,False,0.0,True,0.0,True,2.0,True,7.0,True
2022-12-07T07,H,2022-12-07 00:45:00,0.7433,0.053,0.1013,0.1247,0.171,0.2368,0.0642,0.7982,0.1376,5.0214,False,-117.0,False,-116.0,False,-90.0,False,75.0,False,87.0,False
2022-12-07T21,L,2022-12-07 08:10:00,0.7105,0.5255,0.6185,0.8018,0.7736,0.8018,0.3073,0.5872,0.1055,2.049,True,-2.0,False,-2.0,False,-2.0,False,6.0,True,70.0,False
2022-12-09T07,H,2022-12-08 20:10:00,0.5907,0.1313,0.17,0.3349,0.2355,0.3477,0.7383,0.2243,0.0374,3.268,False,-259.0,False,98.0,False,107.0,False,118.0,False,142.0,False
2022-12-10T15,L,2022-12-09 21:10:00,0.8895,0.2731,0.2652,0.2684,0.1781,0.2777,0.2206,0.6985,0.0809,4.3008,False,-136.0,False,-134.0,False,-134.0,False,-132.0,False,,False
2022-12-10T20,H,2022-12-10 16:05:00,0.2835,0.3376,0.5267,0.5154,0.6716,0.7006,0.322,0.661,0.0169,1.8814,True,3.0,True,4.0,True,8.0,True,18.0,False,59.0,False
2022-12-11T05,L,2022-12-10 23:50:00,0.3084,0.0319,0.0698,0.087,0.1435,0.1435,0.4898,0.4898,0.0204,6.4569,False,43.0,False,49.0,False,62.0,False,74.0,False,74.0,False
2022-12-11T13,H,2022-12-11 06:10:00,0.2716,0.0584,0.1424,0.4682,0.3343,0.4682,0.561,0.2195,0.2195,2.4901,True,70.0,False,72.0,False,94.0,False,94.0,False,,False
2022-12-11T18,L,2022-12-11 14:00:00,0.0,,0.0884,0.1046,0.205,0.2109,0.5278,0.25,0.2222,3.1156,True,50.0,False,50.0,False,50.0,False,50.0,False,62.0,False
2022-12-11T20,H,2022-12-11 19:05:00,0.0598,0.3452,0.3958,0.9363,0.9425,0.9425,0.5532,0.4468,0.0,7.627,True,6.0,True,6.0,True,6.0,True,6.0,True,6.0,True
2022-12-12T11,L,2022-12-12 03:00:00,0.4836,0.1927,0.1904,0.2279,0.2265,0.2821,0.6818,0.2273,0.0909,3.7072,False,84.0,False,84.0,False,87.0,False,96.0,False,108.0,False
2022-12-14T01,H,2022-12-13 13:35:00,0.891,0.074,0.1111,0.0731,0.1748,0.2561,0.7317,0.251,0.0173,60.1858,False,-302.0,False,-302.0,False,-275.0,False,-134.0,False,149.0,False
2022-12-14T15,L,2022-12-14 05:40:00,0.2262,0.2751,0.3907,0.4346,0.4551,0.5728,0.3607,0.6393,0.0,2.202,True,4.0,True,20.0,False,35.0,False,78.0,False,112.0,False
2022-12-14T19,H,2022-12-14 19:05:00,0.3833,0.8153,0.853,0.8549,,0.9899,0.2977,0.2012,0.5012,17.1187,True,0.0,True,0.0,True,0.0,True,0.0,True,11.0,True
2022-12-16T02,L,2022-12-15 22:25:00,0.6975,0.7582,0.5312,0.8444,0.6884,0.8899,0.2896,0.7049,0.0055,4.5163,True,-316.0,False,-315.0,False,0.0,True,2.0,True,17.0,False
2022-12-16T09,H,2022-12-16 07:55:00,0.7073,0.3837,0.5858,0.6099,0.9453,0.9453,0.7248,0.2752,0.0,8.7595,True,-35.0,False,-32.0,False,-32.0,False,11.0,True,12.0,True
2022-12-17T04,L,2022-12-16 23:35:00,0.8403,0.1277,0.2526,0.4372,0.7338,0.7338,0.4141,0.5781,0.0078,3.2521,False,-158.0,False,-155.0,False,-109.0,False,-17.0,False,53.0,False
2022-12-19T04,H,2022-12-18 22:40:00,0.9813,0.7243,0.9204,0.7374,0.7665,0.9292,0.3146,0.6854,0.0,29.3525,False,-281.0,False,-254.0,False,-243.0,False,-167.0,False,-156.0,False
2022-12-19T08,L,2022-12-19 05:00:00,0.0,,,,0.4984,0.4984,0.3333,0.6111,0.0556,0.7881,True,17.0,False,17.0,False,57.0,False,59.0,False,,False
2022-12-19T13,H,2022-12-19 10:20:00,0.3725,0.1558,0.2324,0.1725,0.2958,0.2958,0.4118,0.5882,0.0,2.5734,False,37.0,False,38.0,False,42.0,False,44.0,False,44.0,False
2022-12-20T02,L,2022-12-19 22:35:00,0.7692,0.8224,0.5827,0.4351,0.7129,0.8224,0.5451,0.4549,0.0,24.8261,True,-95.0,False,-95.0,False,-95.0,False,0.0,True,36.0,False
2022-12-21T00,H,2022-12-20 15:35:00,0.8952,0.1141,0.2614,0.4582,0.6308,0.6308,0.2626,0.7374,0.0,5.0121,False,-151.0,False,-151.0,False,-144.0,False,-142.0,False,,False
2022-12-22T02,L,2022-12-21 15:00:00,0.7557,0.4186,0.4805,0.4246,0.6586,0.6586,0.3109,0.6217,0.0674,21.794,False,-166.0,False,-157.0,False,-36.0,False,108.0,False,144.0,False
2022-12-22T13,H,2022-12-22 09:40:00,0.7104,0.4507,0.4644,0.3557,0.6173,0.6186,0.0816,0.898,0.0204,7.9177,False,-38.0,False,-31.0,False,-31.0,False,16.0,False,35.0,False
2022-12-22T21,L,2022-12-22 18:05:00,0.466,0.1385,0.3715,0.2318,0.5105,0.5105,0.4462,0.5385,0.0154,2.4165,True,12.0,True,17.0,False,25.0,False,28.0,False,28.0,False
2022-12-23T14,H,2022-12-23 13:35:00,0.4532,0.6256,0.6824,0.9129,0.8919,0.9362,0.0772,0.5544,0.3684,55.0642,True,0.0,True,0.0,True,1.0,True,5.0,True,5.0,True
2022-12-24T15,L,2022-12-23 15:00:00,0.0,,,0.3501,0.8058,0.8058,0.7347,0.2449,0.0204,2.4747,True,8.0,True,8.0,True,11.0,True,12.0,True,288.0,False
2022-12-24T21,H,2022-12-24 19:15:00,0.802,0.2799,0.5996,0.4384,0.8555,0.8555,0.4634,0.5366,0.0,8.4706,True,-37.0,False,-37.0,False,-37.0,False,-37.0,False,29.0,False
2022-12-25T01,L,2022-12-24 23:05:00,0.1929,0.2253,0.6413,0.6387,0.6642,0.6642,0.2683,0.4634,0.2683,2.1242,True,2.0,True,3.0,True,20.0,False,23.0,False,35.0,False
2022-12-25T02,H,2022-12-25 02:00:00,0.0,,,0.0626,0.4169,0.4169,0.5,0.5,0.0,1.3757,True,14.0,False,17.0,False,17.0,False,17.0,False,17.0,False
2022-12-25T23,L,2022-12-25 14:35:00,0.9622,0.4877,0.8969,0.9839,0.9866,0.9866,0.7432,0.2568,0.0,43.7287,True,-133.0,False,-133.0,False,-130.0,False,-102.0,False,-76.0,False
2022-12-26T13,H,2022-12-26 04:05:00,0.3557,0.1915,0.4119,0.5187,0.5379,0.5538,0.6545,0.3455,0.0,7.186,True,4.0,True,17.0,False,23.0,False,35.0,False,50.0,False
2022-12-26T23,L,2022-12-26 15:55:00,0.4169,0.0939,0.0946,0.2116,0.227,0.2716,0.3333,0.537,0.1296,3.1113,False,65.0,False,85.0,False,90.0,False,96.0,False,97.0,False
2022-12-27T08,H,2022-12-27 00:05:00,0.1961,0.134,0.2969,0.4285,0.6262,0.9403,0.57,0.43,0.0,3.9343,True,7.0,True,7.0,True,8.0,True,9.0,True,9.0,True
2022-12-28T09,L,2022-12-28 03:15:00,0.9041,0.6139,0.8693,0.8814,0.9264,0.9264,0.6462,0.3487,0.0051,14.9194,True,-154.0,False,-144.0,False,-143.0,False,-143.0,False,-142.0,False
2022-12-28T21,H,2022-12-28 15:05:00,0.3495,0.0543,0.118,0.3617,0.6859,0.8285,0.6889,0.3111,0.0,7.172,True,7.0,True,7.0,True,7.0,True,11.0,True,59.0,False
2022-12-29T04,L,2022-12-28 22:00:00,0.0,,,0.552,0.2484,0.5652,0.3921,0.6079,0.0,6.4581,True,6.0,True,18.0,False,21.0,False,24.0,False,38.0,False
2022-12-30T05,H,2022-12-29 14:45:00,0.8043,0.1706,0.2441,0.1461,0.2785,0.3071,0.3415,0.6585,0.0,3.771,False,-72.0,False,-62.0,False,-61.0,False,-50.0,False,140.0,False
2022-12-30T16,L,2022-12-30 14:50:00,0.8539,0.5474,0.4553,0.8544,0.9507,0.9507,0.6507,0.3493,0.0,17.3038,True,-87.0,False,-87.0,False,-71.0,False,-68.0,False,7.0,True
2022-12-31T09,H,2022-12-30 21:05:00,0.6301,0.6168,0.6388,0.6167,0.7386,0.7386,0.2612,0.7354,0.0034,25.0915,True,-13.0,False,-13.0,False,11.0,True,50.0,False,95.0,False
2022-12-31T10,L,2022-12-31 10:00:00,0.0,,,,0.416,0.416,0.1111,0.7778,0.1111,2.0981,True,16.0,False,16.0,False,22.0,False,,False,,False
2022-12-31T20,H,2022-12-31 14:30:00,0.3962,0.0717,0.4537,0.751,0.5989,0.8036,0.5,0.5,0.0,2.7037,True,4.0,True,4.0,True,4.0,True,5.0,True,66.0,False
2023-01-01T11,L,2022-12-31 22:55:00,0.6592,0.4854,0.2053,0.502,0.6079,0.7463,0.0143,0.75,0.2357,8.1028,True,-5.0,False,-4.0,False,9.0,True,145.0,False,157.0,False
2023-01-02T17,H,2023-01-02 07:20:00,0.924,0.1711,0.1822,0.1805,0.0914,0.1857,0.2646,0.5397,0.1958,31.3625,False,-208.0,False,-108.0,False,-76.0,False,-75.0,False,-64.0,False
2023-01-02T21,L,2023-01-02 18:00:00,0.0,,,,0.2229,0.2577,0.2222,0.7778,0.0,3.0521,True,22.0,False,59.0,False,59.0,False,,False,,False
2023-01-02T22,H,2023-01-02 22:00:00,0.0,0.8864,0.8563,0.9716,0.9953,0.9953,0.2857,0.7068,0.0075,9.5803,True,0.0,True,0.0,True,0.0,True,0.0,True,1.0,True
2023-01-04T01,L,2023-01-03 17:50:00,0.9269,0.0442,0.0736,0.072,0.0909,0.1003,0.0,0.9118,0.0882,2.3321,False,-172.0,False,-167.0,False,-167.0,False,-141.0,False,-43.0,False
2023-01-04T16,H,2023-01-04 08:25:00,0.4575,0.3093,0.3501,0.3275,0.3546,0.4166,0.5505,0.3578,0.0917,4.5789,False,43.0,False,51.0,False,55.0,False,70.0,False,,False
2023-01-04T17,L,2023-01-04 17:00:00,0.0,,,,0.159,0.2105,0.3256,0.6512,0.0233,0.6128,True,17.0,False,17.0,False,17.0,False,19.0,False,,False
2023-01-04T20,H,2023-01-04 19:05:00,0.3044,0.1141,0.1329,0.4821,0.4241,0.5484,0.3128,0.3663,0.321,4.9926,True,8.0,True,23.0,False,23.0,False,23.0,False,23.0,False
2023-01-05T19,L,2023-01-05 14:05:00,0.7845,0.7281,0.9142,0.8417,0.9113,0.9142,0.3375,0.6,0.0625,14.3754,True,-165.0,False,-45.0,False,-41.0,False,1.0,True,3.0,True
2023-01-06T01,H,2023-01-05 20:00:00,0.0,,0.0908,0.3494,0.3954,0.3954,0.9655,0.0,0.0345,2.3244,True,37.0,False,37.0,False,43.0,False,50.0,False,,False
2023-01-06T16,L,2023-01-06 13:35:00,0.6669,0.7535,0.8183,0.8377,0.8469,0.8469,0.6734,0.0403,0.2863,24.5372,True,-128.0,False,-36.0,False,0.0,True,2.0,True,26.0,False
2023-01-07T08,H,2023-01-06 20:20:00,0.3461,0.1232,0.3142,0.5294,0.5446,0.6528,0.322,0.678,0.0,3.9086,True,6.0,True,7.0,True,104.0,False,116.0,False,128.0,False
2023-01-08T15,L,2023-01-07 14:10:00,0.2177,0.0237,0.0819,0.194,0.3683,0.3683,0.7143,0.2143,0.0714,2.9667,True,70.0,False,71.0,False,72.0,False,310.0,False,310.0,False
2023-01-08T17,H,2023-01-08 16:00:00,0.0,0.2856,0.8218,0.9021,0.9353,0.9353,0.0513,0.5256,0.4231,3.3215,True,1.0,True,1.0,True,3.0,True,3.0,True,6.0,True
2023-01-08T21,L,2023-01-08 18:00:00,0.0,,,,0.0428,0.0857,0.4167,0.5833,0.0,1.7532,True,43.0,False,47.0,False,47.0,False,47.0,False,,False
2023-01-09T20,H,2023-01-09 18:20:00,0.819,0.5337,0.519,0.832,0.89,0.9041,0.551,0.3878,0.0612,1.5614,True,-244.0,False,-244.0,False,-54.0,False,-35.0,False,11.0,True
2023-01-10T15,L,2023-01-09 23:15:00,0.3784,0.1565,0.1889,0.2534,0.2162,0.2591,0.3077,0.5055,0.1868,3.2962,False,117.0,False,121.0,False,141.0,False,189.0,False,192.0,False
2023-01-11T04,H,2023-01-11 01:10:00,0.8353,0.4653,0.7345,0.7645,0.8521,0.8521,0.1231,0.8615,0.0154,2.8763,True,-110.0,False,-110.0,False,-104.0,False,-100.0,False,22.0,False
2023-01-11T19,L,2023-01-11 15:55:00,0.7089,0.2022,0.1913,0.2269,0.3823,0.3924,0.5057,0.4943,0.0,6.9602,False,-82.0,False,-79.0,False,-78.0,False,27.0,False,27.0,False
2023-01-12T14,H,2023-01-12 02:50:00,0.8405,0.313,0.356,0.3745,0.4371,0.4686,0.1172,0.8828,0.0,4.5654,False,-56.0,False,-56.0,False,-38.0,False,-38.0,False,128.0,False
2023-01-12T17,L,2023-01-12 15:00:00,0.0,,0.347,0.5423,0.57,0.6217,0.1348,0.5393,0.3258,1.1871,True,4.0,True,9.0,True,25.0,False,31.0,False,33.0,False
2023-01-13T03,H,2023-01-12 21:05:00,0.5323,0.1669,0.4142,0.4128,0.458,0.4937,0.3784,0.5796,0.042,1.4263,False,-29.0,False,44.0,False,47.0,False,65.0,False,83.0,False
2023-01-13T17,L,2023-01-13 06:00:00,0.1087,0.0329,0.0346,0.0515,0.0762,0.0762,0.8387,0.129,0.0323,1.4926,False,60.0,False,110.0,False,111.0,False,114.0,False,,False
2023-01-14T10,H,2023-01-14 00:45:00,0.6037,0.6037,0.5383,0.4397,0.707,0.7265,0.0164,0.86,0.1236,10.7424,True,-81.0,False,-73.0,False,1.0,True,32.0,False,87.0,False
2023-01-16T01,L,2023-01-14 11:00:00,0.0,,,,0.5457,0.5557,0.6808,0.3192,0.0,4.1133,True,10.0,True,19.0,False,26.0,False,50.0,False,227.0,False
2023-01-16T08,H,2023-01-16 02:25:00,0.2314,0.2389,0.4903,0.6173,0.7601,0.7863,0.6274,0.3029,0.0697,2.654,True,5.0,True,6.0,True,9.0,True,15.0,False,69.0,False
2023-01-16T18,L,2023-01-16 15:15:00,0.4796,0.2264,0.6795,0.7527,0.8733,0.8733,0.6768,0.3162,0.007,10.671,True,2.0,True,2.0,True,4.0,True,7.0,True,22.0,False
2023-01-17T01,H,2023-01-16 20:35:00,0.2476,0.1616,0.4155,0.449,0.6115,0.6576,0.4053,0.5581,0.0365,2.5125,True,8.0,True,10.0,True,30.0,False,56.0,False,65.0,False
2023-01-17T12,L,2023-01-17 02:00:00,0.0,,,,0.5238,0.5238,0.4842,0.4493,0.0666,6.9364,True,9.0,True,14.0,False,17.0,False,45.0,False,129.0,False
2023-01-17T16,H,2023-01-17 14:25:00,0.5531,0.273,0.9261,0.8478,0.7156,0.9318,0.5757,0.4243,0.0,7.7003,True,-15.0,False,1.0,True,1.0,True,2.0,True,2.0,True
2023-01-17T18,L,2023-01-17 17:00:00,0.0,,,,0.2147,0.3344,0.5603,0.4326,0.0071,1.5978,True,29.0,False,31.0,False,33.0,False,33.0,False,33.0,False
2023-01-17T22,H,2023-01-17 19:00:00,0.0,,0.2731,0.3274,0.2386,0.3729,0.0694,0.6944,0.2361,1.7986,True,47.0,False,49.0,False,49.0,False,49.0,False,49.0,False
2023-01-18T13,L,2023-01-18 09:10:00,0.8116,0.6979,0.7527,0.6366,0.6818,0.7527,0.1045,0.8682,0.0274,13.58,False,-74.0,False,-71.0,False,-39.0,False,-38.0,False,58.0,False
2023-01-18T15,H,2023-01-18 14:25:00,0.4147,0.6118,0.7775,0.7406,0.529,0.7856,0.3468,0.4355,0.2177,3.332,True,0.0,True,0.0,True,1.0,True,17.0,False,19.0,False
2023-01-19T06,L,2023-01-18 16:45:00,0.3746,0.0437,0.1324,0.4256,0.182,0.4256,0.3528,0.3601,0.287,1.2956,True,147.0,False,171.0,False,171.0,False,171.0,False,,False
2023-01-20T06,H,2023-01-20 02:35:00,0.646,0.2968,0.4243,0.4551,0.4905,0.5518,0.25,0.7062,0.0438,5.4295,False,-160.0,False,-140.0,False,26.0,False,29.0,False,42.0,False
2023-01-20T13,L,2023-01-20 07:20:00,0.1527,0.2132,0.4201,0.5791,0.4138,0.605,0.2121,0.7879,0.0,6.1935,True,5.0,True,5.0,True,67.0,False,68.0,False,,False
2023-01-21T13,H,2023-01-21 10:20:00,0.8962,0.0994,0.866,0.8785,0.9291,0.9372,0.1146,0.3333,0.5521,2.2779,True,-169.0,False,-121.0,False,-121.0,False,-119.0,False,8.0,True
2023-01-23T09,L,2023-01-22 20:55:00,0.8812,0.2229,0.3072,0.426,0.7235,0.7254,0.6067,0.3431,0.0502,9.159,False,-355.0,False,-355.0,False,-354.0,False,-353.0,False,109.0,False
2023-01-24T09,H,2023-01-23 18:25:00,0.9388,0.1339,0.1391,0.2779,0.6633,0.6633,0.4125,0.5875,0.0,1.3791,False,-65.0,False,-63.0,False,-56.0,False,-54.0,False,-41.0,False
2023-01-24T20,L,2023-01-24 14:35:00,0.7049,0.3043,0.4225,0.1826,0.2599,0.5254,0.1338,0.6944,0.1717,8.2337,False,-37.0,False,-25.0,False,-16.0,False,77.0,False,,False
2023-01-24T21,H,2023-01-24 21:05:00,0.3202,0.2597,0.3249,0.2815,,0.9282,0.3431,0.3578,0.299,2.9223,True,2.0,True,10.0,True,10.0,True,10.0,True,11.0,True
2023-01-25T12,L,2023-01-25 01:30:00,0.5388,0.1127,0.2267,0.2487,0.5118,0.5118,0.5828,0.3917,0.0255,6.4449,False,-10.0,False,36.0,False,47.0,False,78.0,False,138.0,False
2023-01-25T14,H,2023-01-25 13:00:00,0.0,,,,0.2696,0.2696,0.4718,0.2958,0.2324,2.4412,True,21.0,False,22.0,False,27.0,False,32.0,False,33.0,False
2023-01-25T16,L,2023-01-25 15:05:00,0.0641,0.2187,0.3067,0.3935,0.6492,0.6492,0.1641,0.7863,0.0496,3.1135,True,9.0,True,11.0,True,14.0,False,20.0,False,23.0,False
2023-01-26T08,H,2023-01-25 22:10:00,0.7208,0.5556,0.6291,0.6036,0.8115,0.8431,0.6393,0.3101,0.0506,6.3905,True,-58.0,False,-57.0,False,-56.0,False,8.0,True,113.0,False
2023-01-27T07,L,2023-01-27 01:40:00,0.9099,0.3498,0.1722,0.3167,0.6707,0.6707,0.6538,0.3407,0.0055,27.3374,False,-157.0,False,-152.0,False,-152.0,False,-152.0,False,-134.0,False
2023-01-27T13,H,2023-01-27 08:05:00,0.2077,0.0604,0.1537,0.1675,0.3387,0.3387,0.8533,0.1467,0.0,1.0394,True,17.0,False,64.0,False,71.0,False,,False,,False
2023-01-27T14,L,2023-01-27 14:25:00,0.1946,0.285,0.6663,0.9009,,0.9372,0.1827,0.7115,0.1058,1.4489,True,3.0,True,3.0,True,5.0,True,5.0,True,6.0,True
2023-01-28T04,H,2023-01-27 20:10:00,0.7501,0.3049,0.5213,0.6944,0.8607,0.8618,0.4397,0.5603,0.0,8.5988,True,-51.0,False,-50.0,False,-50.0,False,8.0,True,33.0,False
2023-01-28T19,L,2023-01-28 13:25:00,0.3545,0.2276,0.3954,0.4544,0.5504,0.5504,0.2022,0.573,0.2247,3.2368,True,7.0,True,21.0,False,22.0,False,22.0,False,55.0,False
2023-01-28T20,H,2023-01-28 20:00:00,0.0,0.0733,0.103,0.4745,0.9444,0.9444,0.9,0.1,0.0,0.8317,True,7.0,True,8.0,True,12.0,True,12.0,True,12.0,True
2023-01-28T23,L,2023-01-28 21:05:00,0.082,0.1473,0.4457,0.5312,0.6898,0.7079,0.1884,0.5797,0.2319,2.3703,True,4.0,True,11.0,True,11.0,True,33.0,False,35.0,False
2023-01-30T01,H,2023-01-29 19:50:00,0.9576,0.1067,0.2284,0.253,0.4142,0.4142,0.2649,0.4636,0.2715,2.4163,False,-221.0,False,-221.0,False,-221.0,False,-215.0,False,-212.0,False
2023-01-31T06,L,2023-01-30 22:45:00,0.5157,0.3926,0.3985,0.4233,0.4549,0.4549,0.1957,0.749,0.0553,7.1223,False,-41.0,False,39.0,False,51.0,False,75.0,False,75.0,False
2023-02-01T07,H,2023-01-31 22:55:00,0.8837,0.6048,0.7053,0.7355,0.7065,0.7471,0.3146,0.6229,0.0625,11.6953,False,-29.0,False,-19.0,False,-19.0,False,-15.0,False,90.0,False
2023-02-01T19,L,2023-02-01 19:35:00,0.8171,0.6309,0.9245,,,0.977,0.3945,0.5046,0.1009,19.1896,True,-97.0,False,-91.0,False,-91.0,False,-65.0,False,2.0,True
2023-02-02T08,H,2023-02-02 00:55:00,0.2682,0.0769,0.1364,0.1361,0.3623,0.3623,0.4553,0.3605,0.1842,1.945,True,16.0,False,18.0,False,61.0,False,85.0,False,,False
2023-02-03T15,L,2023-02-03 14:30:00,0.921,0.6074,0.9406,0.9446,0.9666,0.9666,0.0894,0.7872,0.1234,4.6068,True,-290.0,False,-246.0,False,-245.0,False,-242.0,False,-234.0,False
2023-02-03T19,H,2023-02-03 16:35:00,0.1001,0.2153,0.5027,0.5227,0.48,0.5789,0.1368,0.4895,0.3737,1.0689,True,3.0,True,17.0,False,21.0,False,30.0,False,41.0,False
2023-02-04T02,L,2023-02-03 20:05:00,0.0381,0.2042,0.3736,0.3736,0.3975,0.4137,0.3393,0.6607,0.0,4.9775,True,16.0,False,28.0,False,35.0,False,48.0,False,59.0,False
2023-02-04T03,H,2023-02-04 03:00:00,0.0,,0.2568,0.1203,0.3294,0.3571,0.8182,0.0,0.1818,0.8522,True,13.0,False,13.0,False,,False,,False,,False
2023-02-04T09,L,2023-02-04 06:15:00,0.5286,0.2785,0.5576,0.4982,0.7028,0.7913,0.0874,0.7573,0.1553,3.9565,True,-7.0,False,9.0,True,9.0,True,45.0,False,45.0,False
2023-02-04T23,H,2023-02-04 13:25:00,0.569,0.0929,0.1598,0.2415,0.4877,0.5667,0.61,0.15,0.24,3.3683,False,-35.0,False,26.0,False,28.0,False,124.0,False,127.0,False
2023-02-05T06,L,2023-02-05 01:00:00,0.4891,0.3435,0.4409,0.5521,0.5558,0.5566,0.0301,0.9549,0.015,3.523,True,6.0,True,31.0,False,36.0,False,43.0,False,51.0,False
2023-02-05T12,H,2023-02-05 07:00:00,0.0,,,0.1449,0.2158,0.2458,0.4419,0.3643,0.1938,5.8585,True,20.0,False,68.0,False,74.0,False,75.0,False,76.0,False
2023-02-06T08,L,2023-02-06 05:30:00,0.9006,0.6598,0.7932,0.8381,0.8797,0.8797,0.5728,0.4248,0.0024,11.7164,False,-198.0,False,-191.0,False,-189.0,False,-184.0,False,-54.0,False
2023-02-07T00,H,2023-02-06 16:20:00,0.7108,0.0644,0.1935,0.318,0.3968,0.3968,0.6,0.3688,0.0312,4.1189,False,-66.0,False,-59.0,False,-58.0,False,83.0,False,92.0,False
2023-02-07T04,L,2023-02-07 01:00:00,0.0,,,,0.2489,0.2489,0.6234,0.3636,0.013,1.051,True,34.0,False,35.0,False,43.0,False,,False,,False
2023-02-08T07,H,2023-02-08 01:15:00,0.9289,0.2932,0.5884,0.6411,0.7315,0.7315,0.3173,0.6199,0.0627,6.2007,False,-111.0,False,-106.0,False,-83.0,False,-82.0,False,-81.0,False
2023-02-09T12,L,2023-02-09 04:10:00,0.7716,0.2444,0.4058,0.4443,0.4201,0.5515,0.2609,0.7352,0.004,5.0923,False,-137.0,False,-134.0,False,-134.0,False,34.0,False,70.0,False
2023-02-09T16,H,2023-02-09 14:40:00,0.2248,0.3633,0.4379,0.4759,0.7365,0.7365,0.2155,0.6566,0.1279,5.402,True,7.0,True,10.0,True,11.0,True,20.0,False,28.0,False
2023-02-10T07,L,2023-02-10 05:40:00,0.4666,0.7989,0.8563,0.902,0.8998,0.902,0.0891,0.7967,0.1142,5.9345,True,0.0,True,0.0,True,0.0,True,1.0,True,6.0,True
2023-02-12T21,H,2023-02-12 16:40:00,0.9707,0.0734,0.2655,0.2499,0.4713,0.4713,0.7914,0.1293,0.0794,9.7003,False,-638.0,False,-634.0,False,-632.0,False,-620.0,False,-515.0,False
2023-02-13T20,L,2023-02-13 18:00:00,0.7719,0.2427,0.527,0.6395,0.6568,0.6568,0.0453,0.8828,0.0719,6.2413,False,-233.0,False,-140.0,False,-120.0,False,36.0,False,,False
2023-02-15T02,H,2023-02-14 15:15:00,0.7785,0.038,0.1562,0.5171,0.4967,0.6816,0.5875,0.3405,0.072,6.2497,False,-19.0,False,-19.0,False,-13.0,False,138.0,False,141.0,False
2023-02-15T11,L,2023-02-15 03:00:00,0.0,,0.2062,0.2708,0.1953,0.2708,0.9226,0.0774,0.0,3.2035,True,38.0,False,84.0,False,86.0,False,86.0,False,99.0,False
2023-02-16T09,H,2023-02-16 00:25:00,0.9134,0.21,0.3588,0.4097,0.4911,0.5149,0.1222,0.7207,0.1571,2.7345,False,-144.0,False,-141.0,False,-139.0,False,-138.0,False,-122.0,False
2023-02-17T15,L,2023-02-17 00:05:00,0.8895,0.1808,0.2448,0.3641,0.2873,0.3641,0.1593,0.808,0.0327,6.5499,False,-105.0,False,-104.0,False,-100.0,False,-100.0,False,174.0,False
2023-02-18T08,H,2023-02-17 20:25:00,0.5271,0.0958,0.2082,0.2559,0.2649,0.2876,0.2748,0.6761,0.0492,1.4014,False,-52.0,False,20.0,False,20.0,False,22.0,False,139.0,False
2023-02-19T15,L,2023-02-18 11:05:00,0.2338,0.0867,0.0994,0.1441,0.1602,0.1711,0.5339,0.4158,0.0503,1.6463,False,42.0,False,46.0,False,47.0,False,62.0,False,86.0,False
2023-02-19T17,H,2023-02-19 16:20:00,0.3429,0.2315,0.5882,0.6731,0.7618,0.7728,0.6359,0.2154,0.1488,1.7732,True,3.0,True,4.0,True,8.0,True,20.0,False,20.0,False
2023-02-20T06,L,2023-02-20 01:20:00,0.5487,0.126,0.3205,0.3916,0.4637,0.4822,0.7708,0.1803,0.0489,2.7052,False,-66.0,False,26.0,False,27.0,False,33.0,False,68.0,False
2023-02-20T21,H,2023-02-20 15:05:00,0.4773,0.2498,0.4,0.4192,0.5409,0.5409,0.3592,0.4975,0.1433,4.3693,True,12.0,True,15.0,False,36.0,False,71.0,False,83.0,False
2023-02-21T03,L,2023-02-20 22:25:00,0.0647,0.1191,0.0741,0.1176,0.1571,0.1709,0.1317,0.8683,0.0,6.4841,True,50.0,False,52.0,False,52.0,False,,False,,False
2023-02-21T04,H,2023-02-21 04:00:00,0.0,,,0.3879,0.7173,0.7173,0.2295,0.4188,0.3518,1.7397,True,7.0,True,7.0,True,12.0,True,17.0,False,,False
2023-02-21T05,L,2023-02-21 05:00:00,0.0,,0.2892,0.1877,0.3307,0.5011,0.2177,0.4132,0.3691,1.2284,True,11.0,True,14.0,False,15.0,False,15.0,False,,False
2023-02-21T08,H,2023-02-21 08:30:00,0.3637,0.6478,0.9101,0.9954,,0.9954,0.1689,0.7615,0.0696,14.8152,True,0.0,True,0.0,True,2.0,True,2.0,True,3.0,True
2023-02-22T11,L,2023-02-22 02:35:00,0.8203,0.1073,0.3071,0.4497,0.3831,0.4777,0.352,0.5368,0.1112,5.001,False,-203.0,False,-103.0,False,-93.0,False,-78.0,False,113.0,False
2023-02-22T15,H,2023-02-22 12:25:00,0.1144,0.1287,0.2408,0.4034,0.3232,0.4615,0.4043,0.4197,0.176,1.9182,True,24.0,False,31.0,False,31.0,False,32.0,False,43.0,False
2023-02-22T22,L,2023-02-22 16:55:00,0.2373,0.0765,0.1092,0.2685,0.392,0.392,0.495,0.2261,0.2789,1.2181,True,17.0,False,26.0,False,49.0,False,61.0,False,61.0,False
2023-02-23T11,H,2023-02-23 03:05:00,0.3653,0.0638,0.0415,0.1244,0.2483,0.2711,0.6178,0.3822,0.0,1.7628,False,56.0,False,83.0,False,85.0,False,99.0,False,100.0,False
2023-02-24T01,L,2023-02-23 12:10:00,0.1764,0.1823,0.3861,0.5234,0.6725,0.7095,0.2672,0.7036,0.0292,1.255,True,6.0,True,8.0,True,9.0,True,14.0,False,144.0,False
2023-02-24T13,H,2023-02-24 02:00:00,0.0,,,,0.1529,0.1657,0.507,0.1576,0.3354,1.6104,True,60.0,False,60.0,False,83.0,False,153.0,False,,False
2023-02-25T04,L,2023-02-24 19:40:00,0.6361,0.1221,0.1875,0.3369,0.3297,0.4764,0.2028,0.7215,0.0758,5.5439,False,-61.0,False,-60.0,False,112.0,False,112.0,False,112.0,False
2023-02-27T05,H,2023-02-26 20:35:00,0.9452,0.1985,0.2055,0.3253,0.4367,0.4367,0.413,0.3078,0.2792,12.7723,False,-383.0,False,-297.0,False,-290.0,False,-285.0,False,-72.0,False
2023-02-27T14,L,2023-02-27 09:15:00,0.2145,0.0343,0.0505,0.0541,0.0488,0.0541,0.513,0.4289,0.0581,1.6365,False,54.0,False,54.0,False,57.0,False,58.0,False,69.0,False
2023-02-27T16,H,2023-02-27 15:10:00,0.1823,0.0732,0.1502,0.5048,0.5953,0.6454,0.552,0.4389,0.0091,1.8557,True,6.0,True,7.0,True,13.0,False,13.0,False,13.0,False
2023-02-28T12,L,2023-02-27 20:10:00,0.7278,0.3475,0.4776,0.3805,0.7632,0.7632,0.2019,0.6898,0.1083,2.3659,True,-38.0,False,-38.0,False,-28.0,False,34.0,False,46.0,False
2023-02-28T20,H,2023-02-28 16:10:00,0.6875,0.159,0.4056,0.4187,0.4785,0.4887,0.3514,0.6486,0.0,2.0046,False,-29.0,False,-19.0,False,39.0,False,40.0,False,46.0,False
2023-03-01T03,L,2023-02-28 21:45:00,0.3278,0.1122,0.1524,0.2444,0.2638,0.2638,0.0141,0.9859,0.0,1.8418,False,66.0,False,66.0,False,75.0,False,75.0,False,75.0,False
2023-03-01T17,H,2023-03-01 08:55:00,0.432,0.05,0.0912,0.088,0.1037,0.1037,0.7296,0.269,0.0015,8.4723,False,56.0,False,74.0,False,,False,,False,,False
2023-03-02T19,L,2023-03-02 14:15:00,0.7856,0.3527,0.6334,0.4229,0.8107,0.8164,0.1171,0.7506,0.1323,9.3027,True,-174.0,False,-167.0,False,-10.0,False,10.0,True,54.0,False
2023-03-03T01,H,2023-03-02 20:50:00,0.1934,0.1502,0.51,0.5153,0.5772,0.6188,0.67,0.3283,0.0017,2.0225,True,3.0,True,9.0,True,44.0,False,54.0,False,55.0,False
2023-03-03T14,L,2023-03-03 02:00:00,0.0,,,0.677,0.8969,0.8969,0.4422,0.5429,0.0149,4.5582,True,6.0,True,6.0,True,8.0,True,9.0,True,13.0,False
2023-03-06T01,H,2023-03-05 01:20:00,0.8976,0.1106,0.1985,0.1769,0.2806,0.2806,0.8188,0.1809,0.0003,31.1504,False,-400.0,False,-400.0,False,-366.0,False,-337.0,False,,False
2023-03-06T13,L,2023-03-06 02:10:00,0.1698,0.3687,0.4339,0.5133,0.5214,0.6493,0.0813,0.7194,0.1993,4.1717,True,6.0,True,9.0,True,78.0,False,125.0,False,132.0,False
2023-03-06T20,H,2023-03-06 15:55:00,0.4043,0.1002,0.2086,0.2966,0.2094,0.4118,0.6901,0.3099,0.0,6.5907,True,41.0,False,41.0,False,41.0,False,44.0,False,61.0,False
2023-03-07T02,L,2023-03-06 21:05:00,0.1994,0.2898,0.3674,0.6345,0.6844,0.6844,0.1139,0.7899,0.0962,2.2754,True,6.0,True,6.0,True,13.0,False,26.0,False,59.0,False
2023-03-07T07,H,2023-03-07 03:10:00,0.1062,0.2218,0.3902,0.4906,0.4968,0.5108,0.3941,0.4007,0.2053,4.1406,True,11.0,True,18.0,False,46.0,False,46.0,False,58.0,False
2023-03-08T11,L,2023-03-08 05:45:00,0.907,0.2355,0.1329,0.2602,0.3139,0.3845,0.3321,0.6096,0.0583,11.6142,False,-182.0,False,-182.0,False,-172.0,False,-169.0,False,-53.0,False
2023-03-08T22,H,2023-03-08 15:15:00,0.8313,0.257,0.3485,0.2269,0.2837,0.4361,0.6287,0.3527,0.0186,9.8997,False,-30.0,False,-28.0,False,-24.0,False,-13.0,False,93.0,False
2023-03-09T13,L,2023-03-09 10:50:00,0.8376,0.5186,0.5669,0.5169,0.6659,0.6691,0.3336,0.6382,0.0282,8.0902,False,-94.0,False,-70.0,False,-58.0,False,-58.0,False,38.0,False
2023-03-09T16,H,2023-03-09 14:20:00,0.0662,0.0705,0.2688,0.3097,0.4803,0.4803,0.7947,0.2053,0.0,2.8266,True,20.0,False,22.0,False,26.0,False,29.0,False,30.0,False
2023-03-10T11,L,2023-03-10 10:50:00,0.6451,0.2237,0.2221,0.2571,0.5144,0.5144,0.2893,0.4053,0.3055,4.7547,False,-142.0,False,-139.0,False,14.0,False,14.0,False,14.0,False
2023-03-11T12,H,2023-03-11 01:45:00,0.7069,0.0572,0.0784,0.1469,0.1902,0.2108,0.546,0.3812,0.0728,6.1084,False,-145.0,False,-132.0,False,-132.0,False,135.0,False,,False
2023-03-11T14,L,2023-03-11 13:00:00,0.0,,0.292,0.4296,0.5411,0.5442,0.4293,0.5707,0.0,1.8748,True,7.0,True,20.0,False,21.0,False,,False,,False
2023-03-12T13,H,2023-03-11 23:55:00,0.5601,0.2781,0.4752,0.6541,0.6539,0.7624,0.6391,0.3601,0.0008,5.0152,True,-89.0,False,4.0,True,4.0,True,95.0,False,169.0,False
2023-03-12T17,L,2023-03-12 15:05:00,0.1577,0.0755,0.1564,0.1435,0.1361,0.1708,0.2638,0.5186,0.2177,4.3846,True,29.0,False,29.0,False,29.0,False,35.0,False,35.0,False
2023-03-13T09,H,2023-03-13 00:50:00,0.7617,0.105,0.0986,0.1576,0.1352,0.186,0.1553,0.6462,0.1986,1.8504,False,-64.0,False,-64.0,False,-63.0,False,110.0,False,110.0,False
2023-03-13T14,L,2023-03-13 10:00:00,0.0,,,0.1761,0.3349,0.3349,0.1259,0.6984,0.1757,2.819,True,41.0,False,41.0,False,44.0,False,54.0,False,54.0,False
2023-03-14T02,H,2023-03-13 15:10:00,0.1446,0.2292,0.2464,0.4629,0.2608,0.6427,0.5237,0.4454,0.0309,2.3485,True,8.0,True,8.0,True,98.0,False,108.0,False,142.0,False
2023-03-14T12,L,2023-03-14 08:15:00,0.7673,0.112,0.2559,0.2008,0.1555,0.2566,0.6501,0.3499,0.0,1.3859,False,-36.0,False,-36.0,False,-36.0,False,52.0,False,54.0,False
2023-03-14T18,H,2023-03-14 13:05:00,0.1479,0.0443,0.6348,0.5078,0.6195,0.777,0.9079,0.0786,0.0135,1.6656,True,3.0,True,3.0,True,10.0,True,59.0,False,70.0,False
2023-03-16T06,L,2023-03-15 17:05:00,0.9111,0.188,0.7281,0.6961,0.7309,0.7799,0.4152,0.3449,0.2399,4.9574,False,-221.0,False,-169.0,False,-133.0,False,-97.0,False,-46.0,False
2023-03-17T17,H,2023-03-17 12:00:00,0.6737,0.0928,0.3379,0.4525,0.5826,0.5961,0.341,0.3843,0.2748,2.7542,False,-272.0,False,-180.0,False,24.0,False,33.0,False,,False
2023-03-17T19,L,2023-03-17 18:15:00,0.1872,0.287,0.2984,0.4455,0.8335,0.8335,0.0977,0.6676,0.2347,2.0702,True,7.0,True,7.0,True,10.0,True,12.0,True,21.0,False
2023-03-17T20,H,2023-03-17 20:25:00,0.2729,0.3098,0.4636,0.4312,,0.7457,0.4666,0.4717,0.0617,1.4846,True,4.0,True,4.0,True,7.0,True,,False,,False
2023-03-17T21,L,2023-03-17 21:00:00,0.0,,0.4186,0.6193,0.9412,0.9412,0.4123,0.5323,0.0554,2.566,True,4.0,True,6.0,True,9.0,True,11.0,True,12.0,True
2023-03-18T04,H,2023-03-17 22:50:00,0.2994,0.1033,0.1604,0.2541,0.5274,0.5274,0.2758,0.6998,0.0244,1.1254,True,11.0,True,18.0,False,65.0,False,74.0,False,74.0,False
2023-03-19T13,L,2023-03-18 16:35:00,0.495,0.2022,0.7723,0.676,0.4398,0.779,0.6085,0.3892,0.0023,19.8226,True,2.0,True,2.0,True,2.0,True,235.0,False,,False
2023-03-20T02,H,2023-03-19 20:15:00,0.5257,0.2617,0.4156,0.5019,0.3034,0.5847,0.3503,0.4427,0.207,3.8421,True,-75.0,False,49.0,False,57.0,False,68.0,False,69.0,False
2023-03-20T08,L,2023-03-20 03:55:00,0.2247,0.0511,0.1988,0.2359,0.3297,0.3297,0.6776,0.3224,0.0,1.1114,True,36.0,False,39.0,False,45.0,False,46.0,False,51.0,False
2023-03-20T14,H,2023-03-20 09:05:00,0.2094,0.0861,0.3317,0.3177,0.4514,0.5582,0.6274,0.1374,0.2352,1.4607,True,8.0,True,23.0,False,26.0,False,56.0,False,59.0,False
2023-03-21T11,L,2023-03-21 07:15:00,0.6013,0.0859,0.26,0.2762,0.1731,0.3135,0.2626,0.4505,0.2869,3.5854,False,-122.0,False,-27.0,False,30.0,False,35.0,False,57.0,False
2023-03-21T22,H,2023-03-21 16:40:00,0.8273,0.2843,0.1129,0.2029,0.2733,0.2843,0.1829,0.7803,0.0368,8.9006,False,-38.0,False,-36.0,False,-30.0,False,-27.0,False,,False
2023-03-21T23,L,2023-03-21 23:00:00,0.0,,,0.2753,0.4631,0.5043,0.1793,0.5122,0.3084,1.8326,True,10.0,True,16.0,False,,False,,False,,False
2023-03-22T00,H,2023-03-22 00:00:00,0.0,0.1301,0.1607,0.2862,0.7559,0.7559,0.1442,0.786,0.0698,1.4014,True,9.0,True,9.0,True,12.0,True,,False,,False
2023-03-22T04,L,2023-03-22 01:00:00,0.0,,0.1158,0.0765,0.1614,0.1614,0.5492,0.3405,0.1103,1.888,True,51.0,False,51.0,False,51.0,False,51.0,False,51.0,False
2023-03-22T08,H,2023-03-22 05:40:00,0.2702,0.1144,0.214,0.2753,0.1981,0.2818,0.0169,0.8783,0.1048,3.5284,True,28.0,False,28.0,False,28.0,False,28.0,False,40.0,False
2023-03-22T13,L,2023-03-22 09:20:00,0.1315,0.1449,0.2155,0.1638,0.2003,0.2155,0.1561,0.8429,0.001,3.0757,True,48.0,False,49.0,False,50.0,False,56.0,False,56.0,False
2023-03-22T19,H,2023-03-22 18:05:00,0.6905,0.7018,0.8396,0.9096,0.9756,0.9756,0.1393,0.3742,0.4865,13.8442,True,-49.0,False,-8.0,False,0.0,True,1.0,True,2.0,True
2023-03-23T06,L,2023-03-22 20:05:00,0.0075,0.0687,0.11,0.1093,0.1799,0.2175,0.717,0.2016,0.0814,0.7504,True,87.0,False,95.0,False,98.0,False,131.0,False,131.0,False
2023-03-24T04,H,2023-03-23 15:20:00,0.8801,0.4036,0.3478,0.3056,0.7543,0.7543,0.409,0.5847,0.0063,13.4645,False,-51.0,False,-49.0,False,-28.0,False,-24.0,False,42.0,False
2023-03-25T09,L,2023-03-24 21:40:00,0.645,0.0434,0.0918,0.1138,0.2115,0.2115,0.3882,0.4065,0.2054,2.3016,False,-187.0,False,-107.0,False,112.0,False,148.0,False,,False
2023-03-25T19,H,2023-03-25 15:50:00,0.5294,0.2324,0.2951,0.3459,0.3416,0.3493,0.4556,0.4725,0.072,9.2566,False,-64.0,False,20.0,False,32.0,False,39.0,False,44.0,False
2023-03-25T22,L,2023-03-25 20:00:00,0.0,,,0.1848,0.4796,0.4796,0.1797,0.7978,0.0225,2.4758,True,13.0,False,13.0,False,28.0,False,32.0,False,41.0,False
2023-03-27T02,H,2023-03-26 14:00:00,0.5574,0.0618,0.1351,0.4274,0.6329,0.6824,0.2975,0.4439,0.2586,7.5296,True,-84.0,False,7.0,True,36.0,False,94.0,False,,False
2023-03-28T05,L,2023-03-27 15:15:00,0.6555,0.221,0.5397,0.5693,0.8235,0.8235,0.1884,0.7546,0.057,11.4958,True,-67.0,False,-63.0,False,10.0,True,11.0,True,105.0,False
2023-03-29T18,H,2023-03-29 08:40:00,0.864,0.2249,0.3449,0.236,0.382,0.4373,0.4384,0.476,0.0856,3.5078,False,-295.0,False,-291.0,False,-274.0,False,-265.0,False,100.0,False
2023-03-31T13,L,2023-03-31 07:45:00,0.9461,0.1493,0.254,0.372,0.3663,0.372,0.5197,0.3467,0.1336,4.5756,False,-422.0,False,-412.0,False,-353.0,False,-353.0,False,-351.0,False
2023-04-01T07,H,2023-04-01 02:05:00,0.7503,0.0592,0.2302,0.2854,0.2969,0.3432,0.6385,0.2732,0.0882,9.7031,False,-129.0,False,-115.0,False,-100.0,False,,False,,False
2023-04-01T22,L,2023-04-01 15:05:00,0.494,0.145,0.1916,0.2203,0.2497,0.2497,0.0624,0.8486,0.089,9.5934,False,71.0,False,83.0,False,95.0,False,,False,,False
2023-04-02T00,H,2023-04-01 23:25:00,0.1928,0.4163,0.7249,0.8075,0.859,0.8642,0.5589,0.2072,0.2339,2.0473,True,1.0,True,1.0,True,2.0,True,4.0,True,15.0,False
2023-04-02T06,L,2023-04-02 01:10:00,0.086,0.2059,0.2272,0.4246,0.3571,0.4246,0.6139,0.3238,0.0623,1.5819,True,23.0,False,26.0,False,27.0,False,34.0,False,70.0,False
2023-04-02T07,H,2023-04-02 07:00:00,0.0,,0.219,0.2929,0.5245,0.5245,0.4828,0.4483,0.069,1.8062,True,10.0,True,13.0,False,13.0,False,13.0,False,,False
2023-04-03T08,L,2023-04-03 01:50:00,0.8018,0.1537,0.1203,0.2339,0.2949,0.3383,0.0047,0.9558,0.0395,5.8553,False,-147.0,False,-99.0,False,-98.0,False,-26.0,False,86.0,False
2023-04-03T20,H,2023-04-03 10:35:00,0.3267,0.1618,0.1875,0.2414,0.2886,0.2886,0.0032,0.9968,0.0,2.7642,False,27.0,False,51.0,False,77.0,False,92.0,False,125.0,False
2023-04-04T05,L,2023-04-03 21:05:00,0.118,0.3619,0.4369,0.469,0.6838,0.7306,0.2534,0.7352,0.0114,3.3734,True,9.0,True,9.0,True,10.0,True,15.0,False,58.0,False
2023-04-05T11,H,2023-04-05 02:40:00,0.8344,0.3996,0.6518,0.6214,0.7273,0.7513,0.0182,0.9505,0.0313,4.1219,False,-139.0,False,-136.0,False,-136.0,False,-86.0,False,76.0,False
2023-04-06T15,L,2023-04-06 10:40:00,0.7854,0.5478,0.6449,0.7827,0.8275,0.8275,0.3306,0.5886,0.0808,7.3984,True,-262.0,False,-262.0,False,-179.0,False,11.0,True,22.0,False
2023-04-07T07,H,2023-04-06 16:00:00,0.0,,0.1966,0.2049,0.2358,0.2605,0.4352,0.5648,0.0,1.5871,True,25.0,False,35.0,False,81.0,False,172.0,False,194.0,False
2023-04-07T15,L,2023-04-07 08:00:00,0.0,0.107,0.1445,0.2573,0.0543,0.2573,0.0451,0.8148,0.1402,2.2189,True,84.0,False,84.0,False,96.0,False,96.0,False,,False
2023-04-08T16,H,2023-04-08 06:00:00,0.6381,0.0762,0.1529,0.1042,0.1767,0.1767,0.6263,0.3635,0.0102,12.1772,False,-157.0,False,-109.0,False,81.0,False,132.0,False,132.0,False
2023-04-09T01,L,2023-04-08 18:55:00,0.5143,0.2097,0.225,0.264,0.3293,0.3637,0.17,0.8279,0.002,3.8709,False,-12.0,False,51.0,False,51.0,False,67.0,False,75.0,False
2023-04-09T06,H,2023-04-09 02:00:00,0.0,,0.0301,0.039,0.0665,0.0838,0.8544,0.1456,0.0,1.6537,True,53.0,False,61.0,False,61.0,False,61.0,False,61.0,False
2023-04-09T18,L,2023-04-09 08:50:00,0.3311,0.2458,0.3986,0.3936,0.544,0.544,0.3318,0.5879,0.0804,3.8852,True,7.0,True,20.0,False,38.0,False,111.0,False,122.0,False
2023-04-10T09,H,2023-04-09 22:10:00,0.5352,0.0878,0.1223,0.2477,0.4106,0.4106,0.0195,0.9571,0.0234,1.8308,False,-29.0,False,19.0,False,23.0,False,58.0,False,106.0,False
2023-04-10T16,L,2023-04-10 14:00:00,0.3166,0.1256,0.2226,0.2309,0.32,0.3426,0.0119,0.9434,0.0447,8.1092,True,15.0,False,15.0,False,15.0,False,21.0,False,33.0,False
2023-04-11T10,H,2023-04-11 02:10:00,0.7913,0.1079,0.1914,0.2931,0.545,0.5498,0.6905,0.299,0.0105,3.2375,False,-49.0,False,-48.0,False,-48.0,False,73.0,False,86.0,False
2023-04-13T02,L,2023-04-12 15:15:00,0.9202,0.5636,0.8613,0.884,0.9327,0.9327,0.4916,0.4888,0.0197,15.3985,True,-309.0,False,-303.0,False,-302.0,False,-216.0,False,-195.0,False
2023-04-13T21,H,2023-04-13 15:10:00,0.6561,0.4042,0.3738,0.3875,0.3805,0.5031,0.5,0.4247,0.0753,12.272,False,-121.0,False,-98.0,False,60.0,False,70.0,False,70.0,False
2023-04-14T00,L,2023-04-13 22:00:00,0.0,,,,0.2121,0.2121,0.0988,0.3494,0.5518,1.798,True,43.0,False,43.0,False,43.0,False,43.0,False,47.0,False
2023-04-14T12,H,2023-04-14 06:55:00,0.7361,0.6027,0.6163,0.4279,0.8167,0.8167,0.0938,0.8242,0.082,4.7873,True,-50.0,False,-49.0,False,-48.0,False,12.0,True,19.0,False
2023-04-15T09,L,2023-04-14 16:55:00,0.4801,0.1695,0.2577,0.3018,0.3271,0.3364,0.51,0.4595,0.0305,3.0682,False,38.0,False,44.0,False,57.0,False,148.0,False,205.0,False
2023-04-15T14,H,2023-04-15 10:05:00,0.1066,0.0999,0.1579,0.1919,0.2275,0.3038,0.2703,0.4595,0.2703,1.2811,True,21.0,False,43.0,False,47.0,False,48.0,False,,False
2023-04-16T05,L,2023-04-16 01:15:00,0.9409,0.3294,0.5723,0.5906,0.6947,0.6947,0.5716,0.4194,0.009,11.6731,False,-121.0,False,-120.0,False,-63.0,False,-27.0,False,-27.0,False
2023-04-16T12,H,2023-04-16 07:40:00,0.5477,0.1536,0.3204,0.4193,0.4449,0.4543,0.6314,0.3667,0.002,7.4409,False,-5.0,False,25.0,False,48.0,False,52.0,False,,False
2023-04-16T14,L,2023-04-16 13:55:00,0.6344,0.1063,0.8278,0.8705,0.9,0.9038,0.9115,0.0875,0.0011,5.2428,True,-3.0,False,-1.0,False,1.0,True,2.0,True,10.0,True
2023-04-17T00,H,2023-04-16 19:05:00,0.3082,0.2461,0.1879,0.166,0.799,0.799,0.0953,0.4416,0.4632,12.2904,True,10.0,True,10.0,True,11.0,True,28.0,False,65.0,False
2023-04-17T22,L,2023-04-17 13:35:00,0.7674,0.757,0.754,0.5953,0.7078,0.7884,0.3228,0.6677,0.0096,6.3346,True,-131.0,False,-95.0,False,-90.0,False,36.0,False,44.0,False
2023-04-19T02,H,2023-04-18 12:25:00,0.6455,0.0868,0.1637,0.2459,0.3019,0.3368,0.3622,0.6378,0.0,2.8591,False,-134.0,False,-134.0,False,67.0,False,163.0,False,175.0,False
2023-04-20T06,L,2023-04-20 03:10:00,0.8908,0.2263,0.5362,0.5461,0.6039,0.6039,0.1659,0.8333,0.0007,3.2629,False,-284.0,False,-222.0,False,-192.0,False,-187.0,False,46.0,False
2023-04-20T16,H,2023-04-20 07:00:00,0.0,,,,0.363,0.3786,0.5462,0.453,0.0008,3.9097,True,28.0,False,66.0,False,67.0,False,68.0,False,117.0,False
2023-04-21T01,L,2023-04-20 19:35:00,0.7069,0.0784,0.2165,0.179,0.2647,0.2647,0.1605,0.3928,0.4467,2.1057,False,-28.0,False,-26.0,False,-25.0,False,,False,,False
2023-04-21T19,H,2023-04-21 04:10:00,0.3077,0.0377,0.0674,0.1029,0.1624,0.1855,0.5425,0.4575,0.0,1.6717,False,32.0,False,33.0,False,34.0,False,40.0,False,178.0,False
2023-04-22T05,L,2023-04-21 22:40:00,0.1591,0.107,0.1521,0.1785,0.1921,0.2052,0.1184,0.881,0.0006,3.1869,True,76.0,False,76.0,False,76.0,False,88.0,False,88.0,False
2023-04-23T14,H,2023-04-22 22:40:00,0.6731,0.17,0.1603,0.1198,0.2064,0.2861,0.4939,0.397,0.1091,5.722,False,-152.0,False,-151.0,False,23.0,False,102.0,False,196.0,False
2023-04-23T23,L,2023-04-23 15:20:00,0.3846,0.0715,0.1978,0.1512,0.3172,0.3172,0.7968,0.1626,0.0406,5.8939,False,16.0,False,92.0,False,92.0,False,,False,,False
2023-04-24T07,H,2023-04-24 01:20:00,0.8851,0.0613,0.2854,0.2464,0.2888,0.2926,0.4434,0.3094,0.2472,2.9301,False,-13.0,False,-12.0,False,-11.0,False,-10.0,False,68.0,False
2023-04-24T21,L,2023-04-24 17:05:00,0.9007,0.1542,0.4001,0.4196,0.7588,0.7588,0.0163,0.7824,0.2013,6.9884,False,-73.0,False,-71.0,False,-61.0,False,-41.0,False,-33.0,False
2023-04-25T07,H,2023-04-25 00:25:00,0.3841,0.1362,0.1835,0.2088,0.2057,0.2147,0.5899,0.339,0.0712,3.1158,False,43.0,False,43.0,False,87.0,False,91.0,False,91.0,False
2023-04-25T08,L,2023-04-25 08:25:00,0.2257,0.1283,0.4432,0.5492,,0.9657,0.6238,0.3762,0.0,2.1578,True,2.0,True,7.0,True,7.0,True,7.0,True,7.0,True
2023-04-25T09,H,2023-04-25 09:05:00,0.1106,0.1543,0.1514,0.6744,,0.9423,0.5629,0.2826,0.1545,1.0866,True,6.0,True,6.0,True,11.0,True,11.0,True,11.0,True
2023-04-25T11,L,2023-04-25 10:00:00,0.0,,,0.2765,0.2774,0.3531,0.729,0.1856,0.0854,1.9892,True,25.0,False,29.0,False,29.0,False,29.0,False,29.0,False
2023-04-25T14,H,2023-04-25 12:20:00,0.0774,0.3724,0.7076,0.6709,0.452,0.7446,0.5679,0.431,0.0011,2.6225,True,1.0,True,1.0,True,3.0,True,18.0,False,23.0,False
2023-04-25T15,L,2023-04-25 15:00:00,0.0,,,0.7934,0.7267,0.8329,0.3512,0.6473,0.0015,2.8146,True,6.0,True,6.0,True,6.0,True,7.0,True,16.0,False
2023-04-26T19,H,2023-04-26 12:35:00,0.831,0.2891,0.3859,0.3311,0.558,0.558,0.2666,0.458,0.2755,14.2207,False,-247.0,False,-246.0,False,-76.0,False,-75.0,False,81.0,False
2023-04-27T17,L,2023-04-26 20:05:00,0.0457,0.0356,0.1368,0.1975,0.36,0.427,0.8382,0.1618,0.0,2.193,True,51.0,False,52.0,False,112.0,False,253.0,False,263.0,False
2023-04-28T02,H,2023-04-27 18:50:00,0.2097,0.1504,0.1057,0.2622,0.2436,0.3792,0.7769,0.0679,0.1552,1.1413,True,17.0,False,49.0,False,49.0,False,89.0,False,98.0,False
2023-04-28T22,L,2023-04-28 13:55:00,0.3284,0.1862,0.3974,0.5172,0.4934,0.5236,0.2241,0.5569,0.219,2.8386,True,6.0,True,28.0,False,37.0,False,62.0,False,85.0,False
2023-04-29T00,H,2023-04-28 23:00:00,0.0,,0.389,0.4064,0.6372,0.6529,0.3456,0.652,0.0025,1.7461,True,7.0,True,8.0,True,25.0,False,25.0,False,,False
2023-04-29T02,L,2023-04-29 01:00:00,0.0,,0.0643,0.1315,0.1557,0.1557,0.6927,0.2875,0.0198,4.3382,True,25.0,False,25.0,False,25.0,False,25.0,False,25.0,False
2023-04-29T09,H,2023-04-29 04:30:00,0.1946,0.0633,0.1425,0.111,0.1208,0.1944,0.1626,0.6616,0.1758,2.9177,False,54.0,False,54.0,False,54.0,False,54.0,False,66.0,False
2023-04-30T05,L,2023-04-29 17:35:00,0.9178,0.337,0.3416,0.2933,0.4158,0.4158,0.4848,0.5147,0.0005,19.7887,False,-69.0,False,-50.0,False,-49.0,False,-44.0,False,-43.0,False
2023-04-30T22,H,2023-04-30 15:45:00,0.6731,0.1486,0.4647,0.2985,0.4906,0.6022,0.0234,0.9766,0.0,4.5166,False,-60.0,False,-50.0,False,41.0,False,41.0,False,87.0,False
2023-05-02T01,L,2023-05-01 21:00:00,0.7756,0.0607,0.2595,0.3717,0.6666,0.6666,0.8081,0.1691,0.0227,3.7164,False,-262.0,False,-108.0,False,-48.0,False,33.0,False,48.0,False
2023-05-03T05,H,2023-05-02 19:15:00,0.6866,0.1158,0.1296,0.2024,0.2691,0.2691,0.0213,0.9256,0.0531,2.7629,False,-207.0,False,-31.0,False,105.0,False,129.0,False,,False
2023-05-03T07,L,2023-05-03 06:20:00,0.1741,0.1559,0.3368,0.3971,0.3646,0.4119,0.7478,0.2522,0.0,1.5627,True,14.0,False,20.0,False,,False,,False,,False
2023-05-03T10,H,2023-05-03 08:40:00,0.5338,0.3636,0.2804,0.32,0.5331,0.5331,0.5518,0.3612,0.0871,1.9479,False,-3.0,False,22.0,False,27.0,False,28.0,False,28.0,False
2023-05-03T21,L,2023-05-03 14:55:00,0.3313,0.13,0.1541,0.1796,0.2715,0.2715,0.143,0.8059,0.051,2.7138,False,19.0,False,25.0,False,33.0,False,34.0,False,78.0,False
2023-05-04T12,H,2023-05-04 10:40:00,0.8328,0.3391,0.557,0.4919,0.7288,0.7288,0.4408,0.5181,0.0411,12.0005,False,-131.0,False,-32.0,False,-32.0,False,-29.0,False,24.0,False
2023-05-05T01,L,2023-05-04 13:40:00,0.181,0.1146,0.2454,0.1502,0.416,0.416,0.7272,0.2724,0.0004,3.4762,True,76.0,False,143.0,False,143.0,False,144.0,False,148.0,False
2023-05-05T09,H,2023-05-05 02:05:00,0.0455,0.1872,0.5728,0.488,0.5036,0.6047,0.4753,0.5131,0.0116,3.6344,True,3.0,True,10.0,True,20.0,False,57.0,False,83.0,False
2023-05-05T14,L,2023-05-05 12:35:00,0.7722,0.686,0.781,0.3834,0.5025,0.781,0.4387,0.2811,0.2802,22.4524,True,-16.0,False,-8.0,False,-6.0,False,23.0,False,29.0,False
2023-05-06T03,H,2023-05-06 00:40:00,0.8032,0.112,0.2349,0.2693,0.3609,0.3609,0.7406,0.2193,0.0401,9.2848,False,-116.0,False,-114.0,False,-114.0,False,-112.0,False,40.0,False
2023-05-07T00,L,2023-05-06 15:05:00,0.2901,0.1663,0.2739,0.3856,0.3689,0.4181,0.5331,0.4669,0.0,12.1759,True,17.0,False,23.0,False,29.0,False,29.0,False,47.0,False
2023-05-07T22,H,2023-05-07 01:30:00,0.3283,0.2043,0.4669,0.8091,0.8583,0.8779,0.4845,0.5155,0.0,3.1057,True,2.0,True,4.0,True,5.0,True,5.0,True,18.0,False
2023-05-08T16,L,2023-05-08 09:00:00,0.619,0.1932,0.2955,0.4309,0.5615,0.5615,0.0848,0.8794,0.0358,7.305,False,-112.0,False,-13.0,False,24.0,False,72.0,False,92.0,False
2023-05-08T17,H,2023-05-08 17:00:00,0.0,,,,0.3274,0.3274,0.0548,0.9452,0.0,2.1507,True,19.0,False,20.0,False,23.0,False,23.0,False,23.0,False
2023-05-08T22,L,2023-05-08 20:15:00,0.4807,0.389,0.5222,0.6116,0.6183,0.7482,0.7707,0.218,0.0113,1.6024,True,1.0,True,5.0,True,9.0,True,19.0,False,33.0,False
2023-05-10T09,H,2023-05-10 01:25:00,0.9322,0.1003,0.2964,0.367,0.3721,0.3721,0.5862,0.4131,0.0007,4.8548,False,-293.0,False,-141.0,False,-139.0,False,-139.0,False,-113.0,False
2023-05-10T11,L,2023-05-10 10:30:00,0.6972,0.1212,0.2195,0.3754,0.5207,0.604,0.6381,0.1602,0.2017,5.2701,False,-5.0,False,-4.0,False,18.0,False,18.0,False,18.0,False
2023-05-10T18,H,2023-05-10 13:05:00,0.3265,0.153,0.7795,0.4643,0.4922,0.79,0.6473,0.3527,0.0,3.5853,True,3.0,True,3.0,True,3.0,True,49.0,False,50.0,False
2023-05-12T13,L,2023-05-12 06:15:00,0.9602,0.0495,0.0742,0.1493,0.231,0.3071,0.6038,0.2823,0.1138,7.0203,False,-407.0,False,-407.0,False,-280.0,False,-267.0,False,-97.0,False
2023-05-13T18,H,2023-05-13 18:50:00,0.8839,0.2359,,,,0.8725,0.7322,0.2209,0.0469,7.4415,False,-335.0,False,-320.0,False,-284.0,False,-280.0,False,,False
2023-05-13T19,L,2023-05-13 19:00:00,0.0,0.1167,0.6629,0.7753,0.4759,0.8342,0.8653,0.0835,0.0511,2.7319,True,1.0,True,3.0,True,4.0,True,5.0,True,,False
2023-05-13T23,H,2023-05-13 20:00:00,0.0,,,,0.6282,0.6282,0.6319,0.1252,0.2429,0.7179,True,7.0,True,10.0,True,55.0,False,55.0,False,55.0,False
2023-05-14T13,L,2023-05-14 00:45:00,0.2394,0.3127,0.3712,0.2644,0.3309,0.3989,0.4328,0.5672,0.0,7.8221,True,21.0,False,33.0,False,34.0,False,39.0,False,94.0,False
2023-05-14T21,H,2023-05-14 15:10:00,0.2056,0.1989,0.3844,0.4292,0.1693,0.6009,0.5987,0.3968,0.0045,11.5751,True,5.0,True,5.0,True,25.0,False,38.0,False,50.0,False
2023-05-15T01,L,2023-05-15 00:20:00,0.5962,0.2853,0.3547,0.104,0.3471,0.3547,0.5283,0.4717,0.0,17.5223,False,-9.0,False,13.0,False,14.0,False,16.0,False,19.0,False
2023-05-15T15,H,2023-05-15 06:35:00,0.5472,0.161,0.2282,0.233,0.3519,0.3832,0.1468,0.4013,0.452,2.1244,False,-47.0,False,23.0,False,62.0,False,90.0,False,93.0,False
2023-05-15T16,L,2023-05-15 16:00:00,0.0,,,,0.4233,0.4233,0.5638,0.4362,0.0,2.0736,True,14.0,False,16.0,False,,False,,False,,False
2023-05-15T18,H,2023-05-15 17:20:00,0.4051,0.2091,0.719,0.8097,0.694,0.8265,0.0886,0.6793,0.2321,1.4315,True,1.0,True,2.0,True,2.0,True,5.0,True,20.0,False
2023-05-16T23,L,2023-05-16 01:30:00,0.5977,0.067,0.1191,0.2163,0.2249,0.2417,0.6182,0.3812,0.0006,9.2732,False,-7.0,False,44.0,False,75.0,False,270.0,False,270.0,False
2023-05-17T07,H,2023-05-17 01:40:00,0.4009,0.1548,0.3539,0.3108,0.4659,0.4659,0.6094,0.2488,0.1418,7.1834,True,17.0,False,44.0,False,44.0,False,52.0,False,74.0,False
2023-05-17T17,L,2023-05-17 14:40:00,0.7913,0.3117,0.4757,0.5448,0.581,0.5831,0.2397,0.7597,0.0007,6.3197,False,-30.0,False,-28.0,False,-28.0,False,28.0,False,29.0,False
2023-05-18T12,H,2023-05-17 21:25:00,0.3387,0.2196,0.2818,0.2723,0.3677,0.3722,0.2878,0.7107,0.0015,4.113,True,50.0,False,53.0,False,95.0,False,103.0,False,116.0,False
2023-05-19T05,L,2023-05-18 18:00:00,0.7009,0.1102,0.1502,0.204,0.2953,0.2953,0.5502,0.4491,0.0007,8.269,False,-41.0,False,-41.0,False,-41.0,False,132.0,False,,False
2023-05-21T07,H,2023-05-21 00:50:00,0.9361,0.4434,0.2417,0.2619,0.5632,0.6054,0.7095,0.2895,0.0011,18.342,False,-466.0,False,-454.0,False,-419.0,False,-417.0,False,-220.0,False
2023-05-22T06,L,2023-05-22 00:35:00,0.7858,0.2661,0.3339,0.3871,0.4377,0.4377,0.5515,0.4479,0.0006,13.1541,False,-163.0,False,-140.0,False,-123.0,False,65.0,False,69.0,False
2023-05-23T15,H,2023-05-23 05:30:00,0.8435,0.2525,0.2295,0.2756,0.4194,0.4194,0.1373,0.8492,0.0136,5.3322,False,-197.0,False,-184.0,False,-77.0,False,-54.0,False,,False
2023-05-24T23,L,2023-05-24 15:05:00,0.5095,0.1059,0.163,0.2479,0.2948,0.2948,0.1704,0.8049,0.0248,11.7347,False,-188.0,False,72.0,False,93.0,False,98.0,False,,False
2023-05-25T01,H,2023-05-25 00:10:00,0.095,0.1649,0.4992,0.5476,0.6559,0.7145,0.3428,0.2937,0.3635,2.8471,True,4.0,True,7.0,True,7.0,True,16.0,False,,False
2023-05-25T03,L,2023-05-25 02:00:00,0.0,,,0.5381,0.6454,0.6761,0.6808,0.3189,0.0003,6.7745,True,6.0,True,9.0,True,23.0,False,27.0,False,30.0,False
2023-05-27T00,H,2023-05-26 14:40:00,0.8221,0.1723,0.2853,0.2652,0.3153,0.3391,0.7927,0.2073,0.0,6.3138,False,-368.0,False,-368.0,False,-277.0,False,-98.0,False,124.0,False
2023-05-27T22,L,2023-05-27 14:00:00,0.845,0.2372,0.3107,0.3678,0.332,0.4638,0.4845,0.5149,0.0006,27.6996,False,-111.0,False,-19.0,False,-19.0,False,-7.0,False,108.0,False
2023-05-28T12,H,2023-05-28 11:20:00,0.5997,0.506,0.6634,0.6781,0.6772,0.7008,0.0724,0.7935,0.1341,13.7184,True,-132.0,False,2.0,True,8.0,True,20.0,False,20.0,False
2023-05-28T17,L,2023-05-28 13:00:00,0.0,,,0.1814,0.5036,0.5036,0.1996,0.454,0.3464,3.2308,True,11.0,True,32.0,False,40.0,False,43.0,False,64.0,False
2023-05-29T07,H,2023-05-29 00:25:00,0.9551,0.0398,0.0776,0.1154,0.2748,0.2928,0.325,0.4318,0.2432,4.1445,False,-77.0,False,-77.0,False,-77.0,False,-77.0,False,-77.0,False
2023-05-30T09,L,2023-05-29 17:10:00,0.4004,0.0869,0.1122,0.1274,0.1486,0.1678,0.5719,0.3578,0.0704,3.0717,False,122.0,False,122.0,False,193.0,False,199.0,False,,False
2023-05-30T14,H,2023-05-30 12:00:00,0.724,0.1278,0.2077,0.502,0.5455,0.802,0.6701,0.3299,0.0,2.0344,True,-12.0,False,-12.0,False,-12.0,False,9.0,True,25.0,False
2023-05-31T19,L,2023-05-31 14:20:00,0.89,0.6588,0.7769,0.892,0.8805,0.9262,0.5703,0.31,0.1197,12.8679,True,-249.0,False,-235.0,False,-226.0,False,-220.0,False,7.0,True
2023-06-01T03,H,2023-06-01 00:15:00,0.591,0.1995,0.3065,0.7902,0.7309,0.8255,0.655,0.3441,0.0009,7.2739,True,-51.0,False,4.0,True,5.0,True,8.0,True,31.0,False
2023-06-01T08,L,2023-06-01 04:00:00,0.0,,,,0.6166,0.6166,0.3406,0.501,0.1584,3.4419,True,11.0,True,12.0,True,35.0,False,71.0,False,,False
2023-06-02T14,H,2023-06-02 12:45:00,0.9363,0.6006,0.7,0.7327,0.7229,0.7327,0.3478,0.6522,0.0,8.1133,False,-230.0,False,-210.0,False,-207.0,False,-206.0,False,-162.0,False
2023-06-02T15,L,2023-06-02 15:00:00,0.0,,,,0.2326,0.2829,0.8034,0.0862,0.1104,1.5311,True,20.0,False,21.0,False,21.0,False,,False,,False
2023-06-03T02,H,2023-06-02 19:45:00,0.6637,0.1162,0.2194,0.2059,0.4022,0.4022,0.1423,0.3918,0.4659,2.5022,False,-18.0,False,-15.0,False,75.0,False,83.0,False,87.0,False
2023-06-03T15,L,2023-06-03 04:40:00,0.2034,0.1668,0.3043,0.2938,0.4213,0.4213,0.5281,0.1905,0.2814,1.2551,True,20.0,False,108.0,False,115.0,False,125.0,False,136.0,False
2023-06-03T17,H,2023-06-03 16:00:00,0.0,0.2416,0.5813,0.2646,0.7601,0.7798,0.6598,0.3393,0.0009,5.4658,True,1.0,True,2.0,True,2.0,True,14.0,False,16.0,False
2023-06-04T07,L,2023-06-03 21:15:00,0.8946,0.4782,0.5618,0.318,0.6537,0.6574,0.3606,0.6394,0.0,5.7387,False,-33.0,False,-16.0,False,-16.0,False,-16.0,False,111.0,False
2023-06-04T23,H,2023-06-04 22:20:00,0.9248,0.5643,0.7968,0.7898,0.8335,0.8335,0.5149,0.4209,0.0642,30.5161,False,-120.0,False,-99.0,False,-76.0,False,-76.0,False,-64.0,False
2023-06-06T03,L,2023-06-05 16:05:00,0.8906,0.1452,0.6365,0.6456,0.5881,0.7066,0.6606,0.2172,0.1222,41.9558,False,-170.0,False,-165.0,False,-30.0,False,-24.0,False,131.0,False
2023-06-07T06,H,2023-06-07 00:50:00,0.8748,0.2559,0.3209,0.3109,0.3548,0.3548,0.4256,0.5691,0.0053,3.1217,False,-158.0,False,-151.0,False,-151.0,False,-151.0,False,74.0,False
2023-06-08T06,L,2023-06-07 22:00:00,0.932,0.0509,0.2897,0.2307,0.2345,0.3032,0.7061,0.1264,0.1675,4.2016,False,-142.0,False,-138.0,False,-135.0,False,-129.0,False,-127.0,False
2023-06-09T00,H,2023-06-08 15:55:00,0.6116,0.0938,0.2112,0.2127,0.606,0.606,0.3419,0.6089,0.0492,5.0902,False,-70.0,False,-28.0,False,14.0,False,22.0,False,109.0,False
2023-06-09T08,L,2023-06-09 02:25:00,0.733,0.1608,0.2068,0.2686,0.5055,0.5055,0.7198,0.2802,0.0,13.1819,False,-10.0,False,-10.0,False,-8.0,False,71.0,False,79.0,False
2023-06-09T15,H,2023-06-09 13:25:00,0.4875,0.0692,0.2981,0.317,0.31,0.5436,0.5813,0.3861,0.0325,5.0433,True,9.0,True,17.0,False,29.0,False,31.0,False,31.0,False
2023-06-10T17,L,2023-06-10 17:05:00,0.8256,0.9409,0.9825,0.9869,,0.9976,0.2172,0.7157,0.0671,10.8848,True,-232.0,False,-190.0,False,-36.0,False,-12.0,False,0.0,True
2023-06-12T02,H,2023-06-11 20:15:00,0.9766,0.1372,0.3168,0.2526,0.2674,0.3168,0.1328,0.8659,0.0013,6.3095,False,-311.0,False,-311.0,False,-310.0,False,-310.0,False,-290.0,False
2023-06-12T09,L,2023-06-12 03:00:00,0.0,,,0.0736,0.2259,0.2259,0.0501,0.749,0.2009,3.5399,True,90.0,False,90.0,False,,False,,False,,False
2023-06-12T13,H,2023-06-12 10:00:00,0.0,,,,0.6266,0.6382,0.7341,0.2167,0.0492,5.2376,True,10.0,True,10.0,True,31.0,False,55.0,False,58.0,False
2023-06-12T21,L,2023-06-12 17:25:00,0.6671,0.296,0.3221,0.3784,0.4086,0.6377,0.3669,0.6325,0.0007,6.8013,False,-38.0,False,-11.0,False,43.0,False,45.0,False,55.0,False
2023-06-13T14,H,2023-06-13 12:35:00,0.7071,0.0946,0.2232,0.3018,0.2997,0.4632,0.2426,0.4981,0.2593,33.2866,False,-141.0,False,-139.0,False,-9.0,False,17.0,False,29.0,False
2023-06-14T01,L,2023-06-13 16:00:00,0.4309,0.0731,0.1326,0.182,0.2467,0.2697,0.3374,0.6135,0.0491,1.427,False,96.0,False,101.0,False,108.0,False,112.0,False,120.0,False
2023-06-14T05,H,2023-06-14 02:05:00,0.0705,0.1125,0.1378,0.0791,0.2327,0.2327,0.57,0.3768,0.0531,2.1478,True,41.0,False,42.0,False,43.0,False,47.0,False,47.0,False
2023-06-14T09,L,2023-06-14 06:00:00,0.0,0.117,0.2928,0.3445,0.5709,0.5709,0.5484,0.3097,0.1419,1.8769,True,9.0,True,13.0,False,13.0,False,32.0,False,48.0,False
2023-06-14T19,H,2023-06-14 18:05:00,0.6414,0.8765,0.9471,0.9442,0.9434,0.9545,0.4281,0.3295,0.2424,21.7671,True,-13.0,False,-13.0,False,0.0,True,0.0,True,1.0,True
2023-06-15T11,L,2023-06-14 20:50:00,0.4145,0.1941,0.1262,0.3904,0.2098,0.4252,0.7145,0.2784,0.0071,4.4789,True,170.0,False,177.0,False,177.0,False,182.0,False,182.0,False
2023-06-16T13,H,2023-06-15 21:35:00,0.4079,0.06,0.1624,0.1856,0.2372,0.2372,0.2957,0.4995,0.2048,3.3025,False,77.0,False,82.0,False,125.0,False,137.0,False,161.0,False
2023-06-16T15,L,2023-06-16 14:50:00,0.2962,0.8378,0.9402,0.9553,0.9573,0.9658,0.427,0.573,0.0,13.5474,True,0.0,True,0.0,True,0.0,True,0.0,True,2.0,True
2023-06-17T03,H,2023-06-16 18:10:00,0.3106,0.1294,0.1602,0.2541,0.3682,0.3682,0.3299,0.5972,0.0728,3.2958,True,43.0,False,92.0,False,118.0,False,118.0,False,118.0,False
2023-06-17T05,L,2023-06-17 04:10:00,0.0556,0.0238,0.0535,0.0906,0.2643,0.2643,0.7561,0.0081,0.2358,0.7111,True,19.0,False,19.0,False,19.0,False,22.0,False,22.0,False
2023-06-17T11,H,2023-06-17 06:00:00,0.0,,0.1513,0.1639,0.2404,0.2404,0.6377,0.3623,0.0,7.2076,True,20.0,False,26.0,False,36.0,False,43.0,False,63.0,False
2023-06-18T18,L,2023-06-17 15:20:00,0.4722,0.1622,0.2111,0.173,0.1953,0.2493,0.1875,0.8119,0.0006,10.5009,False,95.0,False,169.0,False,172.0,False,307.0,False,320.0,False
2023-06-18T20,H,2023-06-18 20:05:00,0.3052,0.7235,0.8946,0.9006,,0.9804,0.5537,0.4455,0.0008,9.9641,True,0.0,True,0.0,True,0.0,True,2.0,True,4.0,True
2023-06-19T12,L,2023-06-18 23:05:00,0.6516,0.5368,0.5226,0.3022,0.3194,0.6713,0.027,0.9147,0.0583,9.9537,True,-22.0,False,-20.0,False,35.0,False,39.0,False,110.0,False
2023-06-20T08,H,2023-06-20 01:15:00,0.8648,0.0805,0.251,0.3715,0.4561,0.4561,0.6909,0.2462,0.0629,4.8499,False,-131.0,False,-131.0,False,-123.0,False,-104.0,False,92.0,False
2023-06-20T16,L,2023-06-20 14:35:00,0.3986,0.213,0.3864,0.4233,0.5087,0.5087,0.4575,0.1714,0.3711,3.7065,True,12.0,True,13.0,False,15.0,False,17.0,False,17.0,False
2023-06-21T10,H,2023-06-21 10:35:00,0.9208,0.944,0.9658,,,0.9939,0.419,0.5791,0.0019,7.5185,True,-150.0,False,-99.0,False,-97.0,False,-79.0,False,-7.0,False
2023-06-21T14,L,2023-06-21 11:05:00,0.0228,0.0896,0.1931,0.1926,0.4124,0.4124,0.0943,0.7103,0.1954,0.6115,True,15.0,False,16.0,False,33.0,False,33.0,False,47.0,False
2023-06-21T23,H,2023-06-21 16:40:00,0.2009,0.1323,0.3741,0.4168,0.6612,0.7018,0.2364,0.6848,0.0788,1.4775,True,7.0,True,9.0,True,9.0,True,48.0,False,61.0,False
2023-06-23T14,L,2023-06-22 14:45:00,0.5374,0.3993,0.3562,0.4352,0.6672,0.6672,0.3434,0.5563,0.1002,20.2894,True,-12.0,False,12.0,True,14.0,False,21.0,False,39.0,False
2023-06-24T00,H,2023-06-23 15:55:00,0.7343,0.5212,0.128,0.5933,0.5382,0.6009,0.5304,0.4197,0.0499,5.2798,False,-6.0,False,-5.0,False,-5.0,False,71.0,False,77.0,False
2023-06-25T03,L,2023-06-24 16:05:00,0.7053,0.2363,0.7723,0.8956,0.9208,0.9318,0.5569,0.4431,0.0,8.5946,True,-39.0,False,-6.0,False,-5.0,False,6.0,True,9.0,True
2023-06-25T10,H,2023-06-25 04:40:00,0.1762,0.0723,0.3908,0.3851,0.4029,0.4595,0.5876,0.248,0.1644,2.7645,True,17.0,False,33.0,False,36.0,False,57.0,False,76.0,False
2023-06-26T07,L,2023-06-26 01:25:00,0.8237,0.6383,0.8202,0.7545,0.734,0.8202,0.3726,0.6109,0.0165,9.6575,False,-161.0,False,-136.0,False,-130.0,False,-15.0,False,31.0,False
2023-06-26T10,H,2023-06-26 08:00:00,0.0,,,,0.5284,0.6108,0.7321,0.1896,0.0783,0.9222,True,9.0,True,10.0,True,17.0,False,32.0,False,34.0,False
2023-06-26T11,L,2023-06-26 11:00:00,0.0,,,,0.7224,0.7561,0.7148,0.162,0.1232,2.6171,True,9.0,True,10.0,True,11.0,True,16.0,False,21.0,False
2023-06-26T17,H,2023-06-26 14:05:00,0.6383,0.0985,0.143,0.2333,0.2787,0.4877,0.6922,0.1734,0.1345,4.2301,False,-20.0,False,-19.0,False,33.0,False,33.0,False,37.0,False
2023-06-26T23,L,2023-06-26 18:00:00,0.0,,,,0.438,0.4452,0.3814,0.5696,0.0491,4.3337,True,15.0,False,17.0,False,29.0,False,34.0,False,74.0,False
2023-06-27T22,H,2023-06-27 14:10:00,0.5502,0.0709,0.2646,0.3637,0.4667,0.4667,0.7085,0.213,0.0785,15.8935,False,-5.0,False,14.0,False,19.0,False,106.0,False,106.0,False
2023-06-29T03,L,2023-06-28 19:35:00,0.8429,0.5351,0.5913,0.5236,0.6923,0.6923,0.0783,0.8102,0.1115,18.5995,False,-223.0,False,-223.0,False,-58.0,False,-43.0,False,77.0,False
2023-06-29T21,H,2023-06-29 13:20:00,0.1949,0.2265,0.3439,0.3813,0.5564,0.6887,0.2083,0.5312,0.2605,9.0023,True,8.0,True,8.0,True,19.0,False,19.0,False,92.0,False
2023-06-30T03,L,2023-06-30 01:10:00,0.4788,0.1193,0.1904,0.1944,0.4152,0.4152,0.558,0.44,0.002,4.7389,False,13.0,False,16.0,False,18.0,False,18.0,False,24.0,False
2023-06-30T13,H,2023-06-30 04:50:00,0.1855,0.0807,0.3137,0.3147,0.5332,0.5332,0.2358,0.5419,0.2223,2.4406,True,9.0,True,18.0,False,20.0,False,107.0,False,110.0,False
2023-07-01T06,L,2023-06-30 14:00:00,0.0,,0.4715,0.6015,0.4894,0.6902,0.5434,0.4566,0.0,3.1379,True,2.0,True,5.0,True,35.0,False,42.0,False,80.0,False
2023-07-02T01,H,2023-07-01 15:05:00,0.7758,0.3871,0.552,0.4407,0.5056,0.5858,0.2243,0.7014,0.0743,5.2659,False,-30.0,False,-20.0,False,-19.0,False,83.0,False,131.0,False
2023-07-02T14,L,2023-07-02 02:20:00,0.0721,0.4392,0.8954,0.8794,0.5449,0.8976,0.4868,0.5132,0.0,9.2244,True,1.0,True,1.0,True,1.0,True,1.0,True,152.0,False
2023-07-02T15,H,2023-07-02 15:00:00,0.0,,0.1734,0.4443,0.7788,0.8493,0.6413,0.2887,0.07,2.7664,True,7.0,True,7.0,True,7.0,True,7.0,True,14.0,False
2023-07-02T16,L,2023-07-02 16:00:00,0.0,,,,0.9711,0.9759,0.6723,0.3176,0.0101,6.8923,True,7.0,True,7.0,True,7.0,True,7.0,True,7.0,True
2023-07-02T17,H,2023-07-02 17:00:00,0.0,,,,0.6848,0.6848,0.4521,0.5479,0.0,5.4211,True,8.0,True,8.0,True,13.0,False,13.0,False,20.0,False
2023-07-02T20,L,2023-07-02 18:05:00,0.0534,0.1346,0.2565,0.2365,0.3553,0.3579,0.1846,0.7931,0.0223,3.1463,True,23.0,False,23.0,False,23.0,False,23.0,False,35.0,False
2023-07-03T09,H,2023-07-02 22:30:00,0.42,0.3434,0.6379,0.4288,0.54,0.6379,0.3352,0.6648,0.0,11.1212,True,3.0,True,3.0,True,90.0,False,104.0,False,138.0,False
2023-07-03T15,L,2023-07-03 12:10:00,0.286,0.1432,0.298,0.4123,0.5245,0.531,0.4497,0.526,0.0244,5.4805,True,10.0,True,31.0,False,31.0,False,35.0,False,35.0,False
2023-07-04T04,H,2023-07-03 19:35:00,0.4319,0.1848,0.1816,0.236,0.3816,0.3816,0.2116,0.5236,0.2647,1.3536,False,15.0,False,17.0,False,21.0,False,110.0,False,113.0,False
2023-07-05T20,L,2023-07-05 13:35:00,0.8535,0.162,0.3505,0.5494,0.6339,0.6339,0.5297,0.2697,0.2005,3.3228,False,-338.0,False,-321.0,False,-136.0,False,-115.0,False,65.0,False
2023-07-06T14,H,2023-07-06 09:05:00,0.4945,0.1314,0.1788,0.2151,0.5481,0.6794,0.1825,0.7322,0.0853,22.7845,True,8.0,True,9.0,True,34.0,False,37.0,False,59.0,False
2023-07-07T09,L,2023-07-07 00:05:00,0.7268,0.2592,0.6312,0.5641,0.7461,0.7469,0.2933,0.5158,0.1909,8.3006,True,-102.0,False,-101.0,False,-99.0,False,33.0,False,71.0,False
2023-07-08T06,H,2023-07-07 16:15:00,0.588,0.0846,0.1877,0.1755,0.2005,0.2017,0.4334,0.5666,0.0,2.0098,False,-42.0,False,143.0,False,153.0,False,153.0,False,177.0,False
2023-07-08T16,L,2023-07-08 07:00:00,0.0,,,,0.463,0.463,0.6963,0.3037,0.0,4.8859,True,22.0,False,23.0,False,25.0,False,31.0,False,127.0,False
2023-07-08T19,H,2023-07-08 17:00:00,0.0,,0.3011,0.3509,0.5644,0.5644,0.1366,0.6344,0.229,4.9999,True,11.0,True,27.0,False,32.0,False,32.0,False,39.0,False
2023-07-08T23,L,2023-07-08 20:00:00,0.0,,,,0.5122,0.5122,0.6694,0.3291,0.0015,6.7144,True,12.0,True,19.0,False,23.0,False,25.0,False,41.0,False
2023-07-09T18,H,2023-07-09 14:40:00,0.8253,0.873,0.8929,0.8172,0.9158,0.9158,0.4485,0.5509,0.0006,23.9746,True,-104.0,False,-100.0,False,-46.0,False,-42.0,False,1.0,True
2023-07-10T10,L,2023-07-10 00:15:00,0.6701,0.3173,0.4129,0.6057,0.422,0.814,0.3811,0.6183,0.0006,19.554,True,-57.0,False,-57.0,False,4.0,True,4.0,True,127.0,False
2023-07-11T04,H,2023-07-10 20:10:00,0.4593,0.2043,0.2437,0.2728,0.4116,0.4278,0.4714,0.5281,0.0006,7.3414,False,13.0,False,13.0,False,21.0,False,22.0,False,23.0,False
2023-07-11T06,L,2023-07-11 05:20:00,0.0853,0.0985,0.1771,0.1849,0.3364,0.4465,0.2821,0.7115,0.0064,0.6079,True,15.0,False,18.0,False,20.0,False,20.0,False,20.0,False
2023-07-11T08,H,2023-07-11 07:00:00,0.0,,0.2226,0.3423,0.443,0.4796,0.0763,0.9224,0.0013,2.7253,True,13.0,False,19.0,False,21.0,False,25.0,False,25.0,False
2023-07-11T16,L,2023-07-11 13:45:00,0.3652,0.1036,0.12,0.1085,0.3349,0.3349,0.5112,0.4853,0.0035,11.1193,False,18.0,False,19.0,False,19.0,False,39.0,False,39.0,False
2023-07-11T18,H,2023-07-11 17:00:00,0.0,,0.1002,0.2616,0.3838,0.3838,0.8217,0.1769,0.0014,2.2547,True,18.0,False,21.0,False,25.0,False,25.0,False,25.0,False
2023-07-11T19,L,2023-07-11 19:00:00,0.0,,,0.2467,0.5951,0.6418,0.5638,0.4362,0.0,2.2537,True,9.0,True,10.0,True,14.0,False,16.0,False,16.0,False
2023-07-11T21,H,2023-07-11 20:10:00,0.0999,0.1072,0.1909,0.3621,0.6137,0.6137,0.501,0.3565,0.1426,1.3716,True,12.0,True,12.0,True,13.0,False,,False,,False
2023-07-11T23,L,2023-07-11 22:40:00,0.7697,0.2097,0.4153,0.5077,0.5816,0.713,0.31,0.69,0.0,1.8305,False,-8.0,False,-7.0,False,-6.0,False,16.0,False,16.0,False
2023-07-12T00,H,2023-07-12 00:00:00,0.0,,,0.4784,0.7631,0.7631,0.9111,0.0889,0.0,1.4878,True,8.0,True,9.0,True,10.0,True,17.0,False,18.0,False
2023-07-12T05,L,2023-07-12 01:40:00,0.226,0.2894,0.6474,0.5151,0.8099,0.8099,0.7203,0.1271,0.1525,0.6425,True,1.0,True,1.0,True,11.0,True,11.0,True,38.0,False
2023-07-12T13,H,2023-07-12 12:35:00,0.5008,0.4916,0.5285,0.6241,0.7004,0.7022,0.0649,0.6194,0.3156,30.687,True,-68.0,False,4.0,True,11.0,True,14.0,False,17.0,False
2023-07-13T08,L,2023-07-12 19:40:00,0.8707,0.2032,0.264,0.1234,0.3222,0.3232,0.1548,0.844,0.0011,2.45,False,-68.0,False,-67.0,False,-67.0,False,-62.0,False,160.0,False
2023-07-14T06,H,2023-07-13 19:35:00,0.7798,0.1511,0.2405,0.1852,0.3854,0.3854,0.0205,0.8104,0.1691,4.4527,False,-100.0,False,-94.0,False,-85.0,False,125.0,False,137.0,False
2023-07-15T07,L,2023-07-14 19:10:00,0.6975,0.1669,0.2353,0.1935,0.1607,0.2954,0.6526,0.2554,0.092,3.8466,False,-65.0,False,-65.0,False,118.0,False,141.0,False,154.0,False
2023-07-16T23,H,2023-07-16 14:30:00,0.9277,0.229,0.239,0.1909,0.1942,0.4469,0.3972,0.5749,0.0279,17.1703,False,-288.0,False,-281.0,False,-260.0,False,-185.0,False,-146.0,False
2023-07-17T03,L,2023-07-17 00:00:00,0.0,,,0.3484,0.6637,0.7464,0.2808,0.5452,0.174,5.2795,True,8.0,True,9.0,True,9.0,True,,False,,False
2023-07-17T09,H,2023-07-17 08:35:00,0.712,0.0661,0.1309,0.3546,0.6425,0.6425,0.5198,0.4758,0.0044,3.8434,False,-31.0,False,-31.0,False,-12.0,False,17.0,False,17.0,False
2023-07-17T14,L,2023-07-17 10:30:00,0.2958,0.6285,0.4363,0.6665,0.7713,0.808,0.507,0.493,0.0,6.5132,True,0.0,True,0.0,True,4.0,True,9.0,True,42.0,False
2023-07-17T15,H,2023-07-17 15:00:00,0.0,,,,0.0616,0.084,0.0471,0.5135,0.4395,3.091,True,23.0,False,23.0,False,23.0,False,23.0,False,,False
2023-07-17T23,L,2023-07-17 18:50:00,0.8401,0.0502,0.2026,0.3953,0.3472,0.5181,0.8002,0.1655,0.0344,6.2462,False,-32.0,False,-31.0,False,-16.0,False,-16.0,False,53.0,False
2023-07-18T06,H,2023-07-18 02:00:00,0.2484,0.0397,0.0855,0.1063,0.172,0.172,0.2482,0.7518,0.0,0.7925,False,57.0,False,60.0,False,60.0,False,,False,,False
2023-07-18T23,L,2023-07-18 16:50:00,0.8421,0.9185,0.8611,0.8641,0.9126,0.9297,0.3034,0.6845,0.0121,20.3417,True,-100.0,False,-93.0,False,-11.0,False,-10.0,False,0.0,True
2023-07-19T14,H,2023-07-19 04:25:00,0.2254,0.0283,0.026,0.062,0.0831,0.11,0.1884,0.8116,0.0,4.0166,False,56.0,False,100.0,False,127.0,False,127.0,False,127.0,False
2023-07-19T18,L,2023-07-19 15:05:00,0.2597,0.2129,0.388,0.5968,0.7092,0.7362,0.0709,0.6736,0.2555,1.823,True,6.0,True,9.0,True,10.0,True,33.0,False,47.0,False
2023-07-19T22,H,2023-07-19 19:25:00,0.3007,0.1117,0.1854,0.1783,0.3481,0.3481,0.2643,0.7333,0.0024,2.3698,True,19.0,False,20.0,False,23.0,False,31.0,False,34.0,False
2023-07-20T01,L,2023-07-19 23:10:00,0.0619,0.0853,0.0963,0.2413,0.2126,0.2413,0.1097,0.7871,0.1032,2.8576,True,22.0,False,34.0,False,34.0,False,,False,,False
2023-07-20T14,H,2023-07-20 10:15:00,0.8784,0.113,0.0816,0.0861,0.2857,0.2918,0.6044,0.2889,0.1067,3.7202,False,-84.0,False,-81.0,False,-81.0,False,-75.0,False,57.0,False
2023-07-21T03,L,2023-07-20 18:30:00,0.643,0.1885,0.3889,0.4385,0.5091,0.5091,0.5796,0.4204,0.0,3.6249,False,-30.0,False,-28.0,False,83.0,False,92.0,False,102.0,False
2023-07-21T09,H,2023-07-21 04:00:00,0.0,,,,0.3351,0.3351,0.535,0.465,0.0,1.0464,True,24.0,False,26.0,False,48.0,False,56.0,False,69.0,False
2023-07-21T11,L,2023-07-21 11:25:00,0.3407,0.1344,0.1771,0.4254,,0.5712,0.8023,0.1151,0.0826,4.482,True,7.0,True,,False,,False,,False,,False
2023-07-22T06,H,2023-07-21 18:40:00,0.3176,0.0478,0.1377,0.3872,0.5947,0.6951,0.7218,0.2782,0.0,2.709,True,7.0,True,7.0,True,134.0,False,136.0,False,136.0,False
2023-07-22T07,L,2023-07-22 07:00:00,0.0,,,,0.3175,0.4639,0.1494,0.5976,0.253,2.9466,True,17.0,False,17.0,False,18.0,False,18.0,False,23.0,False
2023-07-22T11,H,2023-07-22 08:00:00,0.0,,0.2647,0.2156,0.3274,0.3274,0.4668,0.5332,0.0,1.682,True,29.0,False,33.0,False,42.0,False,51.0,False,51.0,False
2023-07-23T03,L,2023-07-22 23:20:00,0.6315,0.4979,0.2252,0.5668,0.8186,0.877,0.504,0.496,0.0,36.6083,True,-80.0,False,-77.0,False,7.0,True,8.0,True,44.0,False
2023-07-24T01,H,2023-07-23 19:10:00,0.6483,0.1309,0.5161,0.7981,0.6078,0.8528,0.2985,0.7015,0.0,10.1933,True,-40.0,False,-38.0,False,6.0,True,7.0,True,71.0,False
2023-07-24T22,L,2023-07-24 15:15:00,0.5625,0.3641,0.4818,0.4683,0.6287,0.6335,0.4625,0.4265,0.1111,8.6712,True,-59.0,False,9.0,True,69.0,False,72.0,False,93.0,False
2023-07-26T11,H,2023-07-26 03:15:00,0.9063,0.4486,0.6387,0.6533,0.6843,0.718,0.3492,0.6057,0.0451,13.0133,False,-314.0,False,-313.0,False,-308.0,False,-179.0,False,-15.0,False
2023-07-26T12,L,2023-07-26 12:00:00,0.0,,0.2286,0.4911,0.6264,0.6812,0.5353,0.4647,0.0,4.5258,True,7.0,True,7.0,True,13.0,False,,False,,False
2023-07-27T06,H,2023-07-26 21:00:00,0.9567,0.1769,0.1323,0.4172,0.7002,0.7002,0.7935,0.2065,0.0,2.1579,False,-89.0,False,-33.0,False,-33.0,False,-30.0,False,-22.0,False
2023-07-27T09,L,2023-07-27 07:05:00,0.0368,0.0921,0.1951,0.2948,0.1002,0.334,0.7301,0.1384,0.1315,2.5547,True,28.0,False,35.0,False,35.0,False,35.0,False,,False
2023-07-27T13,H,2023-07-27 10:00:00,0.0,0.2553,0.234,0.4359,0.654,0.7278,0.3775,0.5422,0.0803,1.1855,True,7.0,True,9.0,True,9.0,True,33.0,False,48.0,False
2023-07-28T04,L,2023-07-27 18:45:00,0.3864,0.1218,0.127,0.1595,0.1242,0.237,0.6714,0.1955,0.1331,1.7382,False,37.0,False,37.0,False,73.0,False,105.0,False,123.0,False
2023-07-28T05,H,2023-07-28 05:00:00,0.0,,0.056,0.0882,0.3353,0.3353,0.5,0.1712,0.3288,0.925,True,,False,,False,,False,,False,,False
2023-07-28T10,L,2023-07-28 08:10:00,0.4043,0.0472,0.1261,0.1937,0.0617,0.1937,0.9746,0.0203,0.0051,0.993,False,22.0,False,22.0,False,26.0,False,34.0,False,34.0,False
2023-07-29T07,H,2023-07-28 15:15:00,0.2861,0.093,0.0894,0.2906,0.3582,0.3582,0.3144,0.6856,0.0,2.6905,True,23.0,False,28.0,False,29.0,False,201.0,False,201.0,False
2023-07-29T19,L,2023-07-29 08:55:00,0.3931,0.2973,0.2411,0.2939,0.1714,0.3796,0.2941,0.7059,0.0,4.29,False,44.0,False,97.0,False,104.0,False,109.0,False,,False
2023-07-30T03,H,2023-07-29 20:30:00,0.251,0.0783,0.1605,0.1916,0.1654,0.1964,0.0,1.0,0.0,1.1295,False,49.0,False,67.0,False,67.0,False,78.0,False,78.0,False
2023-07-30T14,L,2023-07-30 10:55:00,0.4779,0.0968,0.6892,0.4928,0.7169,0.7865,0.7589,0.2411,0.0,12.2115,True,1.0,True,3.0,True,4.0,True,13.0,False,47.0,False
2023-07-30T19,H,2023-07-30 15:05:00,0.6169,0.1202,0.2698,0.3209,0.8233,0.8392,0.7493,0.2507,0.0,2.8047,True,-1.0,False,-1.0,False,10.0,True,10.0,True,58.0,False
2023-07-31T00,L,2023-07-30 20:05:00,0.4653,0.3496,0.6704,0.7032,0.7947,0.8016,0.5172,0.4828,0.0,4.2323,True,1.0,True,1.0,True,6.0,True,10.0,True,56.0,False
2023-07-31T14,H,2023-07-31 01:00:00,0.0,,0.298,0.3865,0.5306,0.5306,0.1719,0.2578,0.5704,3.1141,True,12.0,True,62.0,False,64.0,False,101.0,False,128.0,False
2023-08-01T15,L,2023-08-01 15:35:00,0.872,0.9529,0.9627,,,0.9944,0.2257,0.7743,0.0,27.0969,True,-240.0,False,-187.0,False,-175.0,False,-174.0,False,0.0,True
2023-08-02T09,H,2023-08-02 01:35:00,0.3958,0.0881,0.2314,0.3189,0.3115,0.3189,0.1608,0.5861,0.2531,2.8923,False,28.0,False,64.0,False,79.0,False,80.0,False,89.0,False
2023-08-03T10,L,2023-08-02 16:55:00,0.5351,0.4984,0.4358,0.5597,0.5894,0.75,0.6026,0.3702,0.0272,20.2144,True,-30.0,False,5.0,True,9.0,True,89.0,False,196.0,False
2023-08-04T02,H,2023-08-03 15:00:00,0.4182,0.1936,0.4378,0.8012,0.7692,0.8012,0.4655,0.4948,0.0397,5.3456,True,4.0,True,5.0,True,5.0,True,6.0,True,99.0,False
2023-08-04T13,L,2023-08-04 03:00:00,0.0,,,,0.2712,0.2805,0.7403,0.2538,0.0059,4.8863,True,43.0,False,43.0,False,43.0,False,134.0,False,137.0,False
2023-08-04T18,H,2023-08-04 14:00:00,0.0,,0.7927,0.4337,0.5546,0.7927,0.683,0.317,0.0,2.7379,True,3.0,True,3.0,True,3.0,True,55.0,False,57.0,False
2023-08-05T08,L,2023-08-04 20:50:00,0.585,0.1095,0.1737,0.3042,0.3957,0.3957,0.2416,0.7323,0.0261,9.3133,False,-18.0,False,38.0,False,46.0,False,110.0,False,146.0,False
2023-08-05T12,H,2023-08-05 09:00:00,0.0,,0.1476,0.1569,0.3054,0.3054,0.9219,0.0781,0.0,1.2795,True,23.0,False,34.0,False,37.0,False,40.0,False,46.0,False
2023-08-05T14,L,2023-08-05 13:00:00,0.0,,0.5869,0.7426,0.7716,0.7716,0.7178,0.2822,0.0,1.0712,True,1.0,True,4.0,True,5.0,True,15.0,False,24.0,False
2023-08-06T13,H,2023-08-06 08:50:00,0.6728,0.0206,0.1076,0.1579,0.27,0.27,0.9365,0.0602,0.0033,9.3127,False,-193.0,False,-142.0,False,49.0,False,50.0,False,51.0,False
2023-08-06T17,L,2023-08-06 14:20:00,0.1249,0.2083,0.4099,0.3152,0.4767,0.5193,0.596,0.1567,0.2472,2.2006,True,11.0,True,31.0,False,32.0,False,44.0,False,44.0,False
2023-08-07T07,H,2023-08-07 02:55:00,0.8748,0.2258,0.2861,0.3797,0.473,0.473,0.1407,0.8593,0.0,4.186,False,-60.0,False,-60.0,False,-38.0,False,-23.0,False,49.0,False
2023-08-07T19,L,2023-08-07 16:20:00,0.6355,0.1682,0.4082,0.5572,0.715,0.7232,0.0512,0.9045,0.0443,11.4336,True,-66.0,False,-64.0,False,7.0,True,21.0,False,44.0,False
2023-08-09T02,H,2023-08-08 21:25:00,0.8941,0.1655,0.461,0.6694,0.5343,0.6694,0.405,0.595,0.0,14.5278,False,-174.0,False,-170.0,False,-161.0,False,-149.0,False,67.0,False
2023-08-09T12,L,2023-08-09 03:00:00,0.0,,0.052,0.071,0.0772,0.0772,0.3048,0.5984,0.0968,1.2637,True,118.0,False,120.0,False,121.0,False,121.0,False,121.0,False
2023-08-09T13,H,2023-08-09 13:05:00,0.0964,0.3714,0.4146,0.6991,,0.9332,0.432,0.4105,0.1575,2.4231,True,4.0,True,6.0,True,7.0,True,11.0,True,11.0,True
2023-08-10T13,L,2023-08-09 20:00:00,0.6554,0.1037,0.172,0.2848,0.3288,0.3288,0.4325,0.5661,0.0014,3.2856,False,-65.0,False,-65.0,False,60.0,False,96.0,False,180.0,False
2023-08-10T15,H,2023-08-10 14:05:00,0.0604,0.0834,0.323,0.3387,0.724,0.7634,0.3872,0.6128,0.0,3.1586,True,7.0,True,8.0,True,8.0,True,23.0,False,,False
2023-08-11T00,L,2023-08-10 17:35:00,0.5382,0.4125,0.3828,0.2479,0.3388,0.4407,0.2645,0.6612,0.0743,6.66,False,-9.0,False,29.0,False,47.0,False,53.0,False,82.0,False
2023-08-11T02,H,2023-08-11 01:00:00,0.0,,0.1405,0.1514,0.4051,0.4051,1.0,0.0,0.0,1.8568,True,17.0,False,20.0,False,26.0,False,27.0,False,27.0,False
2023-08-11T05,L,2023-08-11 03:00:00,0.0,0.1187,0.2656,0.3054,0.3279,0.3279,0.1513,0.8487,0.0,3.0152,True,24.0,False,24.0,False,24.0,False,36.0,False,36.0,False
2023-08-11T17,H,2023-08-11 14:15:00,0.8878,0.2424,0.244,0.2122,0.6696,0.6851,0.2794,0.5857,0.1349,30.007,False,-65.0,False,-63.0,False,-59.0,False,-51.0,False,45.0,False
2023-08-11T20,L,2023-08-11 18:00:00,0.0,,,,0.3829,0.3829,0.7094,0.2906,0.0,2.1839,True,29.0,False,31.0,False,34.0,False,35.0,False,46.0,False
2023-08-13T04,H,2023-08-12 16:35:00,0.9116,0.0768,0.1725,0.3224,0.3693,0.3693,0.5055,0.4835,0.011,2.9776,False,-210.0,False,-178.0,False,-165.0,False,-163.0,False,-123.0,False
2023-08-13T18,L,2023-08-13 16:20:00,0.826,0.2505,0.5195,0.4214,0.8507,0.8507,0.724,0.2656,0.0104,3.5667,True,-121.0,False,-112.0,False,-109.0,False,-88.0,False,14.0,False
2023-08-13T22,H,2023-08-13 19:50:00,0.2055,0.1605,0.565,0.7219,0.7344,0.7682,0.6818,0.3182,0.0,3.2514,True,3.0,True,4.0,True,5.0,True,21.0,False,22.0,False
2023-08-14T04,L,2023-08-14 02:25:00,0.4315,0.6481,0.9405,0.9458,0.9637,0.965,0.0046,0.9532,0.0422,7.0035,True,0.0,True,0.0,True,1.0,True,1.0,True,2.0,True
2023-08-14T19,H,2023-08-14 16:55:00,0.9037,0.1469,0.2342,0.3373,0.6134,0.6134,0.764,0.0621,0.1739,2.1717,False,-98.0,False,-97.0,False,-95.0,False,-89.0,False,-44.0,False
2023-08-15T14,L,2023-08-14 20:00:00,0.0,,,,0.0392,0.1009,0.399,0.1641,0.4369,1.9661,True,172.0,False,235.0,False,239.0,False,239.0,False,,False
2023-08-15T15,H,2023-08-15 15:05:00,0.0346,0.3575,0.855,0.8307,,0.9852,0.0675,0.7159,0.2166,2.964,True,1.0,True,2.0,True,3.0,True,3.0,True,8.0,True
2023-08-16T10,L,2023-08-15 19:10:00,0.4185,0.1383,0.2647,0.3512,0.3293,0.4653,0.8062,0.1934,0.0004,18.3388,True,16.0,False,81.0,False,94.0,False,145.0,False,190.0,False
2023-08-16T13,H,2023-08-16 12:50:00,0.6992,0.3333,0.4434,0.6326,0.7286,0.8425,0.3456,0.499,0.1553,3.1375,True,-7.0,False,-6.0,False,5.0,True,9.0,True,14.0,False
2023-08-16T17,L,2023-08-16 16:20:00,0.3285,0.1282,0.1126,0.3535,0.4218,0.4432,0.4195,0.3908,0.1897,4.844,True,14.0,False,14.0,False,15.0,False,20.0,False,20.0,False
2023-08-16T20,H,2023-08-16 18:35:00,0.1425,0.0277,0.0794,0.1107,0.1572,0.1796,0.1929,0.3858,0.4214,0.919,True,23.0,False,23.0,False,25.0,False,29.0,False,29.0,False
2023-08-18T08,L,2023-08-17 21:45:00,0.9692,0.0837,0.8661,0.8745,0.9444,0.9444,0.9804,0.012,0.0076,35.9362,False,-250.0,False,-247.0,False,-243.0,False,-235.0,False,-219.0,False
2023-08-20T16,H,2023-08-18 09:25:00,0.1014,0.0946,0.1679,0.2535,0.1875,0.2535,0.6635,0.2392,0.0973,1.8648,True,55.0,False,57.0,False,66.0,False,92.0,False,172.0,False
2023-08-20T17,L,2023-08-20 17:00:00,0.0,,0.3714,0.5182,0.8252,0.8252,0.2839,0.6667,0.0495,3.2938,True,6.0,True,9.0,True,9.0,True,11.0,True,,False
2023-08-21T02,H,2023-08-20 20:50:00,0.5706,0.2358,0.3933,0.541,0.5773,0.6093,0.1296,0.6346,0.2358,5.1195,True,-20.0,False,10.0,True,31.0,False,74.0,False,74.0,False
2023-08-21T14,L,2023-08-21 10:15:00,0.4774,0.2975,0.3363,0.2955,0.2051,0.4347,0.0081,0.7508,0.241,15.371,False,20.0,False,20.0,False,24.0,False,45.0,False,47.0,False
2023-08-21T15,H,2023-08-21 15:00:00,0.0,,,,0.6274,0.6274,0.6078,0.3913,0.0009,3.1433,True,12.0,True,12.0,True,14.0,False,16.0,False,22.0,False
2023-08-21T19,L,2023-08-21 16:00:00,0.0,,,0.1652,0.2523,0.2523,0.2988,0.4115,0.2897,4.0108,True,30.0,False,42.0,False,43.0,False,54.0,False,54.0,False
2023-08-22T04,H,2023-08-21 21:35:00,0.2535,0.2134,0.2049,0.1946,0.2858,0.2858,0.3748,0.6252,0.0,8.9797,True,23.0,False,41.0,False,43.0,False,53.0,False,89.0,False
2023-08-22T07,L,2023-08-22 05:30:00,0.1061,0.0946,0.1017,0.1605,0.1916,0.2164,0.6368,0.2598,0.1034,1.3358,True,26.0,False,30.0,False,30.0,False,30.0,False,,False
2023-08-22T09,H,2023-08-22 08:00:00,0.0,,0.1714,0.2095,0.5938,0.5938,0.4018,0.0091,0.589,2.2283,True,11.0,True,13.0,False,14.0,False,17.0,False,22.0,False
2023-08-23T00,L,2023-08-22 21:30:00,0.9227,0.6191,0.6806,0.7024,0.7873,0.7873,0.3769,0.6229,0.0002,31.071,False,-125.0,False,-120.0,False,-113.0,False,-111.0,False,-105.0,False
2023-08-23T12,H,2023-08-23 01:00:00,0.0,,,,0.3291,0.4242,0.5455,0.361,0.0935,1.8126,True,35.0,False,117.0,False,128.0,False,130.0,False,140.0,False
2023-08-23T14,L,2023-08-23 13:15:00,0.1408,0.0353,0.0788,0.0733,0.522,0.6597,0.1637,0.6858,0.1504,1.3449,True,9.0,True,10.0,True,18.0,False,21.0,False,,False
2023-08-24T03,H,2023-08-23 19:50:00,0.357,0.1251,0.3467,0.4157,0.433,0.433,0.5206,0.4416,0.0378,2.7959,True,14.0,False,19.0,False,21.0,False,25.0,False,86.0,False
2023-08-25T09,L,2023-08-24 17:40:00,0.6923,0.5072,0.5533,0.6055,0.6838,0.7079,0.236,0.75,0.014,14.653,True,-104.0,False,-102.0,False,11.0,True,22.0,False,100.0,False
2023-08-25T14,H,2023-08-25 14:20:00,0.5009,0.5744,0.7329,0.7917,,0.9798,0.0039,0.8958,0.1003,16.1991,True,-51.0,False,1.0,True,1.0,True,5.0,True,8.0,True
2023-08-25T19,L,2023-08-25 15:00:00,0.0,0.0981,0.397,0.4606,0.3341,0.4778,0.0109,0.5976,0.3914,1.5623,True,48.0,False,48.0,False,48.0,False,48.0,False,,False
2023-08-26T23,H,2023-08-26 02:20:00,0.3672,0.3011,0.3782,0.4252,0.4285,0.5014,0.2572,0.7409,0.0018,8.2742,True,2.0,True,75.0,False,92.0,False,122.0,False,192.0,False
2023-08-27T05,L,2023-08-27 01:40:00,0.8434,0.1329,0.2226,0.5931,0.5517,0.6222,0.702,0.2947,0.0033,4.562,False,-20.0,False,-20.0,False,-16.0,False,-14.0,False,40.0,False
2023-08-27T21,H,2023-08-27 14:20:00,0.5598,0.6704,0.2249,0.3266,0.2381,0.7422,0.0502,0.7331,0.2166,4.6478,True,-53.0,False,0.0,True,1.0,True,20.0,False,41.0,False
2023-08-28T12,L,2023-08-28 09:20:00,0.701,0.2408,0.3729,0.2494,0.2809,0.4291,0.1835,0.7326,0.0839,12.4338,False,-124.0,False,-122.0,False,-121.0,False,34.0,False,44.0,False
2023-08-28T20,H,2023-08-28 13:00:00,0.0,,,0.4055,0.6474,0.6474,0.3139,0.6175,0.0686,4.1987,True,7.0,True,9.0,True,17.0,False,17.0,False,83.0,False
2023-08-28T23,L,2023-08-28 21:55:00,0.2882,0.2936,0.2613,0.4081,0.5543,0.6707,0.7522,0.0951,0.1527,1.4738,True,9.0,True,10.0,True,13.0,False,15.0,False,17.0,False
2023-08-29T05,H,2023-08-29 01:20:00,0.7165,0.3118,0.3969,0.5837,0.7588,0.7701,0.4691,0.5309,0.0,6.0586,True,-15.0,False,-10.0,False,-8.0,False,18.0,False,28.0,False
2023-08-29T14,L,2023-08-29 10:40:00,0.3613,0.0574,0.424,0.7139,0.4912,0.717,0.6529,0.0537,0.2934,3.8195,True,5.0,True,6.0,True,6.0,True,37.0,False,41.0,False
2023-08-30T02,H,2023-08-29 16:30:00,0.8225,0.3293,0.3442,0.154,0.226,0.5915,0.0041,0.8306,0.1652,1.5803,False,-17.0,False,-13.0,False,-8.0,False,-7.0,False,120.0,False
2023-09-01T06,L,2023-08-31 21:10:00,0.9795,0.5521,0.6913,0.7131,0.8191,0.8199,0.5735,0.4031,0.0234,23.6972,False,-378.0,False,-378.0,False,-378.0,False,-378.0,False,-194.0,False
2023-09-01T17,H,2023-09-01 12:20:00,0.4949,0.1323,0.2787,0.5262,0.4812,0.7443,0.4368,0.5632,0.0,10.3617,True,5.0,True,5.0,True,5.0,True,18.0,False,27.0,False
2023-09-01T20,L,2023-09-01 18:00:00,0.0,,0.4236,0.6328,0.8724,0.8724,0.177,0.686,0.137,0.8743,True,5.0,True,5.0,True,11.0,True,12.0,True,27.0,False
2023-09-03T16,H,2023-09-03 12:40:00,0.9619,0.716,0.8601,0.9155,0.9053,0.9211,0.4453,0.554,0.0007,31.8988,False,-452.0,False,-416.0,False,-368.0,False,-344.0,False,-233.0,False
2023-09-03T19,L,2023-09-03 17:00:00,0.0,,,0.5658,0.3015,0.5658,0.5193,0.4793,0.0014,4.5903,True,5.0,True,19.0,False,20.0,False,20.0,False,28.0,False
2023-09-04T01,H,2023-09-03 20:55:00,0.1444,0.258,0.3146,0.4124,0.4486,0.4486,0.236,0.718,0.046,12.3658,True,16.0,False,18.0,False,27.0,False,41.0,False,55.0,False
2023-09-04T02,L,2023-09-04 02:00:00,0.0,,,0.0968,0.3489,0.3489,0.4095,0.3619,0.2286,1.3941,True,15.0,False,16.0,False,16.0,False,16.0,False,,False
2023-09-04T05,H,2023-09-04 03:25:00,0.2762,0.4929,0.6502,0.7572,0.6794,0.7572,0.7154,0.1429,0.1418,3.482,True,1.0,True,2.0,True,6.0,True,22.0,False,29.0,False
2023-09-04T08,L,2023-09-04 06:05:00,0.0861,0.222,0.2934,0.5231,0.3772,0.5367,0.4803,0.5197,0.0,4.6822,True,5.0,True,35.0,False,35.0,False,,False,,False
2023-09-04T09,H,2023-09-04 09:00:00,0.0,,,0.4892,0.7916,0.8248,0.9941,0.0,0.0059,0.8353,True,7.0,True,10.0,True,10.0,True,11.0,True,14.0,False
2023-09-05T09,L,2023-09-05 03:10:00,0.939,0.1931,0.1755,0.3864,0.5951,0.5951,0.4905,0.3863,0.1232,7.6027,False,-139.0,False,-139.0,False,-139.0,False,-139.0,False,-104.0,False
2023-09-06T09,H,2023-09-05 15:20:00,0.441,0.2952,0.6228,0.4393,0.3485,0.7355,0.1576,0.5533,0.289,7.8864,True,2.0,True,2.0,True,2.0,True,56.0,False,224.0,False
2023-09-06T21,L,2023-09-06 17:10:00,0.6716,0.2899,0.7219,0.774,0.915,0.915,0.2599,0.7396,0.0005,25.4045,True,-85.0,False,-83.0,False,3.0,True,8.0,True,10.0,True
2023-09-07T11,H,2023-09-07 04:05:00,0.214,0.246,0.4502,0.6172,0.5733,0.686,0.2261,0.7652,0.0087,2.722,True,4.0,True,5.0,True,14.0,False,35.0,False,50.0,False
2023-09-07T16,L,2023-09-07 14:05:00,0.6257,0.5733,0.7669,0.4894,0.9409,0.9414,0.0969,0.4361,0.467,2.5287,True,-4.0,False,-4.0,False,1.0,True,8.0,True,10.0,True
2023-09-08T08,H,2023-09-07 21:25:00,0.6906,0.3893,0.7974,0.8083,0.7811,0.8083,0.1254,0.6341,0.2405,4.7711,True,-53.0,False,-53.0,False,1.0,True,6.0,True,139.0,False
2023-09-09T06,L,2023-09-08 10:10:00,0.3163,0.1553,0.155,0.2865,0.2929,0.2929,0.5612,0.4246,0.0142,9.5187,False,28.0,False,52.0,False,154.0,False,202.0,False,227.0,False
2023-09-10T04,H,2023-09-09 16:35:00,0.8789,0.462,0.687,0.654,0.6833,0.687,0.2269,0.7558,0.0173,5.9727,False,-73.0,False,-70.0,False,-46.0,False,-34.0,False,143.0,False
2023-09-10T08,L,2023-09-10 05:00:00,0.0,,,,0.4188,0.4188,0.5081,0.4899,0.002,6.5372,True,13.0,False,13.0,False,31.0,False,55.0,False,,False
2023-09-10T09,H,2023-09-10 09:00:00,0.0,,0.09,0.0542,0.1808,0.1918,1.0,0.0,0.0,0.6325,True,14.0,False,14.0,False,14.0,False,14.0,False,,False
2023-09-10T21,L,2023-09-10 19:45:00,0.9053,0.8848,0.9363,0.9487,0.9319,0.9518,0.219,0.7342,0.0468,28.5001,True,-71.0,False,-34.0,False,-34.0,False,-34.0,False,-33.0,False
2023-09-11T01,H,2023-09-10 22:35:00,0.0919,0.1101,0.3329,0.3904,0.4273,0.4549,0.4722,0.5278,0.0,6.5307,True,15.0,False,15.0,False,23.0,False,29.0,False,41.0,False
2023-09-11T05,L,2023-09-11 02:05:00,0.0675,0.045,0.1373,0.2101,0.2589,0.2996,0.8275,0.169,0.0035,0.8528,True,35.0,False,43.0,False,47.0,False,47.0,False,47.0,False
2023-09-11T10,H,2023-09-11 06:05:00,0.0369,0.0797,0.0807,0.0788,0.1448,0.1588,0.7194,0.199,0.0816,1.7524,True,40.0,False,40.0,False,41.0,False,47.0,False,59.0,False
2023-09-12T02,L,2023-09-11 20:05:00,0.6902,0.797,0.8768,0.8793,0.8798,0.889,0.1689,0.8096,0.0215,4.8027,True,-109.0,False,-85.0,False,0.0,True,1.0,True,14.0,False
2023-09-12T21,H,2023-09-12 16:35:00,0.7226,0.4272,0.678,0.7665,0.8215,0.8305,0.3657,0.6203,0.014,9.9702,True,-137.0,False,-25.0,False,-21.0,False,9.0,True,17.0,False
2023-09-13T10,L,2023-09-13 00:10:00,0.1697,0.2491,0.371,0.4686,0.573,0.5803,0.8204,0.1796,0.0,1.7408,True,10.0,True,22.0,False,90.0,False,114.0,False,117.0,False
2023-09-13T18,H,2023-09-13 16:35:00,0.5373,0.2617,0.3948,0.4854,0.709,0.7232,0.3324,0.325,0.3426,1.878,True,-65.0,False,11.0,True,11.0,True,17.0,False,17.0,False
2023-09-14T00,L,2023-09-13 19:05:00,0.1563,0.2621,0.3637,0.4419,0.3748,0.5755,0.0882,0.7901,0.1217,3.2126,True,8.0,True,23.0,False,29.0,False,35.0,False,71.0,False
2023-09-14T03,H,2023-09-14 01:10:00,0.0316,0.4412,0.7434,0.7454,0.9163,0.9163,0.8534,0.0863,0.0604,2.3752,True,1.0,True,2.0,True,2.0,True,10.0,True,10.0,True
2023-09-14T11,L,2023-09-14 05:55:00,0.2869,0.0779,0.2597,0.4039,0.5638,0.5638,0.7832,0.2168,0.0,1.6106,True,12.0,True,13.0,False,22.0,False,25.0,False,64.0,False
2023-09-14T21,H,2023-09-14 18:40:00,0.7138,0.5213,0.5615,0.6176,0.6329,0.6564,0.236,0.7131,0.0509,5.168,False,-76.0,False,-74.0,False,-73.0,False,28.0,False,40.0,False
2023-09-15T22,L,2023-09-15 14:50:00,0.8168,0.1996,0.2336,0.2524,0.5523,0.5523,0.1723,0.5104,0.3172,6.961,False,-130.0,False,-130.0,False,-113.0,False,-55.0,False,86.0,False
2023-09-16T07,H,2023-09-15 23:10:00,0.1662,0.0857,0.1855,0.2108,0.4892,0.5199,0.0611,0.8192,0.1197,2.046,True,11.0,True,27.0,False,70.0,False,76.0,False,88.0,False
2023-09-16T18,L,2023-09-16 10:05:00,0.4646,0.1105,0.4111,0.4031,0.5001,0.5001,0.6802,0.3198,0.0,5.285,True,12.0,True,33.0,False,35.0,False,47.0,False,96.0,False
2023-09-16T19,H,2023-09-16 19:00:00,0.0,,,,0.5918,0.5918,0.8022,0.1192,0.0786,2.3796,True,12.0,True,13.0,False,14.0,False,20.0,False,,False
2023-09-16T22,L,2023-09-16 20:00:00,0.0,,0.3051,0.486,0.4544,0.6032,0.2996,0.7004,0.0,1.8531,True,9.0,True,10.0,True,26.0,False,26.0,False,,False
2023-09-17T00,H,2023-09-16 23:10:00,0.1066,0.0655,0.5997,0.306,0.3075,0.5997,0.9943,0.0057,0.0,1.5125,True,3.0,True,21.0,False,21.0,False,22.0,False,22.0,False
2023-09-17T09,L,2023-09-17 01:00:00,0.0,0.2573,0.2801,0.3607,0.4117,0.475,0.1583,0.8294,0.0123,5.6562,True,22.0,False,30.0,False,46.0,False,60.0,False,72.0,False
2023-09-17T15,H,2023-09-17 11:50:00,0.1951,0.738,0.7154,0.8123,0.8715,0.8715,0.7263,0.2737,0.0,3.0949,True,0.0,True,0.0,True,0.0,True,2.0,True,25.0,False
2023-09-18T02,L,2023-09-18 00:35:00,0.7826,0.6524,0.8631,0.7106,0.7758,0.8631,0.5633,0.4367,0.0,16.0566,True,-82.0,False,-8.0,False,-8.0,False,2.0,True,22.0,False
2023-09-18T18,H,2023-09-18 13:00:00,0.6427,0.284,0.4536,0.6893,0.8301,0.8301,0.0215,0.8115,0.1671,1.1879,True,-102.0,False,-99.0,False,9.0,True,10.0,True,50.0,False
2023-09-19T08,L,2023-09-18 19:00:00,0.0,,0.2128,0.2344,0.5069,0.5069,0.0529,0.8814,0.0657,2.4749,True,12.0,True,165.0,False,168.0,False,171.0,False,171.0,False
2023-09-19T21,H,2023-09-19 09:45:00,0.1455,0.4511,0.3873,0.6523,0.7627,0.8656,0.1097,0.8903,0.0,3.4948,True,1.0,True,1.0,True,1.0,True,9.0,True,51.0,False
2023-09-20T01,L,2023-09-19 22:00:00,0.0,,,0.8221,0.7691,0.8221,0.5953,0.402,0.0027,4.52,True,6.0,True,6.0,True,6.0,True,6.0,True,20.0,False
2023-09-20T02,H,2023-09-20 02:05:00,0.0996,0.3129,0.5102,0.8193,,0.9799,0.2068,0.7651,0.0281,3.6949,True,2.0,True,2.0,True,4.0,True,6.0,True,11.0,True
2023-09-20T17,L,2023-09-20 06:05:00,0.3403,0.0634,0.3363,0.3037,0.4002,0.4002,0.7,0.1598,0.1402,5.2449,True,19.0,False,20.0,False,119.0,False,133.0,False,143.0,False
2023-09-20T19,H,2023-09-20 18:35:00,0.6405,0.3093,0.8265,0.8468,0.9523,0.9523,0.6527,0.2785,0.0687,2.2794,True,-6.0,False,-1.0,False,1.0,True,2.0,True,9.0,True
2023-09-21T22,L,2023-09-21 13:55:00,0.9131,0.0847,0.1619,0.2159,0.2839,0.2936,0.3666,0.6334,0.0,2.6288,False,-213.0,False,-211.0,False,-204.0,False,-199.0,False,-158.0,False
2023-09-24T05,H,2023-09-22 08:15:00,0.5461,0.1389,0.3004,0.316,0.4216,0.4216,0.2197,0.5311,0.2492,3.4818,False,-9.0,False,33.0,False,105.0,False,120.0,False,154.0,False
2023-09-24T08,L,2023-09-24 06:00:00,0.0,,0.4449,0.2285,0.5223,0.5607,0.2328,0.7586,0.0086,2.2219,True,9.0,True,27.0,False,28.0,False,31.0,False,39.0,False
2023-09-24T19,H,2023-09-24 18:10:00,0.8671,0.6138,0.9558,0.928,0.9215,0.9596,0.3267,0.6733,0.0,9.8626,True,-102.0,False,-35.0,False,-30.0,False,-14.0,False,2.0,True
2023-09-25T13,L,2023-09-25 00:25:00,0.972,0.1812,0.1339,0.2878,0.6074,0.6074,0.0256,0.7852,0.1892,9.3687,False,-53.0,False,-53.0,False,-53.0,False,-52.0,False,-45.0,False
2023-09-26T10,H,2023-09-25 20:20:00,0.2918,0.2078,0.3195,0.391,0.5337,0.5337,0.162,0.602,0.236,3.1779,True,8.0,True,14.0,False,20.0,False,56.0,False,129.0,False
2023-09-27T00,L,2023-09-26 15:50:00,0.9012,0.2571,0.295,0.4241,0.7918,0.7927,0.1437,0.6986,0.1577,2.9487,False,-54.0,False,-51.0,False,-51.0,False,-46.0,False,-42.0,False
2023-09-27T16,H,2023-09-27 12:05:00,0.3778,0.0831,0.0938,0.0921,0.1598,0.4234,0.3006,0.6303,0.0691,6.5075,True,21.0,False,22.0,False,26.0,False,27.0,False,35.0,False
2023-09-28T00,L,2023-09-27 18:10:00,0.4379,0.1313,0.1877,0.3028,0.2758,0.3028,0.0747,0.8143,0.111,5.8152,False,70.0,False,73.0,False,76.0,False,82.0,False,,False
2023-09-29T02,H,2023-09-28 16:30:00,0.9035,0.1403,0.3232,0.5521,0.534,0.5849,0.3333,0.666,0.0006,11.1521,False,-185.0,False,-184.0,False,-184.0,False,-165.0,False,-150.0,False
2023-09-30T10,L,2023-09-29 14:10:00,0.9071,0.1642,0.1623,0.6707,0.6894,0.7448,0.6474,0.2972,0.0555,20.3302,False,-98.0,False,-89.0,False,-88.0,False,-79.0,False,-78.0,False
2023-09-30T12,H,2023-09-30 11:20:00,0.1754,0.1318,0.7312,0.8178,0.8095,0.8656,0.7273,0.2682,0.0045,0.9866,True,3.0,True,3.0,True,3.0,True,5.0,True,20.0,False
2023-09-30T13,L,2023-09-30 13:15:00,0.1043,0.1534,0.3186,0.51,,0.941,0.3163,0.6837,0.0,2.8504,True,4.0,True,7.0,True,8.0,True,9.0,True,9.0,True
2023-09-30T23,H,2023-09-30 15:50:00,0.4749,0.2158,0.5528,0.6079,0.1897,0.6079,0.0781,0.8788,0.0431,3.2118,True,1.0,True,6.0,True,89.0,False,89.0,False,98.0,False
2023-10-01T03,L,2023-10-01 00:35:00,0.1716,0.1585,0.2487,0.3215,0.4851,0.4851,0.0229,0.9771,0.0,1.9552,True,15.0,False,19.0,False,29.0,False,29.0,False,41.0,False
2023-10-01T16,H,2023-10-01 10:15:00,0.4395,0.1559,0.3856,0.7333,0.6733,0.7478,0.0161,0.6546,0.3293,2.4713,True,4.0,True,4.0,True,6.0,True,25.0,False,69.0,False
2023-10-01T22,L,2023-10-01 20:05:00,0.2504,0.2476,0.4698,0.2629,0.4688,0.4894,0.4228,0.5734,0.0038,4.3065,True,20.0,False,23.0,False,26.0,False,27.0,False,35.0,False
2023-10-02T15,H,2023-10-02 14:05:00,0.988,0.6146,0.9204,0.8391,0.9422,0.943,0.7855,0.18,0.0344,5.6224,False,-181.0,False,-181.0,False,-181.0,False,-181.0,False,-180.0,False
2023-10-03T22,L,2023-10-03 20:10:00,0.9125,0.6132,0.8057,0.7771,0.9211,0.9211,0.2116,0.7213,0.067,7.9318,True,-246.0,False,-203.0,False,-182.0,False,-138.0,False,-110.0,False
2023-10-05T06,H,2023-10-05 00:50:00,0.8946,0.2876,0.4114,0.5461,0.6008,0.6008,0.4748,0.4886,0.0365,5.5746,False,-234.0,False,-220.0,False,-126.0,False,-124.0,False,,False
2023-10-05T13,L,2023-10-05 07:40:00,0.2691,0.1256,0.2365,0.2344,0.3529,0.3529,0.4073,0.5902,0.0024,2.815,True,19.0,False,21.0,False,38.0,False,40.0,False,66.0,False
2023-10-05T16,H,2023-10-05 14:25:00,0.242,0.341,0.4461,0.3341,0.7753,0.8053,0.587,0.3704,0.0426,1.3895,True,8.0,True,8.0,True,8.0,True,8.0,True,19.0,False
2023-10-06T07,L,2023-10-05 17:25:00,0.21,0.0972,0.21,0.1917,0.1718,0.2956,0.6404,0.276,0.0836,0.976,True,47.0,False,99.0,False,104.0,False,127.0,False,175.0,False
2023-10-06T12,H,2023-10-06 10:35:00,0.3019,0.1975,0.5171,0.7738,0.6416,0.7738,0.2434,0.7566,0.0,2.3269,True,3.0,True,5.0,True,6.0,True,24.0,False,27.0,False
2023-10-06T14,L,2023-10-06 13:05:00,0.1394,0.4381,0.6786,0.8887,0.7559,0.8887,0.3737,0.48,0.1463,2.5862,True,1.0,True,1.0,True,6.0,True,6.0,True,23.0,False
2023-10-07T03,H,2023-10-06 21:40:00,0.5382,0.0857,0.2766,0.2831,0.3477,0.3477,0.7872,0.2128,0.0,8.7406,False,-52.0,False,31.0,False,40.0,False,52.0,False,76.0,False
2023-10-08T02,L,2023-10-07 20:00:00,0.3669,0.18,0.3581,0.2684,0.6061,0.6061,0.3345,0.6655,0.0,3.1235,True,11.0,True,12.0,True,16.0,False,19.0,False,48.0,False
2023-10-08T04,H,2023-10-08 03:00:00,0.0,,,0.6919,0.2857,0.6919,0.3249,0.6723,0.0028,1.1522,True,6.0,True,6.0,True,21.0,False,27.0,False,30.0,False
2023-10-08T21,L,2023-10-08 13:20:00,0.5437,0.5515,0.6986,0.8352,0.799,0.8352,0.5653,0.353,0.0817,7.915,True,-38.0,False,1.0,True,2.0,True,6.0,True,92.0,False
2023-10-09T00,H,2023-10-08 22:00:00,0.0,,,0.7745,0.8816,0.896,0.3011,0.6237,0.0753,3.8676,True,4.0,True,5.0,True,6.0,True,7.0,True,40.0,False
2023-10-09T01,L,2023-10-09 01:05:00,0.0433,0.0618,0.1854,0.2225,,0.9777,0.6753,0.3247,0.0,1.4918,True,9.0,True,10.0,True,11.0,True,11.0,True,11.0,True
2023-10-09T07,H,2023-10-09 02:05:00,0.0991,0.4719,0.4292,0.3245,0.4685,0.4921,0.4548,0.3951,0.1501,1.5686,True,15.0,False,15.0,False,23.0,False,39.0,False,47.0,False
2023-10-09T19,L,2023-10-09 16:45:00,0.7396,0.3108,0.6195,0.6371,0.8393,0.8633,0.106,0.4408,0.4532,6.755,True,-97.0,False,-97.0,False,-36.0,False,10.0,True,22.0,False
2023-10-10T12,H,2023-10-10 08:25:00,0.3871,0.0661,0.1134,0.0943,0.1354,0.1511,0.005,0.9649,0.0301,4.6593,False,32.0,False,37.0,False,43.0,False,53.0,False,55.0,False
2023-10-10T22,L,2023-10-10 19:00:00,0.7326,0.2862,0.3533,0.3281,0.5038,0.5038,0.8871,0.1129,0.0,0.8181,False,-57.0,False,-56.0,False,-56.0,False,48.0,False,48.0,False
2023-10-11T02,H,2023-10-11 01:15:00,0.5625,0.0675,0.1487,0.1663,0.2078,0.2153,0.5276,0.4673,0.005,0.8647,False,-16.0,False,16.0,False,16.0,False,16.0,False,16.0,False
2023-10-11T10,L,2023-10-11 04:05:00,0.2646,0.1461,0.2561,0.2676,0.2692,0.3261,0.4942,0.4717,0.0341,2.2049,True,62.0,False,67.0,False,69.0,False,70.0,False,71.0,False
2023-10-11T15,H,2023-10-11 11:00:00,0.0,,,0.2455,0.3517,0.3517,0.2992,0.6654,0.0354,1.7274,True,16.0,False,25.0,False,26.0,False,26.0,False,60.0,False
2023-10-11T23,L,2023-10-11 17:50:00,0.1524,0.058,0.1695,0.1647,0.2266,0.2266,0.6872,0.2242,0.0886,2.3817,True,62.0,False,62.0,False,71.0,False,74.0,False,74.0,False
2023-10-12T17,H,2023-10-12 02:55:00,0.5157,0.0942,0.2542,0.3071,0.3964,0.4124,0.4417,0.4022,0.1562,5.71,False,-18.0,False,73.0,False,79.0,False,89.0,False,157.0,False
2023-10-12T19,L,2023-10-12 18:00:00,0.0,,,0.5385,0.8724,0.8724,0.5314,0.2292,0.2394,1.6678,True,5.0,True,5.0,True,10.0,True,11.0,True,27.0,False
2023-10-13T15,H,2023-10-13 13:05:00,0.6294,0.5179,0.5674,0.6555,0.6748,0.6748,0.4811,0.3687,0.1502,12.7143,True,-166.0,False,-37.0,False,16.0,False,23.0,False,28.0,False
2023-10-13T16,L,2023-10-13 16:00:00,0.0,,0.397,0.7201,0.8089,0.8395,0.0203,0.9189,0.0608,0.9421,True,6.0,True,6.0,True,6.0,True,9.0,True,13.0,False
2023-10-13T17,H,2023-10-13 17:00:00,0.0,,,0.2307,0.8717,0.8717,0.3829,0.1664,0.4506,3.1835,True,8.0,True,8.0,True,11.0,True,12.0,True,,False
2023-10-13T20,L,2023-10-13 18:00:00,0.0,,,0.1942,0.1957,0.2239,0.6675,0.3325,0.0,2.1412,True,40.0,False,40.0,False,40.0,False,41.0,False,41.0,False
2023-10-14T07,H,2023-10-13 21:05:00,0.1589,0.1807,0.3914,0.2173,0.3185,0.6526,0.3687,0.5912,0.0401,3.4631,True,2.0,True,2.0,True,20.0,False,39.0,False,95.0,False
2023-10-14T15,L,2023-10-14 08:00:00,0.0,,,,0.1512,0.3103,0.406,0.5194,0.0746,3.9782,True,67.0,False,68.0,False,69.0,False,80.0,False,104.0,False
2023-10-14T17,H,2023-10-14 16:10:00,0.0869,0.2585,0.4009,0.5615,0.5331,0.6052,0.4897,0.4655,0.0448,2.2939,True,5.0,True,8.0,True,16.0,False,22.0,False,22.0,False
2023-10-15T06,L,2023-10-14 21:30:00,0.6219,0.0878,0.1721,0.1333,0.1872,0.1872,0.5569,0.4431,0.0,4.7541,False,-11.0,False,-9.0,False,51.0,False,90.0,False,,False
2023-10-15T11,H,2023-10-15 09:10:00,0.4257,0.099,0.2905,0.3898,0.3295,0.4849,0.4533,0.5333,0.0133,1.8408,True,23.0,False,23.0,False,23.0,False,25.0,False,34.0,False
2023-10-15T16,L,2023-10-15 13:05:00,0.3786,0.038,0.5481,0.6409,0.3279,0.6748,0.6084,0.3916,0.0,5.6708,True,3.0,True,4.0,True,36.0,False,44.0,False,47.0,False
2023-10-17T00,H,2023-10-16 13:35:00,0.828,0.8006,0.8931,0.9027,0.92,0.92,0.1837,0.7667,0.0496,40.7748,True,-177.0,False,-177.0,False,-176.0,False,-171.0,False,5.0,True
2023-10-18T04,L,2023-10-17 04:10:00,0.3277,0.0769,0.2586,0.2579,0.3596,0.3596,0.5269,0.4731,0.0,5.4323,True,43.0,False,45.0,False,47.0,False,70.0,False,83.0,False
2023-10-18T08,H,2023-10-18 05:00:00,0.0,0.7878,0.8441,0.8238,0.8431,0.876,0.377,0.623,0.0,9.6649,True,0.0,True,0.0,True,0.0,True,2.0,True,24.0,False
2023-10-19T00,L,2023-10-18 14:40:00,0.7509,0.2696,0.1946,0.2383,0.3539,0.3748,0.3141,0.6859,0.0,4.5629,False,-53.0,False,-40.0,False,-25.0,False,100.0,False,114.0,False
2023-10-19T01,H,2023-10-19 01:10:00,0.1383,0.0579,0.1596,0.3056,,0.8591,0.1525,0.6102,0.2373,2.1768,True,7.0,True,7.0,True,7.0,True,10.0,True,,False
2023-10-19T06,L,2023-10-19 02:00:00,0.0,,0.5606,0.5402,0.6946,0.6946,0.832,0.1676,0.0004,4.5532,True,3.0,True,12.0,True,25.0,False,36.0,False,41.0,False
2023-10-20T16,H,2023-10-20 10:45:00,0.8705,0.2205,0.4336,0.2878,0.3627,0.4594,0.0149,0.8326,0.1524,13.6074,False,-329.0,False,-205.0,False,-205.0,False,-117.0,False,75.0,False
2023-10-21T15,L,2023-10-20 17:10:00,0.1169,0.1014,0.1879,0.1851,0.2662,0.2662,0.5251,0.4362,0.0387,4.3541,True,70.0,False,70.0,False,73.0,False,147.0,False,200.0,False
2023-10-21T22,H,2023-10-21 18:05:00,0.6807,0.1714,0.2571,0.3473,0.1045,0.4183,0.1124,0.8201,0.0675,8.0611,False,-14.0,False,-13.0,False,,False,,False,,False
2023-10-22T23,L,2023-10-22 07:45:00,0.6011,0.3014,0.4346,0.5294,0.6528,0.6528,0.4614,0.5033,0.0353,18.2564,True,-21.0,False,-13.0,False,17.0,False,72.0,False,195.0,False
2023-10-24T13,H,2023-10-23 22:45:00,0.8821,0.8776,0.8708,0.9046,0.9527,0.9527,0.3888,0.6027,0.0085,36.4458,True,-268.0,False,-252.0,False,-137.0,False,-110.0,False,6.0,True
2023-10-25T14,L,2023-10-24 15:40:00,0.3163,0.0212,0.0746,0.0494,0.0809,0.0848,0.8427,0.1192,0.0381,3.4715,False,234.0,False,249.0,False,259.0,False,280.0,False,,False
2023-10-25T21,H,2023-10-25 16:15:00,0.2186,0.0874,0.6352,0.6598,0.8347,0.8446,0.4838,0.3118,0.2044,2.4524,True,3.0,True,3.0,True,8.0,True,9.0,True,69.0,False
2023-10-27T04,L,2023-10-26 16:55:00,0.9382,0.0402,0.0864,0.0827,0.1986,0.1986,0.7774,0.2177,0.0049,3.8563,False,-213.0,False,-208.0,False,-192.0,False,-174.0,False,-155.0,False
2023-10-27T16,H,2023-10-27 07:00:00,0.5526,0.0451,0.227,0.2695,0.537,0.537,0.691,0.309,0.0,2.3778,False,-20.0,False,103.0,False,120.0,False,120.0,False,,False
2023-10-28T00,L,2023-10-27 17:10:00,0.1818,0.723,0.8337,0.679,0.5438,0.8337,0.4022,0.5978,0.0,10.2003,True,0.0,True,0.0,True,0.0,True,2.0,True,54.0,False
2023-10-28T23,H,2023-10-28 11:25:00,0.8257,0.5567,0.7942,0.8259,0.8679,0.8679,0.5079,0.4893,0.0028,33.0974,True,-95.0,False,-53.0,False,-41.0,False,-12.0,False,19.0,False
2023-10-29T08,L,2023-10-29 04:05:00,0.3733,0.0542,0.243,0.2586,0.2645,0.3531,0.744,0.256,0.0,3.4338,False,30.0,False,32.0,False,48.0,False,58.0,False,59.0,False
2023-10-30T01,H,2023-10-29 17:40:00,0.687,0.6987,0.5259,0.552,0.5383,0.7181,0.4101,0.5895,0.0004,14.6382,True,-90.0,False,-82.0,False,4.0,True,21.0,False,51.0,False
2023-10-30T11,L,2023-10-30 07:40:00,0.4261,0.2466,0.3929,0.4629,0.5563,0.5563,0.0259,0.5524,0.4217,5.8046,True,9.0,True,18.0,False,21.0,False,40.0,False,52.0,False
2023-10-30T17,H,2023-10-30 12:35:00,0.3872,0.0556,0.1969,0.3894,0.1907,0.4635,0.2171,0.2781,0.5048,3.556,True,50.0,False,54.0,False,56.0,False,57.0,False,65.0,False
2023-10-31T10,L,2023-10-30 18:00:00,0.0,,,,0.3436,0.3436,0.2786,0.4701,0.2514,3.5373,True,53.0,False,188.0,False,212.0,False,212.0,False,,False
2023-10-31T13,H,2023-10-31 11:55:00,0.227,0.0792,0.1495,0.3294,0.7169,0.7177,0.7019,0.2981,0.0,1.1534,True,7.0,True,10.0,True,11.0,True,13.0,False,15.0,False
2023-10-31T16,L,2023-10-31 14:10:00,0.2093,0.2321,0.339,0.132,0.39,0.4818,0.5692,0.423,0.0077,2.0424,True,17.0,False,30.0,False,31.0,False,34.0,False,34.0,False
2023-11-01T04,H,2023-10-31 21:25:00,0.4295,0.1705,0.2717,0.3357,0.2697,0.3875,0.0629,0.4875,0.4495,4.8513,False,73.0,False,79.0,False,79.0,False,79.0,False,91.0,False
2023-11-01T12,L,2023-11-01 06:05:00,0.2305,0.0347,0.1032,0.1096,0.1845,0.1845,0.5268,0.352,0.1212,2.4454,False,47.0,False,47.0,False,82.0,False,82.0,False,83.0,False
2023-11-01T14,H,2023-11-01 13:25:00,0.0996,0.7346,0.8985,0.9273,0.8702,0.9279,0.2655,0.6248,0.1097,4.8987,True,0.0,True,0.0,True,0.0,True,1.0,True,5.0,True
2023-11-01T18,L,2023-11-01 15:00:00,0.0,0.2337,0.2887,0.3399,0.4236,0.4236,0.2885,0.6678,0.0437,2.7708,True,14.0,False,15.0,False,19.0,False,27.0,False,43.0,False
2023-11-02T07,H,2023-11-02 02:50:00,0.594,0.0517,0.1124,0.0774,0.1444,0.1697,0.5112,0.4646,0.0242,4.5543,False,-91.0,False,41.0,False,62.0,False,62.0,False,62.0,False
2023-11-03T14,L,2023-11-03 10:20:00,0.7304,0.0827,0.2375,0.3419,0.3933,0.5559,0.802,0.1864,0.0116,1.7245,False,-307.0,False,-286.0,False,-17.0,False,27.0,False,44.0,False
2023-11-04T15,H,2023-11-04 06:10:00,0.8088,0.2551,0.5143,0.463,0.507,0.522,0.3516,0.5097,0.1387,8.5126,False,-159.0,False,-153.0,False,-151.0,False,-149.0,False,118.0,False
2023-11-04T18,L,2023-11-04 16:00:00,0.0,,,,0.2699,0.3933,0.0388,0.7265,0.2347,4.1997,True,32.0,False,44.0,False,44.0,False,,False,,False
2023-11-04T19,H,2023-11-04 19:05:00,0.0637,0.1227,0.1756,0.1986,,0.8187,0.2063,0.7875,0.0062,1.7776,True,11.0,True,11.0,True,11.0,True,11.0,True,,False
2023-11-04T21,L,2023-11-04 20:05:00,0.087,0.1591,0.2646,0.2258,0.5275,0.5275,0.0369,0.9594,0.0037,4.0849,True,12.0,True,15.0,False,15.0,False,15.0,False,23.0,False
2023-11-05T11,H,2023-11-05 04:00:00,0.8009,0.0857,0.1887,0.2462,0.4992,0.5048,0.5497,0.3301,0.1202,6.2038,False,-53.0,False,-51.0,False,-49.0,False,-37.0,False,96.0,False
2023-11-06T09,L,2023-11-05 21:55:00,0.8622,0.3834,0.4566,0.5705,0.7903,0.7903,0.4005,0.5882,0.0113,17.347,False,-84.0,False,-57.0,False,-57.0,False,-56.0,False,14.0,False
2023-11-06T17,H,2023-11-06 10:40:00,0.0456,0.0331,0.1218,0.2317,0.1498,0.2317,0.9319,0.0482,0.0199,1.5116,True,31.0,False,32.0,False,33.0,False,37.0,False,76.0,False
2023-11-07T18,L,2023-11-07 12:15:00,0.8907,0.1925,0.2989,0.5085,0.7092,0.7092,0.4633,0.5356,0.001,5.4949,False,-209.0,False,-209.0,False,-196.0,False,-164.0,False,69.0,False
2023-11-08T06,H,2023-11-07 21:00:00,0.2594,0.1152,0.1818,0.1711,0.3232,0.3232,0.7902,0.1463,0.0635,2.0907,True,16.0,False,84.0,False,87.0,False,112.0,False,,False
2023-11-08T18,L,2023-11-08 15:25:00,0.8824,0.209,0.393,0.5246,0.607,0.607,0.6009,0.3904,0.0087,8.7611,False,-101.0,False,-74.0,False,-59.0,False,-53.0,False,42.0,False
2023-11-09T16,H,2023-11-09 14:55:00,0.7979,0.0961,0.0681,0.1589,0.3911,0.4098,0.3596,0.4547,0.1857,7.2279,False,-212.0,False,-211.0,False,-209.0,False,19.0,False,25.0,False
2023-11-10T12,L,2023-11-09 17:00:00,0.0,,,0.6348,0.7368,0.7368,0.5676,0.4203,0.0121,3.0006,True,4.0,True,5.0,True,5.0,True,195.0,False,223.0,False
2023-11-11T01,H,2023-11-10 22:50:00,0.6779,0.3058,0.302,0.2503,0.3828,0.4231,0.6147,0.3851,0.0002,4.2472,False,-106.0,False,-106.0,False,28.0,False,31.0,False,38.0,False
2023-11-12T06,L,2023-11-11 22:15:00,0.8536,0.711,0.8539,0.8684,0.7755,0.8924,0.3589,0.5978,0.0433,26.1144,True,-104.0,False,-103.0,False,-93.0,False,-33.0,False,18.0,False
2023-11-12T12,H,2023-11-12 07:10:00,0.0944,0.0239,0.0504,0.0257,0.1085,0.1085,0.3115,0.0951,0.5934,1.5721,True,63.0,False,70.0,False,70.0,False,,False,,False
2023-11-12T13,L,2023-11-12 13:05:00,0.2098,0.2342,0.7628,0.809,,0.8292,0.4154,0.5834,0.0012,1.8505,True,2.0,True,3.0,True,3.0,True,5.0,True,,False
2023-11-12T23,H,2023-11-12 15:05:00,0.3511,0.0556,0.2507,0.1794,0.1279,0.263,0.6396,0.3604,0.0,3.4454,False,35.0,False,37.0,False,99.0,False,107.0,False,107.0,False
2023-11-13T01,L,2023-11-13 00:00:00,0.0,,,,0.0925,0.4322,0.0788,0.7637,0.1575,3.7401,True,16.0,False,23.0,False,23.0,False,31.0,False,31.0,False
2023-11-13T03,H,2023-11-13 02:00:00,0.0,,,,0.5487,0.5736,0.6786,0.2745,0.0469,4.6357,True,9.0,True,19.0,False,23.0,False,28.0,False,32.0,False
2023-11-14T05,L,2023-11-14 01:00:00,0.7675,0.0465,0.1312,0.1432,0.1225,0.1536,0.3466,0.6084,0.0451,2.2048,False,-146.0,False,-103.0,False,-102.0,False,60.0,False,60.0,False
2023-11-14T12,H,2023-11-14 09:00:00,0.167,0.033,0.1312,0.1644,0.2111,0.2111,0.0626,0.319,0.6184,1.7046,True,26.0,False,30.0,False,36.0,False,36.0,False,,False
2023-11-14T13,L,2023-11-14 13:00:00,0.0,,0.567,0.8149,0.8681,0.8825,0.534,0.466,0.0,2.4513,True,3.0,True,4.0,True,4.0,True,6.0,True,15.0,False
2023-11-14T15,H,2023-11-14 14:50:00,0.4339,0.2859,0.2622,0.4729,0.6878,0.8182,0.2942,0.6775,0.0283,1.6854,True,7.0,True,8.0,True,9.0,True,9.0,True,14.0,False
2023-11-15T05,L,2023-11-14 18:55:00,0.7838,0.5638,0.548,0.5752,0.629,0.629,0.4735,0.4993,0.0272,10.8522,False,-35.0,False,-33.0,False,-30.0,False,35.0,False,97.0,False
2023-11-16T06,H,2023-11-16 00:00:00,0.7059,0.1372,0.2003,0.2917,0.3069,0.434,0.0677,0.7645,0.1678,1.638,False,-171.0,False,-169.0,False,-163.0,False,64.0,False,72.0,False
2023-11-17T03,L,2023-11-16 19:45:00,0.7422,0.3295,0.5148,0.3524,0.6562,0.7466,0.8524,0.088,0.0596,3.7369,True,-103.0,False,-101.0,False,-52.0,False,28.0,False,63.0,False
2023-11-17T15,H,2023-11-17 13:15:00,0.8484,0.0236,0.1042,0.1374,0.2819,0.3652,0.2648,0.0996,0.6356,1.4236,False,-98.0,False,-97.0,False,-86.0,False,-68.0,False,,False
2023-11-17T17,L,2023-11-17 16:40:00,0.1596,0.089,0.1948,0.7156,0.6217,0.7156,0.2807,0.3348,0.3845,1.5122,True,5.0,True,5.0,True,6.0,True,16.0,False,16.0,False
2023-11-18T06,H,2023-11-17 18:00:00,0.0,,,,0.3951,0.3951,0.4589,0.5121,0.029,5.2105,True,13.0,False,21.0,False,167.0,False,167.0,False,,False
2023-11-18T07,L,2023-11-18 07:10:00,0.1308,0.1134,0.1948,0.2848,,0.7375,0.5989,0.2882,0.1129,4.0297,True,10.0,True,10.0,True,10.0,True,,False,,False
2023-11-19T00,H,2023-11-18 16:15:00,0.6796,0.0771,0.167,0.2475,0.4766,0.4927,0.4536,0.4088,0.1376,8.9304,False,-51.0,False,-51.0,False,48.0,False,69.0,False,72.0,False
2023-11-19T07,L,2023-11-19 01:35:00,0.1142,0.2267,0.5117,0.6673,0.5933,0.6673,0.4681,0.5319,0.0,2.5321,True,3.0,True,5.0,True,28.0,False,54.0,False,65.0,False
2023-11-19T11,H,2023-11-19 08:30:00,0.1102,0.2958,0.5638,0.5646,0.565,0.6642,0.1935,0.8065,0.0,1.6463,True,3.0,True,5.0,True,24.0,False,24.0,False,30.0,False
2023-11-19T18,L,2023-11-19 12:00:00,0.0,,,,0.2247,0.2584,0.0982,0.7339,0.168,2.7946,True,25.0,False,52.0,False,57.0,False,72.0,False,79.0,False
2023-11-20T08,H,2023-11-19 23:45:00,0.3874,0.0954,0.2703,0.5329,0.5527,0.676,0.4713,0.5287,0.0,1.2813,True,6.0,True,9.0,True,28.0,False,30.0,False,71.0,False
2023-11-20T15,L,2023-11-20 14:15:00,0.3418,0.4372,0.7912,0.8716,0.9338,0.9338,0.4123,0.5799,0.0078,18.1208,True,1.0,True,1.0,True,3.0,True,4.0,True,9.0,True
2023-11-20T16,H,2023-11-20 16:05:00,0.0956,0.0601,0.5855,0.6538,,0.9676,0.888,0.1067,0.0053,3.8428,True,2.0,True,2.0,True,5.0,True,9.0,True,11.0,True
2023-11-20T17,L,2023-11-20 17:30:00,0.0717,0.5057,0.8047,0.9888,,0.9888,0.366,0.5892,0.0449,5.4317,True,0.0,True,1.0,True,1.0,True,2.0,True,4.0,True
2023-11-20T22,H,2023-11-20 19:35:00,0.6987,0.4083,0.695,0.7295,0.8257,0.8257,0.4679,0.4437,0.0884,1.4254,True,-17.0,False,-15.0,False,4.0,True,8.0,True,41.0,False
2023-11-22T07,L,2023-11-22 00:05:00,0.9485,0.1733,0.2368,0.3665,0.442,0.442,0.5376,0.4564,0.0061,5.3899,False,-99.0,False,-99.0,False,-99.0,False,-99.0,False,-98.0,False
2023-11-23T11,H,2023-11-22 21:35:00,0.753,0.0464,0.159,0.1554,0.3136,0.3136,0.1667,0.3611,0.4722,3.1207,False,-81.0,False,-80.0,False,-78.0,False,101.0,False,166.0,False
2023-11-24T05,L,2023-11-23 16:00:00,0.3527,0.1046,0.2953,0.438,0.2678,0.438,0.2739,0.4238,0.3022,2.1901,True,15.0,False,18.0,False,101.0,False,112.0,False,168.0,False
2023-11-24T21,H,2023-11-24 15:45:00,0.9282,0.1607,0.2019,0.2038,0.417,0.417,0.6287,0.226,0.1453,3.0863,False,-111.0,False,-60.0,False,-50.0,False,-49.0,False,-26.0,False
2023-11-26T21,L,2023-11-26 16:45:00,0.9714,0.3389,0.2252,0.2169,0.4514,0.4514,0.3559,0.6441,0.0,12.5612,False,-483.0,False,-466.0,False,-453.0,False,-284.0,False,-261.0,False
2023-11-27T02,H,2023-11-26 22:15:00,0.1372,0.0485,0.1193,0.1258,0.5862,0.5862,0.0833,0.3969,0.5197,1.6222,True,12.0,True,21.0,False,54.0,False,57.0,False,57.0,False
2023-11-27T21,L,2023-11-27 16:05:00,0.8697,0.1014,0.2321,0.2428,0.3873,0.3919,0.5405,0.3382,0.1213,3.644,False,-135.0,False,-130.0,False,-130.0,False,-73.0,False,71.0,False
2023-11-29T04,H,2023-11-28 19:45:00,0.9569,0.3499,0.5927,0.5986,0.6743,0.7111,0.6049,0.3097,0.0854,13.1261,False,-213.0,False,-211.0,False,-206.0,False,-179.0,False,-175.0,False
2023-11-29T06,L,2023-11-29 05:00:00,0.0,,,0.1348,0.0592,0.1495,0.4416,0.4545,0.1039,0.6676,True,28.0,False,29.0,False,,False,,False,,False
2023-11-29T10,H,2023-11-29 09:55:00,0.4933,0.9219,0.8663,0.9277,0.9703,0.9709,0.1528,0.6355,0.2117,12.7218,True,0.0,True,0.0,True,0.0,True,0.0,True,0.0,True
2023-11-30T04,L,2023-11-29 15:20:00,0.4565,0.0443,0.0815,0.1159,0.0883,0.1311,0.3453,0.3386,0.3161,2.7891,False,152.0,False,155.0,False,164.0,False,164.0,False,,False
2023-11-30T06,H,2023-11-30 05:00:00,0.0,,,,0.7801,0.8056,0.8613,0.132,0.0067,2.1678,True,8.0,True,8.0,True,10.0,True,11.0,True,17.0,False
2023-11-30T21,L,2023-11-30 14:05:00,0.8067,0.5877,0.619,0.6635,0.6347,0.6635,0.4492,0.4777,0.0731,14.5171,False,-25.0,False,-25.0,False,-13.0,False,-4.0,False,64.0,False
2023-11-30T22,H,2023-11-30 22:15:00,0.2206,0.1441,0.3072,0.4918,,0.8317,0.6161,0.3571,0.0268,3.2004,True,9.0,True,9.0,True,9.0,True,9.0,True,,False
2023-11-30T23,L,2023-11-30 23:05:00,0.0806,0.1381,0.2145,0.4241,,0.9171,0.5161,0.4678,0.0161,3.5661,True,9.0,True,11.0,True,11.0,True,11.0,True,11.0,True
2023-12-01T00,H,2023-12-01 00:05:00,0.1177,0.1862,0.3456,0.3617,,0.7512,0.6573,0.3427,0.0,1.1093,True,11.0,True,11.0,True,11.0,True,,False,,False
2023-12-01T01,L,2023-12-01 01:00:00,0.0,,,0.0826,0.6923,0.6923,0.2885,0.3007,0.4108,0.8189,True,11.0,True,11.0,True,13.0,False,17.0,False,17.0,False
2023-12-01T23,H,2023-12-01 16:40:00,0.741,0.2255,0.2353,0.2936,0.4738,0.5058,0.7376,0.1227,0.1398,6.1172,False,-127.0,False,-53.0,False,-47.0,False,76.0,False,88.0,False
2023-12-02T19,L,2023-12-02 00:15:00,0.2782,0.0425,0.0744,0.2396,0.323,0.323,0.7208,0.166,0.1132,1.8446,True,153.0,False,155.0,False,164.0,False,219.0,False,227.0,False
2023-12-03T05,H,2023-12-02 20:00:00,0.0,,,,0.8482,0.8482,0.2793,0.6201,0.1006,3.8402,True,9.0,True,9.0,True,9.0,True,12.0,True,13.0,False
2023-12-03T22,L,2023-12-03 06:00:00,0.0,,,,0.4798,0.5071,0.3342,0.5421,0.1238,2.4792,True,10.0,True,14.0,False,70.0,False,70.0,False,101.0,False
2023-12-04T15,H,2023-12-04 11:05:00,0.8708,0.1317,0.7746,0.7463,0.7405,0.7998,0.5541,0.3633,0.0826,2.7176,False,-145.0,False,-140.0,False,-140.0,False,-139.0,False,54.0,False
2023-12-05T16,L,2023-12-04 16:00:00,0.0,,,0.0918,0.14,0.14,0.6758,0.2349,0.0893,3.7735,True,53.0,False,77.0,False,79.0,False,83.0,False,260.0,False
2023-12-06T04,H,2023-12-05 22:30:00,0.6194,0.1246,0.3825,0.235,0.5256,0.5256,0.2795,0.3508,0.3697,1.4211,False,-58.0,False,-57.0,False,54.0,False,66.0,False,78.0,False
2023-12-08T02,L,2023-12-07 09:30:00,0.5649,0.566,0.831,0.8331,0.7829,0.8699,0.2548,0.6346,0.1107,12.0211,True,-276.0,False,1.0,True,1.0,True,2.0,True,59.0,False
2023-12-08T08,H,2023-12-08 04:20:00,0.1704,0.3412,0.3465,0.5186,0.4436,0.5279,0.0718,0.5373,0.3909,3.7304,True,6.0,True,26.0,False,33.0,False,37.0,False,37.0,False
2023-12-08T11,L,2023-12-08 10:25:00,0.4203,0.2648,0.2814,0.4657,0.9005,0.9005,0.437,0.563,0.0,1.9646,True,7.0,True,7.0,True,7.0,True,7.0,True,10.0,True
2023-12-09T07,H,2023-12-08 21:30:00,0.6694,0.0948,0.1421,0.1216,0.2553,0.2971,0.341,0.4272,0.2318,2.912,False,-94.0,False,-52.0,False,66.0,False,114.0,False,126.0,False
2023-12-10T07,L,2023-12-09 23:35:00,0.3926,0.6465,0.7224,0.6756,0.7749,0.7749,0.3977,0.599,0.0033,17.0387,True,0.0,True,0.0,True,2.0,True,15.0,False,65.0,False
2023-12-10T08,H,2023-12-10 08:05:00,0.3007,0.3102,0.6557,0.8664,,0.9542,0.4276,0.5711,0.0013,2.1459,True,1.0,True,2.0,True,2.0,True,4.0,True,11.0,True
2023-12-10T14,L,2023-12-10 10:00:00,0.2804,0.026,0.0484,0.1152,0.145,0.1621,0.5475,0.0069,0.4456,1.1911,False,36.0,False,48.0,False,48.0,False,60.0,False,60.0,False
2023-12-11T00,H,2023-12-10 21:10:00,0.85,0.0369,0.2977,0.3652,0.5635,0.7036,0.8582,0.1293,0.0125,4.111,False,-58.0,False,-56.0,False,-53.0,False,-38.0,False,43.0,False
2023-12-12T00,L,2023-12-11 02:15:00,0.6034,0.6994,0.8102,0.8088,0.9367,0.9367,0.3857,0.6098,0.0045,11.7573,True,-1.0,False,-1.0,False,1.0,True,1.0,True,12.0,True
2023-12-12T17,H,2023-12-12 08:50:00,0.1258,0.089,0.174,0.1972,0.212,0.2222,0.4385,0.5302,0.0313,6.3767,True,74.0,False,79.0,False,88.0,False,99.0,False,104.0,False
2023-12-12T23,L,2023-12-12 18:05:00,0.0393,0.1611,0.616,0.7229,0.7319,0.8026,0.7477,0.1497,0.1025,1.1063,True,2.0,True,3.0,True,4.0,True,5.0,True,71.0,False
2023-12-13T02,H,2023-12-13 00:00:00,0.0,,,0.0889,0.107,0.1734,0.5392,0.407,0.0538,1.0471,True,28.0,False,33.0,False,40.0,False,,False,,False
2023-12-13T07,L,2023-12-13 03:00:00,0.0,,,0.7483,0.7602,0.7829,0.1659,0.7982,0.0359,4.2827,True,6.0,True,6.0,True,6.0,True,13.0,False,49.0,False
2023-12-14T08,H,2023-12-13 22:15:00,0.7843,0.1272,0.2001,0.5337,0.6954,0.6954,0.496,0.4268,0.0772,5.9963,False,-151.0,False,-127.0,False,-125.0,False,18.0,False,45.0,False
2023-12-16T03,L,2023-12-14 13:35:00,0.9283,0.3898,0.4398,0.7106,0.8192,0.8192,0.3409,0.5851,0.074,22.553,False,-42.0,False,-33.0,False,-31.0,False,-24.0,False,-19.0,False
2023-12-16T22,H,2023-12-16 16:40:00,0.5285,0.1372,0.2192,0.2841,0.4211,0.4211,0.3985,0.4772,0.1243,9.4624,False,-95.0,False,22.0,False,36.0,False,52.0,False,64.0,False
2023-12-17T16,L,2023-12-17 14:40:00,0.8479,0.5997,0.4751,0.4985,0.6668,0.7812,0.0695,0.7815,0.1489,13.1932,False,-188.0,False,-188.0,False,-56.0,False,-32.0,False,28.0,False
2023-12-17T23,H,2023-12-17 17:15:00,0.0662,0.0326,0.0901,0.1756,0.6236,0.6391,0.8112,0.0864,0.1024,2.1526,True,10.0,True,11.0,True,50.0,False,69.0,False,76.0,False
2023-12-18T13,L,2023-12-18 10:40:00,0.8453,0.444,0.6395,0.8088,0.9349,0.9349,0.0823,0.7029,0.2147,5.1473,True,-121.0,False,-74.0,False,-26.0,False,-20.0,False,7.0,True
2023-12-19T12,H,2023-12-19 02:05:00,0.802,0.3579,0.3902,0.3985,0.5181,0.5181,0.2866,0.6359,0.0775,3.8085,False,-127.0,False,-123.0,False,-121.0,False,-119.0,False,119.0,False
2023-12-20T05,L,2023-12-19 18:00:00,0.5107,0.0469,0.1605,0.2176,0.3041,0.3041,0.63,0.3547,0.0152,1.2885,False,-30.0,False,83.0,False,117.0,False,128.0,False,132.0,False
2023-12-20T22,H,2023-12-20 15:15:00,0.3597,0.0242,0.0536,0.0736,0.2226,0.2226,0.8596,0.085,0.0554,3.7849,False,21.0,False,24.0,False,61.0,False,69.0,False,82.0,False
2023-12-21T12,L,2023-12-21 02:50:00,0.4402,0.0551,0.2071,0.4172,0.4348,0.4348,0.9719,0.0165,0.0116,4.4076,False,29.0,False,50.0,False,50.0,False,53.0,False,98.0,False
2023-12-21T14,H,2023-12-21 14:00:00,0.594,0.3426,0.783,0.8155,0.9922,0.9922,0.513,0.3823,0.1047,1.5585,True,-11.0,False,2.0,True,3.0,True,4.0,True,9.0,True
2023-12-22T01,L,2023-12-21 15:05:00,0.0526,0.0601,0.1883,0.2676,0.2437,0.3201,0.182,0.4405,0.3775,1.5059,True,83.0,False,95.0,False,95.0,False,129.0,False,131.0,False
2023-12-22T06,H,2023-12-22 06:35:00,0.8802,0.1525,0.8902,,,0.9815,0.7212,0.1128,0.166,7.9862,True,-50.0,False,-49.0,False,-49.0,False,-40.0,False,5.0,True
2023-12-22T23,L,2023-12-22 14:30:00,0.4375,0.0286,0.108,0.1651,0.1704,0.1873,0.0398,0.2817,0.6785,1.5664,False,53.0,False,54.0,False,54.0,False,54.0,False,114.0,False
2023-12-23T02,H,2023-12-23 00:00:00,0.0,,,,0.1211,0.1249,0.6452,0.2991,0.0556,3.0838,True,32.0,False,32.0,False,33.0,False,44.0,False,44.0,False
2023-12-23T12,L,2023-12-23 04:10:00,0.1635,0.183,0.2814,0.2485,0.401,0.401,0.3868,0.5122,0.101,7.1168,True,19.0,False,20.0,False,34.0,False,101.0,False,106.0,False
2023-12-24T05,H,2023-12-24 04:15:00,0.7378,0.3118,0.78,0.9003,0.9443,0.9443,0.13,0.87,0.0,1.9922,True,-174.0,False,-50.0,False,-47.0,False,6.0,True,6.0,True
2023-12-24T14,L,2023-12-24 10:45:00,0.5769,0.4163,0.4742,0.4638,0.6635,0.6732,0.2551,0.6675,0.0774,4.0247,True,-18.0,False,9.0,True,14.0,False,31.0,False,39.0,False
2023-12-24T17,H,2023-12-24 15:00:00,0.0,,,,0.2425,0.3573,0.7368,0.2011,0.0622,2.571,True,15.0,False,16.0,False,21.0,False,24.0,False,45.0,False
2023-12-25T07,L,2023-12-24 22:20:00,0.4048,0.821,0.874,0.7702,0.9111,0.9111,0.2397,0.7536,0.0068,25.504,True,0.0,True,0.0,True,0.0,True,0.0,True,11.0,True
2023-12-26T03,H,2023-12-25 13:05:00,0.5432,0.1635,0.2489,0.3741,0.2462,0.4175,0.5344,0.463,0.0026,13.2205,False,-41.0,False,70.0,False,72.0,False,91.0,False,167.0,False
2023-12-26T23,L,2023-12-26 17:40:00,0.4269,0.1894,0.2479,0.3525,0.3851,0.3851,0.6409,0.3396,0.0195,17.3639,False,18.0,False,22.0,False,52.0,False,56.0,False,64.0,False
2023-12-28T05,H,2023-12-28 00:40:00,0.6858,0.2,0.5128,0.5108,0.5648,0.6539,0.6762,0.2835,0.0403,4.6189,False,-143.0,False,-143.0,False,14.0,False,17.0,False,29.0,False
2023-12-29T03,L,2023-12-29 01:05:00,0.8162,0.4445,0.699,0.3379,0.4495,0.699,0.2153,0.7609,0.0238,9.1425,False,-85.0,False,-69.0,False,-26.0,False,-21.0,False,35.0,False
2023-12-29T16,H,2023-12-29 14:45:00,0.8023,0.1937,0.1973,0.4061,0.6595,0.6595,0.21,0.605,0.185,5.2315,False,-84.0,False,-81.0,False,-81.0,False,-81.0,False,27.0,False
2023-12-30T05,L,2023-12-29 22:25:00,0.5514,0.4607,0.5615,0.5185,0.8036,0.8036,0.1371,0.8628,0.0002,8.8399,True,-14.0,False,4.0,True,9.0,True,11.0,True,24.0,False
2023-12-30T08,H,2023-12-30 06:15:00,0.1489,0.1365,0.2778,0.2805,0.2242,0.3003,0.2,0.7025,0.0975,2.697,True,21.0,False,26.0,False,29.0,False,32.0,False,33.0,False
2023-12-30T11,L,2023-12-30 09:45:00,0.3876,0.1787,0.5951,0.6584,0.7714,0.7714,0.3613,0.2857,0.3529,1.2888,True,2.0,True,4.0,True,12.0,True,15.0,False,26.0,False
2023-12-31T03,H,2023-12-30 17:35:00,0.6441,0.2491,0.4993,0.462,0.6634,0.6634,0.1334,0.4944,0.3722,1.9836,True,-58.0,False,-51.0,False,14.0,False,39.0,False,111.0,False
2023-12-31T04,L,2023-12-31 04:00:00,0.0,,,,0.5392,0.5392,0.32,0.2571,0.4229,0.6813,True,11.0,True,13.0,False,13.0,False,,False,,False
2023-12-31T05,H,2023-12-31 05:00:00,0.0,,,0.2838,0.3375,0.3421,0.4414,0.4986,0.06,1.8072,True,17.0,False,17.0,False,17.0,False,17.0,False,,False
2023-12-31T06,L,2023-12-31 06:05:00,0.0592,0.0211,0.0656,0.059,,0.5207,0.0216,0.319,0.6595,0.8175,True,11.0,True,,False,,False,,False,,False
2023-12-31T21,H,2023-12-31 09:50:00,0.234,0.0898,0.1224,0.2601,0.2842,0.3372,0.3909,0.4904,0.1187,4.5425,True,20.0,False,24.0,False,27.0,False,68.0,False,146.0,False
2024-01-01T09,L,2023-12-31 22:55:00,0.6627,0.579,0.3389,0.1356,0.2665,0.579,0.3253,0.6582,0.0166,8.5943,False,-5.0,False,-5.0,False,16.0,False,31.0,False,122.0,False
2024-01-02T12,H,2024-01-02 09:10:00,0.8537,0.2127,0.2041,0.2855,0.4567,0.4601,0.6365,0.353,0.0105,1.9477,False,-218.0,False,-20.0,False,-20.0,False,-19.0,False,46.0,False
2024-01-04T01,L,2024-01-03 12:15:00,0.8173,0.5839,0.5867,0.6018,0.7745,0.7826,0.8008,0.1929,0.0063,35.7619,False,-270.0,False,-264.0,False,-31.0,False,-26.0,False,153.0,False
2024-01-05T02,H,2024-01-04 20:40:00,0.9323,0.4227,0.6157,0.4252,0.584,0.6605,0.4297,0.5169,0.0534,13.1623,False,-123.0,False,-54.0,False,-54.0,False,-51.0,False,-35.0,False
2024-01-05T09,L,2024-01-05 04:25:00,0.3037,0.1301,0.2786,0.4538,0.477,0.5162,0.1182,0.7707,0.111,2.3122,True,11.0,True,30.0,False,55.0,False,56.0,False,67.0,False
2024-01-05T10,H,2024-01-05 10:00:00,0.0,,,,0.4503,0.4503,0.2393,0.6368,0.124,3.2398,True,13.0,False,16.0,False,21.0,False,22.0,False,22.0,False
2024-01-05T21,L,2024-01-05 14:45:00,0.8925,0.8113,0.6047,0.7717,0.7365,0.9242,0.0747,0.9189,0.0064,10.8992,True,-43.0,False,-40.0,False,-38.0,False,-20.0,False,1.0,True
2024-01-06T05,H,2024-01-05 23:10:00,0.2341,0.0973,0.1317,0.1579,0.1169,0.2091,0.3061,0.6531,0.0408,4.2573,False,70.0,False,70.0,False,74.0,False,82.0,False,82.0,False
2024-01-06T15,L,2024-01-06 07:20:00,0.2329,0.1404,0.1647,0.1838,0.2382,0.2382,0.5919,0.3379,0.0701,3.6095,True,81.0,False,84.0,False,92.0,False,104.0,False,104.0,False
2024-01-07T10,H,2024-01-07 00:50:00,0.722,0.0971,0.2902,0.3697,0.5329,0.5329,0.5567,0.3222,0.1211,2.1005,False,-99.0,False,-55.0,False,-25.0,False,38.0,False,62.0,False
2024-01-07T11,L,2024-01-07 11:00:00,0.0,,,,0.0999,0.113,0.086,0.5744,0.3395,0.9108,True,21.0,False,,False,,False,,False,,False
2024-01-07T16,H,2024-01-07 14:10:00,0.6542,0.0577,0.1576,0.1404,0.1708,0.1929,0.0543,0.477,0.4687,2.1132,False,-25.0,False,-25.0,False,20.0,False,34.0,False,34.0,False
2024-01-07T19,L,2024-01-07 17:05:00,0.1776,0.4611,0.7828,0.7522,0.9042,0.9042,0.2068,0.7214,0.0718,3.9876,True,1.0,True,1.0,True,2.0,True,2.0,True,11.0,True
2024-01-07T20,H,2024-01-07 20:15:00,0.1777,0.181,0.2976,0.4784,,0.9077,0.798,0.104,0.098,0.5072,True,5.0,True,8.0,True,9.0,True,9.0,True,9.0,True
2024-01-07T21,L,2024-01-07 21:05:00,0.0657,0.2233,0.3725,0.3886,,0.9117,0.8031,0.1969,0.0,1.2046,True,5.0,True,11.0,True,11.0,True,11.0,True,11.0,True
2024-01-07T22,H,2024-01-07 22:00:00,0.0,,,0.0617,0.756,0.756,0.4206,0.2618,0.3176,0.8083,True,10.0,True,10.0,True,12.0,True,13.0,False,18.0,False
2024-01-08T10,L,2024-01-08 02:55:00,0.5149,0.109,0.1353,0.1185,0.278,0.2895,0.3553,0.6447,0.0,5.0631,False,-35.0,False,42.0,False,42.0,False,64.0,False,73.0,False
2024-01-09T05,H,2024-01-08 19:15:00,0.7819,0.0958,0.2839,0.2813,0.1923,0.3016,0.5581,0.4106,0.0313,3.4853,False,-42.0,False,-42.0,False,-32.0,False,109.0,False,122.0,False
2024-01-10T17,L,2024-01-10 13:05:00,0.9397,0.2756,0.4138,0.5774,0.543,0.6902,0.0848,0.7616,0.1535,5.6229,False,-288.0,False,-279.0,False,-190.0,False,-190.0,False,-155.0,False
2024-01-11T06,H,2024-01-10 23:20:00,0.4009,0.0213,0.1188,0.1846,0.1748,0.197,0.487,0.2754,0.2376,1.4105,False,77.0,False,80.0,False,92.0,False,92.0,False,92.0,False
2024-01-11T10,L,2024-01-11 07:00:00,0.0,,,,0.2576,0.2576,0.0709,0.5583,0.3708,1.3598,True,48.0,False,52.0,False,56.0,False,56.0,False,56.0,False
2024-01-11T17,H,2024-01-11 14:55:00,0.3099,0.1356,0.4554,0.4919,0.6627,0.6627,0.4567,0.2695,0.2738,3.4284,True,5.0,True,9.0,True,13.0,False,25.0,False,25.0,False
2024-01-13T06,L,2024-01-12 22:25:00,0.7739,0.5268,0.6103,0.693,0.7778,0.7958,0.4315,0.5685,0.0,12.3463,True,-341.0,False,-341.0,False,-335.0,False,13.0,False,55.0,False
2024-01-14T20,H,2024-01-13 07:25:00,0.1006,0.1135,0.2415,0.2918,0.2101,0.2918,0.4897,0.0557,0.4545,1.204,True,32.0,False,43.0,False,58.0,False,68.0,False,434.0,False
2024-01-15T04,L,2024-01-14 23:55:00,0.8552,0.2183,0.3757,0.5928,0.8241,0.8471,0.7852,0.2019,0.0129,1.2066,False,-35.0,False,-35.0,False,-34.0,False,-24.0,False,42.0,False
2024-01-15T15,H,2024-01-15 13:55:00,0.4136,0.1672,0.6808,0.7274,0.9122,0.9122,0.2631,0.4138,0.3231,7.0554,True,2.0,True,3.0,True,4.0,True,7.0,True,11.0,True
2024-01-15T17,L,2024-01-15 16:00:00,0.0,0.183,0.2637,0.4208,0.7453,0.7453,0.5104,0.3199,0.1697,1.0108,True,9.0,True,11.0,True,12.0,True,14.0,False,24.0,False
2024-01-16T00,H,2024-01-15 18:45:00,0.2965,0.0349,0.1993,0.2119,0.3833,0.3833,0.4178,0.4016,0.1806,2.0155,True,27.0,False,33.0,False,42.0,False,63.0,False,75.0,False
2024-01-16T03,L,2024-01-16 01:00:00,0.0,,,,0.6429,0.6704,0.348,0.3731,0.2789,1.1101,True,11.0,True,11.0,True,35.0,False,39.0,False,46.0,False
2024-01-16T14,H,2024-01-16 09:25:00,0.7416,0.0471,0.1975,0.2138,0.4035,0.4035,0.8336,0.1341,0.0323,4.8367,False,-41.0,False,-41.0,False,-26.0,False,63.0,False,63.0,False
2024-01-16T15,L,2024-01-16 15:00:00,0.0,,0.7334,0.7404,0.904,0.904,0.7286,0.2324,0.039,2.1041,True,3.0,True,3.0,True,3.0,True,7.0,True,12.0,True
2024-01-17T01,H,2024-01-16 21:40:00,0.6028,0.1033,0.1368,0.1357,0.2536,0.2536,0.0791,0.9209,0.0,0.946,False,-38.0,False,-22.0,False,34.0,False,40.0,False,52.0,False
2024-01-17T21,L,2024-01-17 17:10:00,0.7593,0.0766,0.1106,0.1344,0.1321,0.1418,0.2524,0.638,0.1096,3.8215,False,-54.0,False,-52.0,False,-50.0,False,46.0,False,58.0,False
2024-01-18T11,H,2024-01-18 07:20:00,0.6707,0.0901,0.0894,0.0922,0.1346,0.1346,0.3103,0.2389,0.4507,1.9753,False,-107.0,False,-107.0,False,43.0,False,44.0,False,56.0,False
2024-01-19T06,L,2024-01-18 20:40:00,0.9373,0.1214,0.3547,0.2182,0.3411,0.3926,0.3368,0.4831,0.1802,2.4719,False,-83.0,False,-82.0,False,-69.0,False,-68.0,False,-68.0,False
2024-01-19T16,H,2024-01-19 07:05:00,0.0322,0.0394,0.056,0.0634,0.1519,0.1519,0.4491,0.4955,0.0555,1.9112,True,97.0,False,110.0,False,113.0,False,113.0,False,119.0,False
2024-01-19T17,L,2024-01-19 17:15:00,0.0746,0.2549,0.5564,0.7937,,0.9749,0.7044,0.2484,0.0472,1.7463,True,3.0,True,4.0,True,5.0,True,8.0,True,9.0,True
2024-01-20T14,H,2024-01-19 20:15:00,0.6085,0.0559,0.2773,0.2609,0.5484,0.5621,0.6684,0.214,0.1175,1.1822,False,-26.0,False,-23.0,False,22.0,False,30.0,False,70.0,False
2024-01-20T19,L,2024-01-20 15:10:00,0.2897,0.0932,0.4288,0.6221,0.4413,0.6638,0.1727,0.415,0.4123,1.4225,True,5.0,True,5.0,True,52.0,False,,False,,False
2024-01-21T05,H,2024-01-20 21:10:00,0.2895,0.0834,0.1713,0.2352,0.2766,0.3116,0.8002,0.1998,0.0,3.6745,True,33.0,False,33.0,False,46.0,False,58.0,False,94.0,False
2024-01-21T10,L,2024-01-21 06:20:00,0.1194,0.1276,0.5181,0.1909,0.2262,0.5181,0.7271,0.2397,0.0332,5.5024,True,3.0,True,23.0,False,39.0,False,44.0,False,44.0,False
2024-01-21T16,H,2024-01-21 14:05:00,0.4624,0.1437,0.1407,0.2958,0.2717,0.3882,0.3146,0.4117,0.2738,1.3814,False,15.0,False,18.0,False,19.0,False,19.0,False,23.0,False
2024-01-23T04,L,2024-01-22 22:50:00,0.8538,0.4753,0.6364,0.4539,0.2979,0.6364,0.0295,0.945,0.0255,4.9751,False,-342.0,False,-322.0,False,-322.0,False,-298.0,False,50.0,False
2024-01-23T09,H,2024-01-23 05:00:00,0.0,,,,0.1684,0.18,0.408,0.432,0.16,1.7879,True,48.0,False,55.0,False,55.0,False,57.0,False,61.0,False
2024-01-23T16,L,2024-01-23 14:25:00,0.581,0.2845,0.3493,0.4698,0.7878,0.8227,0.3122,0.6557,0.0321,1.7354,True,-17.0,False,1.0,True,8.0,True,10.0,True,16.0,False
2024-01-24T18,H,2024-01-24 10:50:00,0.636,0.0672,0.2207,0.3154,0.3226,0.3655,0.715,0.285,0.0,5.06,False,-190.0,False,-188.0,False,39.0,False,91.0,False,98.0,False
2024-01-25T00,L,2024-01-24 21:05:00,0.5483,0.1366,0.1843,0.2866,0.4502,0.4502,0.6552,0.2694,0.0754,2.1879,False,-11.0,False,24.0,False,28.0,False,43.0,False,47.0,False
2024-01-25T01,H,2024-01-25 01:05:00,0.0539,0.0993,0.1477,0.2934,,0.6778,0.3025,0.1599,0.5377,1.3194,True,9.0,True,11.0,True,,False,,False,,False
2024-01-25T07,L,2024-01-25 05:35:00,0.6503,0.1076,0.271,0.3135,0.4385,0.5983,0.0817,0.5481,0.3702,1.0212,False,-42.0,False,-42.0,False,13.0,False,14.0,False,22.0,False
2024-01-25T12,H,2024-01-25 11:30:00,0.6295,0.0781,0.1527,0.2074,0.5613,0.5613,0.3071,0.4,0.2929,5.2324,False,-16.0,False,-14.0,False,13.0,False,18.0,False,18.0,False
2024-01-26T02,L,2024-01-25 17:20:00,0.5502,0.0605,0.225,0.316,0.4651,0.4651,0.295,0.7036,0.0014,1.3231,False,-10.0,False,32.0,False,63.0,False,68.0,False,110.0,False
2024-01-27T01,H,2024-01-26 20:15:00,0.8326,0.0985,0.3614,0.4142,0.5281,0.5629,0.4276,0.3641,0.2083,1.6434,False,-162.0,False,-159.0,False,-155.0,False,-147.0,False,60.0,False
2024-01-27T22,L,2024-01-27 09:05:00,0.3335,0.0966,0.12,0.112,0.0916,0.12,0.2434,0.5795,0.177,6.1512,False,79.0,False,143.0,False,146.0,False,,False,,False
2024-01-28T00,H,2024-01-27 23:00:00,0.0,,,0.4042,0.588,0.588,0.2561,0.3883,0.3556,1.2661,True,11.0,True,19.0,False,21.0,False,21.0,False,29.0,False
2024-01-28T03,L,2024-01-28 01:00:00,0.0,,0.2247,0.7049,0.6133,0.709,0.5,0.4981,0.0019,1.3969,True,6.0,True,6.0,True,6.0,True,38.0,False,38.0,False
2024-01-28T12,H,2024-01-28 05:20:00,0.6603,0.0772,0.2845,0.4834,0.4041,0.5606,0.5248,0.4233,0.0518,1.6968,False,-15.0,False,-14.0,False,30.0,False,81.0,False,92.0,False
2024-01-29T04,L,2024-01-28 22:45:00,0.614,0.1821,0.2289,0.2361,0.467,0.467,0.4316,0.5654,0.003,2.9785,False,-108.0,False,-107.0,False,41.0,False,52.0,False,63.0,False
2024-01-29T07,H,2024-01-29 05:00:00,0.0,,,,0.3396,0.3804,0.9257,0.0057,0.0686,0.7778,True,15.0,False,19.0,False,22.0,False,44.0,False,,False
2024-01-29T09,L,2024-01-29 08:15:00,0.1611,0.0651,0.1199,0.2109,0.2879,0.368,0.2479,0.3838,0.3683,2.2026,True,16.0,False,21.0,False,21.0,False,21.0,False,21.0,False
2024-01-29T13,H,2024-01-29 10:50:00,0.2916,0.0699,0.2599,0.312,0.4567,0.4713,0.1523,0.3765,0.4712,0.7222,True,13.0,False,23.0,False,26.0,False,30.0,False,38.0,False
2024-01-29T15,L,2024-01-29 14:55:00,0.2444,0.0888,0.2243,0.3909,0.7349,0.7349,0.3581,0.6021,0.0398,2.9666,True,11.0,True,11.0,True,12.0,True,13.0,False,13.0,False
2024-01-30T07,H,2024-01-30 02:45:00,0.8216,0.1625,0.3785,0.5771,0.6126,0.6126,0.0427,0.5968,0.3605,1.7803,False,-113.0,False,-107.0,False,-96.0,False,-21.0,False,39.0,False
2024-01-31T15,L,2024-01-31 11:05:00,0.671,0.255,0.343,0.5434,0.6538,0.7149,0.272,0.2583,0.4697,2.9976,True,-318.0,False,-60.0,False,11.0,True,30.0,False,35.0,False
2024-01-31T21,H,2024-01-31 18:00:00,0.3967,0.0972,0.2357,0.1486,0.2802,0.2802,0.5958,0.2127,0.1915,1.7526,False,16.0,False,18.0,False,26.0,False,26.0,False,36.0,False
2024-02-01T12,L,2024-02-01 01:40:00,0.4725,0.1135,0.1466,0.2464,0.3685,0.3919,0.5983,0.3426,0.0591,2.035,False,52.0,False,60.0,False,64.0,False,70.0,False,112.0,False
2024-02-02T09,H,2024-02-02 00:25:00,0.6374,0.0838,0.259,0.3468,0.3705,0.3764,0.6498,0.2551,0.0951,2.7035,False,-134.0,False,-100.0,False,25.0,False,31.0,False,55.0,False
2024-02-03T00,L,2024-02-02 13:55:00,0.3594,0.0817,0.1346,0.0894,0.2077,0.2492,0.3243,0.5534,0.1223,6.3418,False,22.0,False,22.0,False,22.0,False,26.0,False,,False
2024-02-03T06,H,2024-02-03 01:00:00,0.0,,,0.501,0.4242,0.501,0.4374,0.5216,0.041,2.0526,True,6.0,True,14.0,False,35.0,False,55.0,False,74.0,False
2024-02-03T17,L,2024-02-03 15:15:00,0.4977,0.2938,0.749,0.7878,0.7886,0.7886,0.3917,0.5823,0.026,5.9454,True,3.0,True,3.0,True,3.0,True,30.0,False,33.0,False
2024-02-03T18,H,2024-02-03 18:00:00,0.0,,0.2222,0.5593,0.8652,0.8873,0.8118,0.1412,0.0471,3.8787,True,6.0,True,9.0,True,10.0,True,10.0,True,14.0,False
2024-02-04T11,L,2024-02-04 07:05:00,0.836,0.2188,0.2323,0.2899,0.3331,0.4235,0.6674,0.2162,0.1164,5.0298,False,-124.0,False,-73.0,False,-64.0,False,-62.0,False,50.0,False
2024-02-04T18,H,2024-02-04 12:00:00,0.0,,0.237,0.2086,0.3559,0.3559,0.0963,0.8307,0.073,2.2056,True,14.0,False,24.0,False,37.0,False,39.0,False,81.0,False
2024-02-05T05,L,2024-02-04 22:40:00,0.7297,0.7216,0.7978,0.6905,0.7219,0.8336,0.4429,0.5333,0.0238,9.2731,True,-21.0,False,-19.0,False,-13.0,False,2.0,True,71.0,False
2024-02-05T16,H,2024-02-05 13:40:00,0.3068,0.3419,0.4546,0.2947,0.6249,0.6249,0.1868,0.8132,0.0,6.3815,True,7.0,True,9.0,True,16.0,False,17.0,False,20.0,False
2024-02-06T03,L,2024-02-05 22:05:00,0.7772,0.0984,0.1643,0.1807,0.2341,0.2434,0.3028,0.6377,0.0594,1.5262,False,-61.0,False,-58.0,False,-53.0,False,59.0,False,71.0,False
2024-02-07T01,H,2024-02-06 16:35:00,0.783,0.0853,0.3205,0.3624,0.454,0.4791,0.089,0.5288,0.3822,1.4297,False,-141.0,False,-123.0,False,-64.0,False,89.0,False,101.0,False
2024-02-07T13,L,2024-02-07 03:55:00,0.2168,0.1417,0.146,0.171,0.3958,0.3958,0.5214,0.4786,0.0,3.4741,True,16.0,False,23.0,False,68.0,False,69.0,False,121.0,False
2024-02-07T14,H,2024-02-07 14:55:00,0.5627,0.7055,,,,0.8963,0.6399,0.1957,0.1643,4.5601,True,-7.0,False,0.0,True,0.0,True,1.0,True,,False
2024-02-07T15,L,2024-02-07 15:10:00,0.7159,0.2867,0.8156,0.7781,,0.9537,0.3772,0.5167,0.1061,1.0545,True,-2.0,False,-2.0,False,-2.0,False,3.0,True,4.0,True
2024-02-08T11,H,2024-02-08 10:15:00,0.5531,0.2924,0.4577,0.2427,0.1371,0.4577,0.3869,0.6126,0.0005,3.5904,False,-39.0,False,21.0,False,21.0,False,21.0,False,21.0,False
2024-02-08T14,L,2024-02-08 12:40:00,0.3416,0.1859,0.1783,0.2185,0.3654,0.3654,0.3187,0.603,0.0783,2.1663,True,14.0,False,15.0,False,17.0,False,19.0,False,,False
2024-02-08T22,H,2024-02-08 20:20:00,0.8236,0.4092,0.3965,0.4035,0.6858,0.7991,0.0783,0.7794,0.1423,3.8058,False,-62.0,False,-36.0,False,-28.0,False,-28.0,False,20.0,False
2024-02-09T02,L,2024-02-08 23:00:00,0.0,,,0.2676,0.2515,0.2875,0.518,0.4619,0.02,1.9739,True,44.0,False,44.0,False,45.0,False,49.0,False,51.0,False
2024-02-09T21,H,2024-02-09 18:30:00,0.8875,0.2594,0.5269,0.7155,0.8476,0.8584,0.242,0.3595,0.3985,2.6069,False,-175.0,False,-171.0,False,-170.0,False,-48.0,False,18.0,False
2024-02-10T20,L,2024-02-10 10:55:00,0.4273,0.1148,0.1681,0.2109,0.1918,0.2156,0.5594,0.4338,0.0069,8.9234,False,35.0,False,62.0,False,102.0,False,118.0,False,121.0,False
2024-02-11T10,H,2024-02-11 04:05:00,0.9592,0.2964,0.351,0.5621,0.4776,0.5621,0.516,0.3853,0.0988,2.8733,False,-85.0,False,-82.0,False,-81.0,False,-48.0,False,-25.0,False
2024-02-11T11,L,2024-02-11 11:00:00,0.0,,0.3307,0.4974,0.6828,0.6923,0.0172,0.9705,0.0122,4.0299,True,7.0,True,7.0,True,13.0,False,13.0,False,13.0,False
2024-02-11T13,H,2024-02-11 12:20:00,0.3084,0.0793,0.4067,0.539,0.7842,0.7842,0.4729,0.3243,0.2028,0.8154,True,4.0,True,5.0,True,12.0,True,13.0,False,20.0,False
2024-02-12T14,L,2024-02-12 06:50:00,0.8513,0.1847,0.3717,0.3702,0.4029,0.4617,0.423,0.577,0.0,11.1742,False,-191.0,False,-136.0,False,-76.0,False,-70.0,False,98.0,False
2024-02-13T04,H,2024-02-12 17:35:00,0.2227,0.0985,0.219,0.253,0.396,0.396,0.4669,0.394,0.139,2.0863,True,29.0,False,121.0,False,125.0,False,137.0,False,,False
2024-02-14T00,L,2024-02-13 17:15:00,0.7653,0.0991,0.1716,0.302,0.4134,0.4311,0.0285,0.87,0.1014,3.1172,False,-33.0,False,-33.0,False,-32.0,False,51.0,False,,False
2024-02-14T22,H,2024-02-14 14:40:00,0.6267,0.4204,0.2383,0.4992,0.2984,0.5385,0.1312,0.8685,0.0003,3.8249,False,-155.0,False,-116.0,False,36.0,False,56.0,False,,False
2024-02-15T00,L,2024-02-14 23:00:00,0.0,,,,0.3707,0.3844,0.7782,0.0081,0.2137,1.482,True,25.0,False,26.0,False,26.0,False,26.0,False,33.0,False
2024-02-15T01,H,2024-02-15 01:00:00,0.0,,,0.2632,0.5253,0.5899,0.2212,0.5673,0.2116,1.8036,True,11.0,True,16.0,False,16.0,False,16.0,False,16.0,False
2024-02-16T11,L,2024-02-15 22:00:00,0.8879,0.037,0.1426,0.1732,0.1896,0.1896,0.8801,0.1199,0.0,1.8899,False,-220.0,False,-216.0,False,-125.0,False,-89.0,False,168.0,False
2024-02-16T15,H,2024-02-16 14:05:00,0.6113,0.295,0.5111,0.4066,0.9071,0.9071,0.5403,0.3547,0.105,4.3614,True,-24.0,False,-24.0,False,10.0,True,11.0,True,12.0,True
2024-02-17T21,L,2024-02-17 14:50:00,0.7648,0.1279,0.1637,0.2091,0.4544,0.554,0.3646,0.3317,0.3037,4.9705,False,-272.0,False,-270.0,False,-178.0,False,54.0,False,73.0,False
2024-02-19T13,H,2024-02-19 07:30:00,0.954,0.3281,0.5221,0.492,0.7672,0.7672,0.2011,0.2994,0.4994,1.3189,False,-393.0,False,-353.0,False,-343.0,False,-227.0,False,-222.0,False
2024-02-20T07,L,2024-02-20 01:30:00,0.5236,0.1312,0.2443,0.284,0.3299,0.345,0.8328,0.0023,0.1648,2.3194,False,-122.0,False,47.0,False,54.0,False,57.0,False,66.0,False
2024-02-20T09,H,2024-02-20 08:00:00,0.0,,,0.612,0.8554,0.9024,0.1579,0.3726,0.4695,0.7399,True,6.0,True,6.0,True,8.0,True,10.0,True,11.0,True
2024-02-20T10,L,2024-02-20 10:00:00,0.0,,,,0.3792,0.4406,0.5461,0.2693,0.1845,1.8501,True,13.0,False,13.0,False,19.0,False,19.0,False,19.0,False
2024-02-20T16,H,2024-02-20 13:45:00,0.2615,0.112,0.106,0.6019,0.8487,0.8487,0.2222,0.4448,0.333,3.4745,True,6.0,True,6.0,True,8.0,True,12.0,True,39.0,False
2024-02-20T21,L,2024-02-20 17:25:00,0.0979,0.0657,0.1707,0.2191,0.5078,0.5078,0.7913,0.2085,0.0002,4.6935,True,12.0,True,17.0,False,25.0,False,29.0,False,55.0,False
2024-02-21T05,H,2024-02-20 23:20:00,0.2872,0.0617,0.1317,0.1461,0.1501,0.2025,0.3228,0.6772,0.0,3.0343,False,60.0,False,63.0,False,68.0,False,68.0,False,80.0,False
2024-02-21T21,L,2024-02-21 12:10:00,0.4583,0.3055,0.523,0.7658,0.8259,0.8279,0.0663,0.7599,0.1738,10.0243,True,2.0,True,2.0,True,6.0,True,7.0,True,118.0,False
2024-02-22T13,H,2024-02-22 09:55:00,0.6131,0.0969,0.3436,0.3628,0.5761,0.5783,0.5684,0.1148,0.3168,2.0221,False,-96.0,False,-75.0,False,14.0,False,34.0,False,46.0,False
2024-02-22T18,L,2024-02-22 14:00:00,0.0,,0.1785,0.1715,0.5641,0.6275,0.5476,0.1177,0.3347,2.0153,True,11.0,True,11.0,True,21.0,False,26.0,False,50.0,False
2024-02-22T23,H,2024-02-22 20:35:00,0.7357,0.2926,0.3998,0.16,0.4833,0.4833,0.1983,0.5483,0.2535,7.2233,False,-11.0,False,-7.0,False,-7.0,False,23.0,False,41.0,False
2024-02-23T17,L,2024-02-23 16:20:00,0.7153,0.1019,0.2783,0.4908,0.647,0.666,0.1001,0.5891,0.3108,3.8198,False,-124.0,False,-114.0,False,-52.0,False,20.0,False,20.0,False
2024-02-23T22,H,2024-02-23 19:25:00,0.4304,0.229,0.1145,0.3815,0.6122,0.6122,0.0783,0.9217,0.0,1.5039,True,12.0,True,12.0,True,31.0,False,41.0,False,43.0,False
2024-02-24T04,L,2024-02-23 23:20:00,0.1717,0.1325,0.3443,0.3852,0.1733,0.3875,0.2346,0.5449,0.2205,6.2461,True,56.0,False,59.0,False,68.0,False,68.0,False,68.0,False
2024-02-25T09,H,2024-02-25 02:30:00,0.6262,0.2513,0.6414,0.6958,0.8028,0.8028,0.1059,0.5533,0.3408,4.7714,True,-65.0,False,-23.0,False,5.0,True,12.0,True,75.0,False
2024-02-26T14,L,2024-02-26 10:00:00,0.977,0.0903,0.2892,0.3525,0.338,0.4397,0.1711,0.5553,0.2737,3.4376,False,-197.0,False,-194.0,False,-183.0,False,-174.0,False,-166.0,False
2024-02-27T14,H,2024-02-27 02:10:00,0.6037,0.3115,0.4182,0.5964,0.5275,0.6111,0.5836,0.415,0.0014,12.4842,True,-117.0,False,-115.0,False,21.0,False,34.0,False,,False
2024-02-28T08,L,2024-02-27 16:15:00,0.4096,0.1931,0.3934,0.5759,0.7825,0.7825,0.5265,0.3211,0.1525,1.7938,True,6.0,True,8.0,True,11.0,True,43.0,False,151.0,False
2024-02-28T21,H,2024-02-28 17:20:00,0.5261,0.4035,0.8973,0.8969,0.9495,0.9495,0.5376,0.3962,0.0662,6.3492,True,-33.0,False,1.0,True,2.0,True,3.0,True,7.0,True
2024-02-28T23,L,2024-02-28 22:00:00,0.0,,,,0.5893,0.5893,0.8499,0.1501,0.0,1.7193,True,11.0,True,13.0,False,13.0,False,23.0,False,26.0,False
2024-02-29T00,H,2024-02-29 00:00:00,0.0,,0.0712,0.1745,0.29,0.29,0.1989,0.455,0.346,0.8258,True,15.0,False,15.0,False,15.0,False,15.0,False,,False
2024-02-29T06,L,2024-02-29 01:30:00,0.2665,0.1198,0.2579,0.1927,0.1738,0.2579,0.1829,0.7822,0.0349,0.6191,False,39.0,False,41.0,False,54.0,False,56.0,False,66.0,False
2024-02-29T08,H,2024-02-29 07:00:00,0.0,,0.3191,0.2749,0.5657,0.5657,0.0365,0.6717,0.2918,1.5422,True,8.0,True,20.0,False,26.0,False,,False,,False
2024-03-01T09,L,2024-02-29 18:55:00,0.6482,0.1012,0.1589,0.2697,0.3992,0.3992,0.2225,0.5718,0.2057,2.0354,False,-96.0,False,-90.0,False,166.0,False,172.0,False,181.0,False
2024-03-01T15,H,2024-03-01 13:25:00,0.5838,0.1075,0.1519,0.1867,0.3677,0.4096,0.2298,0.7315,0.0387,3.0468,False,-31.0,False,17.0,False,27.0,False,31.0,False,31.0,False
2024-03-01T18,L,2024-03-01 16:00:00,0.0,0.0868,0.1585,0.1807,0.1275,0.2798,0.4236,0.3526,0.2238,1.0738,True,21.0,False,30.0,False,33.0,False,36.0,False,36.0,False
2024-03-02T02,H,2024-03-01 21:00:00,0.466,0.0853,0.1266,0.119,0.2644,0.2644,0.2051,0.7119,0.083,6.1775,False,36.0,False,48.0,False,51.0,False,60.0,False,60.0,False
2024-03-03T04,L,2024-03-02 14:05:00,0.7689,0.1752,0.4437,0.3489,0.4838,0.4838,0.6,0.3852,0.0148,7.0708,False,-132.0,False,-126.0,False,-126.0,False,63.0,False,71.0,False
2024-03-03T07,H,2024-03-03 05:00:00,0.0,,,,0.2728,0.2728,0.1332,0.8514,0.0154,2.5322,True,20.0,False,31.0,False,36.0,False,37.0,False,43.0,False
2024-03-03T12,L,2024-03-03 08:00:00,0.0,,,0.2735,0.3633,0.3633,0.0958,0.5995,0.3047,3.0081,True,34.0,False,52.0,False,53.0,False,54.0,False,65.0,False
2024-03-05T04,H,2024-03-05 01:55:00,0.9405,0.1639,0.5386,0.6063,0.7507,0.8837,0.3574,0.146,0.4965,1.6245,False,-439.0,False,-301.0,False,-301.0,False,-244.0,False,-89.0,False
2024-03-06T05,L,2024-03-05 20:00:00,0.8701,0.3496,0.6516,0.5571,0.5283,0.6516,0.0123,0.958,0.0297,11.0332,False,-157.0,False,-82.0,False,-63.0,False,-63.0,False,106.0,False
2024-03-06T22,H,2024-03-06 08:20:00,0.095,0.0588,0.0638,0.2322,0.2408,0.2408,0.5095,0.2762,0.2143,1.635,True,20.0,False,54.0,False,81.0,False,164.0,False,169.0,False
2024-03-07T10,L,2024-03-07 01:15:00,0.3167,0.1704,0.4769,0.3171,0.5652,0.5652,0.4802,0.3486,0.1712,2.4412,True,9.0,True,77.0,False,81.0,False,83.0,False,105.0,False
2024-03-07T23,H,2024-03-07 17:30:00,0.6876,0.2541,0.2413,0.473,0.5128,0.5924,0.0477,0.5491,0.4032,2.3539,False,-32.0,False,-32.0,False,23.0,False,63.0,False,66.0,False
2024-03-08T11,L,2024-03-08 00:05:00,0.0415,0.131,0.124,0.0657,0.2561,0.26,0.3672,0.4787,0.154,2.5096,True,81.0,False,83.0,False,83.0,False,142.0,False,143.0,False
2024-03-09T00,H,2024-03-08 15:35:00,0.8246,0.8124,0.8708,0.8762,0.9258,0.9294,0.3822,0.1767,0.4411,16.0518,True,-39.0,False,-36.0,False,-31.0,False,-26.0,False,8.0,True
2024-03-10T01,L,2024-03-09 02:00:00,0.0798,0.0454,0.057,0.1096,0.1791,0.1999,0.3346,0.6403,0.0252,1.0376,True,70.0,False,120.0,False,132.0,False,240.0,False,288.0,False
2024-03-10T14,H,2024-03-10 10:15:00,0.7372,0.0502,0.1553,0.2631,0.2517,0.2866,0.8332,0.156,0.0108,1.9298,False,-13.0,False,-10.0,False,-8.0,False,53.0,False,57.0,False
2024-03-11T07,L,2024-03-11 00:55:00,0.8424,0.6624,0.7488,0.6814,0.7598,0.7598,0.1105,0.8305,0.059,20.852,False,-119.0,False,-119.0,False,-119.0,False,-110.0,False,28.0,False
2024-03-11T23,H,2024-03-11 19:20:00,0.5978,0.3754,0.5706,0.7638,0.7608,0.8053,0.3021,0.6512,0.0467,0.894,True,-129.0,False,4.0,True,4.0,True,8.0,True,54.0,False
2024-03-13T02,L,2024-03-12 17:25:00,0.7511,0.2499,0.4425,0.6643,0.7007,0.7387,0.0011,0.7877,0.2112,10.9128,False,-72.0,False,-27.0,False,-26.0,False,21.0,False,103.0,False
2024-03-13T14,H,2024-03-13 08:30:00,0.2777,0.1379,0.0822,0.1944,0.209,0.2614,0.2355,0.4242,0.3402,4.8937,False,41.0,False,48.0,False,49.0,False,62.0,False,65.0,False
2024-03-13T18,L,2024-03-13 15:00:00,0.0,,,,0.4158,0.4235,0.5794,0.373,0.0476,2.1384,True,14.0,False,14.0,False,14.0,False,15.0,False,35.0,False
2024-03-13T22,H,2024-03-13 20:15:00,0.5817,0.0552,0.2487,0.4333,0.3947,0.4875,0.8542,0.0665,0.0793,1.5603,False,-9.0,False,28.0,False,33.0,False,33.0,False,33.0,False
2024-03-15T00,L,2024-03-14 19:45:00,0.9461,0.2276,0.3877,0.7061,0.853,0.853,0.1692,0.5122,0.3186,4.2185,False,-214.0,False,-213.0,False,-207.0,False,-189.0,False,-186.0,False
2024-03-15T02,H,2024-03-15 01:00:00,0.0,,,0.2432,0.2306,0.2432,0.6776,0.0463,0.2761,2.1855,True,20.0,False,22.0,False,24.0,False,25.0,False,29.0,False
2024-03-15T14,L,2024-03-15 09:15:00,0.7521,0.1509,0.4336,0.5071,0.7386,0.7413,0.0031,0.5857,0.4112,3.9481,False,-65.0,False,-33.0,False,-27.0,False,33.0,False,55.0,False
2024-03-16T11,H,2024-03-15 19:15:00,0.3533,0.1059,0.1486,0.2504,0.6396,0.6396,0.4601,0.4139,0.126,1.8348,True,11.0,True,11.0,True,18.0,False,177.0,False,192.0,False
2024-03-17T05,L,2024-03-16 23:20:00,0.7844,0.0922,0.2405,0.2187,0.4349,0.4349,0.3189,0.4491,0.2319,6.701,False,-136.0,False,-132.0,False,-131.0,False,68.0,False,80.0,False
2024-03-17T06,H,2024-03-17 06:00:00,0.0,,,,0.3401,0.3401,0.8499,0.006,0.1441,0.7185,True,17.0,False,21.0,False,21.0,False,21.0,False,21.0,False
2024-03-17T08,L,2024-03-17 07:25:00,0.2535,0.2608,0.4596,0.644,0.6303,0.6573,0.0466,0.7642,0.1892,3.0327,True,5.0,True,5.0,True,13.0,False,15.0,False,19.0,False
2024-03-18T09,H,2024-03-18 05:40:00,0.9619,0.0755,0.2282,0.2053,0.3745,0.3745,0.2741,0.4019,0.324,1.7216,False,-93.0,False,-80.0,False,-80.0,False,-65.0,False,-55.0,False
2024-03-19T16,L,2024-03-19 14:35:00,0.8368,0.0878,0.6053,0.4413,0.8159,0.8159,0.3187,0.2224,0.4589,1.6896,False,-326.0,False,-324.0,False,-308.0,False,-275.0,False,17.0,False
2024-03-19T23,H,2024-03-19 17:30:00,0.0887,0.1062,0.2623,0.2771,0.3191,0.4194,0.2275,0.6344,0.1381,1.3472,True,31.0,False,47.0,False,58.0,False,65.0,False,67.0,False
2024-03-20T07,L,2024-03-20 05:35:00,0.8382,0.2251,0.2678,0.343,0.5168,0.6078,0.4944,0.4818,0.0238,1.3085,False,-59.0,False,-55.0,False,-55.0,False,-55.0,False,29.0,False
2024-03-21T07,H,2024-03-21 00:45:00,0.4948,0.1641,0.4585,0.3077,0.4271,0.4585,0.5213,0.4785,0.0002,2.143,False,26.0,False,33.0,False,39.0,False,53.0,False,75.0,False
2024-03-22T05,L,2024-03-21 20:05:00,0.684,0.1196,0.5683,0.3829,0.474,0.5683,0.7309,0.2691,0.0,4.8152,False,-143.0,False,-141.0,False,51.0,False,103.0,False,119.0,False
2024-03-22T09,H,2024-03-22 06:10:00,0.0785,0.0638,0.2805,0.258,0.4012,0.4012,0.8774,0.1066,0.016,2.6656,True,15.0,False,30.0,False,33.0,False,34.0,False,46.0,False
2024-03-23T00,L,2024-03-22 21:40:00,0.7481,0.1516,0.3516,0.3736,0.5708,0.5708,0.4504,0.3946,0.155,4.1187,False,-74.0,False,-70.0,False,-20.0,False,27.0,False,28.0,False
2024-03-23T23,H,2024-03-23 17:35:00,0.4924,0.0283,0.0816,0.1615,0.227,0.227,0.807,0.1776,0.0154,7.1735,False,26.0,False,53.0,False,65.0,False,65.0,False,75.0,False
2024-03-24T08,L,2024-03-24 04:45:00,0.7152,0.1402,0.2409,0.2212,0.2888,0.2888,0.716,0.1578,0.1262,2.0303,False,-50.0,False,-42.0,False,-34.0,False,51.0,False,51.0,False
2024-03-25T08,H,2024-03-25 05:35:00,0.9631,0.244,0.6457,0.7987,0.8651,0.8651,0.4319,0.3512,0.2169,1.7115,False,-241.0,False,-152.0,False,-151.0,False,-150.0,False,-60.0,False
2024-03-25T14,L,2024-03-25 09:35:00,0.1677,0.0489,0.1711,0.2644,0.2615,0.3636,0.4652,0.0733,0.4615,1.78,True,53.0,False,53.0,False,53.0,False,55.0,False,57.0,False
2024-03-26T00,H,2024-03-25 20:05:00,0.2844,0.2001,0.1948,0.2243,0.2075,0.2243,0.3418,0.637,0.0212,1.4983,False,15.0,False,17.0,False,47.0,False,47.0,False,59.0,False
2024-03-28T00,L,2024-03-27 14:15:00,0.8964,0.7273,0.8588,0.893,0.8965,0.9302,0.0274,0.9528,0.0198,15.0568,True,-375.0,False,-374.0,False,-370.0,False,-369.0,False,8.0,True
2024-03-28T20,H,2024-03-28 15:00:00,0.6005,0.0218,0.1206,0.2558,0.1524,0.2743,0.7386,0.0881,0.1733,1.5716,False,-34.0,False,-29.0,False,48.0,False,67.0,False,72.0,False
2024-03-29T23,L,2024-03-29 15:45:00,0.865,0.2887,0.1452,0.2633,0.2426,0.4027,0.1174,0.862,0.0206,14.2594,False,-66.0,False,-58.0,False,-53.0,False,-26.0,False,99.0,False
2024-03-30T19,H,2024-03-30 05:05:00,0.2645,0.0487,0.1166,0.2524,0.2758,0.2758,0.6765,0.3235,0.0,6.4937,True,167.0,False,167.0,False,168.0,False,170.0,False,,False
2024-03-31T02,L,2024-03-30 23:30:00,0.678,0.0596,0.1991,0.1466,0.6953,0.6953,0.8149,0.1239,0.0611,3.8089,True,-42.0,False,-42.0,False,13.0,False,20.0,False,33.0,False
2024-04-01T03,H,2024-04-01 00:00:00,0.7971,0.1771,0.3913,0.5098,0.4998,0.7838,0.2247,0.7747,0.0006,3.1706,False,-251.0,False,-250.0,False,-249.0,False,20.0,False,24.0,False
2024-04-01T20,L,2024-04-01 16:05:00,0.4688,0.1703,0.2219,0.2611,0.289,0.3947,0.2898,0.4764,0.2338,4.4862,False,29.0,False,33.0,False,40.0,False,47.0,False,59.0,False
2024-04-02T02,H,2024-04-01 21:35:00,0.1203,0.1391,0.2523,0.2281,0.1624,0.3234,0.0618,0.6585,0.2797,2.2353,True,36.0,False,58.0,False,59.0,False,59.0,False,61.0,False
2024-04-02T18,L,2024-04-02 16:05:00,0.8799,0.1229,0.3199,0.4832,0.7528,0.7528,0.1947,0.5198,0.2854,3.0022,False,-157.0,False,-156.0,False,-114.0,False,-45.0,False,35.0,False
2024-04-04T03,H,2024-04-03 14:30:00,0.7894,0.0865,0.2285,0.1473,0.3574,0.3574,0.5395,0.3884,0.0721,4.747,False,-171.0,False,-168.0,False,-167.0,False,152.0,False,162.0,False
2024-04-04T07,L,2024-04-04 04:25:00,0.1828,0.0534,0.2115,0.2567,0.2169,0.2567,0.4974,0.4853,0.0172,3.9909,True,25.0,False,33.0,False,43.0,False,43.0,False,,False
2024-04-05T02,H,2024-04-04 18:05:00,0.3927,0.1149,0.1678,0.3285,0.4155,0.4155,0.421,0.5249,0.0541,9.4235,True,23.0,False,24.0,False,25.0,False,27.0,False,59.0,False
2024-04-05T15,L,2024-04-05 12:35:00,0.4959,0.1847,0.3087,0.4075,0.5419,0.5419,0.5754,0.4192,0.0054,7.8452,True,12.0,True,14.0,False,16.0,False,20.0,False,41.0,False
2024-04-05T19,H,2024-04-05 16:10:00,0.0872,0.1989,0.3016,0.4138,0.5282,0.5282,0.759,0.1445,0.0965,1.5762,True,12.0,True,22.0,False,22.0,False,46.0,False,46.0,False
2024-04-05T23,L,2024-04-05 20:05:00,0.0896,0.1053,0.1044,0.3036,0.4331,0.4331,0.0686,0.4131,0.5182,1.2581,True,15.0,False,15.0,False,47.0,False,47.0,False,,False
2024-04-06T02,H,2024-04-06 00:45:00,0.4798,0.2255,0.1992,0.3211,0.3578,0.3578,0.6369,0.1205,0.2426,1.4817,False,15.0,False,18.0,False,27.0,False,27.0,False,27.0,False
2024-04-06T03,L,2024-04-06 03:00:00,0.0,,,0.3325,0.4787,0.6045,0.055,0.5968,0.3482,2.2776,True,9.0,True,9.0,True,16.0,False,16.0,False,,False
2024-04-06T04,H,2024-04-06 04:00:00,0.0,,,,0.2608,0.2608,0.5252,0.4748,0.0,2.7233,True,,False,,False,,False,,False,,False
2024-04-06T05,L,2024-04-06 05:00:00,0.0,,0.6521,0.7985,0.8765,0.9131,0.7012,0.2988,0.0,1.6127,True,2.0,True,3.0,True,4.0,True,4.0,True,8.0,True
2024-04-06T10,H,2024-04-06 06:00:00,0.0,,,0.1592,0.1347,0.1884,0.3068,0.6932,0.0,4.5975,True,65.0,False,65.0,False,65.0,False,65.0,False,65.0,False
2024-04-06T16,L,2024-04-06 13:35:00,0.3708,0.0541,0.0776,0.1597,0.1615,0.1674,0.2284,0.5555,0.2162,2.0608,False,20.0,False,20.0,False,20.0,False,29.0,False,41.0,False
2024-04-07T10,H,2024-04-07 02:15:00,0.7182,0.2344,0.1428,0.3076,0.534,0.5354,0.583,0.3487,0.0683,4.0263,False,-96.0,False,-94.0,False,-72.0,False,90.0,False,105.0,False
2024-04-07T16,L,2024-04-07 11:20:00,0.0783,0.0421,0.0968,0.1617,0.1293,0.2532,0.6656,0.2572,0.0772,1.5558,True,59.0,False,60.0,False,60.0,False,63.0,False,68.0,False
2024-04-07T18,H,2024-04-07 17:00:00,0.0,,0.1322,0.4269,0.5849,0.5849,0.3879,0.3219,0.2901,1.217,True,10.0,True,16.0,False,18.0,False,23.0,False,27.0,False
2024-04-08T07,L,2024-04-07 19:55:00,0.1762,0.1884,0.3931,0.4109,0.6129,0.6129,0.7281,0.2665,0.0053,7.1275,True,7.0,True,8.0,True,73.0,False,122.0,False,133.0,False
2024-04-08T19,H,2024-04-08 12:15:00,0.3718,0.166,0.5818,0.5449,0.6269,0.6269,0.4345,0.3762,0.1893,1.4945,True,3.0,True,10.0,True,16.0,False,17.0,False,57.0,False
2024-04-10T01,L,2024-04-09 17:15:00,0.8149,0.1446,0.3676,0.4449,0.4073,0.4483,0.5186,0.3945,0.0869,6.6707,False,-180.0,False,-171.0,False,-96.0,False,-62.0,False,66.0,False
2024-04-10T02,H,2024-04-10 02:05:00,0.0367,0.064,0.2791,0.3027,,0.4988,0.6531,0.2535,0.0934,2.2976,True,,False,,False,,False,,False,,False
2024-04-10T03,L,2024-04-10 03:00:00,0.0,0.1222,0.2125,0.327,0.9508,0.9508,0.5891,0.0939,0.317,0.9272,True,10.0,True,12.0,True,12.0,True,12.0,True,12.0,True
2024-04-10T12,H,2024-04-10 07:20:00,0.3101,0.0213,0.0327,0.0441,0.1109,0.1178,0.2294,0.7184,0.0521,1.0459,False,65.0,False,68.0,False,68.0,False,68.0,False,68.0,False
2024-04-10T16,L,2024-04-10 13:55:00,0.2404,0.6156,0.5091,0.6659,0.8331,0.8331,0.7694,0.1386,0.092,2.3323,True,0.0,True,0.0,True,9.0,True,10.0,True,26.0,False
2024-04-11T11,H,2024-04-11 07:25:00,0.8321,0.1969,0.7288,0.7046,0.7735,0.8197,0.2697,0.3642,0.366,3.0062,False,-157.0,False,-88.0,False,-84.0,False,-21.0,False,31.0,False
2024-04-12T03,L,2024-04-11 15:00:00,0.7586,0.024,0.0785,0.0581,0.1737,0.1737,0.837,0.0936,0.0694,0.7257,False,-29.0,False,-29.0,False,-24.0,False,145.0,False,156.0,False
2024-04-12T12,H,2024-04-12 04:55:00,0.2135,0.0941,0.1857,0.2021,0.2219,0.301,0.1637,0.8352,0.0011,1.5158,True,28.0,False,32.0,False,58.0,False,62.0,False,94.0,False
2024-04-13T05,L,2024-04-12 18:40:00,0.5079,0.7292,0.834,0.7759,0.8251,0.834,0.2252,0.7255,0.0493,10.1467,True,-6.0,False,0.0,True,0.0,True,1.0,True,25.0,False
2024-04-13T19,H,2024-04-13 15:30:00,0.3486,0.0582,0.1091,0.2708,0.4051,0.4435,0.8112,0.1888,0.0,3.3796,True,19.0,False,21.0,False,22.0,False,52.0,False,53.0,False
2024-04-14T06,L,2024-04-13 20:10:00,0.5306,0.6898,0.8345,0.8345,0.7012,0.8372,0.5364,0.4319,0.0317,5.2685,True,-2.0,False,0.0,True,1.0,True,1.0,True,31.0,False
2024-04-15T14,H,2024-04-15 09:25:00,0.8134,0.1867,0.1438,0.0807,0.3551,0.3551,0.4027,0.5971,0.0002,5.4129,False,-225.0,False,-194.0,False,-140.0,False,-62.0,False,67.0,False
2024-04-16T07,L,2024-04-16 04:50:00,0.6422,0.311,0.4926,0.5352,0.5932,0.6229,0.2769,0.5946,0.1285,4.1416,False,-92.0,False,-41.0,False,15.0,False,24.0,False,38.0,False
2024-04-16T14,H,2024-04-16 08:00:00,0.0,,,0.1642,0.3157,0.3737,0.5319,0.3159,0.1523,3.6269,True,33.0,False,33.0,False,33.0,False,35.0,False,89.0,False
2024-04-16T17,L,2024-04-16 16:25:00,0.2431,0.0572,0.1678,0.4265,0.8332,0.8332,0.588,0.3902,0.0219,0.6942,True,7.0,True,7.0,True,7.0,True,9.0,True,,False
2024-04-17T09,H,2024-04-17 05:20:00,0.6553,0.0771,0.2136,0.4612,0.5306,0.5306,0.5571,0.3194,0.1235,2.7027,False,-136.0,False,-136.0,False,32.0,False,42.0,False,46.0,False
2024-04-18T00,L,2024-04-17 16:10:00,0.5035,0.1735,0.22,0.1778,0.1964,0.3479,0.4355,0.5187,0.0458,4.3321,False,-29.0,False,23.0,False,27.0,False,83.0,False,106.0,False
2024-04-19T01,H,2024-04-18 15:10:00,0.6107,0.0596,0.2143,0.2192,0.3814,0.3814,0.8489,0.1509,0.0002,3.5279,False,-90.0,False,-31.0,False,109.0,False,118.0,False,119.0,False
2024-04-19T06,L,2024-04-19 02:35:00,0.1339,0.1852,0.1943,0.563,0.7378,0.7762,0.8121,0.1664,0.0215,1.3581,True,5.0,True,7.0,True,8.0,True,18.0,False,49.0,False
2024-04-19T18,H,2024-04-19 11:45:00,0.2839,0.1193,0.3973,0.2815,0.1895,0.3973,0.022,0.3049,0.6731,2.2197,True,17.0,False,20.0,False,32.0,False,53.0,False,63.0,False
2024-04-20T15,L,2024-04-19 23:05:00,0.2941,0.1592,0.2656,0.2566,0.3964,0.481,0.7338,0.261,0.0052,10.5961,True,37.0,False,45.0,False,71.0,False,199.0,False,203.0,False
2024-04-21T08,H,2024-04-21 03:15:00,0.7751,0.2074,0.7466,0.7556,0.8599,0.8599,0.2774,0.5514,0.1712,1.5781,True,-87.0,False,-70.0,False,-51.0,False,12.0,True,33.0,False
2024-04-22T03,L,2024-04-21 16:40:00,0.2752,0.0874,0.1481,0.3289,0.414,0.414,0.5696,0.3791,0.0513,5.3221,True,15.0,False,29.0,False,88.0,False,90.0,False,136.0,False
2024-04-23T03,H,2024-04-22 23:15:00,0.8061,0.1298,0.3188,0.5523,0.7424,0.7548,0.1346,0.2496,0.6158,1.5006,False,-135.0,False,-131.0,False,-87.0,False,-45.0,False,45.0,False
2024-04-23T16,L,2024-04-23 12:50:00,0.543,0.3605,0.5311,0.5538,0.7123,0.7353,0.2487,0.5722,0.1791,3.5025,True,-9.0,False,9.0,True,10.0,True,16.0,False,21.0,False
2024-04-23T20,H,2024-04-23 17:50:00,0.4803,0.2988,0.3007,0.1808,0.5335,0.5346,0.0819,0.9181,0.0,2.9176,True,11.0,True,21.0,False,25.0,False,26.0,False,28.0,False
2024-04-24T04,L,2024-04-23 21:00:00,0.0,,,,0.459,0.4927,0.2307,0.519,0.2504,2.4188,True,13.0,False,28.0,False,52.0,False,55.0,False,67.0,False
2024-04-24T08,H,2024-04-24 05:00:00,0.0,,0.1188,0.4054,0.601,0.6026,0.6155,0.3625,0.022,5.1144,True,8.0,True,9.0,True,16.0,False,38.0,False,50.0,False
2024-04-25T04,L,2024-04-24 20:25:00,0.5899,0.1539,0.3175,0.4016,0.4642,0.5819,0.0746,0.8767,0.0487,2.8274,False,-106.0,False,13.0,False,51.0,False,102.0,False,103.0,False
2024-04-25T10,H,2024-04-25 05:00:00,0.0,,,0.4959,0.492,0.6466,0.1208,0.6907,0.1885,2.064,True,8.0,True,9.0,True,48.0,False,68.0,False,75.0,False
2024-04-25T11,L,2024-04-25 11:00:00,0.0,,,0.3953,0.88,0.9063,0.3549,0.5257,0.1194,1.2385,True,7.0,True,8.0,True,9.0,True,10.0,True,11.0,True
2024-04-25T12,H,2024-04-25 12:35:00,0.5825,0.6237,0.8135,,,0.9826,0.4676,0.4597,0.0727,5.3801,True,-6.0,False,0.0,True,2.0,True,3.0,True,5.0,True
2024-04-25T15,L,2024-04-25 13:25:00,0.1966,0.4072,0.4929,0.6344,0.8353,0.8369,0.4154,0.5785,0.0061,1.8058,True,4.0,True,4.0,True,8.0,True,10.0,True,31.0,False
2024-04-26T11,H,2024-04-25 21:20:00,0.2514,0.2131,0.1526,0.3966,0.5094,0.5094,0.2304,0.7696,0.0,3.7278,True,12.0,True,28.0,False,80.0,False,92.0,False,164.0,False
2024-04-26T13,L,2024-04-26 13:35:00,0.6872,0.227,0.71,,,0.8932,0.3858,0.544,0.0702,2.7543,True,-18.0,False,-16.0,False,3.0,True,5.0,True,,False
2024-04-26T14,H,2024-04-26 14:20:00,0.3536,0.0943,0.2382,0.6427,,0.9638,0.1334,0.4593,0.4073,1.4316,True,4.0,True,4.0,True,8.0,True,8.0,True,8.0,True
2024-04-27T12,L,2024-04-27 01:20:00,0.8615,0.1723,0.1682,0.138,0.3323,0.3323,0.5187,0.4427,0.0386,8.9764,False,-88.0,False,-51.0,False,-40.0,False,-40.0,False,140.0,False
2024-04-28T11,H,2024-04-28 03:20:00,0.5171,0.0959,0.129,0.1426,0.1558,0.185,0.5232,0.2715,0.2053,2.2456,False,-124.0,False,84.0,False,98.0,False,104.0,False,104.0,False
2024-04-28T18,L,2024-04-28 12:00:00,0.0,,0.2512,0.2561,0.4263,0.4263,0.3668,0.5533,0.0798,1.5454,True,17.0,False,17.0,False,74.0,False,84.0,False,86.0,False
2024-04-28T19,H,2024-04-28 19:00:00,0.0,,0.2706,0.3682,0.5286,0.5977,0.4443,0.4201,0.1355,1.2821,True,8.0,True,13.0,False,13.0,False,13.0,False,13.0,False
2024-04-29T14,L,2024-04-29 13:55:00,0.8504,0.4912,0.8283,0.9335,0.965,0.9655,0.1736,0.4489,0.3774,3.1839,True,-184.0,False,-184.0,False,-182.0,False,-11.0,False,6.0,True
2024-04-30T07,H,2024-04-30 01:00:00,0.5074,0.1426,0.287,0.3544,0.7257,0.7257,0.1382,0.5325,0.3292,1.6903,True,-96.0,False,12.0,True,12.0,True,39.0,False,70.0,False
2024-05-01T01,L,2024-04-30 20:00:00,0.7349,0.0674,0.3253,0.3155,0.4864,0.4864,0.7304,0.2638,0.0058,5.5711,False,-67.0,False,-65.0,False,-63.0,False,48.0,False,,False
2024-05-01T07,H,2024-05-01 02:00:00,0.0,,,0.2992,0.3394,0.4755,0.3601,0.1796,0.4602,0.5295,True,66.0,False,66.0,False,66.0,False,66.0,False,76.0,False
2024-05-01T18,L,2024-05-01 08:25:00,0.1846,0.2407,0.2948,0.3013,0.5351,0.5489,0.0299,0.8132,0.1569,1.7438,True,9.0,True,25.0,False,28.0,False,31.0,False,116.0,False
2024-05-03T07,H,2024-05-03 03:20:00,0.8562,0.1676,0.4851,0.5228,0.5625,0.6908,0.7741,0.1095,0.1164,1.7183,False,-381.0,False,-381.0,False,-381.0,False,-376.0,False,23.0,False
2024-05-03T12,L,2024-05-03 10:50:00,0.5648,0.0421,0.0559,0.1127,0.1265,0.1265,0.5749,0.415,0.0101,2.8927,False,-12.0,False,23.0,False,23.0,False,26.0,False,26.0,False
2024-05-04T06,H,2024-05-04 01:30:00,0.6142,0.0824,0.426,0.6047,0.7301,0.7301,0.8172,0.1591,0.0236,3.5038,True,-101.0,False,-74.0,False,9.0,True,18.0,False,30.0,False
2024-05-04T12,L,2024-05-04 07:15:00,0.2237,0.06,0.1832,0.2287,0.2063,0.2287,0.2306,0.4081,0.3613,0.7861,True,41.0,False,42.0,False,42.0,False,44.0,False,45.0,False
2024-05-04T13,H,2024-05-04 13:05:00,0.0596,0.1063,0.5199,0.6945,,0.9189,0.0071,0.7448,0.248,2.3219,True,3.0,True,5.0,True,7.0,True,11.0,True,11.0,True
2024-05-05T14,L,2024-05-05 01:40:00,0.5686,0.0777,0.1866,0.1496,0.3031,0.3129,0.215,0.575,0.21,6.0551,False,-69.0,False,68.0,False,145.0,False,148.0,False,160.0,False
2024-05-05T19,H,2024-05-05 16:00:00,0.3935,0.1435,0.1029,0.3411,0.3297,0.349,0.14,0.6765,0.1835,3.7594,False,24.0,False,24.0,False,30.0,False,36.0,False,48.0,False
2024-05-06T07,L,2024-05-05 20:35:00,0.111,0.1409,0.1872,0.1317,0.1775,0.1989,0.3382,0.6609,0.0009,2.9225,True,34.0,False,35.0,False,53.0,False,55.0,False,137.0,False
2024-05-06T12,H,2024-05-06 08:50:00,0.2066,0.1106,0.1702,0.1448,0.2179,0.2679,0.3751,0.5463,0.0785,1.6656,True,22.0,False,22.0,False,23.0,False,23.0,False,42.0,False
2024-05-07T01,L,2024-05-06 19:20:00,0.4195,0.2073,0.2429,0.3288,0.4367,0.4367,0.1373,0.843,0.0197,4.071,True,14.0,False,23.0,False,38.0,False,71.0,False,80.0,False
2024-05-07T03,H,2024-05-07 02:00:00,0.0,,0.0923,0.1984,0.3458,0.3458,0.1727,0.7431,0.0842,2.9921,True,18.0,False,21.0,False,21.0,False,27.0,False,,False
2024-05-07T04,L,2024-05-07 04:00:00,0.0,,,0.468,0.7958,0.8281,0.5339,0.3642,0.1019,2.0181,True,9.0,True,10.0,True,10.0,True,11.0,True,,False
2024-05-07T13,H,2024-05-07 08:40:00,0.4276,0.1577,0.1442,0.1236,0.2062,0.2251,0.2138,0.7858,0.0004,3.6772,False,37.0,False,40.0,False,60.0,False,64.0,False,64.0,False
2024-05-07T14,L,2024-05-07 14:35:00,0.2972,0.1129,0.6178,,,0.9781,0.4913,0.2644,0.2444,1.5552,True,3.0,True,3.0,True,4.0,True,5.0,True,5.0,True
2024-05-07T17,H,2024-05-07 15:05:00,0.2682,0.1016,0.2736,0.3572,0.4358,0.4629,0.3705,0.6214,0.0081,2.8704,True,14.0,False,20.0,False,24.0,False,35.0,False,35.0,False
2024-05-08T13,L,2024-05-08 13:45:00,0.8646,0.1073,0.9777,,,0.9777,0.2113,0.6382,0.1505,3.2397,True,-129.0,False,-57.0,False,-41.0,False,-33.0,False,3.0,True
2024-05-08T20,H,2024-05-08 14:50:00,0.2356,0.0518,0.1263,0.412,0.1765,0.4662,0.0163,0.4813,0.5024,0.9265,True,65.0,False,66.0,False,74.0,False,74.0,False,74.0,False
2024-05-09T05,L,2024-05-08 23:30:00,0.242,0.0712,0.1048,0.16,0.3123,0.3123,0.4588,0.4168,0.1244,0.9488,True,21.0,False,42.0,False,54.0,False,58.0,False,71.0,False
2024-05-09T10,H,2024-05-09 06:15:00,0.3342,0.0704,0.1383,0.3056,0.3934,0.4897,0.3597,0.2764,0.3639,2.278,True,14.0,False,17.0,False,21.0,False,24.0,False,57.0,False
2024-05-09T12,L,2024-05-09 11:05:00,0.0437,0.1111,0.2374,0.2965,0.3862,0.4244,0.2029,0.4783,0.3188,4.6357,True,15.0,False,18.0,False,20.0,False,23.0,False,23.0,False
2024-05-10T13,H,2024-05-10 12:05:00,0.9248,0.2578,0.7503,0.6582,0.9725,0.9778,0.759,0.2369,0.0041,3.219,True,-270.0,False,-269.0,False,-268.0,False,-80.0,False,-11.0,False
2024-05-11T05,L,2024-05-10 17:55:00,0.2421,0.0384,0.0548,0.0557,0.12,0.1227,0.0369,0.6048,0.3583,1.4826,False,135.0,False,136.0,False,145.0,False,145.0,False,,False
2024-05-13T02,H,2024-05-12 16:25:00,0.7943,0.3327,0.3649,0.6905,0.7298,0.804,0.2703,0.62,0.1097,7.5049,True,-350.0,False,-201.0,False,-197.0,False,8.0,True,120.0,False
2024-05-13T07,L,2024-05-13 03:25:00,0.1223,0.2091,0.2001,0.6357,0.4299,0.6357,0.7481,0.2077,0.0442,1.0516,True,6.0,True,6.0,True,40.0,False,43.0,False,54.0,False
2024-05-13T22,H,2024-05-13 16:30:00,0.4434,0.1479,0.3023,0.2235,0.6735,0.6735,0.0682,0.7827,0.1491,4.5738,True,8.0,True,10.0,True,20.0,False,30.0,False,71.0,False
2024-05-15T01,L,2024-05-14 12:35:00,0.457,0.5716,0.6274,0.5558,0.8112,0.8112,0.4193,0.5807,0.0,21.1747,True,0.0,True,2.0,True,2.0,True,12.0,True,123.0,False
2024-05-16T04,H,2024-05-16 00:15:00,0.4893,0.4402,0.6688,0.7668,0.7915,0.7921,0.5989,0.3771,0.0239,2.5087,True,1.0,True,2.0,True,5.0,True,13.0,False,21.0,False
2024-05-17T07,L,2024-05-16 17:40:00,0.7833,0.0531,0.1591,0.1646,0.2137,0.2137,0.6119,0.3232,0.0649,3.7739,False,-121.0,False,-104.0,False,-92.0,False,156.0,False,160.0,False
2024-05-18T00,H,2024-05-17 15:35:00,0.8274,0.1617,0.4171,0.3438,0.3767,0.4171,0.1881,0.3734,0.4384,3.9663,False,-85.0,False,-84.0,False,-22.0,False,-19.0,False,89.0,False
2024-05-19T03,L,2024-05-18 14:45:00,0.8129,0.1766,0.3326,0.2148,0.5093,0.5093,0.5781,0.3827,0.0391,8.8946,False,-88.0,False,-88.0,False,-57.0,False,-43.0,False,147.0,False
2024-05-19T06,H,2024-05-19 04:00:00,0.0,,,0.4187,0.5573,0.5573,0.4139,0.2872,0.2988,4.0691,True,9.0,True,29.0,False,29.0,False,38.0,False,,False
2024-05-19T07,L,2024-05-19 07:00:00,0.0,,0.7414,0.5284,0.9665,0.9708,0.2148,0.7852,0.0,2.3845,True,2.0,True,2.0,True,3.0,True,7.0,True,7.0,True
2024-05-19T12,H,2024-05-19 10:35:00,0.6067,0.6868,0.8289,0.8532,0.8709,0.8709,0.4428,0.4667,0.0905,12.698,True,-16.0,False,-13.0,False,3.0,True,3.0,True,23.0,False
2024-05-20T03,L,2024-05-19 19:55:00,0.6829,0.1307,0.3377,0.4002,0.3671,0.4356,0.074,0.7204,0.2056,4.3943,False,-72.0,False,-72.0,False,73.0,False,79.0,False,97.0,False
2024-05-21T09,H,2024-05-21 00:20:00,0.8147,0.0898,0.2136,0.2457,0.4669,0.4669,0.5766,0.3472,0.0762,5.2838,False,-209.0,False,-209.0,False,-209.0,False,-208.0,False,92.0,False
2024-05-22T15,L,2024-05-21 19:35:00,0.6771,0.2119,0.2795,0.2893,0.4784,0.4784,0.2844,0.6422,0.0734,2.6228,False,-112.0,False,-95.0,False,40.0,False,79.0,False,173.0,False
2024-05-22T18,H,2024-05-22 16:20:00,0.1321,0.1151,0.2245,0.4135,0.3627,0.5075,0.8169,0.0051,0.1781,0.8391,True,10.0,True,17.0,False,17.0,False,21.0,False,,False
2024-05-23T06,L,2024-05-22 21:10:00,0.5064,0.3441,0.3988,0.5965,0.5444,0.6135,0.4453,0.5095,0.0452,6.5877,True,-11.0,False,8.0,True,46.0,False,70.0,False,94.0,False
2024-05-23T13,H,2024-05-23 12:10:00,0.7995,0.1022,0.3177,0.3309,0.7988,0.8258,0.3451,0.3818,0.2731,1.8521,True,-62.0,False,-62.0,False,-62.0,False,11.0,True,18.0,False
2024-05-24T02,L,2024-05-23 20:05:00,0.5379,0.4137,0.6896,0.7832,0.8723,0.8723,0.589,0.411,0.0,9.0663,True,-4.0,False,3.0,True,5.0,True,8.0,True,32.0,False
2024-05-24T06,H,2024-05-24 03:10:00,0.0644,0.0767,0.0953,0.0716,0.1284,0.1284,0.7605,0.0155,0.224,2.6477,True,30.0,False,34.0,False,40.0,False,46.0,False,46.0,False
2024-05-24T09,L,2024-05-24 08:30:00,0.6959,0.1304,0.5251,0.5886,0.6448,0.6448,0.5599,0.4079,0.0323,2.1637,False,-15.0,False,-13.0,False,13.0,False,18.0,False,18.0,False
2024-05-25T15,H,2024-05-25 11:30:00,0.9023,0.0492,0.1271,0.3467,0.31,0.4409,0.1939,0.7838,0.0223,2.1871,False,-150.0,False,-128.0,False,-123.0,False,-59.0,False,-54.0,False
2024-05-27T02,L,2024-05-26 21:35:00,0.935,0.1854,0.1829,0.2566,0.4083,0.4083,0.3834,0.6166,0.0,18.4526,False,-321.0,False,-168.0,False,-168.0,False,-163.0,False,-160.0,False
2024-05-27T05,H,2024-05-27 03:00:00,0.0,,,,0.3876,0.3876,0.3317,0.6683,0.0,2.1841,True,14.0,False,16.0,False,31.0,False,31.0,False,37.0,False
2024-05-27T13,L,2024-05-27 11:40:00,0.6335,0.2868,0.5042,0.621,0.8331,0.8331,0.7707,0.2103,0.0189,4.021,True,-47.0,False,-41.0,False,10.0,True,11.0,True,16.0,False
2024-05-28T00,H,2024-05-27 16:20:00,0.1998,0.0708,0.2387,0.3243,0.3883,0.3983,0.4672,0.2925,0.2403,1.237,True,18.0,False,23.0,False,26.0,False,42.0,False,69.0,False
2024-05-28T19,L,2024-05-28 18:40:00,0.9556,0.132,0.7774,0.9329,0.9536,0.9536,0.9091,0.0909,0.0,7.2304,False,-210.0,False,-209.0,False,-107.0,False,-103.0,False,-32.0,False
2024-05-29T08,H,2024-05-29 04:30:00,0.4314,0.0339,0.06,0.0717,0.1427,0.2114,0.649,0.35,0.001,0.9569,False,32.0,False,36.0,False,42.0,False,42.0,False,44.0,False
2024-05-29T23,L,2024-05-29 16:05:00,0.7592,0.0944,0.1742,0.2551,0.325,0.3419,0.4132,0.5183,0.0685,5.4109,False,-70.0,False,-61.0,False,-34.0,False,83.0,False,83.0,False
2024-05-30T23,H,2024-05-30 18:00:00,0.8471,0.1431,0.2428,0.1736,0.1466,0.246,0.8177,0.1818,0.0005,2.1481,False,-121.0,False,-120.0,False,-120.0,False,-117.0,False,60.0,False
2024-06-01T02,L,2024-05-31 16:20:00,0.8608,0.094,0.3817,0.3322,0.6438,0.6438,0.4023,0.2342,0.3635,5.4936,False,-64.0,False,-55.0,False,-45.0,False,-39.0,False,43.0,False
2024-06-02T08,H,2024-06-01 22:30:00,0.7684,0.1079,0.239,0.2363,0.434,0.434,0.2193,0.7796,0.0011,2.3826,False,-66.0,False,-65.0,False,-56.0,False,114.0,False,,False
2024-06-02T11,L,2024-06-02 10:25:00,0.6186,0.0795,0.1058,0.104,0.1148,0.1805,0.2653,0.7347,0.0,1.7641,False,-17.0,False,-16.0,False,17.0,False,19.0,False,19.0,False
2024-06-02T18,H,2024-06-02 14:35:00,0.5518,0.0414,0.2619,0.2481,0.3676,0.3683,0.3461,0.2373,0.4166,2.1646,False,-20.0,False,41.0,False,41.0,False,42.0,False,53.0,False
2024-06-03T01,L,2024-06-02 19:20:00,0.2765,0.2554,0.6717,0.7177,0.383,0.7177,0.4374,0.5624,0.0003,4.6655,True,3.0,True,3.0,True,6.0,True,44.0,False,75.0,False
2024-06-03T19,H,2024-06-03 13:50:00,0.7146,0.0376,0.3019,0.187,0.6807,0.6807,0.8093,0.1344,0.0563,9.2879,False,-130.0,False,-129.0,False,-112.0,False,14.0,False,14.0,False
2024-06-04T14,L,2024-06-04 09:55:00,0.4809,0.0955,0.1569,0.3388,0.4084,0.4485,0.0819,0.834,0.084,1.8787,False,14.0,False,31.0,False,40.0,False,46.0,False,50.0,False
2024-06-05T08,H,2024-06-05 07:45:00,0.9112,0.0571,0.3141,0.7138,0.7682,0.7682,0.7223,0.1311,0.1466,2.0766,False,-153.0,False,-148.0,False,-146.0,False,-20.0,False,-18.0,False
2024-06-06T14,L,2024-06-05 14:20:00,0.6207,0.1767,0.4653,0.647,0.8186,0.8186,0.1433,0.5394,0.3173,2.737,True,-30.0,False,-30.0,False,12.0,True,12.0,True,16.0,False
2024-06-06T16,H,2024-06-06 15:30:00,0.1149,0.1245,0.3978,0.7439,0.9039,0.9039,0.7071,0.2924,0.0004,2.8209,True,4.0,True,4.0,True,4.0,True,9.0,True,12.0,True
2024-06-07T04,L,2024-06-06 20:05:00,0.6978,0.1579,0.3022,0.3757,0.4552,0.4552,0.3523,0.6477,0.0,8.0208,False,-33.0,False,-31.0,False,48.0,False,83.0,False,95.0,False
2024-06-07T16,H,2024-06-07 12:35:00,0.568,0.7966,0.8317,0.887,0.8758,0.9001,0.7188,0.1297,0.1515,30.7157,True,-56.0,False,0.0,True,0.0,True,1.0,True,8.0,True
2024-06-08T07,L,2024-06-07 18:15:00,0.124,0.0775,0.223,0.2879,0.2529,0.3423,0.707,0.2755,0.0176,4.4934,True,42.0,False,93.0,False,105.0,False,142.0,False,159.0,False
2024-06-10T05,H,2024-06-09 19:35:00,0.9099,0.4184,0.6,0.6906,0.79,0.79,0.6966,0.3034,0.0,1.7273,False,-224.0,False,-204.0,False,-202.0,False,-72.0,False,-61.0,False
2024-06-10T15,L,2024-06-10 09:35:00,0.5199,0.229,0.3269,0.326,0.3833,0.3833,0.1786,0.6791,0.1423,5.7111,False,-32.0,False,26.0,False,64.0,False,65.0,False,65.0,False
2024-06-10T21,H,2024-06-10 16:00:00,0.0,,0.2308,0.2517,0.1814,0.3912,0.216,0.2021,0.5819,1.3027,True,41.0,False,48.0,False,49.0,False,51.0,False,73.0,False
2024-06-11T19,L,2024-06-11 15:45:00,0.7681,0.224,0.2887,0.6279,0.78,0.78,0.7378,0.2573,0.0049,12.7908,True,-100.0,False,-74.0,False,-74.0,False,26.0,False,30.0,False
2024-06-12T20,H,2024-06-12 15:05:00,0.6455,0.0917,0.1511,0.1838,0.2219,0.3652,0.2982,0.3641,0.3376,3.1335,False,-29.0,False,-29.0,False,45.0,False,55.0,False,59.0,False
2024-06-14T02,L,2024-06-13 16:05:00,0.9156,0.0954,0.1954,0.1616,0.4659,0.4659,0.127,0.608,0.265,3.7256,False,-229.0,False,-228.0,False,-226.0,False,-223.0,False,-221.0,False
2024-06-14T16,H,2024-06-14 13:40:00,0.3791,0.1101,0.1303,0.3155,0.5079,0.6225,0.595,0.0107,0.3942,2.4387,True,9.0,True,10.0,True,26.0,False,28.0,False,30.0,False
2024-06-15T00,L,2024-06-14 17:05:00,0.0846,0.0284,0.1985,0.404,0.1976,0.49,0.7992,0.0098,0.1909,0.7479,True,29.0,False,52.0,False,55.0,False,76.0,False,95.0,False
2024-06-16T21,H,2024-06-16 14:10:00,0.8699,0.1779,0.4274,0.5216,0.6619,0.7182,0.2878,0.7113,0.0009,3.9365,False,-372.0,False,-364.0,False,-230.0,False,-206.0,False,82.0,False
2024-06-16T22,L,2024-06-16 22:00:00,0.0,,0.391,0.6225,0.5265,0.846,0.917,0.083,0.0,2.3267,True,4.0,True,5.0,True,5.0,True,5.0,True,15.0,False
2024-06-17T01,H,2024-06-16 23:00:00,0.0,,,,0.6942,0.6942,0.8682,0.0785,0.0533,4.7816,True,10.0,True,12.0,True,13.0,False,15.0,False,34.0,False
2024-06-17T17,L,2024-06-17 14:05:00,0.6441,0.3096,0.4334,0.7324,0.6873,0.785,0.4901,0.4311,0.0788,4.4367,True,-109.0,False,-70.0,False,6.0,True,29.0,False,43.0,False
2024-06-18T01,H,2024-06-17 18:40:00,0.1129,0.1221,0.1665,0.2335,0.1806,0.2698,0.61,0.3642,0.0258,1.4031,True,58.0,False,72.0,False,73.0,False,74.0,False,81.0,False
2024-06-18T21,L,2024-06-18 19:50:00,0.91,0.2638,0.7005,0.7014,0.8398,0.8398,0.5169,0.415,0.0681,7.0456,False,-209.0,False,-208.0,False,-204.0,False,-186.0,False,-139.0,False
2024-06-19T14,H,2024-06-19 04:20:00,0.5276,0.0972,0.1249,0.1756,0.1823,0.1878,0.1987,0.7961,0.0052,2.0205,False,-47.0,False,95.0,False,104.0,False,116.0,False,128.0,False
2024-06-20T00,L,2024-06-19 20:20:00,0.7895,0.0745,0.1741,0.1177,0.4451,0.4451,0.5833,0.3031,0.1137,3.0941,False,-61.0,False,-46.0,False,-34.0,False,56.0,False,56.0,False
2024-06-20T14,H,2024-06-20 11:35:00,0.618,0.0865,0.166,0.2634,0.366,0.366,0.3832,0.347,0.2699,2.4585,False,-116.0,False,-116.0,False,22.0,False,23.0,False,41.0,False
2024-06-21T18,L,2024-06-21 13:55:00,0.8775,0.1415,0.6468,0.7623,0.801,0.801,0.6307,0.2453,0.1239,3.2068,False,-234.0,False,-203.0,False,-107.0,False,-95.0,False,61.0,False
2024-06-23T10,H,2024-06-22 08:00:00,0.4889,0.2211,0.5559,0.6559,0.6935,0.6935,0.4957,0.5026,0.0017,1.6522,True,2.0,True,2.0,True,14.0,False,31.0,False,55.0,False
2024-06-25T00,L,2024-06-24 20:35:00,0.8954,0.2681,0.3833,0.4248,0.6971,0.6971,0.2654,0.697,0.0375,11.3155,False,-339.0,False,-327.0,False,-327.0,False,-324.0,False,41.0,False
2024-06-26T05,H,2024-06-26 02:20:00,0.7433,0.2018,0.2922,0.45,0.4922,0.4922,0.1769,0.8231,0.0,2.0962,False,-226.0,False,-223.0,False,-161.0,False,32.0,False,44.0,False
2024-06-27T09,L,2024-06-27 06:50:00,0.9489,0.2089,0.3148,0.4359,0.4378,0.5485,0.2444,0.7548,0.0009,2.6935,False,-201.0,False,-117.0,False,-63.0,False,-58.0,False,-41.0,False
2024-06-28T05,H,2024-06-27 14:20:00,0.4762,0.0934,0.1445,0.2431,0.3532,0.3951,0.7393,0.2135,0.0472,1.8479,False,15.0,False,17.0,False,66.0,False,188.0,False,188.0,False
2024-06-29T02,L,2024-06-28 20:05:00,0.8269,0.1525,0.2386,0.2043,0.2282,0.2397,0.4419,0.3791,0.179,2.3523,False,-169.0,False,-169.0,False,-166.0,False,-166.0,False,83.0,False
2024-06-30T01,H,2024-06-29 11:40:00,0.2802,0.0592,0.1431,0.1463,0.2126,0.2439,0.6437,0.2087,0.1476,7.0348,False,42.0,False,95.0,False,129.0,False,149.0,False,,False
2024-06-30T07,L,2024-06-30 05:25:00,0.529,0.0416,0.1034,0.0962,0.1527,0.1527,0.6511,0.3366,0.0123,1.3823,False,-38.0,False,19.0,False,20.0,False,21.0,False,31.0,False
2024-07-01T09,H,2024-07-01 02:05:00,0.8584,0.0953,0.2997,0.5094,0.5376,0.5711,0.5756,0.1731,0.2513,2.752,False,-215.0,False,-215.0,False,-214.0,False,-161.0,False,52.0,False
2024-07-03T17,L,2024-07-03 10:35:00,0.9639,0.4254,0.6751,0.6708,0.6037,0.7243,0.3532,0.6006,0.0463,18.3602,False,-534.0,False,-533.0,False,-527.0,False,-520.0,False,-493.0,False
2024-07-03T19,H,2024-07-03 18:00:00,0.0,,,,0.3948,0.3948,0.2792,0.4367,0.2841,0.9766,True,24.0,False,28.0,False,30.0,False,34.0,False,35.0,False
2024-07-03T21,L,2024-07-03 21:05:00,0.1567,0.0675,0.2071,0.3565,,0.9789,0.3651,0.5347,0.1002,3.4022,True,8.0,True,10.0,True,11.0,True,11.0,True,11.0,True
2024-07-04T01,H,2024-07-04 01:10:00,0.4207,0.1798,0.2408,0.3842,,0.9942,0.8369,0.1631,0.0,1.287,True,7.0,True,7.0,True,8.0,True,8.0,True,10.0,True
2024-07-04T16,L,2024-07-04 13:50:00,0.7696,0.5965,0.7642,0.7476,0.8248,0.8248,0.6452,0.147,0.2077,3.3351,True,-131.0,False,-118.0,False,-99.0,False,12.0,True,16.0,False
2024-07-05T02,H,2024-07-04 22:10:00,0.3896,0.0987,0.197,0.2193,0.2723,0.2818,0.157,0.7771,0.0659,2.9577,False,19.0,False,22.0,False,23.0,False,48.0,False,58.0,False
2024-07-05T12,L,2024-07-05 04:20:00,0.2015,0.1163,0.2423,0.2831,0.338,0.338,0.7118,0.2443,0.0439,5.9602,True,42.0,False,71.0,False,81.0,False,89.0,False,92.0,False
2024-07-07T04,H,2024-07-06 23:25:00,0.7872,0.1874,0.4337,0.5042,0.6949,0.6949,0.2947,0.6291,0.0762,5.9211,False,-413.0,False,-412.0,False,-242.0,False,46.0,False,63.0,False
2024-07-08T08,L,2024-07-08 01:25:00,0.5064,0.0735,0.1832,0.2098,0.5482,0.5482,0.182,0.6046,0.2133,3.042,True,-36.0,False,14.0,False,38.0,False,62.0,False,82.0,False
2024-07-08T16,H,2024-07-08 09:05:00,0.0762,0.1513,0.22,0.1797,0.2617,0.3555,0.0288,0.7366,0.2347,1.6851,True,23.0,False,65.0,False,65.0,False,65.0,False,95.0,False
2024-07-08T19,L,2024-07-08 17:00:00,0.0,,,0.2268,0.5468,0.5468,0.4696,0.4983,0.0321,1.2501,True,12.0,True,14.0,False,17.0,False,21.0,False,41.0,False
2024-07-09T14,H,2024-07-09 14:20:00,0.8502,0.5155,0.4831,0.6838,,0.986,0.3877,0.4883,0.124,12.5305,True,-84.0,False,-82.0,False,-77.0,False,-15.0,False,8.0,True
2024-07-09T16,L,2024-07-09 15:10:00,0.1142,0.4257,0.3671,0.2339,0.7313,0.7313,0.1868,0.7931,0.0201,1.2993,True,1.0,True,9.0,True,12.0,True,14.0,False,22.0,False
2024-07-10T00,H,2024-07-09 18:50:00,0.6703,0.3249,0.364,0.3442,0.3726,0.4441,0.3674,0.5833,0.0493,3.7895,False,-18.0,False,-13.0,False,74.0,False,74.0,False,74.0,False
2024-07-10T03,L,2024-07-10 01:10:00,0.097,0.1084,0.1842,0.4027,0.3287,0.5109,0.3135,0.399,0.2875,1.7559,True,5.0,True,34.0,False,34.0,False,34.0,False,34.0,False
2024-07-10T11,H,2024-07-10 05:10:00,0.4826,0.0474,0.056,0.087,0.0858,0.087,0.135,0.749,0.1161,1.3984,False,82.0,False,82.0,False,82.0,False,82.0,False,82.0,False
2024-07-11T05,L,2024-07-11 03:25:00,0.9085,0.5718,0.6487,0.653,0.8638,0.8638,0.3232,0.5894,0.0874,4.9547,False,-60.0,False,-53.0,False,-20.0,False,-19.0,False,-17.0,False
2024-07-11T15,H,2024-07-11 12:35:00,0.4095,0.3621,0.465,0.6133,0.7535,0.82,0.5522,0.4247,0.0231,27.6448,True,2.0,True,2.0,True,4.0,True,7.0,True,21.0,False
2024-07-12T10,L,2024-07-12 01:30:00,0.6187,0.0819,0.1718,0.2868,0.5283,0.544,0.0098,0.4234,0.5668,3.7659,False,-97.0,False,-87.0,False,56.0,False,90.0,False,90.0,False
2024-07-13T20,H,2024-07-13 16:25:00,0.9467,0.4804,0.5934,0.6905,0.7299,0.7729,0.5472,0.1543,0.2986,2.1632,False,-258.0,False,-255.0,False,-252.0,False,-249.0,False,-240.0,False
2024-07-13T22,L,2024-07-13 22:30:00,0.2323,0.1238,0.5235,0.9845,,0.9845,0.3363,0.6212,0.0424,13.3933,True,3.0,True,4.0,True,5.0,True,5.0,True,6.0,True
2024-07-14T12,H,2024-07-14 08:30:00,0.6394,0.2532,0.3347,0.4703,0.3734,0.5966,0.2531,0.5572,0.1897,2.362,False,-103.0,False,-72.0,False,21.0,False,29.0,False,44.0,False
2024-07-14T21,L,2024-07-14 14:35:00,0.0667,0.1093,0.153,0.1951,0.1885,0.1951,0.7859,0.1828,0.0313,3.4824,True,80.0,False,82.0,False,82.0,False,82.0,False,89.0,False
2024-07-15T12,H,2024-07-15 08:50:00,0.5485,0.3156,0.5466,0.448,0.3932,0.6467,0.3304,0.635,0.0346,4.1378,True,-121.0,False,4.0,True,26.0,False,30.0,False,38.0,False
2024-07-15T22,L,2024-07-15 13:00:00,0.0,,,,0.2889,0.2889,0.7048,0.0764,0.2188,1.1164,True,22.0,False,33.0,False,35.0,False,61.0,False,131.0,False
2024-07-16T05,H,2024-07-16 04:10:00,0.3881,0.1447,0.4537,0.5276,0.7286,0.7286,0.5608,0.4392,0.0,3.0923,True,4.0,True,10.0,True,12.0,True,15.0,False,20.0,False
2024-07-16T16,L,2024-07-16 08:35:00,0.2028,0.1481,0.2653,0.3785,0.5044,0.5648,0.0887,0.5445,0.3667,1.9327,True,9.0,True,14.0,False,19.0,False,44.0,False,47.0,False
2024-07-17T07,H,2024-07-17 01:20:00,0.8384,0.099,0.3768,0.4202,0.6798,0.6798,0.8388,0.1254,0.0358,3.2802,False,-100.0,False,-100.0,False,-97.0,False,-39.0,False,72.0,False
2024-07-18T05,L,2024-07-17 16:45:00,0.4481,0.1754,0.3177,0.1406,0.4081,0.4081,0.3974,0.5937,0.0089,4.2716,False,21.0,False,33.0,False,111.0,False,112.0,False,135.0,False
2024-07-18T14,H,2024-07-18 13:15:00,0.7894,0.2561,0.4333,0.7575,0.9089,0.9089,0.1492,0.8482,0.0026,3.6766,True,-67.0,False,-63.0,False,-27.0,False,8.0,True,12.0,True
2024-07-19T03,L,2024-07-18 19:25:00,0.5138,0.111,0.5625,0.5907,0.6034,0.6399,0.8726,0.1274,0.0,1.8898,True,-29.0,False,8.0,True,19.0,False,40.0,False,82.0,False
2024-07-20T03,H,2024-07-19 19:40:00,0.9152,0.3122,0.1195,0.2942,0.3663,0.385,0.5962,0.2591,0.1447,4.8986,False,-149.0,False,-149.0,False,-145.0,False,-142.0,False,-116.0,False
2024-07-20T18,L,2024-07-20 13:20:00,0.221,0.1373,0.1661,0.169,0.3007,0.3007,0.0504,0.7947,0.1549,6.699,True,32.0,False,39.0,False,39.0,False,49.0,False,58.0,False
2024-07-20T21,H,2024-07-20 19:00:00,0.0,,0.2486,0.4357,0.8127,0.8497,0.4243,0.2936,0.2821,2.4477,True,5.0,True,9.0,True,9.0,True,11.0,True,26.0,False
2024-07-21T16,L,2024-07-21 07:05:00,0.844,0.1856,0.266,0.1895,0.2653,0.266,0.0939,0.8543,0.0518,3.118,False,-108.0,False,-108.0,False,-108.0,False,-108.0,False,118.0,False
2024-07-21T17,H,2024-07-21 17:05:00,0.1169,0.4682,0.5354,0.5872,,0.9903,0.4336,0.5174,0.049,3.7979,True,3.0,True,9.0,True,9.0,True,9.0,True,10.0,True
2024-07-21T20,L,2024-07-21 18:15:00,0.2702,0.1303,0.4841,0.5041,0.505,0.6685,0.408,0.4903,0.1017,3.093,True,4.0,True,4.0,True,21.0,False,21.0,False,33.0,False
2024-07-22T05,H,2024-07-22 00:55:00,0.6193,0.0784,0.2615,0.3155,0.4111,0.4111,0.5604,0.3718,0.0678,0.7525,False,-23.0,False,-15.0,False,58.0,False,61.0,False,61.0,False
2024-07-22T19,L,2024-07-22 15:10:00,0.5515,0.037,0.1568,0.3048,0.4468,0.5008,0.88,0.0843,0.0357,1.4912,False,-6.0,False,26.0,False,28.0,False,34.0,False,53.0,False
2024-07-23T01,H,2024-07-22 20:00:00,0.0,0.0764,0.1249,0.2431,0.1956,0.3044,0.6568,0.3282,0.015,2.1013,True,17.0,False,26.0,False,37.0,False,60.0,False,72.0,False
2024-07-24T03,L,2024-07-23 20:00:00,0.9376,0.2082,0.4226,0.2838,0.5491,0.5964,0.0707,0.5486,0.3806,2.4433,False,-136.0,False,-127.0,False,-65.0,False,-64.0,False,-63.0,False
2024-07-24T19,H,2024-07-24 14:35:00,0.6313,0.0777,0.1192,0.224,0.4254,0.5681,0.5672,0.3035,0.1293,7.3704,False,-20.0,False,-19.0,False,50.0,False,65.0,False,65.0,False
2024-07-25T14,L,2024-07-25 14:15:00,0.8576,0.3368,0.9076,0.9666,,0.9953,0.4393,0.5607,0.0,5.9303,True,-218.0,False,-215.0,False,-214.0,False,-208.0,False,3.0,True
2024-07-26T17,H,2024-07-26 14:00:00,0.816,0.2496,0.4563,0.8249,0.8839,0.8839,0.4144,0.5856,0.0,6.5165,True,-44.0,False,-44.0,False,-17.0,False,-15.0,False,35.0,False
2024-07-27T13,L,2024-07-26 18:00:00,0.0,,0.0959,0.2634,0.2477,0.2765,0.4487,0.2924,0.2589,0.7544,True,20.0,False,21.0,False,24.0,False,25.0,False,152.0,False
2024-07-27T17,H,2024-07-27 14:05:00,0.0738,0.0534,0.218,0.2591,0.2906,0.5227,0.5447,0.4167,0.0386,0.8582,True,10.0,True,20.0,False,35.0,False,39.0,False,47.0,False
2024-07-28T13,L,2024-07-27 20:30:00,0.8357,0.3331,0.2586,0.3218,0.8191,0.8191,0.5433,0.3261,0.1306,4.2715,False,-26.0,False,-25.0,False,-25.0,False,-21.0,False,198.0,False
2024-07-28T15,H,2024-07-28 14:00:00,0.0,,,,0.2997,0.2997,0.5948,0.4041,0.0011,1.0305,True,15.0,False,17.0,False,25.0,False,34.0,False,,False
2024-07-28T17,L,2024-07-28 16:00:00,0.0,,,0.2825,0.3257,0.393,0.7478,0.2262,0.026,2.4654,True,17.0,False,19.0,False,19.0,False,27.0,False,28.0,False
2024-07-29T14,H,2024-07-29 13:10:00,0.8715,0.3905,0.4255,0.5579,0.9174,0.9174,0.3115,0.5707,0.1177,10.2263,True,-192.0,False,-191.0,False,-115.0,False,-103.0,False,11.0,True
2024-07-30T08,L,2024-07-30 00:25:00,0.5548,0.3611,0.3859,0.5218,0.6655,0.6655,0.4603,0.5353,0.0044,8.3321,True,-60.0,False,10.0,True,43.0,False,55.0,False,79.0,False
2024-07-30T14,H,2024-07-30 09:00:00,0.0,,,,0.1329,0.1682,0.2512,0.256,0.4928,0.9939,True,49.0,False,75.0,False,78.0,False,80.0,False,80.0,False
2024-07-30T15,L,2024-07-30 15:05:00,0.2292,0.2181,0.5196,0.8531,,0.9299,0.2958,0.6219,0.0823,2.1725,True,3.0,True,4.0,True,5.0,True,5.0,True,11.0,True
2024-07-30T17,H,2024-07-30 16:45:00,0.2686,0.1286,0.7803,0.7944,0.8851,0.8851,0.7438,0.2562,0.0,1.0978,True,2.0,True,2.0,True,3.0,True,7.0,True,15.0,False
2024-07-30T20,L,2024-07-30 20:15:00,0.505,0.4388,0.6036,0.6812,,0.9829,0.6972,0.2646,0.0382,3.3357,True,-22.0,False,2.0,True,7.0,True,9.0,True,9.0,True
2024-07-31T19,H,2024-07-31 17:55:00,0.5741,0.1418,0.3188,0.4126,0.2751,0.457,0.3187,0.327,0.3543,1.8241,False,-41.0,False,18.0,False,19.0,False,23.0,False,25.0,False
2024-08-01T09,L,2024-08-01 05:00:00,0.4561,0.269,0.4933,0.6076,0.6712,0.6712,0.4296,0.3724,0.198,2.3564,True,4.0,True,6.0,True,21.0,False,36.0,False,48.0,False
2024-08-01T15,H,2024-08-01 13:05:00,0.3072,0.2651,0.3379,0.3804,0.32,0.3935,0.525,0.4744,0.0006,1.5685,True,21.0,False,24.0,False,24.0,False,27.0,False,35.0,False
2024-08-01T20,L,2024-08-01 17:50:00,0.2632,0.1949,0.581,0.5951,0.5395,0.6262,0.7543,0.1797,0.066,1.5414,True,2.0,True,5.0,True,19.0,False,26.0,False,34.0,False
2024-08-02T14,H,2024-08-01 22:30:00,0.1812,0.0627,0.1137,0.1601,0.2636,0.2636,0.0845,0.5251,0.3904,1.4706,True,31.0,False,33.0,False,48.0,False,49.0,False,197.0,False
2024-08-03T07,L,2024-08-03 01:15:00,0.6824,0.244,0.4485,0.3984,0.6091,0.6091,0.0009,0.9,0.0991,3.3131,False,-114.0,False,-114.0,False,25.0,False,33.0,False,69.0,False
2024-08-03T17,H,2024-08-03 12:40:00,0.3274,0.0776,0.274,0.2831,0.3581,0.3581,0.844,0.0839,0.0721,1.1593,True,33.0,False,34.0,False,35.0,False,40.0,False,59.0,False
2024-08-03T23,L,2024-08-03 21:10:00,0.5202,0.1158,0.3455,0.6695,0.718,0.718,0.5626,0.3629,0.0746,4.2243,True,-6.0,False,6.0,True,8.0,True,34.0,False,34.0,False
2024-08-04T15,H,2024-08-04 02:35:00,0.5349,0.0514,0.2354,0.2772,0.4199,0.4199,0.7435,0.1739,0.0826,1.7926,False,-12.0,False,63.0,False,66.0,False,144.0,False,161.0,False
2024-08-05T14,L,2024-08-05 06:25:00,0.9199,0.0914,0.3137,0.4832,0.7163,0.7163,0.6746,0.2142,0.1112,7.5221,False,-144.0,False,-140.0,False,-139.0,False,-134.0,False,-132.0,False
2024-08-07T00,H,2024-08-06 18:20:00,0.8672,0.1669,0.1645,0.1493,0.5558,0.6343,0.0761,0.792,0.1319,1.4975,False,-284.0,False,-282.0,False,-277.0,False,-66.0,False,69.0,False
2024-08-07T01,L,2024-08-07 01:00:00,0.0,,,,0.2475,0.3584,0.6101,0.3754,0.0145,1.8796,True,17.0,False,20.0,False,,False,,False,,False
2024-08-07T12,H,2024-08-07 10:35:00,0.6336,0.2219,0.3863,0.6293,0.7072,0.7072,0.469,0.465,0.066,2.2357,True,-42.0,False,-39.0,False,11.0,True,14.0,False,17.0,False
2024-08-08T02,L,2024-08-07 22:25:00,0.7211,0.1602,0.5594,0.6042,0.6735,0.6829,0.5752,0.3648,0.06,2.0542,False,-17.0,False,-17.0,False,-8.0,False,40.0,False,40.0,False
2024-08-09T05,H,2024-08-08 23:05:00,0.8695,0.174,0.1823,0.3264,0.5565,0.5565,0.1435,0.7706,0.0859,4.4324,False,-214.0,False,-114.0,False,-114.0,False,-112.0,False,43.0,False
2024-08-10T19,L,2024-08-09 14:40:00,0.4458,0.0858,0.3391,0.2699,0.1887,0.3391,0.1642,0.7776,0.0583,4.3086,False,111.0,False,196.0,False,208.0,False,221.0,False,248.0,False
2024-08-11T04,H,2024-08-11 03:30:00,0.8494,0.1636,0.3504,0.7048,0.8629,0.8753,0.0364,0.4077,0.5559,3.3047,True,-86.0,False,-84.0,False,-84.0,False,-53.0,False,15.0,False
2024-08-11T07,L,2024-08-11 05:00:00,0.0,,0.1824,0.2217,0.4674,0.4674,0.24,0.525,0.235,1.3039,True,14.0,False,14.0,False,14.0,False,28.0,False,38.0,False
2024-08-11T10,H,2024-08-11 09:25:00,0.335,0.7984,0.9376,0.9637,0.9676,0.9795,0.2697,0.6532,0.0771,15.2276,True,0.0,True,0.0,True,0.0,True,1.0,True,3.0,True
2024-08-12T10,L,2024-08-12 07:25:00,0.7979,0.4411,0.7451,0.7744,0.8814,0.8872,0.373,0.4589,0.1681,10.4099,True,-116.0,False,-116.0,False,-112.0,False,7.0,True,42.0,False
2024-08-13T09,H,2024-08-12 14:45:00,0.7784,0.2915,0.1682,0.2069,0.3514,0.4852,0.3026,0.5824,0.115,2.442,False,-12.0,False,-11.0,False,-9.0,False,90.0,False,214.0,False
2024-08-13T13,L,2024-08-13 10:25:00,0.2466,0.1785,0.2026,0.3583,0.3932,0.4767,0.7018,0.298,0.0002,5.0438,True,14.0,False,16.0,False,31.0,False,31.0,False,43.0,False
2024-08-14T06,H,2024-08-13 17:45:00,0.3978,0.0962,0.2757,0.3099,0.4664,0.4664,0.618,0.382,0.0,1.1109,True,14.0,False,16.0,False,18.0,False,39.0,False,70.0,False
2024-08-15T10,L,2024-08-15 07:35:00,0.9278,0.2443,0.3107,0.3804,0.6962,0.6962,0.4901,0.357,0.1529,2.4466,False,-257.0,False,-254.0,False,-253.0,False,-238.0,False,-229.0,False
2024-08-15T19,H,2024-08-15 16:35:00,0.4031,0.0824,0.0976,0.1242,0.1899,0.1941,0.8241,0.1463,0.0295,1.0982,False,18.0,False,19.0,False,20.0,False,41.0,False,41.0,False
2024-08-16T03,L,2024-08-15 21:00:00,0.2638,0.0848,0.1867,0.2452,0.5149,0.5149,0.0471,0.9529,0.0,4.4019,True,12.0,True,20.0,False,72.0,False,72.0,False,,False
2024-08-17T10,H,2024-08-16 19:35:00,0.7771,0.1451,0.1933,0.2033,0.3637,0.3637,0.5535,0.2295,0.217,1.5219,False,-88.0,False,-86.0,False,-84.0,False,40.0,False,101.0,False
2024-08-17T16,L,2024-08-17 11:05:00,0.0757,0.1699,0.2442,0.2039,0.2293,0.2454,0.3187,0.591,0.0904,2.7771,True,25.0,False,29.0,False,36.0,False,47.0,False,71.0,False
2024-08-17T18,H,2024-08-17 17:00:00,0.0,,0.1723,0.3821,0.4348,0.4348,0.3382,0.6618,0.0,3.0166,True,13.0,False,13.0,False,13.0,False,22.0,False,25.0,False
2024-08-18T02,L,2024-08-17 21:35:00,0.5576,0.1716,0.2247,0.2397,0.3363,0.36,0.2369,0.7358,0.0273,1.7531,False,-27.0,False,29.0,False,37.0,False,41.0,False,65.0,False
2024-08-18T03,H,2024-08-18 03:00:00,0.0,0.1633,0.4863,0.5675,0.9854,0.9854,0.5133,0.3529,0.1338,5.3597,True,4.0,True,7.0,True,11.0,True,12.0,True,12.0,True
2024-08-18T09,L,2024-08-18 04:05:00,0.1294,0.2029,0.3567,0.2319,0.4793,0.4793,0.3316,0.6187,0.0497,1.055,True,13.0,False,29.0,False,38.0,False,59.0,False,71.0,False
2024-08-18T16,H,2024-08-18 12:50:00,0.5746,0.1836,0.1956,0.1477,0.2086,0.2086,0.6612,0.2921,0.0467,2.6784,False,-15.0,False,27.0,False,38.0,False,40.0,False,50.0,False
2024-08-19T14,L,2024-08-19 10:10:00,0.6941,0.1452,0.2601,0.2697,0.3243,0.3243,0.1965,0.4517,0.3518,5.5994,False,-178.0,False,-165.0,False,28.0,False,35.0,False,58.0,False
2024-08-20T13,H,2024-08-20 05:25:00,0.5134,0.2512,0.52,0.5858,0.6486,0.6546,0.1399,0.5316,0.3285,3.789,True,-10.0,False,9.0,True,16.0,False,22.0,False,57.0,False
2024-08-21T06,L,2024-08-20 16:15:00,0.5693,0.2265,0.2196,0.1612,0.1638,0.2265,0.3634,0.6164,0.0203,2.1226,False,-27.0,False,45.0,False,153.0,False,168.0,False,177.0,False
2024-08-22T03,H,2024-08-21 20:05:00,0.8619,0.071,0.1699,0.2991,0.4474,0.4812,0.7579,0.2421,0.0,5.5188,False,-143.0,False,-142.0,False,-141.0,False,-127.0,False,83.0,False
2024-08-22T10,L,2024-08-22 04:00:00,0.0,,,,0.2304,0.2515,0.0636,0.9153,0.0212,1.3974,True,23.0,False,59.0,False,85.0,False,95.0,False,95.0,False
2024-08-22T12,H,2024-08-22 11:00:00,0.0,0.1205,0.3025,0.2783,0.1929,0.3877,0.4863,0.5137,0.0,1.684,True,19.0,False,19.0,False,21.0,False,24.0,False,24.0,False
2024-08-23T05,L,2024-08-22 15:55:00,0.3772,0.1402,0.1886,0.2447,0.1857,0.3343,0.7189,0.24,0.0412,0.998,False,61.0,False,61.0,False,103.0,False,109.0,False,121.0,False
2024-08-24T07,H,2024-08-23 21:25:00,0.7358,0.2611,0.1984,0.2241,0.2211,0.307,0.3833,0.6074,0.0093,10.8065,False,-123.0,False,-123.0,False,-113.0,False,79.0,False,,False
2024-08-25T21,L,2024-08-24 22:00:00,0.6761,0.0236,0.0543,0.0596,0.0927,0.1198,0.6289,0.2557,0.1153,7.6317,False,-101.0,False,-66.0,False,263.0,False,282.0,False,,False
2024-08-26T00,H,2024-08-25 23:30:00,0.7789,0.2077,0.6012,0.726,0.7682,0.8569,0.2589,0.724,0.0171,6.4365,True,-18.0,False,-2.0,False,-2.0,False,9.0,True,18.0,False
2024-08-28T09,L,2024-08-27 22:20:00,0.937,0.6854,0.6143,0.8275,0.8002,0.8324,0.5798,0.3669,0.0532,18.3775,False,-507.0,False,-435.0,False,-413.0,False,-196.0,False,-196.0,False
2024-08-29T19,H,2024-08-29 15:35:00,0.8407,0.1497,0.3734,0.5126,0.7607,0.7607,0.3464,0.4291,0.2244,2.1779,False,-298.0,False,-297.0,False,-288.0,False,-279.0,False,32.0,False
2024-08-30T09,L,2024-08-29 22:10:00,0.462,0.2179,0.4689,0.4543,0.5944,0.5944,0.6495,0.3498,0.0008,5.982,True,2.0,True,14.0,False,109.0,False,131.0,False,142.0,False
2024-08-30T14,H,2024-08-30 12:35:00,0.3249,0.78,0.6923,0.8474,0.807,0.8474,0.0162,0.8682,0.1155,9.0743,True,0.0,True,0.0,True,0.0,True,6.0,True,15.0,False
2024-08-30T21,L,2024-08-30 16:30:00,0.2848,0.0905,0.1124,0.1784,0.2615,0.2615,0.0977,0.7361,0.1662,3.4704,False,23.0,False,24.0,False,30.0,False,54.0,False,66.0,False
2024-08-31T09,H,2024-08-31 00:40:00,0.2766,0.2092,0.253,0.1882,0.162,0.253,0.6532,0.2362,0.1106,1.5449,False,81.0,False,88.0,False,100.0,False,100.0,False,112.0,False
2024-08-31T10,L,2024-08-31 10:00:00,0.0,,,,0.5767,0.5767,0.4768,0.128,0.3952,1.4188,True,11.0,True,17.0,False,18.0,False,20.0,False,20.0,False
2024-08-31T16,H,2024-08-31 13:10:00,0.398,0.0573,0.143,0.1998,0.8455,0.8843,0.5212,0.4286,0.0503,0.8899,True,9.0,True,10.0,True,10.0,True,10.0,True,35.0,False
2024-08-31T22,L,2024-08-31 17:55:00,0.3476,0.4511,0.7448,0.7489,0.6228,0.7789,0.3609,0.5758,0.0634,7.612,True,1.0,True,1.0,True,3.0,True,49.0,False,52.0,False
2024-09-01T01,H,2024-08-31 23:00:00,0.0,,,,0.5186,0.5186,0.5606,0.0641,0.3753,1.5678,True,12.0,True,33.0,False,34.0,False,45.0,False,45.0,False
2024-09-01T17,L,2024-09-01 14:15:00,0.784,0.5892,0.7518,0.8565,0.8522,0.8565,0.4522,0.5478,0.0,15.7431,True,-132.0,False,-75.0,False,-3.0,False,4.0,True,19.0,False
2024-09-01T22,H,2024-09-01 18:30:00,0.2341,0.1548,0.2069,0.1918,0.3421,0.3421,0.4433,0.5567,0.0,7.7934,True,35.0,False,45.0,False,47.0,False,47.0,False,54.0,False
2024-09-02T06,L,2024-09-02 00:55:00,0.4538,0.2819,0.2928,0.319,0.3916,0.442,0.2232,0.763,0.0137,1.6326,False,15.0,False,17.0,False,37.0,False,37.0,False,61.0,False
2024-09-03T06,H,2024-09-03 02:15:00,0.5341,0.1492,0.3596,0.5175,0.7883,0.7883,0.422,0.2629,0.3151,5.1568,True,-222.0,False,9.0,True,9.0,True,14.0,False,27.0,False
2024-09-04T12,L,2024-09-04 01:10:00,0.7266,0.1496,0.3566,0.5297,0.5671,0.6078,0.6174,0.1206,0.262,10.2158,False,-176.0,False,-156.0,False,-153.0,False,95.0,False,142.0,False
2024-09-05T03,H,2024-09-04 16:35:00,0.2769,0.0834,0.1723,0.1591,0.4473,0.4473,0.5931,0.3177,0.0892,0.8687,True,25.0,False,26.0,False,116.0,False,127.0,False,133.0,False
2024-09-06T01,L,2024-09-05 21:40:00,0.7655,0.4503,0.5378,0.4488,0.4855,0.5378,0.0071,0.6995,0.2934,5.6351,False,-96.0,False,-96.0,False,-87.0,False,31.0,False,52.0,False
2024-09-06T08,H,2024-09-06 02:15:00,0.0661,0.1468,0.1474,0.0806,0.1649,0.238,0.2905,0.451,0.2585,1.1751,True,36.0,False,39.0,False,53.0,False,61.0,False,62.0,False
2024-09-06T12,L,2024-09-06 09:00:00,0.0,,0.2171,0.1942,0.3887,0.5757,0.5031,0.3671,0.1297,1.2423,True,11.0,True,18.0,False,20.0,False,25.0,False,45.0,False
2024-09-06T14,H,2024-09-06 13:25:00,0.3469,0.1353,0.5266,0.5987,0.9469,0.947,0.2767,0.7233,0.0,0.9301,True,3.0,True,7.0,True,7.0,True,7.0,True,10.0,True
2024-09-07T02,L,2024-09-06 21:05:00,0.4205,0.2739,0.3826,0.4186,0.5031,0.5031,0.3371,0.6168,0.0461,2.8514,True,12.0,True,23.0,False,47.0,False,47.0,False,59.0,False
2024-09-08T15,H,2024-09-07 16:10:00,0.6479,0.1077,0.2079,0.4754,0.6398,0.6398,0.2467,0.5467,0.2065,1.0964,False,-51.0,False,-29.0,False,19.0,False,58.0,False,70.0,False
2024-09-08T18,L,2024-09-08 16:05:00,0.0548,0.2691,0.2895,0.3752,0.6088,0.6088,0.7026,0.2941,0.0033,1.6922,True,8.0,True,12.0,True,14.0,False,15.0,False,21.0,False
2024-09-10T03,H,2024-09-09 21:20:00,0.9583,0.3932,0.5459,0.6764,0.7053,0.7545,0.4651,0.5057,0.0292,13.1173,False,-299.0,False,-295.0,False,-120.0,False,-107.0,False,-76.0,False
2024-09-10T19,L,2024-09-10 04:40:00,0.2794,0.1356,0.2194,0.3176,0.4097,0.4399,0.5021,0.4979,0.0,4.0514,True,16.0,False,33.0,False,42.0,False,92.0,False,182.0,False
2024-09-11T01,H,2024-09-10 20:00:00,0.0,,0.2138,0.2379,0.3024,0.4967,0.3485,0.4606,0.1909,1.5481,True,14.0,False,14.0,False,14.0,False,25.0,False,69.0,False
2024-09-11T16,L,2024-09-11 14:50:00,0.7551,0.0356,0.2293,0.5371,0.7862,0.7948,0.3928,0.1483,0.4589,2.6998,True,-88.0,False,-30.0,False,-18.0,False,14.0,False,26.0,False
2024-09-12T11,H,2024-09-12 02:05:00,0.3745,0.1051,0.3589,0.3788,0.3176,0.3931,0.5899,0.3879,0.0222,5.9167,True,44.0,False,47.0,False,91.0,False,95.0,False,107.0,False
2024-09-12T19,L,2024-09-12 13:55:00,0.3248,0.4294,0.39,0.7551,0.4986,0.8664,0.733,0.2242,0.0428,2.4047,True,4.0,True,4.0,True,5.0,True,7.0,True,49.0,False
2024-09-12T21,H,2024-09-12 20:00:00,0.0,,,,0.2775,0.4799,0.045,0.3554,0.5996,1.9491,True,17.0,False,23.0,False,23.0,False,28.0,False,32.0,False
2024-09-13T14,L,2024-09-13 12:25:00,0.852,0.1381,0.1801,0.4032,0.309,0.5931,0.4441,0.4519,0.104,6.9715,False,-164.0,False,-17.0,False,-17.0,False,-17.0,False,29.0,False
2024-09-14T05,H,2024-09-13 23:55:00,0.5845,0.133,0.1112,0.1389,0.1972,0.2338,0.0682,0.9058,0.026,0.859,False,-8.0,False,61.0,False,63.0,False,67.0,False,73.0,False
2024-09-15T15,L,2024-09-14 18:10:00,0.3695,0.0359,0.083,0.0863,0.1037,0.1211,0.6668,0.3332,0.0,18.1711,False,79.0,False,94.0,False,250.0,False,262.0,False,,False
2024-09-15T16,H,2024-09-15 16:00:00,0.0,,,,0.4579,0.4579,0.5532,0.2342,0.2127,3.7068,True,13.0,False,14.0,False,14.0,False,16.0,False,20.0,False
2024-09-16T11,L,2024-09-16 03:00:00,0.5553,0.3094,0.4374,0.5192,0.6951,0.7251,0.0999,0.9001,0.0,4.7613,True,-97.0,False,7.0,True,11.0,True,29.0,False,53.0,False
2024-09-16T14,H,2024-09-16 12:00:00,0.0,,,,0.3085,0.3085,0.5602,0.4249,0.015,2.2764,True,26.0,False,38.0,False,38.0,False,38.0,False,43.0,False
2024-09-16T22,L,2024-09-16 17:15:00,0.2248,0.119,0.2628,0.3578,0.3253,0.5354,0.2813,0.6521,0.0666,1.9358,True,9.0,True,33.0,False,35.0,False,69.0,False,69.0,False
2024-09-18T01,H,2024-09-17 15:25:00,0.6637,0.1098,0.1678,0.1326,0.3112,0.3567,0.386,0.288,0.326,5.1044,False,-173.0,False,-173.0,False,48.0,False,53.0,False,91.0,False
2024-09-18T21,L,2024-09-18 16:05:00,0.7819,0.0615,0.4532,0.6385,0.7063,0.7084,0.7447,0.1233,0.132,4.3417,False,-65.0,False,-61.0,False,-55.0,False,24.0,False,35.0,False
2024-09-19T20,H,2024-09-19 17:45:00,0.8318,0.2307,0.4072,0.6313,0.5113,0.7217,0.5142,0.2684,0.2173,2.7754,False,-195.0,False,-160.0,False,-140.0,False,-105.0,False,28.0,False
2024-09-21T11,L,2024-09-20 18:15:00,0.6109,0.0414,0.0664,0.1074,0.1803,0.1803,0.384,0.2024,0.4136,2.1839,False,-169.0,False,-169.0,False,183.0,False,,False,,False
2024-09-21T21,H,2024-09-21 17:20:00,0.5848,0.0579,0.1354,0.2194,0.4017,0.4017,0.7713,0.2287,0.0,3.5675,False,-25.0,False,33.0,False,44.0,False,44.0,False,,False
2024-09-21T23,L,2024-09-21 22:00:00,0.0,,0.2739,0.2698,0.6705,0.6705,0.2513,0.7487,0.0,0.9664,True,11.0,True,12.0,True,13.0,False,17.0,False,22.0,False
2024-09-22T01,H,2024-09-22 00:00:00,0.0,,0.2429,0.401,0.6063,0.6545,0.6698,0.1527,0.1775,5.3775,True,7.0,True,8.0,True,24.0,False,26.0,False,26.0,False
2024-09-22T17,L,2024-09-22 14:10:00,0.5985,0.3206,0.4878,0.5895,0.7311,0.7996,0.1736,0.4615,0.3648,3.3815,True,-25.0,False,1.0,True,1.0,True,14.0,False,40.0,False
2024-09-23T09,H,2024-09-23 03:30:00,0.8419,0.0862,0.1735,0.2798,0.5352,0.5352,0.2547,0.5205,0.2248,4.2823,False,-66.0,False,-65.0,False,-65.0,False,-38.0,False,55.0,False
2024-09-24T07,L,2024-09-24 02:15:00,0.6855,0.0946,0.1863,0.2246,0.4385,0.4385,0.3328,0.5539,0.1133,2.9064,False,-126.0,False,-18.0,False,45.0,False,45.0,False,57.0,False
2024-09-24T15,H,2024-09-24 09:00:00,0.1581,0.1501,0.3407,0.4042,0.5036,0.5036,0.1572,0.8286,0.0142,2.7136,True,12.0,True,25.0,False,46.0,False,61.0,False,66.0,False
2024-09-24T17,L,2024-09-24 16:00:00,0.0,,,0.1893,0.3183,0.39,0.3115,0.4636,0.2248,1.6731,True,17.0,False,21.0,False,21.0,False,23.0,False,28.0,False
2024-09-25T06,H,2024-09-25 01:40:00,0.7902,0.2401,0.6601,0.7195,0.6974,0.7505,0.7347,0.2016,0.0637,3.8129,False,-58.0,False,-51.0,False,-50.0,False,18.0,False,40.0,False
2024-09-26T04,L,2024-09-26 01:40:00,0.7564,0.0986,0.4094,0.548,0.671,0.671,0.3358,0.5687,0.0955,3.2569,False,-138.0,False,-128.0,False,-127.0,False,26.0,False,28.0,False
2024-09-27T02,H,2024-09-26 17:10:00,0.4433,0.1754,0.3116,0.4746,0.552,0.5591,0.1678,0.8195,0.0127,2.8589,True,10.0,True,16.0,False,33.0,False,46.0,False,118.0,False
2024-09-27T03,L,2024-09-27 03:05:00,0.1312,0.0526,0.1572,0.2785,,0.754,0.2685,0.635,0.0964,1.0478,True,10.0,True,11.0,True,11.0,True,,False,,False
2024-09-27T04,H,2024-09-27 04:10:00,0.2252,0.2684,0.2554,0.4813,,0.573,0.3846,0.3456,0.2698,1.4649,True,9.0,True,,False,,False,,False,,False
2024-09-27T08,L,2024-09-27 05:40:00,0.1928,0.0865,0.158,0.6012,0.5999,0.6869,0.4426,0.2371,0.3203,1.25,True,4.0,True,6.0,True,40.0,False,40.0,False,40.0,False
2024-09-27T11,H,2024-09-27 09:25:00,0.1195,0.1772,0.2561,0.2216,0.3651,0.3828,0.6042,0.3958,0.0,1.4159,True,19.0,False,19.0,False,19.0,False,31.0,False,31.0,False
2024-09-27T14,L,2024-09-27 12:20:00,0.2526,0.1808,0.702,0.796,0.7878,0.8101,0.5656,0.2811,0.1533,1.4429,True,3.0,True,3.0,True,3.0,True,8.0,True,23.0,False
2024-09-27T18,H,2024-09-27 15:00:00,0.0,,,0.1574,0.1709,0.1709,0.0486,0.6545,0.2969,1.8285,True,32.0,False,40.0,False,43.0,False,52.0,False,52.0,False
2024-09-29T01,L,2024-09-28 21:20:00,0.8727,0.2878,0.6664,0.7484,0.7875,0.7875,0.4781,0.5034,0.0185,6.5398,False,-315.0,False,-83.0,False,-39.0,False,-16.0,False,32.0,False
2024-09-29T05,H,2024-09-29 02:25:00,0.0708,0.0373,0.193,0.1822,0.4555,0.4975,0.1573,0.1039,0.7389,1.5728,True,21.0,False,26.0,False,31.0,False,38.0,False,43.0,False
2024-09-29T13,L,2024-09-29 07:55:00,0.3408,0.2781,0.3983,0.1884,0.5545,0.5703,0.0771,0.9229,0.0,4.5907,True,9.0,True,14.0,False,17.0,False,49.0,False,73.0,False
2024-09-29T23,H,2024-09-29 20:05:00,0.6026,0.2692,0.4645,0.5134,0.6891,0.7539,0.3921,0.5066,0.1013,10.5875,True,-64.0,False,-55.0,False,9.0,True,26.0,False,35.0,False
2024-09-30T20,L,2024-09-30 18:35:00,0.9421,0.2483,0.4748,0.4884,0.5409,0.5973,0.3105,0.5336,0.1559,1.7912,False,-117.0,False,-116.0,False,-88.0,False,-79.0,False,-69.0,False
2024-10-01T13,H,2024-10-01 07:45:00,0.5429,0.0116,0.0255,0.0522,0.0674,0.0674,0.1718,0.3421,0.4861,0.6046,False,-96.0,False,71.0,False,74.0,False,75.0,False,75.0,False
2024-10-02T03,L,2024-10-01 20:45:00,0.7448,0.2127,0.3716,0.4647,0.6447,0.6447,0.467,0.4181,0.1149,1.8853,False,-81.0,False,-80.0,False,-27.0,False,54.0,False,69.0,False
2024-10-02T19,H,2024-10-02 16:10:00,0.8171,0.1411,0.1679,0.3432,0.6837,0.7457,0.1632,0.8303,0.0066,6.5066,False,-76.0,False,-62.0,False,-39.0,False,-30.0,False,38.0,False
2024-10-02T21,L,2024-10-02 20:00:00,0.0,,0.2509,0.3758,0.7918,0.7918,0.2506,0.1736,0.5758,1.3007,True,9.0,True,10.0,True,10.0,True,14.0,False,,False
2024-10-02T23,H,2024-10-02 22:00:00,0.0,,,,0.2884,0.2884,0.6047,0.3953,0.0,0.9302,True,14.0,False,16.0,False,,False,,False,,False
2024-10-03T00,L,2024-10-03 00:10:00,0.0471,0.4682,0.3764,0.8645,,0.965,0.9963,0.0037,0.0,1.3475,True,1.0,True,1.0,True,5.0,True,5.0,True,10.0,True
2024-10-03T12,H,2024-10-03 04:05:00,0.2636,0.0493,0.1013,0.0888,0.225,0.225,0.1372,0.1705,0.6923,1.2131,False,46.0,False,49.0,False,50.0,False,57.0,False,107.0,False
2024-10-03T18,L,2024-10-03 13:20:00,0.1588,0.2416,0.7119,0.4387,0.5752,0.7119,0.1922,0.7765,0.0313,5.2882,True,2.0,True,2.0,True,3.0,True,60.0,False,68.0,False
2024-10-05T01,H,2024-10-04 21:00:00,0.8652,0.2684,0.3205,0.2773,0.5028,0.5028,0.3556,0.4816,0.1628,1.5123,False,-101.0,False,-101.0,False,-101.0,False,-79.0,False,52.0,False
2024-10-06T10,L,2024-10-05 03:05:00,0.2348,0.1501,0.2904,0.2913,0.2237,0.2985,0.084,0.8605,0.0555,4.8481,True,32.0,False,46.0,False,74.0,False,80.0,False,,False
2024-10-07T09,H,2024-10-07 01:15:00,0.9158,0.0847,0.1137,0.138,0.1248,0.1542,0.5816,0.2257,0.1927,2.5728,False,-134.0,False,-65.0,False,-63.0,False,-50.0,False,-39.0,False
2024-10-07T16,L,2024-10-07 11:10:00,0.2304,0.021,0.0278,0.0339,0.0426,0.0442,0.2722,0.7278,0.0,3.0859,False,38.0,False,46.0,False,,False,,False,,False
2024-10-07T18,H,2024-10-07 17:05:00,0.1903,0.186,0.4195,0.7294,0.4673,0.7294,0.4093,0.4924,0.0983,0.9962,True,5.0,True,5.0,True,5.0,True,18.0,False,21.0,False
2024-10-08T13,L,2024-10-08 07:25:00,0.6955,0.2631,0.4461,0.4783,0.5073,0.5195,0.4027,0.5916,0.0057,3.4397,False,-113.0,False,-53.0,False,26.0,False,34.0,False,55.0,False
2024-10-08T18,H,2024-10-08 14:05:00,0.0395,0.1204,0.5544,0.733,0.463,0.733,0.3079,0.6916,0.0005,2.4383,True,3.0,True,4.0,True,5.0,True,18.0,False,56.0,False
2024-10-09T01,L,2024-10-08 19:20:00,0.3376,0.0901,0.2664,0.3163,0.2969,0.3176,0.6932,0.2656,0.0412,1.6331,False,21.0,False,25.0,False,32.0,False,80.0,False,80.0,False
2024-10-09T12,H,2024-10-09 06:00:00,0.7435,0.1026,0.1127,0.165,0.3461,0.3461,0.7215,0.2785,0.0,2.1133,False,-42.0,False,-42.0,False,-34.0,False,36.0,False,60.0,False
2024-10-10T05,L,2024-10-09 21:00:00,0.8315,0.061,0.1439,0.2651,0.3949,0.4227,0.2226,0.4344,0.343,2.7955,False,-67.0,False,-67.0,False,-66.0,False,-60.0,False,108.0,False
2024-10-10T17,H,2024-10-10 12:05:00,0.2803,0.058,0.0693,0.1577,0.1257,0.2146,0.1911,0.5304,0.2785,1.1153,False,59.0,False,59.0,False,61.0,False,61.0,False,71.0,False
2024-10-10T23,L,2024-10-10 18:10:00,0.0774,0.0319,0.0857,0.1847,0.2626,0.3572,0.7669,0.0104,0.2227,2.7046,True,18.0,False,24.0,False,45.0,False,46.0,False,61.0,False
2024-10-12T03,H,2024-10-11 19:10:00,0.5271,0.1891,0.3683,0.4131,0.4388,0.453,0.6073,0.3925,0.0002,10.0736,False,-77.0,False,21.0,False,38.0,False,40.0,False,85.0,False
2024-10-13T21,L,2024-10-13 15:35:00,0.9124,0.2177,0.4802,0.4528,0.824,0.824,0.7766,0.0045,0.2189,3.7584,False,-355.0,False,-352.0,False,-343.0,False,-297.0,False,-292.0,False
2024-10-15T00,H,2024-10-14 23:00:00,0.9086,0.8014,0.9073,0.921,0.9415,0.9415,0.282,0.718,0.0,10.6205,True,-294.0,False,-294.0,False,-293.0,False,-266.0,False,-251.0,False
2024-10-15T13,L,2024-10-15 05:35:00,0.2321,0.0791,0.1441,0.1123,0.2142,0.2239,0.626,0.3542,0.0198,2.716,False,20.0,False,89.0,False,89.0,False,94.0,False,101.0,False
2024-10-15T14,H,2024-10-15 14:05:00,0.0579,0.1056,0.51,0.7128,,0.9853,0.0618,0.6675,0.2707,2.2715,True,3.0,True,5.0,True,6.0,True,7.0,True,11.0,True
2024-10-15T16,L,2024-10-15 15:10:00,0.0556,0.1908,0.6096,0.8894,0.927,0.927,0.6217,0.2921,0.0863,1.3083,True,1.0,True,3.0,True,4.0,True,5.0,True,7.0,True
2024-10-15T21,H,2024-10-15 18:20:00,0.3961,0.1035,0.2957,0.2825,0.3791,0.3791,0.5461,0.2681,0.1858,1.4035,False,32.0,False,32.0,False,44.0,False,44.0,False,44.0,False
2024-10-15T23,L,2024-10-15 22:00:00,0.0,,,,0.5924,0.5924,0.2307,0.6337,0.1355,2.333,True,11.0,True,13.0,False,14.0,False,29.0,False,31.0,False
2024-10-16T04,H,2024-10-16 02:15:00,0.4268,0.0379,0.0893,0.0873,0.1499,0.1499,0.0824,0.9099,0.0078,1.4373,False,33.0,False,33.0,False,33.0,False,33.0,False,,False
2024-10-16T10,L,2024-10-16 07:20:00,0.5837,0.0945,0.1664,0.1542,0.2621,0.2621,0.5279,0.2694,0.2027,1.5847,False,-19.0,False,32.0,False,37.0,False,44.0,False,44.0,False
2024-10-16T14,H,2024-10-16 11:50:00,0.2944,0.2322,0.3405,0.4812,0.4945,0.5506,0.149,0.7679,0.0831,2.9296,True,1.0,True,16.0,False,17.0,False,22.0,False,26.0,False
2024-10-17T23,L,2024-10-17 13:40:00,0.8945,0.1609,0.3077,0.0977,0.2283,0.3318,0.2733,0.7216,0.005,7.2835,False,-266.0,False,-266.0,False,-248.0,False,-241.0,False,124.0,False
2024-10-18T12,H,2024-10-18 06:30:00,0.6072,0.2261,0.2761,0.2667,0.2733,0.2777,0.2517,0.7479,0.0004,5.5517,False,-30.0,False,-30.0,False,66.0,False,78.0,False,78.0,False
2024-10-18T13,L,2024-10-18 13:00:00,0.0,,0.171,0.2389,0.5725,0.6985,0.0336,0.0561,0.9103,1.3405,True,10.0,True,10.0,True,13.0,False,13.0,False,13.0,False
2024-10-18T22,H,2024-10-18 18:50:00,0.4758,0.1829,0.319,0.5409,0.7575,0.7575,0.0129,0.5706,0.4165,1.342,True,6.0,True,9.0,True,12.0,True,21.0,False,38.0,False
2024-10-19T23,L,2024-10-19 17:05:00,0.5021,0.2901,0.3581,0.4992,0.525,0.525,0.4169,0.4957,0.0874,3.7366,True,-28.0,False,16.0,False,26.0,False,44.0,False,73.0,False
2024-10-20T00,H,2024-10-20 00:25:00,0.2464,0.1756,0.7047,0.7495,,0.9065,0.0094,0.4331,0.5574,1.0289,True,2.0,True,2.0,True,3.0,True,7.0,True,7.0,True
2024-10-20T06,L,2024-10-20 03:10:00,0.4062,0.0666,0.1146,0.1272,0.1994,0.2004,0.2534,0.7466,0.0,1.7093,False,16.0,False,24.0,False,24.0,False,46.0,False,46.0,False
2024-10-21T06,H,2024-10-21 00:35:00,0.7211,0.2241,0.3528,0.3938,0.1556,0.4591,0.3477,0.5149,0.1374,3.9826,False,-139.0,False,-139.0,False,-62.0,False,31.0,False,77.0,False
2024-10-22T04,L,2024-10-22 00:35:00,0.8428,0.236,0.8645,0.6901,0.8794,0.8794,0.5103,0.4444,0.0453,8.9571,True,-61.0,False,-56.0,False,-43.0,False,-41.0,False,17.0,False
2024-10-22T08,H,2024-10-22 06:30:00,0.2021,0.0424,0.1293,0.2449,0.2499,0.2499,0.21,0.7835,0.0065,1.2085,True,24.0,False,25.0,False,30.0,False,30.0,False,30.0,False
2024-10-22T11,L,2024-10-22 09:45:00,0.4196,0.1339,0.3073,0.3715,0.6464,0.6464,0.3404,0.3809,0.2787,0.8206,True,8.0,True,9.0,True,15.0,False,17.0,False,27.0,False
2024-10-22T12,H,2024-10-22 12:00:00,0.0,,,0.1288,0.5311,0.5445,0.31,0.4671,0.2229,1.7024,True,10.0,True,14.0,False,17.0,False,17.0,False,17.0,False
2024-10-22T14,L,2024-10-22 13:55:00,0.4826,0.667,0.7323,0.8098,0.8706,0.8706,0.2884,0.7083,0.0034,4.0218,True,0.0,True,0.0,True,3.0,True,4.0,True,13.0,False
2024-10-23T05,H,2024-10-22 23:00:00,0.6576,0.0654,0.1288,0.1368,0.1631,0.2043,0.3685,0.6315,0.0,1.1972,False,-79.0,False,-75.0,False,60.0,False,60.0,False,60.0,False
2024-10-23T20,L,2024-10-23 18:20:00,0.8708,0.0327,0.2169,0.3814,0.6528,0.6528,0.8539,0.1161,0.03,3.1134,False,-144.0,False,-142.0,False,-55.0,False,-54.0,False,32.0,False
2024-10-25T02,H,2024-10-24 21:25:00,0.8402,0.2778,0.6904,0.7776,0.7657,0.7776,0.2836,0.7164,0.0,5.4033,False,-153.0,False,-150.0,False,-149.0,False,-137.0,False,33.0,False
2024-10-25T13,L,2024-10-25 07:35:00,0.5986,0.1972,0.3264,0.3092,0.6066,0.6066,0.5976,0.3828,0.0195,2.6569,True,-52.0,False,11.0,True,14.0,False,29.0,False,45.0,False
2024-10-25T15,H,2024-10-25 14:35:00,0.3483,0.0854,0.3003,0.153,0.3659,0.4366,0.407,0.458,0.135,1.3988,True,15.0,False,16.0,False,16.0,False,17.0,False,17.0,False
2024-10-26T06,L,2024-10-25 23:25:00,0.7939,0.1291,0.3266,0.3861,0.529,0.5424,0.685,0.2978,0.0172,3.5004,False,-78.0,False,-59.0,False,-17.0,False,56.0,False,79.0,False
2024-10-28T03,H,2024-10-27 22:35:00,0.9252,0.1699,0.2273,0.2392,0.4802,0.4802,0.6842,0.2787,0.0372,4.1328,False,-399.0,False,-391.0,False,-390.0,False,-379.0,False,-139.0,False
2024-10-28T07,L,2024-10-28 05:35:00,0.2083,0.0684,0.1882,0.2318,0.1877,0.2427,0.548,0.451,0.001,2.0771,True,19.0,False,20.0,False,20.0,False,21.0,False,29.0,False
2024-10-29T12,H,2024-10-29 02:25:00,0.8078,0.112,0.2447,0.2845,0.3956,0.3956,0.8344,0.1571,0.0085,6.2341,False,-202.0,False,-135.0,False,-131.0,False,-20.0,False,94.0,False
2024-10-29T13,L,2024-10-29 13:35:00,0.2105,0.0319,0.4383,,,0.6851,0.9428,0.0572,0.0,3.5012,True,5.0,True,5.0,True,,False,,False,,False
2024-10-29T21,H,2024-10-29 19:15:00,0.504,0.0697,0.5424,0.722,0.8352,0.8448,0.3388,0.4405,0.2207,1.75,True,-44.0,False,4.0,True,6.0,True,9.0,True,21.0,False
2024-11-01T10,L,2024-11-01 02:15:00,0.9593,0.1751,0.369,0.3477,0.564,0.5856,0.1521,0.7809,0.067,4.57,False,-617.0,False,-432.0,False,-432.0,False,-423.0,False,-321.0,False
2024-11-01T19,H,2024-11-01 14:35:00,0.1837,0.1797,0.3686,0.3935,0.7029,0.7029,0.0579,0.5101,0.432,1.5847,True,4.0,True,10.0,True,12.0,True,13.0,False,15.0,False
2024-11-01T23,L,2024-11-01 20:00:00,0.0,,,,0.6185,0.6185,0.5656,0.3183,0.116,1.372,True,12.0,True,12.0,True,15.0,False,43.0,False,57.0,False
2024-11-02T14,H,2024-11-02 02:30:00,0.1812,0.0436,0.0904,0.1789,0.1934,0.1934,0.7156,0.2833,0.001,3.1028,True,91.0,False,126.0,False,138.0,False,141.0,False,147.0,False
2024-11-02T15,L,2024-11-02 15:00:00,0.0,,0.5772,0.8601,0.8855,0.9284,0.4853,0.5147,0.0,1.4902,True,1.0,True,1.0,True,1.0,True,6.0,True,8.0,True
2024-11-03T00,H,2024-11-02 16:55:00,0.4228,0.1789,0.186,0.281,0.4189,0.5738,0.1926,0.7659,0.0416,0.8414,True,10.0,True,15.0,False,77.0,False,97.0,False,97.0,False
2024-11-03T17,L,2024-11-03 15:40:00,0.943,0.1948,0.5799,0.7303,0.7561,0.8187,0.3043,0.6957,0.0,4.7984,False,-149.0,False,-144.0,False,-142.0,False,-136.0,False,-108.0,False
2024-11-04T11,H,2024-11-04 03:05:00,0.7893,0.0702,0.1134,0.1283,0.1637,0.1644,0.0793,0.9202,0.0005,2.5384,False,-101.0,False,-100.0,False,-99.0,False,83.0,False,,False
2024-11-04T12,L,2024-11-04 12:00:00,0.0,,,,0.3624,0.3624,0.7341,0.1902,0.0756,0.8978,True,15.0,False,,False,,False,,False,,False
2024-11-04T13,H,2024-11-04 13:25:00,0.1189,0.1544,0.3516,0.5123,,0.9808,0.4049,0.5938,0.0013,1.365,True,6.0,True,7.0,True,7.0,True,7.0,True,7.0,True
2024-11-05T02,L,2024-11-04 21:55:00,0.7998,0.161,0.7337,0.7875,0.8893,0.8893,0.3568,0.484,0.1591,2.2483,True,-73.0,False,-72.0,False,-33.0,False,5.0,True,21.0,False
2024-11-05T23,H,2024-11-05 16:40:00,0.8965,0.1693,0.1893,0.1351,0.2191,0.3053,0.5138,0.2635,0.2228,6.5413,False,-50.0,False,-15.0,False,-15.0,False,-14.0,False,68.0,False
2024-11-06T00,L,2024-11-06 00:00:00,0.0,,0.1559,0.5516,0.9253,0.9253,0.4645,0.3784,0.1571,1.2277,True,6.0,True,7.0,True,7.0,True,8.0,True,11.0,True
2024-11-06T14,H,2024-11-06 06:25:00,0.4631,0.1027,0.3373,0.631,0.7693,0.7693,0.7893,0.1856,0.0251,1.9798,True,6.0,True,6.0,True,7.0,True,13.0,False,20.0,False
2024-11-06T19,L,2024-11-06 15:00:00,0.0,0.0815,0.2901,0.3073,0.2313,0.3359,0.2874,0.4802,0.2324,1.4715,True,48.0,False,48.0,False,49.0,False,59.0,False,60.0,False
2024-11-06T23,H,2024-11-06 21:00:00,0.4905,0.0858,0.0931,0.2126,0.1731,0.2621,0.0255,0.8806,0.0939,2.2241,False,36.0,False,36.0,False,36.0,False,36.0,False,36.0,False
2024-11-07T17,L,2024-11-07 06:15:00,0.205,0.0424,0.2282,0.1148,0.3175,0.3175,0.7284,0.0207,0.2509,1.798,True,39.0,False,109.0,False,113.0,False,117.0,False,130.0,False
2024-11-07T22,H,2024-11-07 20:20:00,0.593,0.1009,0.1788,0.4795,0.5418,0.5418,0.465,0.5226,0.0123,1.5056,False,-26.0,False,15.0,False,18.0,False,20.0,False,24.0,False
2024-11-08T18,L,2024-11-07 23:00:00,0.0,,,0.2566,0.3299,0.3299,0.2836,0.6029,0.1135,1.3545,True,114.0,False,150.0,False,186.0,False,241.0,False,246.0,False
2024-11-08T22,H,2024-11-08 19:45:00,0.2775,0.1257,0.2681,0.4989,0.6797,0.6797,0.5487,0.3822,0.0691,2.1169,True,7.0,True,8.0,True,13.0,False,21.0,False,39.0,False
2024-11-09T23,L,2024-11-09 17:20:00,0.6527,0.1609,0.2939,0.4004,0.5839,0.5839,0.0028,0.8274,0.1698,6.4372,False,-203.0,False,-133.0,False,14.0,False,21.0,False,80.0,False
2024-11-10T20,H,2024-11-10 18:30:00,0.8397,0.1616,0.2443,0.3457,0.6114,0.6114,0.3047,0.5736,0.1217,2.9131,False,-149.0,False,-143.0,False,-141.0,False,-128.0,False,18.0,False
2024-11-11T01,L,2024-11-10 21:15:00,0.0122,0.2214,0.4698,0.5114,0.7048,0.7048,0.3125,0.5428,0.1447,3.1377,True,5.0,True,8.0,True,12.0,True,14.0,False,54.0,False
2024-11-11T06,H,2024-11-11 03:55:00,0.4162,0.0966,0.1786,0.2096,0.301,0.3102,0.0991,0.436,0.4649,2.5854,False,21.0,False,24.0,False,25.0,False,25.0,False,37.0,False
2024-11-11T11,L,2024-11-11 07:00:00,0.0,,,,0.1449,0.1772,0.2194,0.5209,0.2597,1.635,True,37.0,False,45.0,False,47.0,False,51.0,False,59.0,False
2024-11-11T13,H,2024-11-11 12:15:00,0.0772,0.1359,0.2164,0.1167,0.4342,0.4342,0.1614,0.7977,0.0408,4.1214,True,21.0,False,21.0,False,21.0,False,21.0,False,21.0,False
2024-11-11T14,L,2024-11-11 14:00:00,0.0,,,,0.2515,0.5886,0.041,0.7105,0.2485,2.1295,True,9.0,True,15.0,False,20.0,False,20.0,False,20.0,False
2024-11-12T08,H,2024-11-12 07:20:00,0.9494,0.1797,0.3727,0.4366,0.8461,0.8887,0.5452,0.3831,0.0717,0.8849,False,-109.0,False,-109.0,False,-108.0,False,-106.0,False,-85.0,False
2024-11-13T13,L,2024-11-12 13:55:00,0.5581,0.1144,0.1664,0.1581,0.2715,0.2715,0.8895,0.0663,0.0442,0.853,False,-30.0,False,55.0,False,63.0,False,67.0,False,289.0,False
2024-11-13T21,H,2024-11-13 16:20:00,0.3583,0.0436,0.0929,0.129,0.1201,0.2134,0.3554,0.1116,0.5331,1.1508,False,36.0,False,44.0,False,45.0,False,57.0,False,60.0,False
2024-11-14T11,L,2024-11-13 22:00:00,0.0,,,,0.6594,0.6594,0.7188,0.2164,0.0649,1.2188,True,10.0,True,12.0,True,14.0,False,28.0,False,151.0,False
2024-11-14T13,H,2024-11-14 12:00:00,0.0,0.1316,0.1016,0.2537,0.3082,0.4414,0.3393,0.5243,0.1363,0.9522,True,16.0,False,19.0,False,24.0,False,24.0,False,,False
2024-11-15T09,L,2024-11-14 23:45:00,0.8549,0.2219,0.2436,0.4991,0.4777,0.5951,0.5345,0.4552,0.0103,2.7153,False,-111.0,False,-110.0,False,-110.0,False,-69.0,False,111.0,False
2024-11-16T09,H,2024-11-15 22:00:00,0.87,0.087,0.1915,0.2656,0.3064,0.3064,0.0441,0.6322,0.3237,1.1635,False,-102.0,False,-89.0,False,-82.0,False,-79.0,False,123.0,False
2024-11-17T09,L,2024-11-17 02:20:00,0.7418,0.1588,0.1489,0.3154,0.3453,0.4741,0.6374,0.291,0.0716,4.5737,False,-98.0,False,-96.0,False,-93.0,False,34.0,False,80.0,False
2024-11-17T14,H,2024-11-17 10:00:00,0.0,,,,0.2743,0.2743,0.79,0.151,0.0589,3.5893,True,22.0,False,25.0,False,25.0,False,58.0,False,58.0,False
2024-11-18T01,L,2024-11-17 22:10:00,0.6227,0.1802,0.4137,0.332,0.459,0.4753,0.8581,0.1056,0.0363,2.6059,False,-78.0,False,-50.0,False,35.0,False,38.0,False,46.0,False
2024-11-18T13,H,2024-11-18 07:05:00,0.5658,0.1605,0.1994,0.3264,0.3021,0.3321,0.3577,0.4772,0.1651,6.0797,False,-25.0,False,50.0,False,55.0,False,56.0,False,57.0,False
2024-11-18T15,L,2024-11-18 14:00:00,0.0,0.0835,0.4184,0.551,0.5052,0.7006,0.4726,0.4063,0.1211,1.0002,True,5.0,True,7.0,True,7.0,True,20.0,False,24.0,False
2024-11-18T18,H,2024-11-18 16:00:00,0.0,0.0799,0.1288,0.1681,0.5157,0.5259,0.4516,0.152,0.3964,1.0,True,10.0,True,22.0,False,32.0,False,36.0,False,36.0,False
2024-11-18T21,L,2024-11-18 19:35:00,0.1277,0.1225,0.306,0.4416,0.7405,0.7405,0.2338,0.7015,0.0647,1.2769,True,4.0,True,10.0,True,11.0,True,17.0,False,17.0,False
2024-11-18T23,H,2024-11-18 22:00:00,0.0,,,,0.539,0.539,0.8117,0.0274,0.1609,1.0953,True,11.0,True,15.0,False,22.0,False,24.0,False,26.0,False
2024-11-19T03,L,2024-11-19 00:00:00,0.0,,,0.0886,0.1681,0.1809,0.8598,0.0349,0.1054,1.9754,True,41.0,False,46.0,False,53.0,False,53.0,False,53.0,False
2024-11-19T13,H,2024-11-19 13:15:00,0.7082,0.0771,0.3646,0.7776,,0.9551,0.021,0.3917,0.5873,3.4974,True,-60.0,False,-46.0,False,-45.0,False,8.0,True,9.0,True
2024-11-19T15,L,2024-11-19 14:10:00,0.0834,0.2407,0.1787,0.3079,0.752,0.752,0.51,0.3648,0.1252,2.0692,True,7.0,True,7.0,True,8.0,True,22.0,False,22.0,False
2024-11-19T22,H,2024-11-19 19:15:00,0.2437,0.0462,0.1908,0.2165,0.2583,0.3413,0.9047,0.0902,0.0051,2.7523,True,17.0,False,20.0,False,23.0,False,25.0,False,34.0,False
2024-11-20T08,L,2024-11-19 23:00:00,0.0,,,0.269,0.5229,0.5229,0.2336,0.7043,0.0621,2.9689,True,12.0,True,81.0,False,88.0,False,112.0,False,112.0,False
2024-11-20T22,H,2024-11-20 15:40:00,0.5538,0.0199,0.0238,0.0613,0.3049,0.3297,0.1966,0.2454,0.558,1.5087,False,-53.0,False,42.0,False,88.0,False,88.0,False,,False
2024-11-21T00,L,2024-11-20 23:25:00,0.1004,0.1713,0.3746,0.4307,0.6297,0.6297,0.105,0.6497,0.2452,1.9128,True,10.0,True,12.0,True,13.0,False,13.0,False,,False
2024-11-21T02,H,2024-11-21 01:25:00,0.1115,0.1262,0.2262,0.217,0.3858,0.3858,0.1555,0.7575,0.087,1.2653,True,13.0,False,14.0,False,19.0,False,19.0,False,19.0,False
2024-11-21T03,L,2024-11-21 03:00:00,0.0,,,0.4481,0.7495,0.7665,0.243,0.4546,0.3024,0.9884,True,9.0,True,10.0,True,10.0,True,14.0,False,16.0,False
2024-11-21T15,H,2024-11-21 11:10:00,0.5693,0.0953,0.2788,0.5167,0.4122,0.5167,0.8152,0.0808,0.104,3.7867,False,-32.0,False,20.0,False,21.0,False,22.0,False,46.0,False
2024-11-24T02,L,2024-11-21 16:00:00,0.0,,0.4362,0.4834,0.5809,0.5809,0.7708,0.1867,0.0425,1.3217,True,8.0,True,15.0,False,20.0,False,27.0,False,41.0,False
2024-11-24T10,H,2024-11-24 03:00:00,0.0,,0.1808,0.1912,0.4899,0.4899,0.5761,0.4047,0.0192,0.8726,True,14.0,False,19.0,False,80.0,False,95.0,False,99.0,False
2024-11-24T22,L,2024-11-24 16:05:00,0.6485,0.1875,0.2203,0.3183,0.3491,0.6327,0.5154,0.447,0.0376,3.4007,False,-33.0,False,-31.0,False,53.0,False,59.0,False,71.0,False
2024-11-25T14,H,2024-11-25 09:25:00,0.4963,0.2057,0.2585,0.4402,0.6091,0.6091,0.1492,0.604,0.2468,2.6795,True,11.0,True,12.0,True,28.0,False,45.0,False,55.0,False
2024-11-26T05,L,2024-11-25 22:40:00,0.7627,0.0999,0.231,0.3014,0.1806,0.3301,0.3878,0.612,0.0001,2.5748,False,-86.0,False,-83.0,False,-82.0,False,69.0,False,88.0,False
2024-11-26T08,H,2024-11-26 06:30:00,0.0949,0.1286,0.2014,0.2067,0.3603,0.4329,0.0106,0.845,0.1444,2.7224,True,18.0,False,19.0,False,22.0,False,22.0,False,,False
2024-11-26T16,L,2024-11-26 11:50:00,0.6391,0.1473,0.2688,0.4566,0.2101,0.5112,0.8276,0.1565,0.0159,1.5669,False,-31.0,False,-22.0,False,38.0,False,38.0,False,51.0,False
2024-11-26T20,H,2024-11-26 17:00:00,0.0,,0.1946,0.22,0.2812,0.2812,0.5632,0.274,0.1628,1.1703,True,18.0,False,20.0,False,21.0,False,26.0,False,46.0,False
2024-11-26T23,L,2024-11-26 21:00:00,0.0,,,0.1064,0.4223,0.4223,0.7505,0.2072,0.0422,2.1321,True,17.0,False,19.0,False,39.0,False,40.0,False,40.0,False
2024-11-28T03,H,2024-11-27 20:30:00,0.8746,0.0717,0.3637,0.5741,0.7131,0.7131,0.5234,0.0378,0.4389,1.3363,False,-110.0,False,-110.0,False,-106.0,False,-100.0,False,78.0,False
2024-11-29T01,L,2024-11-28 10:10:00,0.4377,0.0263,0.0862,0.1159,0.1117,0.1226,0.1495,0.0757,0.7748,1.6558,False,190.0,False,,False,,False,,False,,False
2024-11-29T20,H,2024-11-29 15:25:00,0.78,0.0638,0.1972,0.1066,0.243,0.3177,0.3355,0.186,0.4785,3.4625,False,-110.0,False,-92.0,False,-89.0,False,27.0,False,,False
2024-11-30T18,L,2024-11-30 11:05:00,0.4046,0.0998,0.1265,0.2048,0.1757,0.2048,0.64,0.2938,0.0662,2.2565,False,59.0,False,59.0,False,71.0,False,85.0,False,95.0,False
2024-11-30T22,H,2024-11-30 19:45:00,0.3121,0.1009,0.1917,0.0997,0.5342,0.5342,0.1293,0.3655,0.5052,0.8108,True,12.0,True,27.0,False,31.0,False,37.0,False,39.0,False
2024-12-01T08,L,2024-12-01 03:00:00,0.4495,0.1202,0.542,0.4526,0.8534,0.8534,0.6647,0.3349,0.0003,1.1494,True,3.0,True,8.0,True,9.0,True,12.0,True,23.0,False
2024-12-02T03,H,2024-12-02 01:35:00,0.815,0.2967,0.2745,0.2352,0.4728,0.4728,0.7116,0.2805,0.0079,3.9189,False,-180.0,False,-180.0,False,-66.0,False,-61.0,False,29.0,False
2024-12-02T15,L,2024-12-02 12:55:00,0.5702,0.2513,0.5497,0.6391,0.6776,0.6806,0.2468,0.6537,0.0994,2.6744,True,-93.0,False,5.0,True,19.0,False,20.0,False,30.0,False
2024-12-02T17,H,2024-12-02 16:15:00,0.1325,0.0714,0.4559,0.6588,0.6748,0.6946,0.3413,0.0922,0.5664,1.0479,True,5.0,True,5.0,True,13.0,False,13.0,False,21.0,False
2024-12-02T20,L,2024-12-02 18:00:00,0.0,0.1005,0.2844,0.4605,0.5648,0.5648,0.602,0.2685,0.1295,2.2178,True,7.0,True,20.0,False,24.0,False,25.0,False,27.0,False
2024-12-02T21,H,2024-12-02 21:00:00,0.0,,,,0.6107,0.624,0.3335,0.6106,0.0558,1.0669,True,8.0,True,9.0,True,20.0,False,20.0,False,,False
2024-12-02T23,L,2024-12-02 22:35:00,0.4689,0.072,0.2538,0.3303,0.4985,0.4985,0.6914,0.2182,0.0905,1.672,True,13.0,False,17.0,False,17.0,False,17.0,False,17.0,False
2024-12-03T09,H,2024-12-03 02:45:00,0.2044,0.1413,0.1295,0.1509,0.1014,0.2283,0.174,0.6756,0.1504,3.6507,True,75.0,False,87.0,False,87.0,False,87.0,False,87.0,False
2024-12-03T16,L,2024-12-03 14:35:00,0.6034,0.032,0.7084,0.8967,0.8998,0.9285,0.8276,0.0282,0.1442,3.4457,True,-46.0,False,-46.0,False,3.0,True,5.0,True,7.0,True
2024-12-04T13,H,2024-12-04 09:45:00,0.8889,0.1956,0.3784,0.6112,0.6924,0.6999,0.1849,0.1449,0.6702,0.9559,False,-201.0,False,-201.0,False,-201.0,False,-199.0,False,27.0,False
2024-12-04T19,L,2024-12-04 16:55:00,0.675,0.1985,0.132,0.192,0.47,0.47,0.2442,0.7227,0.0331,1.4302,False,-28.0,False,-28.0,False,16.0,False,23.0,False,29.0,False
2024-12-05T15,H,2024-12-05 03:10:00,0.6269,0.1271,0.2889,0.3551,0.2928,0.4203,0.5134,0.4271,0.0595,7.2772,False,-65.0,False,-64.0,False,37.0,False,47.0,False,130.0,False
2024-12-06T13,L,2024-12-05 22:30:00,0.5123,0.6755,0.8358,0.8774,0.9026,0.9026,0.5479,0.4521,0.0,17.2942,True,-8.0,False,0.0,True,1.0,True,1.0,True,12.0,True
2024-12-07T03,H,2024-12-06 20:45:00,0.6215,0.0166,0.0901,0.1008,0.1653,0.1653,0.5146,0.4854,0.0,0.8484,False,-48.0,False,-44.0,False,87.0,False,87.0,False,,False
2024-12-07T18,L,2024-12-07 05:50:00,0.2156,0.0764,0.2132,0.2435,0.2254,0.2691,0.0702,0.606,0.3238,2.9068,True,44.0,False,112.0,False,122.0,False,155.0,False,158.0,False
2024-12-08T04,H,2024-12-07 21:05:00,0.3663,0.0933,0.4293,0.6456,0.6282,0.7186,0.5165,0.3461,0.1374,1.2662,True,6.0,True,6.0,True,8.0,True,23.0,False,95.0,False
2024-12-08T13,L,2024-12-08 10:00:00,0.5168,0.2769,0.755,0.6948,0.6869,0.755,0.0853,0.7113,0.2034,4.0416,True,-30.0,False,2.0,True,3.0,True,17.0,False,34.0,False
2024-12-09T01,H,2024-12-09 00:00:00,0.7635,0.0745,0.2044,0.5163,0.7998,0.8085,0.5542,0.3904,0.0554,3.5917,True,-107.0,False,-106.0,False,-60.0,False,8.0,True,24.0,False
2024-12-09T14,L,2024-12-09 12:05:00,0.7836,0.2195,0.2916,0.3507,0.2574,0.4273,0.5725,0.4272,0.0003,1.7984,False,-96.0,False,-86.0,False,-79.0,False,32.0,False,34.0,False
2024-12-09T15,H,2024-12-09 15:05:00,0.1587,0.2529,0.8706,0.9166,,0.9888,0.1063,0.8636,0.0301,1.3848,True,2.0,True,2.0,True,3.0,True,3.0,True,5.0,True
2024-12-10T01,L,2024-12-09 21:10:00,0.6046,0.8047,0.8451,0.8615,0.875,0.8848,0.5993,0.352,0.0486,9.7287,True,-58.0,False,-57.0,False,0.0,True,0.0,True,25.0,False
2024-12-10T02,H,2024-12-10 02:00:00,0.0,,,0.0437,0.1945,0.1945,0.0176,0.3975,0.5849,1.0955,True,18.0,False,18.0,False,18.0,False,,False,,False
2024-12-10T05,L,2024-12-10 03:30:00,0.0994,0.2016,0.5212,0.7512,0.6135,0.7512,0.2662,0.5251,0.2087,2.1727,True,3.0,True,4.0,True,6.0,True,15.0,False,30.0,False
2024-12-10T16,H,2024-12-10 14:50:00,0.3691,0.0808,0.2169,0.2065,0.6496,0.6496,0.2934,0.2997,0.4069,4.7284,True,10.0,True,12.0,True,13.0,False,14.0,False,14.0,False
2024-12-10T22,L,2024-12-10 18:15:00,0.5845,0.1547,0.2709,0.4339,0.5498,0.5498,0.4919,0.2869,0.2212,0.473,False,-15.0,False,13.0,False,15.0,False,31.0,False,45.0,False
2024-12-12T04,H,2024-12-11 22:10:00,0.8419,0.1841,0.5375,0.653,0.666,0.6995,0.6852,0.2987,0.0161,2.726,False,-259.0,False,-257.0,False,-242.0,False,-50.0,False,31.0,False
2024-12-13T10,L,2024-12-13 01:55:00,0.8071,0.0467,0.0464,0.0578,0.0531,0.0782,0.1412,0.8588,0.0,1.9625,False,-208.0,False,-202.0,False,-118.0,False,-115.0,False,,False
2024-12-14T09,H,2024-12-14 01:30:00,0.7811,0.0454,0.216,0.2131,0.3804,0.3804,0.1896,0.4734,0.3371,2.8159,False,-114.0,False,-114.0,False,-39.0,False,78.0,False,102.0,False
2024-12-15T01,L,2024-12-14 20:55:00,0.5059,0.1602,0.4881,0.5982,0.5915,0.6449,0.4486,0.4206,0.1308,5.5819,True,-45.0,False,7.0,True,27.0,False,39.0,False,59.0,False
2024-12-16T09,H,2024-12-16 00:40:00,0.8769,0.065,0.3584,0.5661,0.5765,0.6433,0.4678,0.1886,0.3436,5.8806,False,-253.0,False,-215.0,False,-212.0,False,-203.0,False,101.0,False
2024-12-16T15,L,2024-12-16 12:55:00,0.2246,0.1419,0.2067,0.2502,0.233,0.2611,0.4791,0.3355,0.1854,2.0162,True,21.0,False,21.0,False,22.0,False,23.0,False,37.0,False
2024-12-16T22,H,2024-12-16 18:30:00,0.3152,0.0552,0.1676,0.3169,0.7279,0.7381,0.3979,0.1547,0.4474,1.7507,True,7.0,True,9.0,True,9.0,True,28.0,False,37.0,False
2024-12-17T09,L,2024-12-16 23:40:00,0.1609,0.0481,0.2203,0.1395,0.2359,0.2825,0.5709,0.0334,0.3957,0.9099,True,46.0,False,52.0,False,52.0,False,112.0,False,112.0,False
2024-12-17T11,H,2024-12-17 10:00:00,0.0,,,,0.4227,0.4227,0.0898,0.8066,0.1036,1.6251,True,13.0,False,14.0,False,30.0,False,32.0,False,34.0,False
2024-12-17T14,L,2024-12-17 12:20:00,0.1268,0.039,0.1211,0.1617,0.1948,0.2138,0.2741,0.2685,0.4574,1.0369,True,30.0,False,31.0,False,32.0,False,32.0,False,32.0,False
2024-12-17T15,H,2024-12-17 15:00:00,0.0,0.0653,0.6594,0.874,0.9846,0.9846,0.4174,0.2974,0.2853,1.6839,True,3.0,True,3.0,True,4.0,True,5.0,True,12.0,True
2024-12-18T13,L,2024-12-18 06:50:00,0.7778,0.2166,0.4519,0.534,0.55,0.5775,0.2634,0.6984,0.0382,2.4744,False,-161.0,False,-160.0,False,-154.0,False,65.0,False,74.0,False
2024-12-18T14,H,2024-12-18 14:00:00,0.0,,,,0.3502,0.4987,0.6088,0.3197,0.0715,1.466,True,15.0,False,15.0,False,20.0,False,20.0,False,,False
2024-12-18T15,L,2024-12-18 15:10:00,0.1385,0.0626,0.4651,0.6863,,0.9059,0.013,0.1615,0.8255,1.1639,True,6.0,True,6.0,True,10.0,True,10.0,True,10.0,True
2024-12-18T19,H,2024-12-18 18:20:00,0.663,0.1036,0.2274,0.4331,0.5578,0.5578,0.3102,0.6048,0.085,0.4403,False,-24.0,False,-24.0,False,20.0,False,20.0,False,20.0,False
2024-12-19T06,L,2024-12-19 02:30:00,0.6117,0.0979,0.2558,0.7125,0.8206,0.8525,0.5408,0.1869,0.2724,1.3436,True,-75.0,False,-23.0,False,6.0,True,9.0,True,42.0,False
2024-12-19T17,H,2024-12-19 14:40:00,0.1879,0.4712,0.7644,0.8738,0.9437,0.9437,0.8602,0.1114,0.0284,3.5379,True,1.0,True,2.0,True,2.0,True,5.0,True,9.0,True
2024-12-20T06,L,2024-12-19 20:15:00,0.6952,0.0813,0.1983,0.3307,0.2894,0.3307,0.4294,0.5277,0.0429,2.3137,False,-21.0,False,-19.0,False,81.0,False,99.0,False,129.0,False
2024-12-20T09,H,2024-12-20 07:35:00,0.1014,0.0492,0.0645,0.1451,0.2921,0.2921,0.0925,0.7233,0.1842,0.707,True,15.0,False,16.0,False,17.0,False,17.0,False,29.0,False
2024-12-20T15,L,2024-12-20 12:20:00,0.5908,0.1694,0.3633,0.4512,0.5549,0.5688,0.4924,0.3157,0.1919,2.0742,False,-20.0,False,15.0,False,15.0,False,17.0,False,32.0,False
2024-12-21T13,H,2024-12-21 07:45:00,0.8221,0.0529,0.3932,0.4189,0.7378,0.7378,0.8422,0.1455,0.0123,3.1883,False,-140.0,False,-134.0,False,-129.0,False,-126.0,False,53.0,False
2024-12-22T10,L,2024-12-22 05:15:00,0.8558,0.0953,0.2945,0.2479,0.4975,0.5225,0.3151,0.0772,0.6077,2.1178,False,-183.0,False,-183.0,False,-183.0,False,-182.0,False,57.0,False
2024-12-22T14,H,2024-12-22 11:00:00,0.0,,,0.1334,0.0647,0.1776,0.6286,0.2067,0.1647,3.0365,True,42.0,False,44.0,False,45.0,False,46.0,False,52.0,False
2024-12-23T03,L,2024-12-23 02:30:00,0.8897,0.2802,0.5856,0.6915,0.8918,0.8918,0.1437,0.7617,0.0947,1.4084,True,-101.0,False,-101.0,False,-96.0,False,-61.0,False,15.0,False
2024-12-23T15,H,2024-12-23 11:05:00,0.6382,0.0873,0.1203,0.1707,0.1679,0.1837,0.3435,0.4773,0.1792,1.4018,False,-53.0,False,-49.0,False,44.0,False,47.0,False,49.0,False
2024-12-23T22,L,2024-12-23 20:20:00,0.6411,0.0959,0.2333,0.2946,0.6242,0.6242,0.5294,0.3005,0.1702,1.2602,False,-41.0,False,-41.0,False,25.0,False,32.0,False,32.0,False
2024-12-25T03,H,2024-12-24 18:20:00,0.7491,0.2745,0.5689,0.5139,0.743,0.743,0.4976,0.4178,0.0846,3.1779,False,-217.0,False,-214.0,False,-193.0,False,14.0,False,20.0,False
2024-12-26T22,L,2024-12-26 10:15:00,0.8955,0.0812,0.1666,0.2115,0.3288,0.3288,0.3228,0.6772,0.0,1.6975,False,-335.0,False,-288.0,False,-287.0,False,-286.0,False,153.0,False
2024-12-27T15,H,2024-12-27 09:10:00,0.5821,0.0873,0.0935,0.1056,0.1002,0.144,0.6803,0.3139,0.0057,14.8145,False,-18.0,False,67.0,False,74.0,False,82.0,False,82.0,False
2024-12-28T04,L,2024-12-27 17:25:00,0.3038,0.0639,0.1267,0.1712,0.2691,0.289,0.6654,0.2874,0.0472,2.269,False,115.0,False,119.0,False,127.0,False,127.0,False,127.0,False
2024-12-29T11,H,2024-12-28 22:55:00,0.6608,0.3639,0.4513,0.562,0.5175,0.6012,0.1302,0.6423,0.2275,4.8185,False,-181.0,False,-84.0,False,23.0,False,73.0,False,154.0,False
2024-12-30T06,L,2024-12-29 23:15:00,0.8987,0.0573,0.3827,0.5057,0.5409,0.5855,0.1276,0.3178,0.5546,1.2644,False,-131.0,False,-100.0,False,-100.0,False,-94.0,False,93.0,False
2024-12-30T13,H,2024-12-30 12:30:00,0.2444,0.1546,0.4379,0.4417,0.6749,0.6749,0.286,0.7135,0.0005,2.7378,True,8.0,True,9.0,True,14.0,False,14.0,False,18.0,False
2024-12-30T18,L,2024-12-30 15:30:00,0.2767,0.0311,0.1421,0.1561,0.1484,0.2023,0.2606,0.3007,0.4387,0.843,False,26.0,False,27.0,False,27.0,False,32.0,False,42.0,False
2024-12-30T23,H,2024-12-30 20:25:00,0.3659,0.046,0.2965,0.2675,0.5347,0.5347,0.122,0.2233,0.6547,1.6142,True,12.0,True,14.0,False,15.0,False,16.0,False,17.0,False
2024-12-31T07,L,2024-12-31 01:35:00,0.4171,0.0973,0.1956,0.2203,0.2835,0.2835,0.1864,0.4848,0.3288,1.4768,False,53.0,False,55.0,False,65.0,False,65.0,False,77.0,False
2024-12-31T20,H,2024-12-31 14:35:00,0.4345,0.1168,0.2473,0.3061,0.3429,0.6015,0.2238,0.5332,0.243,4.5462,True,7.0,True,7.0,True,22.0,False,35.0,False,53.0,False
2025-01-01T14,L,2025-01-01 09:30:00,0.4324,0.2496,0.2143,0.5285,0.5612,0.602,0.1362,0.8084,0.0554,6.7954,True,6.0,True,10.0,True,24.0,False,42.0,False,54.0,False
2025-01-02T22,H,2025-01-02 20:25:00,0.9436,0.0486,0.4268,0.4918,0.7439,0.7439,0.3124,0.3856,0.302,1.171,False,-328.0,False,-326.0,False,-245.0,False,-76.0,False,-29.0,False
2025-01-03T16,L,2025-01-03 08:40:00,0.2036,0.1885,0.1606,0.1279,0.4891,0.4891,0.6878,0.2561,0.0561,2.5721,True,33.0,False,41.0,False,69.0,False,84.0,False,88.0,False
2025-01-04T03,H,2025-01-03 19:20:00,0.3579,0.0319,0.1375,0.2025,0.2565,0.2981,0.181,0.1832,0.6358,1.392,False,32.0,False,48.0,False,56.0,False,80.0,False,81.0,False
2025-01-04T20,L,2025-01-04 15:55:00,0.8869,0.3098,0.2774,0.3641,0.3503,0.3787,0.3347,0.5395,0.1259,3.7242,False,-135.0,False,-130.0,False,-127.0,False,-126.0,False,61.0,False
2025-01-05T01,H,2025-01-04 21:10:00,0.1317,0.28,0.3312,0.6044,0.7246,0.7642,0.5654,0.368,0.0666,1.8062,True,5.0,True,6.0,True,7.0,True,32.0,False,35.0,False
2025-01-05T06,L,2025-01-05 02:00:00,0.0,,0.1006,0.1029,0.1173,0.1223,0.9138,0.0784,0.0078,1.5476,True,54.0,False,61.0,False,62.0,False,62.0,False,,False
2025-01-05T07,H,2025-01-05 07:00:00,0.0,,0.2031,0.2493,0.7517,0.7517,0.7067,0.2933,0.0,3.1766,True,7.0,True,7.0,True,11.0,True,13.0,False,13.0,False
2025-01-05T20,L,2025-01-05 14:20:00,0.5413,0.1407,0.3134,0.7574,0.7855,0.7977,0.8745,0.1255,0.0,12.771,True,-10.0,False,5.0,True,6.0,True,13.0,False,22.0,False
2025-01-07T02,H,2025-01-07 00:40:00,0.9511,0.564,0.6281,0.7757,0.8398,0.8582,0.2896,0.6179,0.0925,4.1729,False,-296.0,False,-284.0,False,-282.0,False,-280.0,False,-164.0,False
2025-01-08T10,L,2025-01-08 07:05:00,0.787,0.106,0.1278,0.1059,0.2675,0.3851,0.7923,0.2077,0.0,1.5661,False,-212.0,False,-73.0,False,-73.0,False,27.0,False,47.0,False
2025-01-08T11,H,2025-01-08 11:05:00,0.0731,0.0655,0.3019,0.8377,,0.908,0.3919,0.3738,0.2344,1.3138,True,6.0,True,6.0,True,6.0,True,6.0,True,11.0,True
2025-01-08T13,L,2025-01-08 12:00:00,0.0,,0.5827,0.654,0.8294,0.8444,0.335,0.2814,0.3836,1.5899,True,3.0,True,4.0,True,11.0,True,11.0,True,27.0,False
2025-01-08T18,H,2025-01-08 15:10:00,0.4842,0.0588,0.2341,0.2832,0.1597,0.2893,0.0113,0.8129,0.1758,2.0056,False,25.0,False,25.0,False,27.0,False,28.0,False,46.0,False
2025-01-08T21,L,2025-01-08 21:20:00,0.6612,0.2406,0.5367,0.6656,,0.9356,0.2365,0.6422,0.1212,1.206,True,-27.0,False,-23.0,False,8.0,True,8.0,True,8.0,True
2025-01-09T08,H,2025-01-09 01:25:00,0.1721,0.033,0.0801,0.1271,0.2657,0.3776,0.7483,0.2129,0.0388,1.4138,True,73.0,False,78.0,False,79.0,False,81.0,False,91.0,False
2025-01-09T12,L,2025-01-09 09:00:00,0.0,,,0.2914,0.6662,0.6662,0.3242,0.6158,0.06,1.2694,True,9.0,True,11.0,True,17.0,False,33.0,False,,False
2025-01-09T13,H,2025-01-09 13:00:00,0.0,,,,0.6103,0.6103,0.2413,0.5376,0.2211,0.8643,True,10.0,True,12.0,True,14.0,False,15.0,False,19.0,False
2025-01-09T15,L,2025-01-09 14:10:00,0.0815,0.2196,0.3387,0.4449,0.5231,0.5565,0.6039,0.0868,0.3092,1.1938,True,9.0,True,15.0,False,16.0,False,17.0,False,21.0,False
2025-01-09T19,H,2025-01-09 16:10:00,0.1449,0.0621,0.2511,0.2952,0.3165,0.3406,0.7545,0.2455,0.0,0.8478,True,16.0,False,20.0,False,20.0,False,21.0,False,46.0,False
2025-01-09T23,L,2025-01-09 20:25:00,0.1704,0.0486,0.0541,0.1481,0.3115,0.3115,0.5064,0.2953,0.1983,3.9777,True,31.0,False,43.0,False,43.0,False,43.0,False,43.0,False
2025-01-10T16,H,2025-01-10 11:00:00,0.3326,0.0759,0.2474,0.3292,0.1867,0.4187,0.7219,0.2756,0.0026,3.9689,True,31.0,False,31.0,False,31.0,False,31.0,False,32.0,False
2025-01-10T17,L,2025-01-10 17:00:00,0.0,,,0.0996,0.6639,0.7092,0.4565,0.1905,0.3529,0.6076,True,9.0,True,10.0,True,10.0,True,14.0,False,16.0,False
2025-01-11T00,H,2025-01-10 18:00:00,0.0,0.0788,0.2493,0.4885,0.6492,0.6492,0.7821,0.1117,0.1062,4.837,True,8.0,True,12.0,True,31.0,False,44.0,False,50.0,False
2025-01-11T21,L,2025-01-11 04:40:00,0.1677,0.0795,0.1321,0.1709,0.2503,0.2503,0.491,0.407,0.102,2.3727,True,73.0,False,76.0,False,85.0,False,101.0,False,207.0,False
2025-01-12T06,H,2025-01-11 22:00:00,0.0,,0.205,0.3891,0.5755,0.5755,0.7603,0.2075,0.0323,1.624,True,10.0,True,13.0,False,25.0,False,37.0,False,37.0,False
2025-01-12T14,L,2025-01-12 09:50:00,0.4393,0.1023,0.1579,0.2128,0.3006,0.3006,0.1185,0.563,0.3185,4.3658,False,20.0,False,23.0,False,29.0,False,31.0,False,48.0,False
2025-01-12T21,H,2025-01-12 15:25:00,0.4024,0.2392,0.3511,0.3097,0.4134,0.4821,0.0688,0.8367,0.0946,4.3995,True,49.0,False,54.0,False,68.0,False,70.0,False,79.0,False
2025-01-13T00,L,2025-01-12 22:45:00,0.1599,0.1972,0.1563,0.3966,0.5658,0.5658,0.1049,0.8177,0.0774,1.7704,True,10.0,True,14.0,False,18.0,False,20.0,False,21.0,False
2025-01-13T01,H,2025-01-13 01:00:00,0.0,,,0.4143,0.5537,0.6421,0.6115,0.3163,0.0721,2.5501,True,8.0,True,9.0,True,13.0,False,14.0,False,17.0,False
2025-01-13T19,L,2025-01-13 14:40:00,0.6958,0.4403,0.8271,0.8145,0.8531,0.8682,0.1882,0.6276,0.1842,10.6896,True,-125.0,False,-123.0,False,1.0,True,2.0,True,58.0,False
2025-01-14T20,H,2025-01-14 09:55:00,0.5141,0.0626,0.1801,0.1682,0.2837,0.2837,0.2862,0.2696,0.4441,5.8471,False,-23.0,False,25.0,False,27.0,False,85.0,False,,False
2025-01-15T13,L,2025-01-14 21:00:00,0.0,,,,0.3874,0.3874,0.6588,0.2074,0.1338,1.9429,True,71.0,False,71.0,False,96.0,False,210.0,False,210.0,False
2025-01-16T03,H,2025-01-16 00:05:00,0.777,0.2035,0.3796,0.45,0.7147,0.7833,0.1163,0.5971,0.2866,2.5966,True,-74.0,False,-73.0,False,-12.0,False,27.0,False,35.0,False
2025-01-16T19,L,2025-01-16 15:05:00,0.2865,0.1091,0.3154,0.4182,0.7731,0.7731,0.1526,0.5862,0.2612,6.7172,True,9.0,True,10.0,True,11.0,True,13.0,False,30.0,False
2025-01-17T23,H,2025-01-17 19:55:00,0.7592,0.0469,0.1419,0.2153,0.4169,0.4416,0.2098,0.4798,0.3104,1.4676,False,-258.0,False,-198.0,False,-62.0,False,49.0,False,49.0,False
2025-01-18T23,L,2025-01-18 08:15:00,0.5063,0.2148,0.2828,0.3829,0.3863,0.4363,0.7067,0.2263,0.067,1.7816,False,-34.0,False,42.0,False,49.0,False,69.0,False,93.0,False
2025-01-19T00,H,2025-01-19 00:00:00,0.0,,,,0.2993,0.4114,0.1073,0.7812,0.1115,2.3354,True,20.0,False,20.0,False,20.0,False,,False,,False
2025-01-19T01,L,2025-01-19 01:25:00,0.2154,0.1851,0.6932,0.5958,,0.9145,0.0958,0.9042,0.0,0.9779,True,1.0,True,2.0,True,7.0,True,7.0,True,7.0,True
2025-01-19T10,H,2025-01-19 07:00:00,0.6433,0.0632,0.1305,0.2412,0.3003,0.331,0.5699,0.4171,0.0131,1.3805,False,-21.0,False,-21.0,False,22.0,False,24.0,False,27.0,False
2025-01-19T19,L,2025-01-19 12:00:00,0.7955,0.0805,0.2501,0.1157,0.3392,0.3458,0.2727,0.642,0.0853,1.9702,False,-11.0,False,-11.0,False,-8.0,False,96.0,False,96.0,False
2025-01-19T21,H,2025-01-19 21:00:00,0.0968,0.0838,0.1775,0.6932,0.9889,0.9889,0.2263,0.5528,0.2209,1.5745,True,6.0,True,6.0,True,9.0,True,11.0,True,12.0,True
2025-01-20T06,L,2025-01-20 00:45:00,0.7239,0.1979,0.0568,0.1023,0.0983,0.1979,0.6633,0.2449,0.0918,1.5355,False,-22.0,False,-22.0,False,-22.0,False,53.0,False,72.0,False
2025-01-20T17,H,2025-01-20 07:00:00,0.0,0.2217,0.099,0.1185,0.3396,0.3396,0.2292,0.5627,0.208,4.7947,True,60.0,False,64.0,False,64.0,False,105.0,False,121.0,False
2025-01-21T10,L,2025-01-21 01:35:00,0.5671,0.2876,0.393,0.4149,0.6058,0.611,0.3967,0.421,0.1823,2.1925,True,-82.0,False,11.0,True,17.0,False,25.0,False,107.0,False
2025-01-22T04,H,2025-01-21 18:40:00,0.8084,0.0467,0.1315,0.1568,0.2312,0.2695,0.7078,0.2157,0.0765,1.8342,False,-44.0,False,-24.0,False,-23.0,False,-17.0,False,124.0,False
2025-01-23T14,L,2025-01-23 10:45:00,0.7901,0.0567,0.3933,0.6036,0.6296,0.7179,0.9211,0.0493,0.0296,4.6615,False,-237.0,False,-235.0,False,-235.0,False,36.0,False,39.0,False
2025-01-24T01,H,2025-01-23 16:20:00,0.7061,0.1924,0.1977,0.222,0.4531,0.4546,0.6095,0.3505,0.04,1.492,False,-14.0,False,-14.0,False,-12.0,False,68.0,False,116.0,False
2025-01-24T04,L,2025-01-24 03:25:00,0.1847,0.0481,0.5874,0.5793,0.6111,0.6728,0.8758,0.0189,0.1053,2.0528,True,2.0,True,4.0,True,16.0,False,19.0,False,19.0,False
2025-01-24T20,H,2025-01-24 18:30:00,0.7985,0.1651,0.3235,0.4749,0.5317,0.6306,0.0839,0.6929,0.2232,2.487,False,-101.0,False,-62.0,False,-57.0,False,19.0,False,25.0,False
2025-01-25T15,L,2025-01-25 10:10:00,0.4492,0.144,0.4533,0.5441,0.7297,0.7553,0.0733,0.506,0.4207,1.2354,True,5.0,True,8.0,True,8.0,True,22.0,False,34.0,False
2025-01-26T01,H,2025-01-25 18:35:00,0.6355,0.1347,0.4412,0.3066,0.3883,0.4412,0.5,0.5,0.0,3.7558,False,-22.0,False,-18.0,False,77.0,False,77.0,False,89.0,False
2025-01-26T03,L,2025-01-26 02:15:00,0.1081,0.1588,0.3625,0.2084,0.5042,0.5047,0.8764,0.082,0.0416,0.4377,True,10.0,True,17.0,False,18.0,False,21.0,False,21.0,False
2025-01-26T09,H,2025-01-26 04:30:00,0.2701,0.2879,0.5779,0.5166,0.6544,0.6544,0.3601,0.6389,0.001,4.5715,True,3.0,True,4.0,True,14.0,False,30.0,False,59.0,False
2025-01-26T15,L,2025-01-26 10:00:00,0.0,,,0.2383,0.2751,0.2751,0.6582,0.3226,0.0192,4.8047,True,40.0,False,41.0,False,53.0,False,66.0,False,77.0,False
2025-01-26T21,H,2025-01-26 18:35:00,0.644,0.0539,0.2761,0.0649,0.3026,0.3228,0.5393,0.4607,0.0,1.7902,False,-28.0,False,-28.0,False,39.0,False,39.0,False,41.0,False
2025-01-27T13,L,2025-01-27 07:30:00,0.7786,0.0308,0.3891,0.4788,0.6518,0.6518,0.8178,0.0447,0.1375,4.2444,False,-88.0,False,-48.0,False,-18.0,False,32.0,False,78.0,False
2025-01-28T16,H,2025-01-28 15:35:00,0.8757,0.2991,0.6884,0.8676,0.9178,0.9178,0.4942,0.4905,0.0153,8.8179,True,-271.0,False,-269.0,False,-266.0,False,-19.0,False,11.0,True
2025-01-29T05,L,2025-01-28 22:05:00,0.619,0.0252,0.1271,0.0907,0.2399,0.243,0.0558,0.2739,0.6703,0.9834,False,-57.0,False,-55.0,False,71.0,False,84.0,False,95.0,False
2025-01-29T13,H,2025-01-29 08:10:00,0.233,0.0553,0.0864,0.1122,0.2579,0.2579,0.1525,0.3241,0.5234,2.6953,True,54.0,False,58.0,False,62.0,False,69.0,False,70.0,False
2025-01-29T18,L,2025-01-29 14:55:00,0.6883,0.6431,0.6941,0.6644,0.611,0.6979,0.656,0.2104,0.1336,1.9279,True,-6.0,False,-6.0,False,28.0,False,31.0,False,32.0,False
2025-01-30T12,H,2025-01-30 05:00:00,0.9105,0.0935,0.1427,0.1639,0.1753,0.2726,0.4051,0.5454,0.0495,1.1558,False,-119.0,False,-119.0,False,-118.0,False,-116.0,False,-114.0,False
2025-01-31T15,L,2025-01-31 09:20:00,0.8449,0.2204,0.5423,0.5064,0.5427,0.6233,0.35,0.2591,0.3909,1.0434,False,-222.0,False,-222.0,False,-222.0,False,-222.0,False,56.0,False
2025-01-31T18,H,2025-01-31 16:00:00,0.0,0.3643,0.5088,0.7469,0.6429,0.7469,0.4199,0.4957,0.0844,1.519,True,3.0,True,6.0,True,6.0,True,22.0,False,30.0,False
2025-02-01T12,L,2025-02-01 09:55:00,0.9536,0.3461,0.7097,0.7468,0.7341,0.7659,0.2297,0.7008,0.0696,2.6808,False,-143.0,False,-138.0,False,-137.0,False,-119.0,False,-51.0,False
2025-02-01T22,H,2025-02-01 13:00:00,0.0,,0.1118,0.1125,0.3317,0.3317,0.5528,0.4441,0.0031,2.1795,True,87.0,False,88.0,False,95.0,False,112.0,False,113.0,False
2025-02-03T08,L,2025-02-03 02:10:00,0.9756,0.4943,0.7654,0.6672,0.73,0.8541,0.0307,0.9139,0.0554,14.8795,False,-310.0,False,-308.0,False,-305.0,False,-300.0,False,-134.0,False
2025-02-04T05,H,2025-02-03 22:10:00,0.5143,0.0691,0.1349,0.2143,0.2238,0.2533,0.6257,0.3743,0.0,2.324,False,-11.0,False,70.0,False,82.0,False,85.0,False,94.0,False
2025-02-05T11,L,2025-02-04 22:15:00,0.7255,0.1863,0.3142,0.5088,0.6853,0.6853,0.6353,0.332,0.0327,1.7552,False,-134.0,False,-133.0,False,-116.0,False,20.0,False,62.0,False
2025-02-05T18,H,2025-02-05 14:45:00,0.6815,0.169,0.3817,0.3943,0.4617,0.4617,0.1753,0.7299,0.0948,3.9048,False,-22.0,False,-21.0,False,34.0,False,39.0,False,42.0,False
2025-02-06T03,L,2025-02-05 23:35:00,0.5756,0.1007,0.1776,0.285,0.302,0.302,0.0486,0.7845,0.1669,1.684,False,-41.0,False,29.0,False,32.0,False,41.0,False,53.0,False
2025-02-06T16,H,2025-02-06 11:50:00,0.4864,0.0501,0.1449,0.4741,0.5777,0.5777,0.663,0.0908,0.2463,2.3502,True,9.0,True,14.0,False,30.0,False,38.0,False,45.0,False
2025-02-07T02,L,2025-02-06 19:50:00,0.4376,0.1144,0.1708,0.2263,0.4726,0.4726,0.2767,0.6816,0.0418,2.0643,True,26.0,False,38.0,False,72.0,False,73.0,False,86.0,False
2025-02-07T19,H,2025-02-07 14:55:00,0.9205,0.0817,0.2705,0.6209,0.6569,0.6654,0.621,0.379,0.0,3.0795,False,-105.0,False,-101.0,False,-95.0,False,-84.0,False,-82.0,False
2025-02-08T13,L,2025-02-07 21:00:00,0.1202,0.0319,0.0635,0.042,0.0655,0.0695,0.2301,0.4756,0.2943,1.7255,False,160.0,False,180.0,False,198.0,False,204.0,False,204.0,False
2025-02-09T11,H,2025-02-09 04:05:00,0.8387,0.0629,0.2252,0.2269,0.1345,0.2269,0.5333,0.0683,0.3983,1.4894,False,-165.0,False,-165.0,False,-151.0,False,-148.0,False,95.0,False
2025-02-10T00,L,2025-02-09 21:55:00,0.7481,0.0929,0.1975,0.408,0.604,0.8379,0.1833,0.4595,0.3572,2.8386,True,-116.0,False,-115.0,False,-74.0,False,10.0,True,26.0,False
2025-02-10T01,H,2025-02-10 01:00:00,0.0,,,,0.6728,0.6728,0.1035,0.8678,0.0287,1.3851,True,10.0,True,12.0,True,14.0,False,17.0,False,20.0,False
2025-02-10T03,L,2025-02-10 02:00:00,0.0,,0.2004,0.3083,0.5812,0.6664,0.1836,0.7993,0.0171,2.7234,True,11.0,True,11.0,True,20.0,False,21.0,False,26.0,False
2025-02-10T19,H,2025-02-10 14:00:00,0.605,0.0541,0.2613,0.313,0.5185,0.5185,0.6086,0.3912,0.0002,6.4636,False,-17.0,False,-14.0,False,46.0,False,70.0,False,72.0,False
2025-02-11T01,L,2025-02-10 21:20:00,0.1472,0.0428,0.12,0.0479,0.1242,0.1962,0.6774,0.1985,0.1241,1.3844,True,44.0,False,56.0,False,56.0,False,56.0,False,,False
2025-02-11T03,H,2025-02-11 02:05:00,0.1106,0.2106,0.5672,0.7844,0.7786,0.7909,0.0386,0.5948,0.3666,1.8896,True,3.0,True,4.0,True,5.0,True,13.0,False,23.0,False
2025-02-11T04,L,2025-02-11 04:00:00,0.0,,,0.2136,0.5311,0.5311,0.0919,0.656,0.2521,0.9416,True,12.0,True,13.0,False,15.0,False,16.0,False,16.0,False
2025-02-11T10,H,2025-02-11 06:00:00,0.4189,0.106,0.2846,0.2195,0.0825,0.2846,0.6473,0.3527,0.0,3.4629,False,45.0,False,48.0,False,60.0,False,60.0,False,60.0,False
2025-02-12T06,L,2025-02-11 19:45:00,0.6058,0.173,0.1453,0.2408,0.1768,0.4371,0.5348,0.3692,0.096,0.8963,False,-94.0,False,-93.0,False,22.0,False,23.0,False,64.0,False
2025-02-13T05,H,2025-02-12 22:40:00,0.9248,0.0676,0.144,0.1133,0.2539,0.2949,0.7943,0.1895,0.0162,1.1423,False,-109.0,False,-109.0,False,-109.0,False,-109.0,False,-100.0,False
2025-02-13T21,L,2025-02-13 16:35:00,0.7126,0.2264,0.2163,0.3053,0.4719,0.4719,0.1203,0.6742,0.2056,3.3032,False,-39.0,False,-10.0,False,-10.0,False,53.0,False,65.0,False
2025-02-14T22,H,2025-02-14 18:00:00,0.8598,0.2186,0.2391,0.3825,0.5061,0.5061,0.2751,0.5739,0.151,5.5766,False,-71.0,False,-71.0,False,-60.0,False,-58.0,False,36.0,False
2025-02-15T02,L,2025-02-14 23:00:00,0.0,0.1547,0.2167,0.3138,0.5141,0.5141,0.6491,0.3153,0.0355,1.452,True,12.0,True,35.0,False,37.0,False,48.0,False,,False
2025-02-15T03,H,2025-02-15 03:10:00,0.0964,0.0985,0.2664,0.4561,,0.8053,0.8086,0.1111,0.0802,0.9682,True,8.0,True,10.0,True,10.0,True,10.0,True,,False
2025-02-17T12,L,2025-02-17 05:05:00,0.9111,0.0487,0.2047,0.217,0.4851,0.4851,0.5338,0.3789,0.0873,9.4188,False,-517.0,False,-505.0,False,-505.0,False,-489.0,False,-370.0,False
2025-02-17T16,H,2025-02-17 14:20:00,0.072,0.107,0.2312,0.2024,0.3016,0.3016,0.2318,0.4815,0.2866,3.5402,True,17.0,False,18.0,False,18.0,False,19.0,False,26.0,False
2025-02-17T21,L,2025-02-17 19:05:00,0.4287,0.1414,0.074,0.2896,0.355,0.4091,0.2437,0.7556,0.0007,1.338,False,13.0,False,16.0,False,19.0,False,21.0,False,35.0,False
2025-02-18T07,H,2025-02-17 22:00:00,0.0,0.0262,0.1487,0.1446,0.3449,0.3449,0.9482,0.051,0.0007,1.6328,True,18.0,False,35.0,False,99.0,False,108.0,False,120.0,False
2025-02-18T10,L,2025-02-18 08:50:00,0.1689,0.0852,0.1841,0.358,0.5285,0.5285,0.6318,0.3166,0.0517,7.5083,True,8.0,True,14.0,False,14.0,False,26.0,False,26.0,False
2025-02-18T16,H,2025-02-18 14:30:00,0.4192,0.2214,0.6107,0.8749,0.9007,0.9007,0.5603,0.3909,0.0489,3.0521,True,2.0,True,3.0,True,4.0,True,6.0,True,10.0,True
2025-02-18T23,L,2025-02-18 19:10:00,0.22,0.0928,0.1298,0.1693,0.3842,0.3842,0.3907,0.6093,0.0,2.8603,True,13.0,False,23.0,False,24.0,False,46.0,False,58.0,False
2025-02-20T14,H,2025-02-20 14:40:00,0.9661,0.2845,0.9073,,,0.9794,0.4532,0.2766,0.2702,3.6372,True,-404.0,False,-404.0,False,-313.0,False,-308.0,False,-295.0,False
2025-02-20T17,L,2025-02-20 15:05:00,0.0639,0.1406,0.1487,0.1301,0.0716,0.1597,0.5209,0.4455,0.0335,2.4348,True,20.0,False,35.0,False,35.0,False,35.0,False,35.0,False
2025-02-21T02,H,2025-02-20 20:25:00,0.2653,0.0367,0.162,0.1431,0.3031,0.3031,0.8688,0.1312,0.0,3.4791,True,52.0,False,56.0,False,79.0,False,79.0,False,79.0,False
2025-02-21T13,L,2025-02-21 03:05:00,0.0366,0.0905,0.1243,0.1332,0.118,0.1795,0.5802,0.3465,0.0734,2.74,True,75.0,False,75.0,False,75.0,False,119.0,False,119.0,False
2025-02-21T15,H,2025-02-21 14:00:00,0.0,,0.3165,0.4019,0.7676,0.8725,0.5734,0.426,0.0006,1.1016,True,5.0,True,9.0,True,9.0,True,10.0,True,20.0,False
2025-02-22T06,L,2025-02-21 21:00:00,0.8243,0.0588,0.0938,0.0784,0.1342,0.1362,0.1129,0.7554,0.1316,1.4377,False,-60.0,False,-57.0,False,-57.0,False,-55.0,False,96.0,False
2025-02-23T05,H,2025-02-22 13:00:00,0.3764,0.1359,0.1346,0.1763,0.4402,0.4402,0.1106,0.8889,0.0005,5.7595,True,31.0,False,49.0,False,155.0,False,196.0,False,204.0,False
2025-02-23T07,L,2025-02-23 06:15:00,0.2047,0.1996,0.399,0.5796,0.6966,0.6966,0.3037,0.6963,0.0,2.2343,True,5.0,True,8.0,True,13.0,False,16.0,False,18.0,False
2025-02-23T09,H,2025-02-23 08:00:00,0.0,0.1115,0.3206,0.6042,0.6206,0.6838,0.3247,0.6753,0.0,1.302,True,5.0,True,6.0,True,17.0,False,24.0,False,24.0,False
2025-02-23T21,L,2025-02-23 17:35:00,0.5769,0.0439,0.4952,0.6063,0.7102,0.7453,0.263,0.2094,0.5276,1.6922,True,-40.0,False,6.0,True,9.0,True,41.0,False,53.0,False
2025-02-24T04,H,2025-02-24 00:55:00,0.7184,0.1149,0.182,0.253,0.3956,0.5315,0.2842,0.6715,0.0443,2.2217,False,-31.0,False,-17.0,False,-17.0,False,37.0,False,43.0,False
2025-02-24T06,L,2025-02-24 05:00:00,0.0,,,0.2975,0.6635,0.6635,0.4089,0.4385,0.1526,1.8524,True,10.0,True,11.0,True,15.0,False,19.0,False,28.0,False
2025-02-24T14,H,2025-02-24 09:35:00,0.6593,0.2187,0.697,0.4878,0.7908,0.7908,0.2502,0.6532,0.0966,5.997,True,-13.0,False,-7.0,False,11.0,True,20.0,False,64.0,False
2025-02-25T20,L,2025-02-25 15:40:00,0.6986,0.2584,0.4076,0.3119,0.2718,0.4087,0.7025,0.198,0.0995,3.2621,False,-267.0,False,-263.0,False,29.0,False,52.0,False,52.0,False
2025-02-26T15,H,2025-02-25 22:10:00,0.1371,0.0403,0.1197,0.1514,0.1052,0.1528,0.409,0.4075,0.1835,1.4089,True,177.0,False,182.0,False,190.0,False,195.0,False,,False
2025-02-27T03,L,2025-02-26 20:25:00,0.5024,0.2003,0.3642,0.5381,0.6382,0.6382,0.749,0.0936,0.1573,1.9109,True,-44.0,False,12.0,True,20.0,False,86.0,False,91.0,False
2025-02-27T17,H,2025-02-27 11:05:00,0.2293,0.1358,0.0776,0.2165,0.216,0.2306,0.7062,0.2632,0.0306,1.592,True,39.0,False,39.0,False,47.0,False,71.0,False,83.0,False
2025-02-28T12,L,2025-02-28 08:50:00,0.6753,0.0573,0.1674,0.2037,0.4017,0.4545,0.2142,0.5711,0.2147,1.6641,False,-168.0,False,-105.0,False,39.0,False,50.0,False,50.0,False
2025-03-01T11,H,2025-03-01 04:45:00,0.6106,0.0664,0.2419,0.4295,0.6209,0.6209,0.9222,0.0778,0.0,2.2059,True,-46.0,False,-45.0,False,15.0,False,17.0,False,67.0,False
2025-03-01T21,L,2025-03-01 13:30:00,0.2056,0.1708,0.2213,0.2651,0.3145,0.406,0.1041,0.7585,0.1374,1.3627,True,33.0,False,42.0,False,42.0,False,55.0,False,90.0,False
2025-03-02T03,H,2025-03-02 02:10:00,0.6895,0.1398,0.4853,0.6939,0.8698,0.8894,0.3183,0.6817,0.0,1.1976,True,-34.0,False,-33.0,False,7.0,True,10.0,True,22.0,False
2025-03-02T16,L,2025-03-02 14:50:00,0.7747,0.1886,0.2163,0.1599,0.9228,0.9228,0.4911,0.5089,0.0,1.8257,True,-105.0,False,-100.0,False,-100.0,False,8.0,True,9.0,True
2025-03-03T04,H,2025-03-02 17:50:00,0.1941,0.1752,0.206,0.2768,0.3886,0.4583,0.5664,0.3151,0.1185,1.6298,True,17.0,False,26.0,False,104.0,False,122.0,False,127.0,False
2025-03-04T11,L,2025-03-04 02:10:00,0.6638,0.1386,0.1283,0.333,0.4311,0.4394,0.1533,0.7567,0.09,4.655,False,-101.0,False,-39.0,False,45.0,False,106.0,False,118.0,False
2025-03-06T08,H,2025-03-06 06:00:00,0.9447,0.1333,0.4751,0.7314,0.8716,0.8716,0.0948,0.573,0.3323,1.2443,False,-486.0,False,-486.0,False,-359.0,False,-352.0,False,-168.0,False
2025-03-07T09,L,2025-03-07 01:00:00,0.5474,0.2833,0.4894,0.7008,0.8438,0.8677,0.4582,0.4742,0.0676,3.9088,True,-174.0,False,4.0,True,4.0,True,9.0,True,72.0,False
2025-03-07T17,H,2025-03-07 14:55:00,0.4501,0.0649,0.1193,0.2824,0.5202,0.5886,0.3721,0.519,0.1089,2.7386,True,9.0,True,13.0,False,18.0,False,19.0,False,25.0,False
2025-03-08T10,L,2025-03-08 01:35:00,0.9542,0.0798,0.2083,0.3256,0.3227,0.3448,0.7768,0.2005,0.0227,3.319,False,-90.0,False,-90.0,False,-82.0,False,-79.0,False,-79.0,False
2025-03-09T09,H,2025-03-08 14:45:00,0.3654,0.0438,0.0916,0.0923,0.0647,0.1225,0.2822,0.6629,0.0548,2.2391,False,220.0,False,231.0,False,231.0,False,231.0,False,,False
2025-03-10T03,L,2025-03-09 23:10:00,0.8757,0.1,0.1724,0.2101,0.3498,0.3632,0.3136,0.5496,0.1368,2.4949,False,-125.0,False,-84.0,False,-83.0,False,-83.0,False,58.0,False
2025-03-10T15,H,2025-03-10 09:25:00,0.4332,0.087,0.1558,0.1573,0.1827,0.1827,0.4732,0.3596,0.1672,9.1016,False,56.0,False,57.0,False,58.0,False,67.0,False,79.0,False
2025-03-11T02,L,2025-03-11 00:55:00,0.7542,0.3902,0.2915,0.5768,0.8748,0.8791,0.4191,0.5804,0.0005,2.5577,True,-64.0,False,-39.0,False,-23.0,False,9.0,True,13.0,False
2025-03-12T04,H,2025-03-12 01:55:00,0.7174,0.079,0.4409,0.5893,0.7766,0.7766,0.8428,0.0563,0.1009,0.9879,True,-153.0,False,-153.0,False,-135.0,False,13.0,False,25.0,False
2025-03-12T12,L,2025-03-12 07:00:00,0.1645,0.1446,0.1973,0.2892,0.5544,0.5917,0.3902,0.1591,0.4507,1.118,True,11.0,True,13.0,False,24.0,False,60.0,False,67.0,False
2025-03-12T14,H,2025-03-12 13:00:00,0.0,,,0.1735,0.4158,0.4792,0.4945,0.4988,0.0067,6.0457,True,15.0,False,15.0,False,16.0,False,17.0,False,25.0,False
2025-03-12T21,L,2025-03-12 15:10:00,0.0404,0.0684,0.1275,0.2336,0.3399,0.353,0.3711,0.6289,0.0,2.28,True,26.0,False,28.0,False,49.0,False,66.0,False,70.0,False
2025-03-13T05,H,2025-03-13 02:10:00,0.2344,0.3606,0.5792,0.6405,0.6608,0.6887,0.3482,0.6227,0.0291,2.2021,True,2.0,True,5.0,True,17.0,False,19.0,False,30.0,False
2025-03-14T01,L,2025-03-13 17:50:00,0.8015,0.0573,0.2368,0.4293,0.6156,0.6156,0.6594,0.3401,0.0005,1.5596,False,-125.0,False,-124.0,False,-102.0,False,-94.0,False,81.0,False
2025-03-15T00,H,2025-03-14 15:45:00,0.6095,0.1034,0.2108,0.3171,0.4265,0.5022,0.159,0.6543,0.1867,2.9947,False,-18.0,False,-15.0,False,54.0,False,71.0,False,99.0,False
2025-03-16T18,L,2025-03-16 11:55:00,0.8333,0.1891,0.3261,0.3647,0.3926,0.5655,0.2711,0.7289,0.0,3.8486,False,-417.0,False,-416.0,False,-267.0,False,-71.0,False,51.0,False
2025-03-16T19,H,2025-03-16 19:00:00,0.0,,,0.4253,0.7941,0.7941,0.613,0.3738,0.0132,1.2851,True,8.0,True,8.0,True,9.0,True,17.0,False,17.0,False
2025-03-17T02,L,2025-03-16 23:10:00,0.456,0.2092,0.4174,0.5794,0.7326,0.7326,0.0516,0.538,0.4104,1.4257,True,4.0,True,5.0,True,11.0,True,15.0,False,31.0,False
2025-03-17T14,H,2025-03-17 12:05:00,0.6031,0.2311,0.3243,0.171,0.4859,0.4859,0.1197,0.7014,0.1788,11.0473,False,-67.0,False,-66.0,False,26.0,False,35.0,False,35.0,False
2025-03-17T15,L,2025-03-17 15:00:00,0.0,,,,0.762,0.7625,0.1898,0.6637,0.1465,2.0332,True,9.0,True,11.0,True,11.0,True,13.0,False,21.0,False
2025-03-18T01,H,2025-03-17 19:50:00,0.4353,0.0727,0.1832,0.2066,0.2361,0.3118,0.3605,0.5893,0.0502,1.3582,False,62.0,False,62.0,False,65.0,False,71.0,False,74.0,False
2025-03-18T22,L,2025-03-18 14:20:00,0.9195,0.1208,0.4572,0.4279,0.5427,0.6546,0.2076,0.2961,0.4962,2.3409,False,-87.0,False,-87.0,False,-87.0,False,-82.0,False,-69.0,False
2025-03-20T05,H,2025-03-20 00:05:00,0.8401,0.123,0.2151,0.3797,0.7181,0.728,0.7461,0.2537,0.0002,7.176,False,-105.0,False,-78.0,False,-78.0,False,-72.0,False,45.0,False
2025-03-21T17,L,2025-03-21 13:40:00,0.794,0.1702,0.7307,0.6227,0.7567,0.7567,0.2798,0.7202,0.0,3.4962,False,-282.0,False,-280.0,False,-104.0,False,16.0,False,16.0,False
2025-03-22T14,H,2025-03-21 21:40:00,0.4652,0.0326,0.0654,0.0671,0.1045,0.1045,0.0764,0.4254,0.4982,3.32,False,184.0,False,189.0,False,190.0,False,208.0,False,208.0,False
2025-03-22T18,L,2025-03-22 15:05:00,0.0624,0.0349,0.1049,0.1577,0.2423,0.3894,0.3969,0.3614,0.2417,1.8542,True,26.0,False,33.0,False,35.0,False,39.0,False,47.0,False
2025-03-22T19,H,2025-03-22 19:00:00,0.0,,0.273,0.3319,0.4921,0.4921,0.8958,0.1042,0.0,1.8069,True,13.0,False,13.0,False,15.0,False,15.0,False,,False
2025-03-23T02,L,2025-03-22 23:40:00,0.4906,0.117,0.1846,0.2899,0.5172,0.5197,0.4271,0.443,0.1299,6.9566,True,11.0,True,13.0,False,19.0,False,21.0,False,40.0,False
2025-03-24T20,H,2025-03-24 14:25:00,0.8806,0.2389,0.6287,0.7146,0.7837,0.8518,0.023,0.4527,0.5242,7.9546,False,-410.0,False,-318.0,False,-318.0,False,-239.0,False,25.0,False
2025-03-25T14,L,2025-03-25 04:05:00,0.4391,0.0875,0.1476,0.1241,0.1504,0.1728,0.3508,0.6492,0.0,1.1366,False,69.0,False,87.0,False,114.0,False,119.0,False,127.0,False
2025-03-25T23,H,2025-03-25 20:15:00,0.5784,0.1019,0.308,0.347,0.3832,0.5009,0.1908,0.3743,0.4349,2.611,False,-19.0,False,21.0,False,22.0,False,33.0,False,33.0,False
2025-03-26T07,L,2025-03-26 03:55:00,0.6086,0.0648,0.1247,0.1566,0.2392,0.2726,0.0925,0.6052,0.3023,1.1584,False,-30.0,False,-23.0,False,44.0,False,49.0,False,49.0,False
2025-03-26T13,H,2025-03-26 08:00:00,0.0,,,0.1839,0.3157,0.3157,0.4153,0.4643,0.1204,3.7737,True,53.0,False,57.0,False,58.0,False,66.0,False,76.0,False
2025-03-27T00,L,2025-03-26 19:20:00,0.3246,0.4138,0.6326,0.7188,0.8759,0.8759,0.7795,0.2205,0.0,1.5719,True,3.0,True,3.0,True,5.0,True,9.0,True,15.0,False
2025-03-27T11,H,2025-03-27 02:50:00,0.1936,0.0461,0.1951,0.2521,0.1479,0.2521,0.6403,0.0968,0.2629,1.271,True,38.0,False,59.0,False,98.0,False,98.0,False,110.0,False
2025-03-27T20,L,2025-03-27 13:45:00,0.4752,0.1444,0.2819,0.3302,0.8279,0.8279,0.3152,0.6848,0.0,2.6657,True,7.0,True,9.0,True,11.0,True,12.0,True,15.0,False
2025-03-28T03,H,2025-03-27 21:35:00,0.2047,0.0966,0.2872,0.2944,0.4252,0.4252,0.8413,0.1261,0.0326,6.3579,True,18.0,False,30.0,False,31.0,False,65.0,False,77.0,False
2025-03-28T22,L,2025-03-28 17:15:00,0.756,0.0795,0.1648,0.1553,0.4933,0.4933,0.2755,0.3683,0.3562,1.5854,False,-64.0,False,-63.0,False,-57.0,False,67.0,False,69.0,False
2025-03-29T10,H,2025-03-29 00:45:00,0.6689,0.0225,0.0825,0.0553,0.1022,0.1099,0.2058,0.5988,0.1954,0.7055,False,-19.0,False,-18.0,False,122.0,False,123.0,False,123.0,False
2025-03-29T19,L,2025-03-29 17:20:00,0.6775,0.1273,0.5674,0.4529,0.7073,0.7073,0.2772,0.6778,0.045,4.5604,True,-48.0,False,-40.0,False,12.0,True,32.0,False,32.0,False
2025-03-30T16,H,2025-03-30 10:15:00,0.5264,0.1023,0.2793,0.4074,0.249,0.4074,0.8123,0.1862,0.0015,1.1146,False,-138.0,False,39.0,False,45.0,False,45.0,False,76.0,False
2025-03-31T08,L,2025-03-31 00:50:00,0.9362,0.1349,0.2832,0.2909,0.4761,0.6311,0.329,0.3954,0.2757,3.3407,False,-90.0,False,-87.0,False,-87.0,False,-76.0,False,-70.0,False
2025-03-31T09,H,2025-03-31 09:00:00,0.0,,,0.6746,0.9036,0.9036,0.1965,0.7791,0.0244,0.6425,True,4.0,True,6.0,True,7.0,True,7.0,True,11.0,True
2025-03-31T10,L,2025-03-31 10:15:00,0.1225,0.1575,0.33,0.4026,,0.9871,0.1188,0.8294,0.0519,1.0175,True,9.0,True,9.0,True,9.0,True,9.0,True,9.0,True
2025-03-31T23,H,2025-03-31 15:30:00,0.5864,0.2117,0.2606,0.3453,0.2675,0.391,0.4214,0.5368,0.0418,2.0641,False,-23.0,False,27.0,False,27.0,False,66.0,False,78.0,False
2025-04-01T02,L,2025-04-01 00:00:00,0.0,,,0.386,0.3833,0.4608,0.4789,0.4671,0.0539,0.8998,True,13.0,False,29.0,False,29.0,False,31.0,False,33.0,False
2025-04-02T01,H,2025-04-01 23:35:00,0.8557,0.2617,0.4121,0.4231,0.414,0.469,0.0983,0.9013,0.0004,2.5533,False,-143.0,False,-130.0,False,-125.0,False,-113.0,False,19.0,False
2025-04-02T14,L,2025-04-02 06:15:00,0.2951,0.0572,0.1246,0.1948,0.0875,0.1948,0.4105,0.5895,0.0,3.4721,False,34.0,False,35.0,False,36.0,False,90.0,False,98.0,False
2025-04-02T21,H,2025-04-02 20:20:00,0.5795,0.1568,0.8566,0.8634,0.9414,0.9414,0.1567,0.5317,0.3117,8.2114,True,-22.0,False,2.0,True,2.0,True,2.0,True,9.0,True
2025-04-03T21,L,2025-04-03 15:10:00,0.7372,0.1251,0.346,0.4989,0.7347,0.7447,0.5704,0.4247,0.0049,2.0013,True,-121.0,False,-74.0,False,-66.0,False,43.0,False,70.0,False
2025-04-04T14,H,2025-04-04 10:00:00,0.4017,0.4089,0.8578,0.9359,0.94,0.9585,0.0108,0.9282,0.0611,2.9507,True,2.0,True,2.0,True,2.0,True,3.0,True,5.0,True
2025-04-04T16,L,2025-04-04 15:00:00,0.0,,0.8058,0.904,0.8637,0.9213,0.7467,0.0817,0.1716,1.842,True,1.0,True,2.0,True,2.0,True,2.0,True,4.0,True
2025-04-05T03,H,2025-04-04 17:55:00,0.4708,0.199,0.242,0.3671,0.2921,0.3904,0.9293,0.0707,0.0,1.4718,False,29.0,False,110.0,False,117.0,False,121.0,False,121.0,False
2025-04-05T23,L,2025-04-05 15:45:00,0.692,0.0343,0.1762,0.2869,0.3631,0.3631,0.9004,0.0996,0.0,5.0336,False,-16.0,False,-13.0,False,68.0,False,87.0,False,98.0,False
2025-04-06T08,H,2025-04-06 01:35:00,0.3318,0.148,0.4781,0.4943,0.5673,0.5673,0.3292,0.6708,0.0,1.899,True,7.0,True,16.0,False,25.0,False,65.0,False,77.0,False
2025-04-07T11,L,2025-04-07 07:05:00,0.7554,0.0375,0.2231,0.1738,0.4872,0.4872,0.3754,0.2454,0.3792,2.2017,False,-265.0,False,-261.0,False,-259.0,False,39.0,False,48.0,False
2025-04-08T10,H,2025-04-07 14:20:00,0.3925,0.1125,0.2365,0.1776,0.2017,0.2939,0.3986,0.5911,0.0103,7.3653,False,215.0,False,218.0,False,236.0,False,236.0,False,,False
2025-04-08T11,L,2025-04-08 11:00:00,0.0,,,,0.2252,0.2252,0.3512,0.4953,0.1536,1.8875,True,18.0,False,22.0,False,23.0,False,23.0,False,23.0,False
2025-04-08T14,H,2025-04-08 13:15:00,0.63,0.3526,0.19,0.5075,0.438,0.6227,0.4828,0.37,0.1472,2.3915,False,-6.0,False,-5.0,False,18.0,False,18.0,False,21.0,False
2025-04-09T07,L,2025-04-09 01:30:00,0.6591,0.0376,0.34,0.5393,0.5844,0.6238,0.7485,0.1697,0.0818,3.9121,False,-67.0,False,-57.0,False,38.0,False,39.0,False,54.0,False
2025-04-10T06,H,2025-04-09 21:25:00,0.7131,0.1116,0.2983,0.1547,0.1814,0.2983,0.0839,0.562,0.3541,0.7251,False,-124.0,False,-124.0,False,-117.0,False,79.0,False,110.0,False
2025-04-11T03,L,2025-04-10 16:05:00,0.2423,0.1009,0.1109,0.2163,0.2302,0.3096,0.0771,0.5894,0.3335,4.1552,True,29.0,False,50.0,False,61.0,False,131.0,False,143.0,False
2025-04-12T01,H,2025-04-11 21:25:00,0.7937,0.1746,0.5174,0.4996,0.7111,0.7111,0.2199,0.7759,0.0041,2.1382,False,-154.0,False,-114.0,False,-97.0,False,20.0,False,43.0,False
2025-04-12T14,L,2025-04-12 03:05:00,0.1348,0.0161,0.0499,0.0719,0.0522,0.0826,0.2286,0.1265,0.645,1.9684,False,122.0,False,128.0,False,131.0,False,136.0,False,143.0,False
2025-04-13T01,H,2025-04-13 01:35:00,0.7091,0.4717,0.6574,,,0.9648,0.3311,0.5647,0.1043,4.9724,True,-103.0,False,-101.0,False,-100.0,False,5.0,True,5.0,True
2025-04-14T02,L,2025-04-13 19:45:00,0.8562,0.4579,0.7071,0.7843,0.3687,0.8109,0.0417,0.7856,0.1727,9.2161,False,-202.0,False,-198.0,False,-189.0,False,-21.0,False,80.0,False
2025-04-14T16,H,2025-04-14 14:55:00,0.6632,0.1342,0.7699,0.8283,0.9381,0.9505,0.1259,0.4834,0.3907,2.0435,True,-110.0,False,-11.0,False,2.0,True,4.0,True,7.0,True
2025-04-14T18,L,2025-04-14 17:00:00,0.0,,,,0.4341,0.4341,0.3038,0.5334,0.1628,1.7476,True,15.0,False,21.0,False,21.0,False,21.0,False,33.0,False
2025-04-14T22,H,2025-04-14 19:15:00,0.0942,0.2508,0.3315,0.2995,0.5807,0.5807,0.7363,0.2243,0.0394,0.6546,True,11.0,True,14.0,False,15.0,False,33.0,False,39.0,False
2025-04-15T01,L,2025-04-15 00:20:00,0.283,0.0656,0.4481,0.5083,0.5644,0.6323,0.619,0.2286,0.1524,2.1271,True,5.0,True,8.0,True,20.0,False,20.0,False,20.0,False
2025-04-15T14,H,2025-04-15 13:50:00,0.7834,0.1257,0.9213,0.9291,0.955,0.9606,0.5921,0.1285,0.2795,9.8931,True,-136.0,False,-134.0,False,-32.0,False,2.0,True,2.0,True
2025-04-16T10,L,2025-04-16 01:05:00,0.6625,0.1727,0.2775,0.3019,0.5374,0.5374,0.6756,0.1827,0.1418,1.0954,False,-118.0,False,-116.0,False,71.0,False,92.0,False,113.0,False
2025-04-17T14,H,2025-04-16 17:35:00,0.3089,0.2694,0.6151,0.7769,0.6532,0.8575,0.5057,0.3165,0.1778,5.5368,True,3.0,True,3.0,True,5.0,True,5.0,True,249.0,False
2025-04-17T16,L,2025-04-17 15:00:00,0.0,,,0.5628,0.6928,0.6984,0.3378,0.6622,0.0,2.1294,True,6.0,True,7.0,True,16.0,False,21.0,False,28.0,False
2025-04-18T02,H,2025-04-17 18:25:00,0.4457,0.0946,0.0922,0.2359,0.4949,0.4949,0.1921,0.7133,0.0946,1.4796,True,13.0,False,14.0,False,72.0,False,79.0,False,103.0,False
2025-04-19T02,L,2025-04-18 16:05:00,0.4701,0.2175,0.3631,0.4654,0.4266,0.4654,0.3574,0.6024,0.0402,3.1066,False,14.0,False,23.0,False,23.0,False,68.0,False,131.0,False
2025-04-19T16,H,2025-04-19 15:35:00,0.6257,0.358,0.7163,0.7533,0.8629,0.8629,0.2349,0.6627,0.1023,9.5553,True,-108.0,False,-51.0,False,3.0,True,11.0,True,15.0,False
2025-04-20T19,L,2025-04-20 11:35:00,0.8682,0.175,0.1429,0.3894,0.6705,0.6705,0.324,0.575,0.101,3.3225,False,-217.0,False,-214.0,False,-211.0,False,-208.0,False,96.0,False
2025-04-21T13,H,2025-04-21 09:10:00,0.5659,0.1777,0.3918,0.4506,0.4494,0.5134,0.2293,0.5518,0.2189,1.6946,False,-129.0,False,17.0,False,24.0,False,34.0,False,46.0,False
2025-04-21T14,L,2025-04-21 14:00:00,0.0,,,,0.3856,0.3856,0.7798,0.1802,0.04,0.5832,True,15.0,False,15.0,False,15.0,False,21.0,False,21.0,False
2025-04-21T16,H,2025-04-21 15:00:00,0.0,,,0.1537,0.1692,0.4319,0.3139,0.3207,0.3654,1.1932,True,23.0,False,26.0,False,28.0,False,29.0,False,29.0,False
2025-04-22T02,L,2025-04-21 17:10:00,0.0811,0.1184,0.1761,0.2305,0.1846,0.279,0.0499,0.7692,0.1809,3.4048,True,97.0,False,98.0,False,98.0,False,106.0,False,118.0,False
2025-04-23T10,H,2025-04-23 08:25:00,0.8255,0.2866,0.3757,0.3165,0.5073,0.5073,0.0359,0.9268,0.0373,2.1181,False,-351.0,False,-350.0,False,-329.0,False,-64.0,False,20.0,False
2025-04-24T15,L,2025-04-24 08:50:00,0.6915,0.1253,0.4181,0.5332,0.592,0.6268,0.3893,0.3366,0.2742,2.305,False,-234.0,False,-188.0,False,14.0,False,50.0,False,57.0,False
2025-04-25T03,H,2025-04-25 01:15:00,0.6733,0.1566,0.4885,0.47,0.6204,0.6204,0.0641,0.9107,0.0252,7.7499,False,-96.0,False,-90.0,False,21.0,False,21.0,False,33.0,False
2025-04-25T07,L,2025-04-25 04:00:00,0.0,,,,0.5957,0.5957,0.1096,0.857,0.0334,2.7266,True,11.0,True,13.0,False,14.0,False,59.0,False,59.0,False
2025-04-25T22,H,2025-04-25 15:00:00,0.6368,0.1756,0.1616,0.2462,0.4522,0.4795,0.322,0.4389,0.2391,4.2023,False,-70.0,False,-52.0,False,34.0,False,36.0,False,84.0,False
2025-04-26T22,L,2025-04-26 13:50:00,0.6073,0.1644,0.0643,0.0768,0.3751,0.3751,0.2781,0.496,0.2259,4.4571,False,-45.0,False,-35.0,False,107.0,False,110.0,False,110.0,False
2025-04-27T03,H,2025-04-27 01:20:00,0.628,0.527,0.8667,0.8168,0.9278,0.9529,0.6012,0.3988,0.0,3.7483,True,-20.0,False,-15.0,False,3.0,True,3.0,True,8.0,True
2025-04-27T18,L,2025-04-27 13:10:00,0.6022,0.2387,0.3092,0.5342,0.7007,0.7427,0.3672,0.6154,0.0173,4.5448,True,-56.0,False,-46.0,False,10.0,True,49.0,False,58.0,False
2025-04-27T23,H,2025-04-27 21:50:00,0.316,0.2227,0.5371,0.6922,0.7365,0.819,0.5203,0.4109,0.0687,1.9247,True,3.0,True,5.0,True,5.0,True,8.0,True,16.0,False
2025-04-28T05,L,2025-04-28 01:40:00,0.3774,0.1043,0.0661,0.189,0.3504,0.4014,0.306,0.4036,0.2903,2.5042,True,16.0,False,20.0,False,20.0,False,24.0,False,42.0,False
2025-04-28T15,H,2025-04-28 12:50:00,0.5113,0.2321,0.2055,0.4264,0.7792,0.7792,0.4046,0.4281,0.1673,2.2601,True,-29.0,False,9.0,True,12.0,True,13.0,False,14.0,False
2025-04-28T22,L,2025-04-28 16:25:00,0.1958,0.144,0.4899,0.3165,0.2348,0.571,0.207,0.6078,0.1852,0.6728,True,4.0,True,29.0,False,31.0,False,35.0,False,43.0,False
2025-04-29T04,H,2025-04-29 01:50:00,0.2592,0.1343,0.3618,0.367,0.4104,0.4145,0.0244,0.7238,0.2518,2.7211,True,15.0,False,26.0,False,38.0,False,38.0,False,38.0,False
2025-04-29T08,L,2025-04-29 05:45:00,0.2317,0.0496,0.1056,0.2632,0.4058,0.4332,0.4862,0.5126,0.0012,1.1037,True,14.0,False,15.0,False,21.0,False,27.0,False,29.0,False
2025-04-29T15,H,2025-04-29 14:45:00,0.9149,0.2171,0.5113,0.6729,0.6855,0.7679,0.2091,0.7845,0.0064,3.7935,False,-36.0,False,-26.0,False,-21.0,False,-9.0,False,-9.0,False
2025-04-29T17,L,2025-04-29 17:05:00,0.8383,0.558,0.9106,0.8435,,0.9932,0.4224,0.4953,0.0823,3.7656,True,-8.0,False,-7.0,False,-6.0,False,-4.0,False,3.0,True
2025-04-29T21,H,2025-04-29 18:30:00,0.1916,0.018,0.0186,0.0317,0.0511,0.0519,0.2051,0.4615,0.3333,0.6962,False,30.0,False,33.0,False,34.0,False,42.0,False,42.0,False
2025-04-30T05,L,2025-04-29 23:15:00,0.3764,0.057,0.1048,0.1833,0.4068,0.4068,0.3474,0.4449,0.2077,2.7099,True,16.0,False,19.0,False,37.0,False,56.0,False,69.0,False
2025-04-30T06,H,2025-04-30 06:00:00,0.0,,,,0.3256,0.396,0.1568,0.5487,0.2946,1.6025,True,17.0,False,18.0,False,21.0,False,21.0,False,,False
2025-04-30T09,L,2025-04-30 07:50:00,0.506,0.1334,0.133,0.2319,0.1639,0.284,0.4056,0.5933,0.001,2.8457,False,-6.0,False,23.0,False,26.0,False,26.0,False,26.0,False
2025-04-30T12,H,2025-04-30 11:45:00,0.2694,0.1748,0.0996,0.1101,0.6747,0.6747,0.1724,0.7616,0.066,3.2293,True,10.0,True,11.0,True,15.0,False,15.0,False,15.0,False
2025-04-30T21,L,2025-04-30 14:05:00,0.4687,0.1545,0.2204,0.659,0.5273,0.6823,0.4465,0.2028,0.3507,2.9609,True,4.0,True,4.0,True,44.0,False,72.0,False,83.0,False
2025-05-01T22,H,2025-05-01 15:15:00,0.8539,0.0346,0.1744,0.2608,0.2765,0.3811,0.8904,0.1019,0.0077,9.5891,False,-201.0,False,-200.0,False,-197.0,False,-195.0,False,93.0,False
2025-05-02T14,L,2025-05-01 23:40:00,0.1822,0.0743,0.1707,0.2335,0.2908,0.3528,0.0734,0.9266,0.0,0.6027,True,16.0,False,16.0,False,180.0,False,180.0,False,184.0,False
2025-05-02T18,H,2025-05-02 15:00:00,0.0,0.1333,0.2594,0.742,0.7452,0.7452,0.2261,0.6537,0.1202,1.4961,True,6.0,True,6.0,True,6.0,True,26.0,False,48.0,False
2025-05-03T19,L,2025-05-03 17:25:00,0.9325,0.5479,0.4063,0.7912,0.8561,0.8711,0.5349,0.3432,0.1219,4.3416,False,-57.0,False,-56.0,False,-47.0,False,-40.0,False,-17.0,False
2025-05-03T23,H,2025-05-03 21:35:00,0.1134,0.0475,0.1151,0.1344,0.111,0.1344,0.2862,0.7121,0.0017,1.5189,True,29.0,False,29.0,False,,False,,False,,False
2025-05-04T19,L,2025-05-04 17:40:00,0.907,0.564,0.8,0.8151,0.7671,0.8472,0.447,0.5508,0.0022,1.797,False,-188.0,False,-188.0,False,-187.0,False,-185.0,False,-31.0,False
2025-05-04T23,H,2025-05-04 21:10:00,0.2552,0.1641,0.1764,0.0672,0.6662,0.6662,0.7233,0.2767,0.0,1.6864,True,11.0,True,11.0,True,17.0,False,17.0,False,24.0,False
2025-05-05T07,L,2025-05-05 02:10:00,0.5658,0.1333,0.5043,0.6035,0.5869,0.6252,0.5962,0.3317,0.0721,2.4033,True,-20.0,False,5.0,True,28.0,False,45.0,False,58.0,False
2025-05-05T11,H,2025-05-05 08:00:00,0.0,,,,0.1302,0.1302,0.5089,0.4454,0.0457,2.0496,True,22.0,False,43.0,False,47.0,False,47.0,False,59.0,False
2025-05-05T13,L,2025-05-05 13:55:00,0.9359,0.2686,,,,0.9217,0.1429,0.764,0.0931,1.7069,False,-17.0,False,-17.0,False,-11.0,False,-11.0,False,-11.0,False
2025-05-05T14,H,2025-05-05 14:05:00,0.1377,0.3065,0.4403,0.6545,,0.9714,0.1492,0.8505,0.0003,2.426,True,4.0,True,6.0,True,11.0,True,11.0,True,11.0,True
2025-05-05T17,L,2025-05-05 15:50:00,0.1543,0.0254,0.1876,0.341,0.4336,0.4336,0.6922,0.0106,0.2972,1.0175,True,14.0,False,15.0,False,19.0,False,22.0,False,26.0,False
2025-05-06T10,H,2025-05-05 22:45:00,0.7601,0.0421,0.1101,0.1401,0.2496,0.2496,0.3964,0.2214,0.3822,1.7674,False,-30.0,False,-26.0,False,-26.0,False,114.0,False,135.0,False
2025-05-06T15,L,2025-05-06 13:55:00,0.6591,0.139,0.7199,0.863,0.8335,0.8699,0.8021,0.1869,0.011,11.1775,True,-2.0,False,-2.0,False,3.0,True,5.0,True,20.0,False
2025-05-07T13,H,2025-05-07 01:10:00,0.4988,0.0653,0.0682,0.0635,0.1972,0.1972,0.3588,0.4918,0.1493,1.9627,False,24.0,False,34.0,False,52.0,False,137.0,False,146.0,False
2025-05-08T01,L,2025-05-07 19:35:00,0.6976,0.0322,0.3181,0.238,0.3509,0.4222,0.9045,0.0875,0.008,1.8871,False,-59.0,False,-32.0,False,22.0,False,41.0,False,65.0,False
2025-05-08T14,H,2025-05-08 11:00:00,0.386,0.2609,0.4794,0.6007,0.8039,0.8039,0.0357,0.9358,0.0285,1.0984,True,5.0,True,6.0,True,12.0,True,12.0,True,36.0,False
2025-05-08T15,L,2025-05-08 15:00:00,0.0,,,,0.218,0.218,0.6208,0.0584,0.3208,1.1871,True,14.0,False,15.0,False,15.0,False,17.0,False,18.0,False
2025-05-09T04,H,2025-05-08 21:25:00,0.5412,0.2713,0.3894,0.7513,0.6507,0.7513,0.5525,0.4348,0.0128,3.9114,True,-26.0,False,4.0,True,6.0,True,38.0,False,79.0,False
2025-05-10T23,L,2025-05-09 17:00:00,0.7334,0.1019,0.2199,0.3495,0.4062,0.431,0.48,0.5058,0.0141,1.5643,False,-116.0,False,-114.0,False,-110.0,False,168.0,False,372.0,False
2025-05-11T06,H,2025-05-11 00:00:00,0.0,,,,0.5836,0.5891,0.459,0.0191,0.5218,1.4093,True,11.0,True,13.0,False,13.0,False,13.0,False,44.0,False
2025-05-11T10,L,2025-05-11 08:00:00,0.2167,0.0698,0.2619,0.3055,0.3126,0.3778,0.1844,0.5794,0.2361,1.8925,True,15.0,False,18.0,False,24.0,False,36.0,False,36.0,False
2025-05-11T14,H,2025-05-11 12:10:00,0.5837,0.0804,0.1406,0.1038,0.1497,0.1948,0.5485,0.4515,0.0,2.9821,False,-11.0,False,22.0,False,22.0,False,22.0,False,34.0,False
2025-05-12T08,L,2025-05-11 22:45:00,0.8736,0.0364,0.1945,0.2957,0.4487,0.4487,0.8834,0.0414,0.0753,1.7548,False,-93.0,False,-93.0,False,-92.0,False,-91.0,False,29.0,False
2025-05-12T11,H,2025-05-12 09:00:00,0.0,,0.1837,0.1828,0.2262,0.2386,0.831,0.1684,0.0006,1.1946,True,37.0,False,37.0,False,37.0,False,37.0,False,37.0,False
2025-05-13T05,L,2025-05-12 18:50:00,0.4825,0.0334,0.4081,0.4246,0.4703,0.4703,0.7296,0.0708,0.1995,3.0933,False,15.0,False,17.0,False,20.0,False,25.0,False,42.0,False
2025-05-14T01,H,2025-05-13 19:50:00,0.6813,0.0587,0.2309,0.3416,0.3074,0.4102,0.5437,0.2015,0.2548,1.4649,False,-68.0,False,-67.0,False,40.0,False,62.0,False,74.0,False
2025-05-15T00,L,2025-05-14 17:30:00,0.8651,0.2099,0.3791,0.5104,0.5593,0.5766,0.3977,0.5255,0.0768,2.838,False,-157.0,False,-154.0,False,-142.0,False,-47.0,False,87.0,False
2025-05-15T01,H,2025-05-15 01:00:00,0.0,,0.0736,0.1433,0.5548,0.5548,0.5039,0.3117,0.1845,0.9107,True,11.0,True,13.0,False,14.0,False,14.0,False,14.0,False
2025-05-15T15,L,2025-05-15 14:50:00,0.94,0.3226,0.6714,0.705,0.9301,0.9301,0.0881,0.899,0.0129,3.5028,False,-71.0,False,-44.0,False,-42.0,False,-34.0,False,-22.0,False
2025-05-16T08,H,2025-05-16 02:40:00,0.5779,0.173,0.2121,0.3884,0.3648,0.3884,0.3014,0.6804,0.0181,1.0208,False,-92.0,False,28.0,False,54.0,False,61.0,False,76.0,False
2025-05-16T16,L,2025-05-16 09:00:00,0.0,,,,0.7994,0.7994,0.8911,0.1089,0.0,2.104,True,8.0,True,9.0,True,9.0,True,13.0,False,92.0,False
2025-05-16T17,H,2025-05-16 17:00:00,0.0,,,,0.6323,0.6323,0.5157,0.4843,0.0,1.6391,True,12.0,True,12.0,True,21.0,False,22.0,False,22.0,False
2025-05-17T19,L,2025-05-17 01:55:00,0.5011,0.2113,0.3559,0.417,0.581,0.581,0.3766,0.5355,0.0879,2.3171,True,-93.0,False,13.0,False,21.0,False,37.0,False,217.0,False
2025-05-18T20,H,2025-05-18 17:00:00,0.6693,0.1906,0.2109,0.3869,0.8276,0.8276,0.5757,0.4241,0.0003,11.985,True,-226.0,False,-222.0,False,11.0,True,12.0,True,13.0,False
2025-05-18T22,L,2025-05-18 21:00:00,0.0,,,,0.5337,0.5337,0.5262,0.4736,0.0002,5.9563,True,12.0,True,13.0,False,17.0,False,29.0,False,35.0,False
2025-05-19T02,H,2025-05-19 00:10:00,0.2388,0.1384,0.3465,0.451,0.7596,0.7596,0.4533,0.5467,0.0,2.0951,True,7.0,True,7.0,True,12.0,True,16.0,False,25.0,False
2025-05-19T15,L,2025-05-19 06:40:00,0.1897,0.1544,0.1532,0.2172,0.3514,0.3514,0.4232,0.5765,0.0003,2.8803,True,21.0,False,90.0,False,98.0,False,100.0,False,100.0,False
2025-05-20T07,H,2025-05-20 02:25:00,0.6116,0.0262,0.2245,0.3429,0.4647,0.5052,0.2067,0.3065,0.4868,1.2897,False,-24.0,False,-14.0,False,55.0,False,55.0,False,67.0,False
2025-05-20T19,L,2025-05-20 13:50:00,0.708,0.082,0.1244,0.3016,0.4091,0.4091,0.2095,0.4301,0.3604,2.7766,False,-57.0,False,-52.0,False,-44.0,False,40.0,False,50.0,False
2025-05-21T08,H,2025-05-21 06:30:00,0.7379,0.2625,0.1896,0.3675,0.866,0.866,0.5591,0.4407,0.0002,3.966,True,-108.0,False,-99.0,False,-97.0,False,12.0,True,14.0,False
2025-05-21T14,L,2025-05-21 09:50:00,0.1558,0.0604,0.1878,0.1984,0.1727,0.2315,0.2161,0.2368,0.5471,0.9981,True,32.0,False,47.0,False,49.0,False,54.0,False,61.0,False
2025-05-21T18,H,2025-05-21 16:50:00,0.1509,0.1205,0.2857,0.4818,0.9098,0.9098,0.4309,0.4446,0.1245,1.0006,True,7.0,True,7.0,True,8.0,True,8.0,True,11.0,True
2025-05-21T19,L,2025-05-21 19:00:00,0.0,,,,0.433,0.433,0.1173,0.7644,0.1183,1.2584,True,18.0,False,18.0,False,19.0,False,19.0,False,23.0,False
2025-05-22T10,H,2025-05-22 03:55:00,0.6708,0.1326,0.178,0.3142,0.2424,0.3142,0.2268,0.48,0.2932,3.0819,False,-88.0,False,-87.0,False,56.0,False,56.0,False,61.0,False
2025-05-24T04,L,2025-05-23 23:50:00,0.7816,0.2029,0.101,0.3127,0.3991,0.4438,0.2174,0.7595,0.0231,2.7773,False,-123.0,False,-123.0,False,-117.0,False,50.0,False,62.0,False
2025-05-24T23,H,2025-05-24 11:15:00,0.5836,0.0867,0.0821,0.1239,0.1882,0.1882,0.2028,0.664,0.1332,4.0965,False,-39.0,False,140.0,False,141.0,False,142.0,False,153.0,False
2025-05-25T17,L,2025-05-25 15:35:00,0.8929,0.539,0.4823,0.51,0.3399,0.6833,0.5046,0.4287,0.0667,6.1064,False,-185.0,False,-185.0,False,-150.0,False,-142.0,False,27.0,False
2025-05-26T14,H,2025-05-26 07:10:00,0.368,0.0413,0.2554,0.133,0.1911,0.2627,0.5293,0.1365,0.3341,3.8843,False,45.0,False,47.0,False,47.0,False,82.0,False,89.0,False
2025-05-27T08,L,2025-05-27 01:25:00,0.7426,0.1696,0.2262,0.2111,0.2108,0.2425,0.1756,0.7649,0.0596,12.3289,False,-119.0,False,-117.0,False,-114.0,False,79.0,False,91.0,False
2025-05-27T21,H,2025-05-27 13:25:00,0.4364,0.2466,0.2976,0.4084,0.5085,0.5085,0.6314,0.2108,0.1578,3.7524,True,12.0,True,13.0,False,14.0,False,91.0,False,91.0,False
2025-05-29T00,L,2025-05-28 20:05:00,0.8029,0.2597,0.4391,0.5573,0.6481,0.6964,0.0258,0.9468,0.0275,3.4498,False,-133.0,False,-108.0,False,-97.0,False,-85.0,False,23.0,False
2025-05-29T15,H,2025-05-29 11:25:00,0.6945,0.0993,0.1069,0.1962,0.3674,0.3773,0.6436,0.3564,0.0,0.7291,False,-82.0,False,-80.0,False,27.0,False,31.0,False,36.0,False
2025-05-30T05,L,2025-05-30 01:00:00,0.4761,0.2739,0.468,0.5684,0.7023,0.7023,0.4821,0.4241,0.0938,18.0955,True,5.0,True,9.0,True,12.0,True,21.0,False,27.0,False
2025-05-30T07,H,2025-05-30 06:00:00,0.0,,,0.2291,0.3727,0.3727,0.3583,0.6417,0.0,1.7396,True,14.0,False,14.0,False,23.0,False,25.0,False,28.0,False
2025-05-30T09,L,2025-05-30 09:45:00,0.6319,0.5353,0.9873,,,0.9873,0.5027,0.4846,0.0127,3.3127,True,-12.0,False,-4.0,False,2.0,True,3.0,True,3.0,True
2025-05-30T16,H,2025-05-30 12:50:00,0.5383,0.0337,0.0454,0.1475,0.0444,0.1534,0.0662,0.7239,0.21,0.9214,False,-7.0,False,45.0,False,48.0,False,49.0,False,50.0,False
2025-05-31T06,L,2025-05-31 03:10:00,0.7865,0.0869,0.1809,0.2868,0.3968,0.5441,0.25,0.609,0.141,0.9743,False,-77.0,False,-69.0,False,-62.0,False,22.0,False,46.0,False
2025-06-01T09,H,2025-05-31 22:05:00,0.4628,0.1715,0.1976,0.3377,0.5151,0.5151,0.5051,0.3873,0.1076,1.4777,True,12.0,True,24.0,False,29.0,False,43.0,False,119.0,False
2025-06-01T14,L,2025-06-01 10:00:00,0.0,,0.3147,0.3788,0.1483,0.3868,0.2868,0.4911,0.2221,1.8663,True,19.0,False,20.0,False,23.0,False,51.0,False,54.0,False
2025-06-02T04,H,2025-06-01 23:25:00,0.7999,0.2398,0.2363,0.3967,0.5436,0.5836,0.5599,0.4393,0.0008,4.2827,False,-59.0,False,-58.0,False,-57.0,False,42.0,False,46.0,False
2025-06-02T20,L,2025-06-02 14:05:00,0.8473,0.1895,0.2762,0.5016,0.1923,0.5016,0.3835,0.3547,0.2618,3.808,False,-84.0,False,-84.0,False,-73.0,False,-72.0,False,83.0,False
2025-06-03T07,H,2025-06-03 02:05:00,0.5387,0.0929,0.2291,0.2579,0.4985,0.4985,0.6078,0.3566,0.0357,1.4174,False,-54.0,False,14.0,False,30.0,False,35.0,False,71.0,False
2025-06-03T14,L,2025-06-03 08:45:00,0.089,0.129,0.3511,0.5818,0.6953,0.6953,0.1927,0.8073,0.0,1.0668,True,6.0,True,10.0,True,19.0,False,56.0,False,72.0,False
2025-06-03T21,H,2025-06-03 15:25:00,0.164,0.1586,0.1444,0.2505,0.298,0.298,0.3059,0.6216,0.0725,1.8688,True,19.0,False,19.0,False,22.0,False,32.0,False,67.0,False
2025-06-05T03,L,2025-06-04 14:10:00,0.8408,0.0747,0.1882,0.199,0.5455,0.5455,0.2473,0.7326,0.0201,11.1218,False,-53.0,False,-51.0,False,-49.0,False,-38.0,False,166.0,False
2025-06-05T06,H,2025-06-05 04:55:00,0.1101,0.0269,0.0676,0.1834,0.3854,0.3854,0.7229,0.2771,0.0,3.0021,True,13.0,False,13.0,False,17.0,False,25.0,False,25.0,False
2025-06-05T09,L,2025-06-05 07:00:00,0.0,,0.1344,0.1498,0.1508,0.1869,0.3337,0.5178,0.1484,0.9357,True,29.0,False,37.0,False,37.0,False,37.0,False,37.0,False
2025-06-05T16,H,2025-06-05 13:15:00,0.7653,0.1436,0.2233,0.5205,0.9378,0.9378,0.6568,0.1464,0.1969,2.3294,True,-31.0,False,-31.0,False,-26.0,False,7.0,True,11.0,True
2025-06-06T04,L,2025-06-05 21:00:00,0.4058,0.0527,0.0506,0.1776,0.4198,0.4198,0.4311,0.2285,0.3404,2.7537,True,19.0,False,35.0,False,36.0,False,57.0,False,84.0,False
2025-06-07T09,H,2025-06-06 15:20:00,0.622,0.2403,0.2788,0.3085,0.2906,0.4381,0.4422,0.4199,0.1379,6.2904,False,-31.0,False,-31.0,False,52.0,False,104.0,False,221.0,False
2025-06-07T10,L,2025-06-07 10:00:00,0.0,,,,0.1866,0.1866,0.999,0.001,0.0,0.827,True,16.0,False,23.0,False,23.0,False,23.0,False,,False
2025-06-07T23,H,2025-06-07 20:20:00,0.9374,0.079,0.2186,0.1613,0.3817,0.3817,0.3542,0.2331,0.4128,1.5855,False,-101.0,False,-101.0,False,-61.0,False,-40.0,False,-28.0,False
2025-06-08T15,L,2025-06-08 10:20:00,0.3139,0.2454,0.5203,0.7214,0.8183,0.8183,0.7692,0.2299,0.0009,2.557,True,3.0,True,4.0,True,5.0,True,12.0,True,35.0,False
2025-06-08T23,H,2025-06-08 21:55:00,0.4063,0.0774,0.5226,0.4989,0.7781,0.7843,0.5964,0.3557,0.0479,3.7286,True,3.0,True,4.0,True,9.0,True,13.0,False,14.0,False
2025-06-09T09,L,2025-06-09 03:25:00,0.4902,0.1714,0.3701,0.4408,0.4784,0.5544,0.242,0.758,0.0,2.0392,True,9.0,True,43.0,False,66.0,False,73.0,False,73.0,False
2025-06-10T05,H,2025-06-09 21:35:00,0.692,0.3088,0.4003,0.3512,0.2357,0.4451,0.6182,0.1743,0.2075,5.413,False,-95.0,False,-92.0,False,41.0,False,42.0,False,55.0,False
2025-06-10T23,L,2025-06-10 15:35:00,0.5635,0.164,0.4003,0.7079,0.6367,0.7079,0.812,0.188,0.0,6.6358,True,-28.0,False,6.0,True,6.0,True,43.0,False,78.0,False
2025-06-11T01,H,2025-06-11 00:00:00,0.0,,0.1816,0.5802,0.5042,0.6235,0.3651,0.6341,0.0009,1.5386,True,6.0,True,7.0,True,13.0,False,18.0,False,25.0,False
2025-06-12T16,L,2025-06-12 13:35:00,0.8611,0.3632,0.5619,0.7234,0.837,0.837,0.0497,0.7605,0.1898,6.2295,False,-410.0,False,-298.0,False,-287.0,False,-279.0,False,17.0,False
2025-06-12T20,H,2025-06-12 17:50:00,0.1186,0.0496,0.1235,0.2587,0.4583,0.4583,0.6347,0.3647,0.0007,1.0515,True,24.0,False,25.0,False,25.0,False,29.0,False,35.0,False
2025-06-13T08,L,2025-06-13 01:15:00,0.3887,0.0782,0.1678,0.2576,0.3894,0.3894,0.4046,0.5275,0.0678,2.9388,True,24.0,False,28.0,False,50.0,False,69.0,False,81.0,False
2025-06-14T08,H,2025-06-14 00:55:00,0.6598,0.4328,0.6261,0.6682,0.778,0.778,0.3754,0.6036,0.0211,1.583,True,-190.0,False,-182.0,False,4.0,True,19.0,False,61.0,False
2025-06-14T21,L,2025-06-14 20:15:00,0.9002,0.1101,0.5151,0.8535,0.9404,0.9404,0.181,0.4354,0.3836,6.0927,True,-135.0,False,-135.0,False,-117.0,False,-116.0,False,-99.0,False
2025-06-15T09,H,2025-06-15 06:05:00,0.34,0.2663,0.4713,0.7,0.7434,0.745,0.7235,0.2615,0.015,4.2341,True,4.0,True,5.0,True,8.0,True,17.0,False,27.0,False
2025-06-15T14,L,2025-06-15 10:00:00,0.0,,,0.2336,0.3778,0.5069,0.0625,0.9375,0.0,0.5713,True,8.0,True,15.0,False,40.0,False,43.0,False,53.0,False
2025-06-15T20,H,2025-06-15 15:00:00,0.0,,0.2607,0.2185,0.3079,0.3149,0.5869,0.4124,0.0007,2.1188,True,17.0,False,20.0,False,58.0,False,61.0,False,62.0,False
2025-06-16T01,L,2025-06-15 21:15:00,0.2084,0.0692,0.2014,0.1406,0.4248,0.4248,0.2059,0.4567,0.3374,1.8089,True,18.0,False,21.0,False,23.0,False,33.0,False,56.0,False
2025-06-16T23,H,2025-06-16 22:10:00,0.6607,0.3085,0.4445,0.8525,0.9188,0.9353,0.2342,0.5951,0.1708,2.1615,True,-105.0,False,-74.0,False,6.0,True,6.0,True,7.0,True
2025-06-18T00,L,2025-06-17 17:10:00,0.7059,0.1266,0.2055,0.2533,0.3501,0.3501,0.578,0.4217,0.0003,3.7132,False,-195.0,False,-183.0,False,-155.0,False,27.0,False,94.0,False
2025-06-18T18,H,2025-06-18 05:45:00,0.2329,0.0373,0.0925,0.0863,0.183,0.183,0.5433,0.4567,0.0,2.4693,False,62.0,False,90.0,False,93.0,False,159.0,False,159.0,False
2025-06-18T20,L,2025-06-18 19:05:00,0.0629,0.6115,0.7802,0.6384,0.6089,0.8024,0.699,0.301,0.0,1.3925,True,0.0,True,0.0,True,2.0,True,2.0,True,23.0,False
2025-06-19T13,H,2025-06-19 00:50:00,0.4252,0.0531,0.5168,0.5572,0.5504,0.5619,0.3471,0.267,0.3858,1.0913,True,3.0,True,18.0,False,86.0,False,148.0,False,158.0,False
2025-06-19T22,L,2025-06-19 17:10:00,0.3436,0.075,0.0909,0.5742,0.6589,0.6948,0.217,0.2882,0.4948,1.0426,True,6.0,True,7.0,True,59.0,False,66.0,False,70.0,False
2025-06-20T14,H,2025-06-20 08:40:00,0.755,0.1084,0.4015,0.4772,0.5128,0.5284,0.5315,0.4685,0.0,4.4856,False,-86.0,False,-46.0,False,-44.0,False,64.0,False,69.0,False
2025-06-21T06,L,2025-06-20 17:40:00,0.3376,0.1218,0.2734,0.3602,0.4125,0.469,0.5049,0.4507,0.0444,3.1484,True,22.0,False,25.0,False,31.0,False,52.0,False,113.0,False
2025-06-21T18,H,2025-06-21 10:35:00,0.2696,0.0235,0.0961,0.1476,0.1027,0.1476,0.2206,0.2426,0.5368,1.2949,False,85.0,False,88.0,False,89.0,False,100.0,False,101.0,False
2025-06-22T04,L,2025-06-21 23:50:00,0.7749,0.6233,0.8269,0.8585,0.9126,0.9206,0.5731,0.3911,0.0358,5.5341,True,-25.0,False,-25.0,False,-25.0,False,2.0,True,9.0,True
2025-06-22T13,H,2025-06-22 06:25:00,0.2133,0.1071,0.0867,0.1417,0.2486,0.2486,0.4494,0.2933,0.2573,0.6543,True,43.0,False,83.0,False,84.0,False,85.0,False,86.0,False
2025-06-22T23,L,2025-06-22 20:20:00,0.8757,0.1865,0.3482,0.7512,0.7788,0.8102,0.1601,0.5175,0.3223,1.3138,False,-42.0,False,-42.0,False,-39.0,False,-37.0,False,23.0,False
2025-06-24T09,H,2025-06-23 22:35:00,0.8825,0.1582,0.2479,0.1926,0.2524,0.3287,0.7989,0.1388,0.0623,4.1007,False,-161.0,False,-158.0,False,-149.0,False,-127.0,False,137.0,False
2025-06-25T11,L,2025-06-24 13:40:00,0.3795,0.2985,0.1376,0.2245,0.4436,0.4693,0.7291,0.1253,0.1457,3.8216,True,13.0,False,18.0,False,37.0,False,40.0,False,151.0,False
2025-06-25T16,H,2025-06-25 14:10:00,0.4489,0.0645,0.3292,0.2821,0.4295,0.4336,0.25,0.4384,0.3116,1.4965,False,14.0,False,14.0,False,16.0,False,17.0,False,22.0,False
2025-06-27T04,L,2025-06-27 01:10:00,0.8586,0.0432,0.2051,0.2576,0.3763,0.3763,0.3871,0.439,0.1739,3.3465,False,-360.0,False,-359.0,False,-357.0,False,-338.0,False,46.0,False
2025-06-27T07,H,2025-06-27 07:25:00,0.7382,0.244,0.7428,0.8774,,0.9714,0.4297,0.4974,0.0728,5.8147,True,-22.0,False,-17.0,False,-15.0,False,4.0,True,7.0,True
2025-06-27T16,L,2025-06-27 13:55:00,0.6899,0.1763,0.3202,0.0697,0.0998,0.3499,0.3211,0.6513,0.0276,3.9255,False,-49.0,False,-47.0,False,37.0,False,37.0,False,37.0,False
2025-06-27T18,H,2025-06-27 17:00:00,0.0,,,0.532,0.709,0.7373,0.4813,0.487,0.0317,3.5825,True,6.0,True,11.0,True,11.0,True,14.0,False,20.0,False
2025-06-27T20,L,2025-06-27 19:00:00,0.0,,0.3072,0.5111,0.4888,0.5111,0.5957,0.3165,0.0878,1.9948,True,6.0,True,14.0,False,22.0,False,27.0,False,27.0,False
2025-06-28T14,H,2025-06-28 08:00:00,0.6722,0.0369,0.1778,0.1279,0.2098,0.2098,0.4695,0.5282,0.0023,1.6806,False,-103.0,False,-100.0,False,67.0,False,72.0,False,72.0,False
2025-06-28T15,L,2025-06-28 15:00:00,0.0,,,,0.343,0.343,0.0,1.0,0.0,1.0563,True,19.0,False,20.0,False,23.0,False,23.0,False,23.0,False
2025-06-28T19,H,2025-06-28 16:00:00,0.0,0.2968,0.3149,0.5092,0.7448,0.7448,0.5706,0.4294,0.0,6.924,True,5.0,True,9.0,True,12.0,True,46.0,False,48.0,False
2025-06-29T00,L,2025-06-28 20:20:00,0.2451,0.0471,0.1039,0.0895,0.0822,0.1282,0.2496,0.37,0.3805,1.1353,False,50.0,False,54.0,False,56.0,False,56.0,False,56.0,False
2025-06-29T01,H,2025-06-29 01:00:00,0.0,0.0952,0.2527,0.276,0.9506,0.9506,0.0765,0.7541,0.1694,2.4686,True,9.0,True,9.0,True,12.0,True,12.0,True,12.0,True
2025-06-29T08,L,2025-06-29 02:05:00,0.0402,0.0698,0.183,0.2175,0.4621,0.6581,0.9172,0.0189,0.0639,2.5367,True,8.0,True,8.0,True,45.0,False,59.0,False,71.0,False
2025-06-29T16,H,2025-06-29 11:55:00,0.5075,0.2157,0.4355,0.3886,0.6764,0.7532,0.497,0.3934,0.1096,5.5809,True,-14.0,False,9.0,True,10.0,True,23.0,False,51.0,False
2025-06-29T23,L,2025-06-29 21:05:00,0.5588,0.0843,0.2647,0.3852,0.5683,0.5683,0.2793,0.4402,0.2805,7.492,True,-31.0,False,14.0,False,16.0,False,21.0,False,35.0,False
2025-06-30T06,H,2025-06-30 00:40:00,0.2005,0.1974,0.1742,0.238,0.1062,0.2398,0.1468,0.7457,0.1074,1.8641,True,45.0,False,52.0,False,59.0,False,72.0,False,74.0,False
2025-07-02T02,L,2025-07-02 01:20:00,0.9415,0.5175,0.6891,0.8114,0.721,0.8291,0.1212,0.8268,0.052,5.5693,False,-434.0,False,-403.0,False,-402.0,False,-398.0,False,-352.0,False
2025-07-03T01,H,2025-07-02 17:25:00,0.63,0.1231,0.4168,0.3543,0.3444,0.477,0.3244,0.6385,0.0371,2.6171,False,-62.0,False,-61.0,False,71.0,False,79.0,False,91.0,False
2025-07-03T10,L,2025-07-03 02:50:00,0.1308,0.1348,0.2305,0.1788,0.2246,0.2662,0.2785,0.4218,0.2997,1.78,True,38.0,False,78.0,False,80.0,False,83.0,False,,False
2025-07-03T11,H,2025-07-03 11:00:00,0.0,,,,0.4675,0.4791,0.4784,0.3758,0.1458,1.5143,True,13.0,False,13.0,False,13.0,False,17.0,False,23.0,False
2025-07-04T23,L,2025-07-04 19:30:00,0.9589,0.0641,0.3772,0.4121,0.7016,0.7016,0.6645,0.3355,0.0,2.3088,False,-359.0,False,-359.0,False,-359.0,False,-359.0,False,-356.0,False
2025-07-06T05,H,2025-07-05 04:35:00,0.2197,0.1401,0.1806,0.2597,0.2231,0.2597,0.4638,0.5087,0.0275,6.1143,True,173.0,False,269.0,False,287.0,False,293.0,False,305.0,False
2025-07-06T06,L,2025-07-06 06:00:00,0.0,,,,0.1304,0.1386,0.0323,0.9677,0.0,1.1654,True,13.0,False,14.0,False,18.0,False,22.0,False,,False
2025-07-06T08,H,2025-07-06 07:00:00,0.0,,,,0.551,0.551,0.5356,0.4644,0.0,5.2325,True,12.0,True,15.0,False,17.0,False,20.0,False,25.0,False
2025-07-06T12,L,2025-07-06 09:50:00,0.4492,0.188,0.1325,0.1391,0.2441,0.2551,0.6295,0.3705,0.0,8.9352,False,26.0,False,26.0,False,26.0,False,35.0,False,38.0,False
2025-07-07T06,H,2025-07-06 21:35:00,0.834,0.3238,0.4118,0.297,0.3928,0.5819,0.1004,0.8637,0.0359,9.9066,False,-64.0,False,-58.0,False,-37.0,False,-34.0,False,110.0,False
2025-07-08T05,L,2025-07-08 02:20:00,0.9214,0.2075,0.3811,0.1706,0.387,0.5427,0.0094,0.663,0.3276,4.3425,False,-89.0,False,-88.0,False,-84.0,False,-52.0,False,-19.0,False
2025-07-09T02,H,2025-07-08 13:50:00,0.5922,0.2905,0.4136,0.5982,0.6009,0.7108,0.0825,0.917,0.0005,11.3007,True,-18.0,False,7.0,True,7.0,True,26.0,False,158.0,False
2025-07-09T11,L,2025-07-09 04:30:00,0.2057,0.157,0.256,0.3737,0.3896,0.4426,0.4917,0.5083,0.0,1.3536,True,14.0,False,14.0,False,14.0,False,30.0,False,70.0,False
2025-07-10T08,H,2025-07-09 20:00:00,0.7652,0.0768,0.2044,0.4061,0.5313,0.6404,0.3066,0.3103,0.3831,4.9411,False,-66.0,False,-66.0,False,-64.0,False,110.0,False,146.0,False
2025-07-10T16,L,2025-07-10 13:45:00,0.3938,0.3916,0.401,0.4074,0.4269,0.6299,0.0895,0.8786,0.0319,5.8222,True,7.0,True,7.0,True,26.0,False,31.0,False,32.0,False
2025-07-11T12,H,2025-07-11 09:40:00,0.9156,0.0981,0.4437,0.6388,0.7853,0.7853,0.7946,0.1088,0.0965,3.8138,False,-180.0,False,-148.0,False,-148.0,False,-147.0,False,-110.0,False
2025-07-13T04,L,2025-07-11 16:15:00,0.4102,0.0694,0.1178,0.1348,0.1857,0.189,0.423,0.5264,0.0506,1.0964,False,172.0,False,179.0,False,219.0,False,431.0,False,441.0,False
2025-07-14T14,H,2025-07-14 07:40:00,0.8998,0.3038,0.287,0.4461,0.4909,0.5292,0.5031,0.4968,0.0001,10.4475,False,-311.0,False,-310.0,False,-202.0,False,-202.0,False,43.0,False
2025-07-15T17,L,2025-07-15 15:00:00,0.9333,0.1884,0.2526,0.3239,0.5097,0.6422,0.1925,0.5639,0.2436,7.7138,False,-217.0,False,-54.0,False,-47.0,False,-12.0,False,-12.0,False
2025-07-16T23,H,2025-07-16 21:05:00,0.8869,0.1143,0.1703,0.2183,0.6379,0.6379,0.0252,0.9748,0.0,3.3315,False,-316.0,False,-302.0,False,-120.0,False,-97.0,False,23.0,False
2025-07-17T15,L,2025-07-17 12:35:00,0.5047,0.0609,0.2465,0.1435,0.0763,0.2465,0.5393,0.1552,0.3055,4.9581,False,-37.0,False,29.0,False,29.0,False,41.0,False,41.0,False
2025-07-18T08,H,2025-07-17 21:25:00,0.697,0.0294,0.2007,0.147,0.2683,0.2683,0.903,0.092,0.005,5.323,False,-59.0,False,-58.0,False,31.0,False,34.0,False,128.0,False
2025-07-19T02,L,2025-07-18 20:35:00,0.3741,0.0258,0.2518,0.3062,0.3809,0.3809,0.5908,0.0802,0.3289,2.2785,True,29.0,False,41.0,False,65.0,False,65.0,False,77.0,False
2025-07-19T18,H,2025-07-19 10:45:00,0.5411,0.1278,0.1163,0.3164,0.1499,0.3164,0.5389,0.4611,0.0,6.5104,False,-29.0,False,45.0,False,47.0,False,51.0,False,99.0,False
2025-07-19T19,L,2025-07-19 19:15:00,0.2902,0.166,0.4026,0.7894,,0.9101,0.3657,0.5105,0.1238,3.3414,True,5.0,True,6.0,True,6.0,True,9.0,True,9.0,True
2025-07-19T20,H,2025-07-19 20:10:00,0.456,0.1959,0.4351,0.4668,,0.9771,0.516,0.484,0.0,1.7598,True,10.0,True,10.0,True,10.0,True,10.0,True,10.0,True
2025-07-20T00,L,2025-07-19 21:30:00,0.1396,0.3947,0.2146,0.2834,0.31,0.3959,0.7917,0.2083,0.0,4.1945,True,18.0,False,30.0,False,30.0,False,41.0,False,42.0,False
2025-07-20T21,H,2025-07-20 16:05:00,0.6049,0.0624,0.3462,0.2527,0.4297,0.4297,0.834,0.166,0.0,6.0138,False,-48.0,False,-48.0,False,23.0,False,48.0,False,60.0,False
2025-07-21T04,L,2025-07-20 22:20:00,0.2486,0.3701,0.6717,0.7426,0.5326,0.7507,0.0428,0.8011,0.1561,6.3914,True,1.0,True,2.0,True,5.0,True,47.0,False,58.0,False
2025-07-21T12,H,2025-07-21 07:35:00,0.3902,0.1111,0.1204,0.121,0.1564,0.1673,0.5179,0.2296,0.2525,3.5723,False,26.0,False,49.0,False,52.0,False,54.0,False,65.0,False
2025-07-21T13,L,2025-07-21 13:00:00,0.0,,,,0.2421,0.3388,0.4049,0.4624,0.1326,2.8912,True,18.0,False,19.0,False,19.0,False,21.0,False,23.0,False
2025-07-21T15,H,2025-07-21 14:50:00,0.4407,0.3367,0.3232,0.395,0.7113,0.7143,0.2645,0.7355,0.0,1.6546,True,8.0,True,9.0,True,11.0,True,14.0,False,14.0,False
2025-07-22T06,L,2025-07-22 01:20:00,0.5643,0.671,0.8212,0.9031,0.897,0.9092,0.0148,0.917,0.0682,11.314,True,-33.0,False,0.0,True,2.0,True,2.0,True,6.0,True
2025-07-23T02,H,2025-07-22 23:20:00,0.7296,0.144,0.3833,0.4977,0.6175,0.6204,0.5289,0.0019,0.4693,0.8626,False,-181.0,False,-111.0,False,-111.0,False,21.0,False,41.0,False
2025-07-23T22,L,2025-07-23 14:05:00,0.6976,0.3014,0.4438,0.3632,0.5948,0.6665,0.7895,0.1243,0.0862,5.3634,False,-37.0,False,-32.0,False,20.0,False,59.0,False,74.0,False
2025-07-24T05,H,2025-07-24 03:35:00,0.4135,0.2617,0.6064,0.7481,0.8279,0.8279,0.6212,0.1071,0.2717,2.4867,True,3.0,True,3.0,True,5.0,True,10.0,True,16.0,False
2025-07-24T08,L,2025-07-24 07:10:00,0.2147,0.3531,0.6074,0.6791,0.888,0.888,0.6239,0.2934,0.0827,3.2297,True,1.0,True,1.0,True,7.0,True,12.0,True,17.0,False
2025-07-24T22,H,2025-07-24 15:15:00,0.8782,0.1365,0.2875,0.4312,0.3408,0.5097,0.7337,0.0986,0.1677,1.9209,False,-65.0,False,-65.0,False,-57.0,False,-15.0,False,93.0,False
2025-07-25T13,L,2025-07-25 07:55:00,0.5491,0.0436,0.3578,0.4921,0.3092,0.5041,0.9076,0.0837,0.0088,3.66,False,-7.0,False,26.0,False,34.0,False,39.0,False,68.0,False
2025-07-25T14,H,2025-07-25 14:00:00,0.0,,,0.2579,0.6817,0.6817,0.7389,0.258,0.0031,1.5373,True,8.0,True,11.0,True,13.0,False,16.0,False,16.0,False
2025-07-25T16,L,2025-07-25 15:00:00,0.0,0.0713,0.3765,0.491,0.8228,0.8228,0.5736,0.2706,0.1558,1.4215,True,5.0,True,11.0,True,12.0,True,12.0,True,18.0,False
2025-07-26T21,H,2025-07-26 19:50:00,0.62,0.0754,0.3077,0.5092,0.5342,0.5828,0.7503,0.2497,0.0,2.153,False,-154.0,False,-142.0,False,14.0,False,22.0,False,26.0,False
2025-07-27T15,L,2025-07-27 00:15:00,0.2527,0.2221,0.117,0.2235,0.6168,0.6168,0.9854,0.0146,0.0,0.5749,True,11.0,True,12.0,True,15.0,False,25.0,False,33.0,False
2025-07-28T07,H,2025-07-28 02:40:00,0.8559,0.2463,0.4504,0.5012,0.7,0.7,0.45,0.3026,0.2474,3.3784,False,-117.0,False,-117.0,False,-111.0,False,-69.0,False,28.0,False
2025-07-29T03,L,2025-07-28 18:35:00,0.5214,0.0377,0.2253,0.4016,0.3489,0.5328,0.6584,0.1582,0.1834,2.6509,True,-21.0,False,37.0,False,68.0,False,104.0,False,113.0,False
2025-07-29T14,H,2025-07-29 07:50:00,0.3054,0.1607,0.2526,0.1986,0.2964,0.3624,0.391,0.6087,0.0003,6.1709,True,28.0,False,35.0,False,38.0,False,84.0,False,86.0,False
2025-07-30T02,L,2025-07-29 16:40:00,0.1354,0.0932,0.3035,0.4323,0.4288,0.5088,0.3064,0.5717,0.122,2.7778,True,11.0,True,73.0,False,76.0,False,100.0,False,112.0,False
2025-07-30T12,H,2025-07-30 08:55:00,0.6171,0.0474,0.1587,0.3104,0.4519,0.4924,0.4572,0.1512,0.3916,3.2855,False,-44.0,False,-44.0,False,30.0,False,36.0,False,37.0,False
2025-07-30T14,L,2025-07-30 13:00:00,0.0,,,,0.0969,0.2249,0.0032,0.6775,0.3193,0.6776,True,32.0,False,32.0,False,32.0,False,33.0,False,33.0,False
2025-07-30T17,H,2025-07-30 15:05:00,0.0322,0.1914,0.2912,0.5599,0.7344,0.7344,0.5983,0.3203,0.0815,1.3947,True,5.0,True,8.0,True,12.0,True,21.0,False,23.0,False
2025-07-31T00,L,2025-07-30 19:10:00,0.8253,0.1318,0.2059,0.2755,0.595,0.595,0.2025,0.5584,0.2391,4.2856,False,-14.0,False,-12.0,False,-12.0,False,-12.0,False,58.0,False
2025-07-31T14,H,2025-07-31 07:20:00,0.4417,0.0527,0.1807,0.2056,0.3031,0.3031,0.7016,0.2339,0.0645,4.5099,False,36.0,False,44.0,False,71.0,False,75.0,False,92.0,False
2025-08-01T12,L,2025-08-01 08:40:00,0.9347,0.5854,0.7928,0.8198,0.9136,0.9136,0.0512,0.7551,0.1938,4.2408,False,-204.0,False,-201.0,False,-197.0,False,-194.0,False,-44.0,False
2025-08-01T13,H,2025-08-01 13:15:00,0.1988,0.0669,0.0862,0.2672,,0.7472,0.3363,0.6633,0.0004,1.1376,True,9.0,True,9.0,True,9.0,True,,False,,False
2025-08-01T14,L,2025-08-01 14:05:00,0.1513,0.3702,0.8393,0.9374,,0.9871,0.0957,0.8155,0.0888,2.9767,True,1.0,True,1.0,True,1.0,True,3.0,True,4.0,True
2025-08-01T18,H,2025-08-01 15:00:00,0.0,,,0.306,0.5554,0.5728,0.1673,0.1135,0.7192,0.976,True,10.0,True,36.0,False,41.0,False,44.0,False,53.0,False
2025-08-02T02,L,2025-08-01 22:55:00,0.6478,0.1062,0.293,0.3631,0.3861,0.4222,0.1946,0.2598,0.5455,1.5898,False,-23.0,False,-17.0,False,25.0,False,37.0,False,49.0,False
2025-08-02T17,H,2025-08-02 04:45:00,0.1521,0.0354,0.0283,0.0781,0.0501,0.0807,0.3529,0.6332,0.0138,1.7533,False,105.0,False,105.0,False,116.0,False,119.0,False,159.0,False
2025-08-02T22,L,2025-08-02 19:15:00,0.2138,0.0454,0.4041,0.4449,0.1786,0.4944,0.5446,0.2466,0.2087,1.7097,True,21.0,False,31.0,False,33.0,False,33.0,False,45.0,False
2025-08-04T05,H,2025-08-04 01:05:00,0.8462,0.2615,0.456,0.2433,0.6243,0.6243,0.3448,0.3905,0.2646,3.9391,False,-307.0,False,-294.0,False,-34.0,False,-13.0,False,44.0,False
2025-08-04T15,L,2025-08-04 13:35:00,0.6162,0.0879,0.3028,0.8078,0.8389,0.8707,0.077,0.5627,0.3603,3.7713,True,-70.0,False,-66.0,False,6.0,True,6.0,True,,False
2025-08-04T20,H,2025-08-04 17:20:00,0.5367,0.179,0.2761,0.255,0.4166,0.4166,0.6947,0.1271,0.1781,1.6437,False,-10.0,False,20.0,False,21.0,False,32.0,False,44.0,False
2025-08-04T21,L,2025-08-04 21:00:00,0.0,,,,0.4522,0.4522,0.5784,0.4216,0.0,1.5459,True,13.0,False,14.0,False,15.0,False,20.0,False,23.0,False
2025-08-05T00,H,2025-08-04 23:05:00,0.3958,0.0782,0.1761,0.1764,0.6052,0.6052,0.1187,0.6923,0.189,1.2758,True,11.0,True,12.0,True,23.0,False,23.0,False,23.0,False
2025-08-05T23,L,2025-08-05 14:50:00,0.9476,0.055,0.0991,0.1987,0.0951,0.2384,0.1926,0.3288,0.4786,4.6683,False,-77.0,False,-76.0,False,-69.0,False,-61.0,False,-51.0,False
2025-08-07T01,H,2025-08-06 18:20:00,0.8949,0.0926,0.1545,0.3089,0.2627,0.3138,0.8597,0.1388,0.0015,0.688,False,-210.0,False,-184.0,False,-172.0,False,-170.0,False,80.0,False
2025-08-07T10,L,2025-08-07 05:00:00,0.2448,0.0919,0.0934,0.1657,0.2337,0.2337,0.5806,0.1763,0.2431,1.1338,False,29.0,False,37.0,False,41.0,False,60.0,False,61.0,False
2025-08-08T02,H,2025-08-08 00:40:00,0.8381,0.3481,0.6254,0.9504,0.9612,0.9626,0.7803,0.1579,0.0619,1.7168,True,-143.0,False,-95.0,False,-4.0,False,-4.0,False,5.0,True
2025-08-09T08,L,2025-08-08 15:50:00,0.6482,0.1863,0.435,0.3379,0.4359,0.4359,0.8464,0.1536,0.0,3.1559,False,-47.0,False,-21.0,False,23.0,False,62.0,False,203.0,False
2025-08-09T15,H,2025-08-09 10:25:00,0.1659,0.0676,0.1395,0.2353,0.4285,0.4937,0.0055,0.6823,0.3122,2.1912,True,15.0,False,19.0,False,34.0,False,67.0,False,67.0,False
2025-08-10T02,L,2025-08-09 21:30:00,0.5078,0.0489,0.0668,0.1206,0.2984,0.3015,0.7563,0.2437,0.0,3.857,False,-9.0,False,61.0,False,62.0,False,66.0,False,66.0,False
2025-08-10T20,H,2025-08-10 03:30:00,0.096,0.8527,0.8969,0.7032,0.6813,0.9023,0.1174,0.7661,0.1165,9.1225,True,0.0,True,0.0,True,0.0,True,0.0,True,4.0,True
2025-08-10T23,L,2025-08-10 21:00:00,0.0,,,,0.2467,0.2467,0.0189,0.3146,0.6665,1.3683,True,31.0,False,31.0,False,31.0,False,32.0,False,43.0,False
2025-08-11T11,H,2025-08-11 02:25:00,0.5748,0.4504,0.4471,0.3011,0.3102,0.5555,0.3531,0.6122,0.0347,7.8422,False,-14.0,False,68.0,False,83.0,False,93.0,False,104.0,False
2025-08-12T12,L,2025-08-11 21:55:00,0.5192,0.3193,0.2849,0.2676,0.446,0.446,0.0414,0.9575,0.001,4.6994,False,-67.0,False,37.0,False,44.0,False,115.0,False,181.0,False
2025-08-13T04,H,2025-08-12 20:55:00,0.7251,0.0427,0.1315,0.1164,0.3123,0.3159,0.41,0.1108,0.4792,1.3355,False,-86.0,False,-86.0,False,-86.0,False,97.0,False,,False
2025-08-13T08,L,2025-08-13 05:55:00,0.3142,0.0711,0.1822,0.1659,0.2955,0.2955,0.6237,0.3763,0.0,3.019,False,27.0,False,28.0,False,37.0,False,37.0,False,37.0,False
2025-08-14T05,H,2025-08-14 00:35:00,0.9315,0.1129,0.2696,0.2415,0.275,0.3701,0.3318,0.652,0.0161,3.5166,False,-182.0,False,-117.0,False,-117.0,False,-116.0,False,-111.0,False
2025-08-15T02,L,2025-08-14 18:25:00,0.5296,0.1049,0.2724,0.299,0.3422,0.3422,0.2398,0.7155,0.0447,1.9449,False,-45.0,False,67.0,False,88.0,False,91.0,False,103.0,False
2025-08-15T14,H,2025-08-15 06:50:00,0.3403,0.1259,0.3578,0.381,0.4256,0.4267,0.8336,0.1105,0.0559,1.054,True,71.0,False,77.0,False,81.0,False,83.0,False,85.0,False
2025-08-15T22,L,2025-08-15 16:10:00,0.4351,0.2418,0.2917,0.3848,0.542,0.5507,0.3001,0.6182,0.0818,1.9336,True,8.0,True,16.0,False,16.0,False,19.0,False,82.0,False
2025-08-17T00,H,2025-08-16 01:55:00,0.6678,0.0481,0.0959,0.1211,0.1579,0.1598,0.4376,0.5066,0.0558,1.058,False,-31.0,False,-30.0,False,265.0,False,277.0,False,277.0,False
2025-08-17T02,L,2025-08-17 01:10:00,0.206,0.1384,0.3724,0.6475,0.8018,0.8235,0.324,0.676,0.0,1.5203,True,5.0,True,5.0,True,8.0,True,11.0,True,16.0,False
2025-08-17T17,H,2025-08-17 13:55:00,0.8371,0.4525,0.5856,0.8472,0.8681,0.8681,0.4721,0.5279,0.0,12.264,True,-82.0,False,-68.0,False,-11.0,False,-9.0,False,28.0,False
2025-08-18T14,L,2025-08-18 09:35:00,0.72,0.116,0.5909,0.5757,0.7093,0.7387,0.0461,0.4458,0.5081,1.9252,True,-185.0,False,-142.0,False,-129.0,False,15.0,False,65.0,False
2025-08-19T03,H,2025-08-18 22:20:00,0.4432,0.1641,0.1575,0.4805,0.7212,0.7212,0.0831,0.7238,0.1931,0.9564,True,7.0,True,8.0,True,12.0,True,26.0,False,63.0,False
2025-08-19T11,L,2025-08-19 04:10:00,0.0412,0.1232,0.296,0.4545,0.5856,0.6522,0.362,0.4584,0.1796,3.3328,True,7.0,True,7.0,True,57.0,False,72.0,False,82.0,False
2025-08-19T14,H,2025-08-19 13:35:00,0.4947,0.3694,0.6059,0.4632,0.8486,0.8602,0.4437,0.221,0.3353,7.9661,True,2.0,True,2.0,True,10.0,True,11.0,True,14.0,False
2025-08-20T03,L,2025-08-20 01:40:00,0.8761,0.062,0.4324,0.5106,0.7491,0.7491,0.7537,0.0939,0.1524,2.0649,False,-98.0,False,-97.0,False,-61.0,False,-56.0,False,16.0,False
2025-08-21T06,H,2025-08-21 02:05:00,0.781,0.3969,0.7957,0.8157,0.7264,0.8198,0.5745,0.4255,0.0,2.2891,True,-147.0,False,-147.0,False,-143.0,False,4.0,True,35.0,False
2025-08-22T01,L,2025-08-21 19:40:00,0.5236,0.1582,0.0452,0.2664,0.3323,0.4288,0.5094,0.4251,0.0655,2.6969,False,-65.0,False,52.0,False,64.0,False,65.0,False,76.0,False
2025-08-22T12,H,2025-08-22 02:30:00,0.1976,0.0842,0.2773,0.2997,0.3233,0.3233,0.1506,0.3657,0.4836,3.3774,True,18.0,False,30.0,False,94.0,False,102.0,False,105.0,False
2025-08-22T14,L,2025-08-22 13:00:00,0.0,,,0.7055,0.5562,0.7055,0.913,0.087,0.0,3.3602,True,5.0,True,6.0,True,6.0,True,18.0,False,18.0,False
2025-08-23T03,H,2025-08-22 18:20:00,0.2702,0.1842,0.1717,0.3021,0.394,0.394,0.8813,0.1171,0.0016,0.6235,True,19.0,False,87.0,False,88.0,False,95.0,False,104.0,False
2025-08-25T14,L,2025-08-24 19:40:00,0.9582,0.7871,0.6251,0.5416,0.7075,0.7871,0.348,0.6362,0.0158,90.558,False,-459.0,False,-321.0,False,-319.0,False,-278.0,False,-236.0,False
2025-08-25T20,H,2025-08-25 16:25:00,0.3121,0.1268,0.1673,0.2674,0.25,0.4479,0.5032,0.4968,0.0,1.993,True,28.0,False,35.0,False,35.0,False,43.0,False,46.0,False
2025-08-26T05,L,2025-08-26 01:05:00,0.7268,0.2869,0.5204,0.5905,0.756,0.7627,0.2817,0.6627,0.0556,3.1242,True,-39.0,False,-32.0,False,-28.0,False,13.0,False,47.0,False
2025-08-27T08,H,2025-08-26 23:15:00,0.5692,0.0385,0.2145,0.2586,0.3373,0.3373,0.2515,0.3734,0.3751,1.6665,False,-133.0,False,34.0,False,47.0,False,85.0,False,105.0,False
2025-08-27T13,L,2025-08-27 09:00:00,0.0,,0.3948,0.4737,0.561,0.561,0.3358,0.4897,0.1745,1.2077,True,8.0,True,18.0,False,38.0,False,50.0,False,59.0,False
2025-08-27T22,H,2025-08-27 14:35:00,0.4198,0.1224,0.486,0.6408,0.7123,0.7146,0.8219,0.1407,0.0374,4.6,True,2.0,True,2.0,True,11.0,True,88.0,False,91.0,False
2025-08-28T04,L,2025-08-28 00:35:00,0.2054,0.0348,0.2622,0.2646,0.381,0.3869,0.9022,0.0978,0.0,2.053,True,31.0,False,41.0,False,47.0,False,49.0,False,53.0,False
2025-08-28T15,H,2025-08-28 13:25:00,0.6317,0.1802,0.5331,0.77,0.7819,0.7819,0.2184,0.7812,0.0004,2.3488,True,-44.0,False,-14.0,False,4.0,True,13.0,False,31.0,False
2025-08-30T00,L,2025-08-29 21:05:00,0.9006,0.1355,0.2237,0.4637,0.7664,0.7991,0.2713,0.6553,0.0734,1.8796,False,-346.0,False,-345.0,False,-345.0,False,-107.0,False,-94.0,False
2025-08-30T01,H,2025-08-30 01:00:00,0.0,,,,0.2485,0.2485,0.6258,0.159,0.2152,1.2085,True,18.0,False,19.0,False,19.0,False,19.0,False,,False
2025-08-30T02,L,2025-08-30 02:00:00,0.0,0.1048,0.3181,0.3845,0.8324,0.8324,0.5053,0.2887,0.206,4.347,True,9.0,True,12.0,True,12.0,True,12.0,True,,False
2025-08-31T09,H,2025-08-31 02:00:00,0.7649,0.1157,0.1362,0.1812,0.3373,0.3373,0.4375,0.5609,0.0016,0.738,False,-62.0,False,-53.0,False,-47.0,False,37.0,False,72.0,False
2025-08-31T16,L,2025-08-31 13:10:00,0.4058,0.0747,0.1462,0.0681,0.1481,0.3328,0.4473,0.5527,0.0,2.5158,False,30.0,False,34.0,False,34.0,False,34.0,False,46.0,False
2025-08-31T23,H,2025-08-31 22:30:00,0.5141,0.0987,0.4319,0.4845,0.8233,0.8233,0.0274,0.8558,0.1168,2.2035,True,-5.0,False,7.0,True,10.0,True,12.0,True,14.0,False
2025-09-01T07,L,2025-09-01 05:20:00,0.85,0.0787,0.4232,0.5591,0.5793,0.6267,0.2733,0.5443,0.1824,0.7904,False,-55.0,False,-55.0,False,-53.0,False,-53.0,False,31.0,False
2025-09-01T21,H,2025-09-01 09:35:00,0.2103,0.0903,0.2272,0.3606,0.7898,0.7898,0.6991,0.3004,0.0005,1.0487,True,9.0,True,11.0,True,12.0,True,13.0,False,140.0,False
2025-09-02T01,L,2025-09-01 22:00:00,0.0,,0.2244,0.2959,0.4742,0.5107,0.5832,0.4168,0.0,2.379,True,10.0,True,14.0,False,16.0,False,21.0,False,27.0,False
2025-09-02T12,H,2025-09-02 08:55:00,0.3095,0.2413,0.2164,0.2683,0.4354,0.444,0.1049,0.7815,0.1136,4.5693,True,20.0,False,28.0,False,36.0,False,37.0,False,45.0,False
2025-09-02T13,L,2025-09-02 13:00:00,0.0,,0.2369,0.4,0.9169,0.9169,0.5631,0.4369,0.0,2.1796,True,9.0,True,10.0,True,10.0,True,11.0,True,12.0,True
2025-09-03T02,H,2025-09-03 00:30:00,0.9015,0.1918,0.5125,0.7082,0.8903,0.8903,0.3497,0.6503,0.0,2.1049,False,-104.0,False,-96.0,False,-94.0,False,-93.0,False,-54.0,False
2025-09-03T14,L,2025-09-03 07:25:00,0.7749,0.0962,0.1736,0.2224,0.304,0.3175,0.5884,0.1576,0.254,2.1323,False,-53.0,False,-53.0,False,-53.0,False,88.0,False,91.0,False
2025-09-03T22,H,2025-09-03 17:55:00,0.6536,0.0986,0.093,0.3607,0.5756,0.6001,0.2033,0.5977,0.199,0.8241,False,-17.0,False,-14.0,False,49.0,False,49.0,False,61.0,False
2025-09-04T21,L,2025-09-04 15:25:00,0.7137,0.0854,0.1019,0.1772,0.1668,0.2143,0.4252,0.2283,0.3465,2.2846,False,-76.0,False,-65.0,False,-63.0,False,67.0,False,79.0,False
2025-09-05T15,H,2025-09-05 13:00:00,0.6771,0.1581,0.2631,0.3592,0.3542,0.4355,0.1123,0.5392,0.3485,4.5272,False,-44.0,False,-41.0,False,15.0,False,16.0,False,17.0,False
2025-09-06T13,L,2025-09-05 17:45:00,0.3883,0.1181,0.2938,0.3701,0.6224,0.6224,0.2718,0.5958,0.1324,1.7239,True,9.0,True,12.0,True,26.0,False,180.0,False,239.0,False
2025-09-06T15,H,2025-09-06 14:05:00,0.0283,0.1072,0.2267,0.3174,0.4997,0.5125,0.3328,0.522,0.1452,2.3111,True,10.0,True,14.0,False,14.0,False,20.0,False,23.0,False
2025-09-07T01,L,2025-09-06 16:25:00,0.4116,0.1277,0.3313,0.3016,0.3,0.3313,0.2335,0.4896,0.2769,5.4558,False,23.0,False,55.0,False,58.0,False,83.0,False,94.0,False
2025-09-07T23,H,2025-09-07 23:30:00,0.9234,0.3384,0.5182,0.9538,,0.9538,0.0065,0.848,0.1455,5.8053,True,-202.0,False,-194.0,False,-75.0,False,-74.0,False,-60.0,False
2025-09-08T08,L,2025-09-08 02:25:00,0.2889,0.1714,0.6998,0.6625,0.807,0.8173,0.2079,0.5575,0.2346,1.011,True,2.0,True,2.0,True,4.0,True,7.0,True,67.0,False
2025-09-08T20,H,2025-09-08 15:25:00,0.4695,0.0628,0.2127,0.2308,0.4037,0.4359,0.2054,0.5121,0.2826,2.0401,False,17.0,False,28.0,False,45.0,False,56.0,False,67.0,False
2025-09-09T06,L,2025-09-09 02:25:00,0.7331,0.0643,0.134,0.0985,0.1834,0.2026,0.5359,0.4641,0.0,1.3104,False,-56.0,False,-52.0,False,-50.0,False,44.0,False,51.0,False
2025-09-09T14,H,2025-09-09 07:40:00,0.166,0.22,0.3509,0.3328,0.2618,0.3805,0.3409,0.6011,0.0579,0.7679,True,33.0,False,34.0,False,44.0,False,52.0,False,78.0,False
2025-09-10T04,L,2025-09-09 15:55:00,0.1404,0.1939,0.1027,0.0927,0.1874,0.1963,0.5284,0.4092,0.0624,0.4776,True,30.0,False,59.0,False,61.0,False,87.0,False,145.0,False
2025-09-11T02,H,2025-09-10 13:50:00,0.6088,0.0801,0.2385,0.1973,0.305,0.305,0.8141,0.1734,0.0125,7.4966,False,-55.0,False,-25.0,False,44.0,False,56.0,False,158.0,False
2025-09-11T03,L,2025-09-11 03:00:00,0.0,,,0.3457,0.6092,0.7194,0.5823,0.1871,0.2307,1.3392,True,9.0,True,10.0,True,11.0,True,14.0,False,17.0,False
2025-09-11T06,H,2025-09-11 06:50:00,0.8888,0.2691,,,,0.8119,0.2071,0.7929,0.0,0.9134,False,-31.0,False,-27.0,False,-24.0,False,-21.0,False,,False
2025-09-11T22,L,2025-09-11 12:35:00,0.5981,0.4379,0.7498,0.3289,0.4036,0.7498,0.5146,0.3744,0.111,25.3187,True,-67.0,False,3.0,True,3.0,True,17.0,False,118.0,False
2025-09-12T07,H,2025-09-12 00:50:00,0.2267,0.0604,0.1891,0.2498,0.4555,0.4555,0.5193,0.1125,0.3682,3.3872,True,14.0,False,23.0,False,27.0,False,38.0,False,70.0,False
2025-09-12T18,L,2025-09-12 12:10:00,0.228,0.1153,0.18,0.2381,0.3644,0.3993,0.3242,0.6749,0.0009,2.3136,True,26.0,False,52.0,False,58.0,False,61.0,False,63.0,False
2025-09-13T01,H,2025-09-12 20:00:00,0.1923,0.0665,0.3251,0.4908,0.5171,0.5171,0.1324,0.1151,0.7525,1.1412,True,12.0,True,13.0,False,21.0,False,72.0,False,72.0,False
2025-09-14T01,L,2025-09-13 16:45:00,0.8217,0.635,0.3907,0.2569,0.7478,0.7478,0.1885,0.7951,0.0163,19.4552,False,-174.0,False,-171.0,False,-93.0,False,-78.0,False,38.0,False
2025-09-14T02,H,2025-09-14 02:15:00,0.2084,0.047,0.2153,0.8289,,0.8742,0.662,0.0597,0.2783,5.0321,True,5.0,True,5.0,True,6.0,True,6.0,True,,False
2025-09-14T09,L,2025-09-14 04:20:00,0.3684,0.1355,0.4549,0.4268,0.5296,0.5296,0.6686,0.3314,0.0,2.9952,True,5.0,True,15.0,False,51.0,False,56.0,False,64.0,False
2025-09-14T12,H,2025-09-14 10:00:00,0.0,,,0.147,0.254,0.2959,0.9234,0.0751,0.0015,3.2901,True,25.0,False,28.0,False,28.0,False,30.0,False,40.0,False
2025-09-14T21,L,2025-09-14 14:45:00,0.2991,0.1381,0.204,0.1248,0.1098,0.204,0.1898,0.7183,0.0919,1.6876,False,39.0,False,63.0,False,72.0,False,75.0,False,79.0,False
2025-09-15T00,H,2025-09-14 22:00:00,0.0,,0.1351,0.2814,0.0616,0.3604,0.6591,0.3409,0.0,1.1828,True,17.0,False,17.0,False,19.0,False,20.0,False,26.0,False
2025-09-15T04,L,2025-09-15 01:20:00,0.1494,0.1863,0.4492,0.4296,0.6117,0.6152,0.7693,0.1827,0.048,0.9405,True,9.0,True,10.0,True,17.0,False,36.0,False,38.0,False
2025-09-15T08,H,2025-09-15 06:10:00,0.24,0.0628,0.1941,0.3202,0.4289,0.4477,0.7844,0.2156,0.0,3.197,True,16.0,False,17.0,False,19.0,False,23.0,False,33.0,False
2025-09-15T18,L,2025-09-15 13:45:00,0.1884,0.08,0.2266,0.2357,0.3855,0.4185,0.5558,0.2445,0.1997,6.095,True,51.0,False,51.0,False,51.0,False,63.0,False,63.0,False
2025-09-16T13,H,2025-09-16 06:20:00,0.7031,0.1372,0.4352,0.3142,0.2167,0.4352,0.7711,0.1356,0.0933,0.7633,False,-52.0,False,-40.0,False,-37.0,False,57.0,False,68.0,False
2025-09-16T15,L,2025-09-16 14:00:00,0.0,,0.317,0.3164,0.5632,0.5696,0.0945,0.8414,0.0642,2.4816,True,11.0,True,25.0,False,25.0,False,25.0,False,25.0,False
2025-09-17T04,H,2025-09-17 02:55:00,0.7925,0.4588,0.6146,0.673,0.7444,0.7444,0.2916,0.6406,0.0679,3.8204,False,-68.0,False,-32.0,False,-23.0,False,13.0,False,13.0,False
2025-09-17T05,L,2025-09-17 05:00:00,0.0,,0.3026,0.2852,0.4603,0.4603,0.8283,0.0226,0.1491,2.063,True,13.0,False,13.0,False,13.0,False,13.0,False,13.0,False
2025-09-17T09,H,2025-09-17 07:25:00,0.3302,0.1902,0.1736,0.2029,0.5005,0.5422,0.4244,0.4756,0.1,0.5594,True,11.0,True,13.0,False,14.0,False,19.0,False,31.0,False
2025-09-17T23,L,2025-09-17 18:50:00,0.7719,0.2567,0.3118,0.3725,0.5693,0.6045,0.4343,0.2097,0.356,4.9259,False,-13.0,False,-5.0,False,-4.0,False,41.0,False,51.0,False
2025-09-18T20,H,2025-09-18 18:20:00,0.7723,0.3843,0.3105,0.1634,0.747,0.747,0.4316,0.5272,0.0412,1.798,False,-219.0,False,-217.0,False,-76.0,False,13.0,False,20.0,False
2025-09-20T01,L,2025-09-19 20:05:00,0.6601,0.2701,0.3952,0.4051,0.3824,0.5321,0.8065,0.1605,0.033,1.9982,False,-232.0,False,-229.0,False,24.0,False,47.0,False,59.0,False
2025-09-21T01,H,2025-09-20 15:35:00,0.5622,0.114,0.1971,0.1297,0.1332,0.2357,0.6736,0.0809,0.2455,1.2943,False,-70.0,False,96.0,False,97.0,False,115.0,False,125.0,False
2025-09-21T06,L,2025-09-21 02:25:00,0.4089,0.1221,0.5243,0.6428,0.8036,0.8737,0.5718,0.4268,0.0013,2.5019,True,2.0,True,4.0,True,7.0,True,7.0,True,45.0,False
2025-09-21T15,H,2025-09-21 08:05:00,0.436,0.2725,0.5122,0.6484,0.6723,0.6723,0.9232,0.0768,0.0,0.7651,True,2.0,True,5.0,True,14.0,False,15.0,False,83.0,False
2025-09-22T20,L,2025-09-22 06:05:00,0.4933,0.6879,0.8522,0.7746,0.892,0.8966,0.5495,0.4419,0.0086,56.3649,True,0.0,True,0.0,True,1.0,True,2.0,True,13.0,False
2025-09-23T18,H,2025-09-23 14:15:00,0.7156,0.2255,0.4449,0.3791,0.3347,0.5229,0.4195,0.3344,0.2462,7.5498,False,-136.0,False,-134.0,False,-133.0,False,45.0,False,45.0,False
2025-09-24T01,L,2025-09-23 20:40:00,0.2977,0.3673,0.3832,0.5159,0.6795,0.6795,0.6885,0.2779,0.0336,3.9416,True,4.0,True,11.0,True,13.0,False,30.0,False,52.0,False
2025-09-24T03,H,2025-09-24 02:00:00,0.0,,,0.1145,0.323,0.3999,0.9222,0.0769,0.0009,1.3519,True,21.0,False,22.0,False,28.0,False,28.0,False,28.0,False
2025-09-24T04,L,2025-09-24 04:15:00,0.1442,0.2744,0.7279,0.8365,,0.9825,0.1705,0.7752,0.0542,7.7885,True,3.0,True,3.0,True,3.0,True,4.0,True,9.0,True
2025-09-25T00,H,2025-09-24 17:45:00,0.5096,0.1239,0.205,0.3075,0.3522,0.3522,0.6088,0.2218,0.1694,1.1847,False,-18.0,False,22.0,False,39.0,False,48.0,False,62.0,False
2025-09-26T03,L,2025-09-25 18:05:00,0.6907,0.0529,0.2245,0.1952,0.383,0.383,0.1433,0.6526,0.2041,3.9693,False,-58.0,False,-57.0,False,95.0,False,96.0,False,119.0,False
2025-09-28T11,H,2025-09-26 18:30:00,0.867,0.1966,0.3833,0.4092,0.5498,0.5498,0.0768,0.8988,0.0244,1.7839,False,-165.0,False,-131.0,False,-130.0,False,-88.0,False,174.0,False
2025-09-28T13,L,2025-09-28 12:50:00,0.8045,0.0765,0.482,0.6542,0.8535,0.8585,0.4585,0.2798,0.2617,2.9507,True,-10.0,False,-9.0,False,-7.0,False,-4.0,False,14.0,False
2025-09-29T11,H,2025-09-29 08:50:00,0.8443,0.3887,0.6935,0.7286,0.7339,0.7494,0.2922,0.6367,0.0711,3.1041,False,-163.0,False,-85.0,False,-83.0,False,-41.0,False,26.0,False
2025-09-29T13,L,2025-09-29 13:10:00,0.5204,0.0468,0.2001,0.4477,,0.9535,0.0615,0.4776,0.4609,1.1702,True,-8.0,False,7.0,True,7.0,True,7.0,True,10.0,True
2025-09-30T02,H,2025-09-30 00:55:00,0.6816,0.2611,0.4241,0.168,0.6394,0.6394,0.2816,0.4337,0.2847,7.1317,False,-95.0,False,-7.0,False,16.0,False,25.0,False,25.0,False
2025-09-30T20,L,2025-09-30 10:05:00,0.2021,0.1042,0.1481,0.1157,0.1524,0.1897,0.2554,0.5777,0.167,2.5717,False,59.0,False,107.0,False,111.0,False,116.0,False,119.0,False
2025-10-02T05,H,2025-10-02 00:10:00,0.8381,0.1105,0.3691,0.4764,0.7278,0.7551,0.6429,0.1568,0.2003,4.9997,False,-319.0,False,-311.0,False,-308.0,False,-301.0,False,29.0,False
2025-10-02T18,L,2025-10-02 06:00:00,0.0,,0.205,0.1363,0.2831,0.3203,0.2723,0.6518,0.0759,3.0637,True,48.0,False,71.0,False,78.0,False,83.0,False,116.0,False
2025-10-02T22,H,2025-10-02 19:15:00,0.1434,0.0306,0.1737,0.2122,0.2403,0.2663,0.7981,0.0598,0.1421,1.1957,True,28.0,False,30.0,False,33.0,False,44.0,False,45.0,False
2025-10-03T15,L,2025-10-03 08:20:00,0.4923,0.0704,0.2906,0.3316,0.4547,0.4769,0.6266,0.373,0.0004,6.673,False,13.0,False,13.0,False,23.0,False,47.0,False,79.0,False
2025-10-04T01,H,2025-10-03 16:40:00,0.1295,0.0987,0.598,0.6183,0.4811,0.8075,0.0914,0.5255,0.3831,0.7787,True,3.0,True,4.0,True,5.0,True,5.0,True,54.0,False
2025-10-05T02,L,2025-10-04 19:00:00,0.4152,0.1416,0.4782,0.4789,0.6875,0.6875,0.0956,0.9044,0.0,1.3262,True,5.0,True,12.0,True,18.0,False,48.0,False,90.0,False
2025-10-05T10,H,2025-10-05 04:50:00,0.6674,0.3062,0.1915,0.3125,0.4979,0.4979,0.6362,0.3638,0.0,11.799,False,-19.0,False,-18.0,False,21.0,False,32.0,False,57.0,False
2025-10-06T01,L,2025-10-05 16:55:00,0.6474,0.3396,0.4839,0.4813,0.4459,0.5165,0.2237,0.6331,0.1432,13.6928,False,-70.0,False,-62.0,False,75.0,False,89.0,False,89.0,False
2025-10-06T23,H,2025-10-06 19:00:00,0.8872,0.0591,0.1972,0.1987,0.5481,0.5481,0.3113,0.4863,0.2024,6.6775,False,-198.0,False,-197.0,False,-197.0,False,-197.0,False,48.0,False
2025-10-08T02,L,2025-10-07 18:30:00,0.9371,0.0813,0.1022,0.151,0.3307,0.4077,0.3844,0.5582,0.0574,3.5726,False,-115.0,False,-111.0,False,-103.0,False,-90.0,False,-68.0,False
2025-10-08T03,H,2025-10-08 03:00:00,0.0,,,0.2041,0.5606,0.5606,0.3,0.63,0.07,0.8958,True,12.0,True,14.0,False,15.0,False,18.0,False,,False
2025-10-08T04,L,2025-10-08 04:15:00,0.4351,0.3638,0.5708,0.7931,,0.9784,0.3603,0.592,0.0476,2.0937,True,1.0,True,1.0,True,4.0,True,4.0,True,9.0,True
2025-10-09T02,H,2025-10-08 18:05:00,0.765,0.2461,0.291,0.4365,0.4873,0.5172,0.4389,0.4276,0.1335,1.3305,False,-147.0,False,-144.0,False,-52.0,False,60.0,False,95.0,False
2025-10-09T12,L,2025-10-09 08:55:00,0.409,0.0329,0.2142,0.2442,0.3781,0.3781,0.7956,0.2044,0.0,1.4434,False,22.0,False,28.0,False,29.0,False,33.0,False,38.0,False
2025-10-09T14,H,2025-10-09 13:00:00,0.0,,0.1319,0.2417,0.488,0.488,0.3149,0.5266,0.1584,3.3361,True,14.0,False,15.0,False,16.0,False,20.0,False,22.0,False
2025-10-09T22,L,2025-10-09 17:05:00,0.5641,0.1046,0.1796,0.1803,0.454,0.4729,0.2364,0.3137,0.4498,1.6616,False,-12.0,False,29.0,False,42.0,False,48.0,False,71.0,False
2025-10-10T15,H,2025-10-10 13:40:00,0.7256,0.0957,0.6508,0.5111,0.6667,0.723,0.6676,0.1686,0.1637,8.8655,False,-116.0,False,-68.0,False,-68.0,False,16.0,False,16.0,False
2025-10-11T10,L,2025-10-10 21:25:00,0.5619,0.8254,0.8312,0.8636,0.8961,0.9013,0.6602,0.2734,0.0664,6.019,True,-8.0,False,0.0,True,0.0,True,0.0,True,10.0,True
2025-10-13T08,H,2025-10-13 02:05:00,0.8886,0.4376,0.5869,0.4496,0.3535,0.5869,0.4823,0.3829,0.1348,2.8424,False,-409.0,False,-370.0,False,-369.0,False,-362.0,False,47.0,False
2025-10-13T20,L,2025-10-13 11:30:00,0.3187,0.0498,0.1655,0.1902,0.2694,0.2694,0.784,0.0784,0.1377,9.5699,False,30.0,False,99.0,False,102.0,False,114.0,False,,False
2025-10-13T23,H,2025-10-13 21:00:00,0.0,,,,0.1565,0.2,0.5402,0.4513,0.0085,1.1264,True,37.0,False,43.0,False,44.0,False,46.0,False,46.0,False
2025-10-14T16,L,2025-10-14 13:40:00,0.8609,0.1747,0.4764,0.5749,0.6565,0.7302,0.2844,0.6878,0.0278,5.5714,False,-76.0,False,-65.0,False,-59.0,False,-26.0,False,40.0,False
2025-10-15T11,H,2025-10-15 02:35:00,0.3983,0.1357,0.2193,0.3503,0.4721,0.4721,0.8076,0.168,0.0244,1.8508,True,14.0,False,101.0,False,104.0,False,113.0,False,,False
2025-10-16T02,L,2025-10-15 17:20:00,0.5296,0.1076,0.1072,0.3124,0.4818,0.5077,0.4217,0.2821,0.2961,1.2091,False,-35.0,False,20.0,False,64.0,False,104.0,False,104.0,False
2025-10-16T15,H,2025-10-16 12:05:00,0.8693,0.1008,0.2457,0.2498,0.3815,0.3815,0.6976,0.2857,0.0166,4.6168,False,-85.0,False,-49.0,False,-49.0,False,-30.0,False,44.0,False
2025-10-17T02,L,2025-10-16 20:35:00,0.2907,0.0435,0.1401,0.1943,0.3232,0.3232,0.8301,0.0395,0.1304,1.4592,True,53.0,False,61.0,False,65.0,False,77.0,False,77.0,False
2025-10-17T06,H,2025-10-17 04:00:00,0.1183,0.0554,0.1024,0.1272,0.2032,0.2032,0.479,0.5203,0.0007,1.5352,True,28.0,False,30.0,False,31.0,False,33.0,False,36.0,False
2025-10-17T15,L,2025-10-17 10:25:00,0.6076,0.1542,0.4009,0.5707,0.8726,0.8726,0.6087,0.3392,0.0521,3.2231,True,-10.0,False,-9.0,False,10.0,True,10.0,True,43.0,False
2025-10-19T06,H,2025-10-17 16:05:00,0.0336,0.1126,0.1676,0.3061,0.3578,0.4742,0.5914,0.3641,0.0445,3.4942,True,203.0,False,299.0,False,390.0,False,395.0,False,463.0,False
2025-10-19T09,L,2025-10-19 09:30:00,0.5679,0.0672,0.6186,0.9475,,0.9475,0.5696,0.343,0.0874,2.2305,True,-14.0,False,3.0,True,4.0,True,4.0,True,6.0,True
2025-10-20T00,H,2025-10-19 17:20:00,0.8512,0.2911,0.1854,0.2933,0.3125,0.3484,0.1166,0.7883,0.0952,3.8917,False,-88.0,False,-88.0,False,-88.0,False,-88.0,False,83.0,False
2025-10-20T03,L,2025-10-20 01:00:00,0.0,,,0.3311,0.5007,0.5267,0.0234,0.9047,0.0719,1.8645,True,11.0,True,15.0,False,38.0,False,40.0,False,41.0,False
2025-10-20T16,H,2025-10-20 15:55:00,0.824,0.4632,0.8946,0.8804,0.961,0.9659,0.0939,0.8868,0.0193,2.7237,True,-79.0,False,-75.0,False,-35.0,False,-32.0,False,2.0,True
2025-10-21T14,L,2025-10-21 06:00:00,0.7262,0.0643,0.1427,0.2803,0.2988,0.3383,0.3276,0.5506,0.1218,0.9335,False,-138.0,False,-131.0,False,-118.0,False,72.0,False,100.0,False
2025-10-21T22,H,2025-10-21 16:40:00,0.1253,0.151,0.2917,0.328,0.4941,0.5717,0.202,0.7299,0.0681,0.6919,True,8.0,True,15.0,False,19.0,False,43.0,False,66.0,False
2025-10-22T14,L,2025-10-22 11:05:00,0.5903,0.5328,0.8459,0.7834,0.7863,0.8459,0.4557,0.4666,0.0777,17.7747,True,-140.0,False,1.0,True,2.0,True,2.0,True,35.0,False
2025-10-22T21,H,2025-10-22 15:10:00,0.1921,0.1899,0.5642,0.3302,0.3903,0.6766,0.1089,0.7687,0.1224,0.7698,True,3.0,True,4.0,True,33.0,False,36.0,False,73.0,False
2025-10-23T00,L,2025-10-22 22:00:00,0.0,,,,0.5335,0.5335,0.1632,0.8235,0.0133,3.0792,True,11.0,True,27.0,False,37.0,False,45.0,False,45.0,False
2025-10-23T21,H,2025-10-23 18:05:00,0.7812,0.1196,0.2084,0.351,0.5447,0.5447,0.4344,0.3234,0.2422,1.2046,False,-108.0,False,-82.0,False,-72.0,False,33.0,False,35.0,False
2025-10-24T00,L,2025-10-23 22:00:00,0.0,,0.0939,0.2122,0.3132,0.356,0.0728,0.3406,0.5866,1.549,True,31.0,False,37.0,False,39.0,False,39.0,False,,False
2025-10-24T12,H,2025-10-24 12:35:00,0.9559,0.9328,0.9549,,,0.9871,0.4242,0.4922,0.0835,26.968,True,-133.0,False,-55.0,False,-54.0,False,-19.0,False,-12.0,False
2025-10-25T04,L,2025-10-24 14:30:00,0.3914,0.1073,0.1305,0.148,0.3176,0.3176,0.0674,0.8061,0.1265,2.3051,False,55.0,False,82.0,False,90.0,False,138.0,False,165.0,False
2025-10-25T15,H,2025-10-25 12:50:00,0.5761,0.1974,0.218,0.3274,0.5813,0.5813,0.4687,0.5309,0.0004,3.8358,True,-60.0,False,14.0,False,26.0,False,26.0,False,38.0,False
2025-10-26T09,L,2025-10-25 16:10:00,0.1172,0.1048,0.1104,0.1351,0.256,0.256,0.6349,0.3103,0.0548,4.1481,True,34.0,False,101.0,False,196.0,False,202.0,False,207.0,False
2025-10-27T09,H,2025-10-27 07:10:00,0.9109,0.2895,0.3054,0.4847,0.5662,0.5826,0.2134,0.7252,0.0614,4.334,False,-247.0,False,-134.0,False,-128.0,False,-122.0,False,-92.0,False
2025-10-28T10,L,2025-10-28 06:00:00,0.6533,0.254,0.4462,0.4335,0.6378,0.6378,0.0986,0.5689,0.3325,3.7964,False,-166.0,False,-148.0,False,29.0,False,48.0,False,54.0,False
2025-10-28T19,H,2025-10-28 14:25:00,0.732,0.0727,0.1503,0.3108,0.2793,0.5766,0.4023,0.3547,0.2429,4.1685,False,-27.0,False,-25.0,False,-25.0,False,60.0,False,67.0,False
2025-10-29T07,L,2025-10-29 01:30:00,0.6347,0.0924,0.3973,0.2639,0.4056,0.4056,0.183,0.5017,0.3153,0.4965,False,-35.0,False,-30.0,False,46.0,False,56.0,False,78.0,False
2025-10-29T15,H,2025-10-29 13:30:00,0.5546,0.0721,0.2894,0.3251,0.6498,0.6498,0.3597,0.6403,0.0,2.6849,True,-30.0,False,12.0,True,18.0,False,24.0,False,30.0,False
2025-10-30T07,L,2025-10-30 04:35:00,0.7477,0.3248,0.6211,0.3312,0.8062,0.8306,0.1571,0.747,0.0959,3.2197,True,-116.0,False,-97.0,False,-19.0,False,1.0,True,14.0,False
2025-10-30T12,H,2025-10-30 08:00:00,0.0,,,,0.348,0.3528,0.7361,0.2032,0.0606,2.3999,True,27.0,False,32.0,False,56.0,False,56.0,False,65.0,False
2025-10-30T22,L,2025-10-30 19:45:00,0.6363,0.1203,0.0661,0.1717,0.3356,0.3384,0.283,0.5052,0.2118,3.4558,False,-42.0,False,-33.0,False,27.0,False,39.0,False,39.0,False
2025-10-31T18,H,2025-10-31 15:10:00,0.6282,0.059,0.2219,0.3665,0.4767,0.4767,0.6794,0.1796,0.1411,3.7246,False,-50.0,False,-47.0,False,19.0,False,22.0,False,41.0,False
2025-11-01T03,L,2025-10-31 19:00:00,0.0,,,0.2182,0.7849,0.7849,0.7029,0.2407,0.0564,1.1846,True,5.0,True,10.0,True,12.0,True,15.0,False,108.0,False
2025-11-01T13,H,2025-11-01 04:10:00,0.0689,0.1063,0.1899,0.1942,0.25,0.2531,0.1824,0.7764,0.0412,3.4593,True,70.0,False,72.0,False,106.0,False,115.0,False,118.0,False
2025-11-01T16,L,2025-11-01 14:00:00,0.0,,0.5702,0.0891,0.5816,0.6111,0.6673,0.3322,0.0005,4.2193,True,3.0,True,4.0,True,17.0,False,17.0,False,27.0,False
2025-11-01T21,H,2025-11-01 17:00:00,0.0,,0.1596,0.295,0.3058,0.3394,0.0314,0.5922,0.3764,1.6853,True,27.0,False,60.0,False,62.0,False,62.0,False,62.0,False
2025-11-02T04,L,2025-11-01 22:00:00,0.0,0.1639,0.3135,0.3686,0.618,0.618,0.7576,0.2398,0.0026,3.2714,True,10.0,True,12.0,True,42.0,False,77.0,False,81.0,False
2025-11-02T14,H,2025-11-02 12:10:00,0.8148,0.2123,0.2931,0.5489,0.8527,0.8527,0.5999,0.2939,0.1062,2.6071,True,-76.0,False,-27.0,False,-19.0,False,-18.0,False,22.0,False
2025-11-03T14,L,2025-11-03 11:00:00,0.909,0.3142,0.7534,0.8142,0.8567,0.8785,0.4007,0.4335,0.1658,8.3613,False,-143.0,False,-142.0,False,-141.0,False,-133.0,False,-130.0,False
2025-11-03T15,H,2025-11-03 15:00:00,0.0,,,,0.3784,0.3784,0.1623,0.8377,0.0,1.5265,True,16.0,False,16.0,False,16.0,False,16.0,False,16.0,False
2025-11-03T19,L,2025-11-03 16:10:00,0.111,0.1466,0.5016,0.5702,0.6929,0.6929,0.2563,0.3117,0.432,0.9693,True,3.0,True,5.0,True,13.0,False,16.0,False,22.0,False
2025-11-04T05,H,2025-11-03 20:00:00,0.0,,0.3427,0.6971,0.735,0.7456,0.2345,0.2515,0.514,1.0531,True,5.0,True,6.0,True,7.0,True,18.0,False,123.0,False
2025-11-05T02,L,2025-11-04 21:40:00,0.8884,0.0821,0.1511,0.508,0.6894,0.7233,0.3553,0.4014,0.2433,3.1796,False,-157.0,False,-81.0,False,-81.0,False,-80.0,False,57.0,False
2025-11-06T05,H,2025-11-05 20:15:00,0.4323,0.0727,0.3717,0.4024,0.5437,0.5437,0.8518,0.0809,0.0673,1.4163,True,10.0,True,22.0,False,24.0,False,62.0,False,114.0,False
2025-11-07T02,L,2025-11-06 16:45:00,0.4007,0.0893,0.1205,0.1473,0.3262,0.3262,0.4929,0.3857,0.1214,7.8014,False,24.0,False,31.0,False,104.0,False,123.0,False,123.0,False
2025-11-07T10,H,2025-11-07 05:15:00,0.266,0.1298,0.1511,0.1997,0.2472,0.2518,0.2402,0.2672,0.4926,2.9119,False,40.0,False,45.0,False,50.0,False,52.0,False,61.0,False
2025-11-07T16,L,2025-11-07 13:00:00,0.3645,0.128,0.2609,0.2969,0.3709,0.4053,0.6615,0.202,0.1365,2.2819,True,21.0,False,21.0,False,26.0,False,27.0,False,48.0,False
2025-11-08T05,H,2025-11-07 22:10:00,0.427,0.0967,0.127,0.2881,0.3037,0.3952,0.6241,0.3482,0.0277,1.828,False,22.0,False,28.0,False,48.0,False,70.0,False,90.0,False
2025-11-08T22,L,2025-11-08 14:20:00,0.5936,0.0597,0.4326,0.531,0.3808,0.531,0.715,0.2254,0.0596,2.4477,False,-92.0,False,44.0,False,52.0,False,57.0,False,87.0,False
2025-11-09T00,H,2025-11-08 23:35:00,0.1431,0.0604,0.1064,0.1228,0.5277,0.607,0.3798,0.3238,0.2964,0.8761,True,9.0,True,9.0,True,17.0,False,17.0,False,17.0,False
2025-11-09T08,L,2025-11-09 03:30:00,0.7891,0.2142,0.4432,0.4055,0.804,0.804,0.1645,0.7531,0.0824,9.1413,True,-26.0,False,-21.0,False,-20.0,False,12.0,True,54.0,False
2025-11-09T09,H,2025-11-09 09:25:00,0.1405,0.0765,0.3604,0.7832,,0.9697,0.6602,0.3398,0.0,0.7382,True,4.0,True,4.0,True,5.0,True,7.0,True,7.0,True
2025-11-09T11,L,2025-11-09 10:25:00,0.164,0.6725,0.558,0.8694,0.9643,0.9643,0.5764,0.4236,0.0,0.8635,True,0.0,True,0.0,True,1.0,True,4.0,True,7.0,True
2025-11-10T10,H,2025-11-10 01:15:00,0.581,0.176,0.2794,0.4281,0.5001,0.5062,0.1663,0.7737,0.06,1.9709,False,-37.0,False,113.0,False,117.0,False,117.0,False,117.0,False
2025-11-12T03,L,2025-11-11 21:40:00,0.8887,0.1303,0.3686,0.3156,0.6777,0.6777,0.5329,0.2302,0.2368,2.354,False,-305.0,False,-244.0,False,-244.0,False,-244.0,False,57.0,False
2025-11-12T16,H,2025-11-12 12:25:00,0.3487,0.1622,0.3814,0.349,0.4493,0.5128,0.0768,0.59,0.3332,3.3295,True,11.0,True,29.0,False,29.0,False,34.0,False,39.0,False
2025-11-13T03,L,2025-11-12 19:30:00,0.3349,0.087,0.2154,0.187,0.3648,0.3648,0.193,0.6506,0.1565,1.8333,True,30.0,False,69.0,False,80.0,False,102.0,False,102.0,False
2025-11-13T15,H,2025-11-13 07:30:00,0.5874,0.1199,0.2781,0.3245,0.2686,0.3522,0.0549,0.7882,0.1569,1.3901,False,-41.0,False,20.0,False,21.0,False,29.0,False,78.0,False
2025-11-14T16,L,2025-11-14 12:45:00,0.9212,0.1768,0.395,0.2677,0.1633,0.4822,0.2105,0.5811,0.2084,5.9238,False,-174.0,False,-174.0,False,-169.0,False,-128.0,False,-46.0,False
2025-11-14T20,H,2025-11-14 17:00:00,0.0,,,0.1615,0.2676,0.2676,0.1441,0.6001,0.2558,1.4017,True,25.0,False,28.0,False,28.0,False,52.0,False,52.0,False
2025-11-14T22,L,2025-11-14 21:00:00,0.0,,0.1153,0.2763,0.4696,0.4696,0.5915,0.3833,0.0251,3.1141,True,15.0,False,15.0,False,16.0,False,24.0,False,27.0,False
2025-11-16T00,H,2025-11-15 03:30:00,0.7185,0.0797,0.1728,0.1693,0.3026,0.3026,0.1484,0.7925,0.0592,0.9957,False,-53.0,False,-53.0,False,-48.0,False,222.0,False,258.0,False
2025-11-16T02,L,2025-11-16 01:50:00,0.589,0.143,0.4426,0.5753,0.8494,0.8494,0.0623,0.6937,0.244,2.3995,True,-7.0,False,8.0,True,8.0,True,11.0,True,14.0,False
2025-11-16T14,H,2025-11-16 10:00:00,0.3414,0.036,0.1363,0.1635,0.1976,0.204,0.9036,0.0718,0.0246,2.4968,False,15.0,False,18.0,False,18.0,False,42.0,False,48.0,False
2025-11-17T00,L,2025-11-16 23:10:00,0.7334,0.3239,0.7565,0.7169,0.8614,0.8614,0.6225,0.1607,0.2168,1.5907,True,-60.0,False,-59.0,False,-59.0,False,9.0,True,22.0,False
2025-11-17T13,H,2025-11-17 08:30:00,0.3983,0.1009,0.2256,0.2505,0.1901,0.3451,0.6389,0.2149,0.1462,0.9459,False,54.0,False,55.0,False,60.0,False,61.0,False,66.0,False
2025-11-18T09,L,2025-11-18 04:50:00,0.7732,0.2986,0.2486,0.4111,0.461,0.461,0.0355,0.7784,0.1861,5.8362,False,-171.0,False,-171.0,False,-170.0,False,44.0,False,53.0,False
2025-11-19T04,H,2025-11-18 16:35:00,0.3741,0.0596,0.1124,0.0969,0.2342,0.2483,0.2192,0.6637,0.1172,1.5006,False,62.0,False,66.0,False,125.0,False,137.0,False,149.0,False
2025-11-19T14,L,2025-11-19 05:55:00,0.1452,0.1013,0.1293,0.1529,0.3034,0.3097,0.652,0.1884,0.1597,1.8144,True,20.0,False,23.0,False,85.0,False,91.0,False,109.0,False
2025-11-19T15,H,2025-11-19 15:20:00,0.3268,0.2152,0.8973,0.9276,,0.9765,0.0069,0.9274,0.0656,1.0478,True,1.0,True,1.0,True,2.0,True,3.0,True,5.0,True
2025-11-19T23,L,2025-11-19 20:10:00,0.335,0.0466,0.3269,0.3824,0.6284,0.6284,0.2448,0.2116,0.5436,0.5134,True,9.0,True,11.0,True,15.0,False,21.0,False,34.0,False
2025-11-20T13,H,2025-11-20 05:10:00,0.2298,0.0463,0.0866,0.1355,0.1037,0.1397,0.2595,0.7167,0.0238,1.8341,False,56.0,False,85.0,False,94.0,False,106.0,False,106.0,False
2025-11-21T14,L,2025-11-21 12:30:00,0.9332,0.1689,0.9125,0.9409,0.9489,0.9561,0.1624,0.4057,0.4319,3.3392,True,-264.0,False,-182.0,False,-181.0,False,-169.0,False,-57.0,False
2025-11-24T00,H,2025-11-23 22:05:00,0.8904,0.2465,0.4112,0.4356,0.5697,0.5697,0.5042,0.3333,0.1626,3.0839,False,-421.0,False,-228.0,False,-186.0,False,-180.0,False,24.0,False
2025-11-24T17,L,2025-11-24 14:55:00,0.7376,0.2047,0.5105,0.3978,0.4893,0.5817,0.4356,0.3457,0.2187,4.472,False,-154.0,False,-153.0,False,-152.0,False,22.0,False,37.0,False
2025-11-25T03,H,2025-11-24 20:55:00,0.2492,0.0227,0.0649,0.1206,0.1906,0.1906,0.5443,0.0345,0.4212,0.7327,False,40.0,False,53.0,False,61.0,False,66.0,False,74.0,False
2025-11-25T23,L,2025-11-25 14:55:00,0.7524,0.1056,0.2194,0.1253,0.3633,0.4342,0.512,0.2164,0.2716,7.5867,False,-128.0,False,-124.0,False,-119.0,False,97.0,False,,False
2025-11-26T09,H,2025-11-26 01:45:00,0.4576,0.0867,0.1894,0.1356,0.2534,0.3659,0.2501,0.6223,0.1276,2.6078,False,24.0,False,27.0,False,29.0,False,39.0,False,99.0,False
2025-11-26T16,L,2025-11-26 12:25:00,0.2058,0.0927,0.1291,0.1759,0.1844,0.1844,0.238,0.6195,0.1426,1.9054,False,22.0,False,29.0,False,29.0,False,50.0,False,55.0,False
2025-11-27T11,H,2025-11-27 09:35:00,0.8089,0.4013,0.6579,0.764,0.9125,0.9125,0.5502,0.4498,0.0,2.2809,True,-79.0,False,-73.0,False,-72.0,False,-46.0,False,12.0,True
2025-11-28T13,L,2025-11-27 13:25:00,0.1439,0.0664,0.1586,0.2462,0.1516,0.2462,0.3687,0.5515,0.0798,3.0935,True,48.0,False,63.0,False,189.0,False,259.0,False,295.0,False
2025-11-28T16,H,2025-11-28 14:35:00,0.2019,0.2553,0.6924,0.5762,0.2308,0.6924,0.6508,0.2855,0.0637,2.2571,True,2.0,True,2.0,True,22.0,False,22.0,False,29.0,False
2025-11-29T14,L,2025-11-28 17:45:00,0.1603,0.0326,0.1331,0.1879,0.1735,0.1879,0.2025,0.3382,0.4593,0.4532,True,31.0,False,135.0,False,135.0,False,219.0,False,246.0,False
2025-11-30T21,H,2025-11-30 13:25:00,0.7826,0.0559,0.1119,0.1428,0.2015,0.2329,0.6042,0.2007,0.1951,9.3714,False,-235.0,False,-232.0,False,-229.0,False,92.0,False,103.0,False
2025-12-01T19,L,2025-12-01 15:50:00,0.8708,0.2093,0.2676,0.1462,0.479,0.6855,0.5674,0.2495,0.1831,3.3567,False,-99.0,False,-96.0,False,-84.0,False,-14.0,False,50.0,False
2025-12-03T09,H,2025-12-03 06:25:00,0.7474,0.0826,0.2954,0.6654,0.7823,0.8459,0.4637,0.0812,0.4551,0.8596,True,-208.0,False,-121.0,False,-119.0,False,11.0,True,19.0,False
2025-12-06T02,L,2025-12-05 16:45:00,0.9193,0.1241,0.2289,0.2058,0.3255,0.3472,0.3555,0.6247,0.0198,9.1376,False,-612.0,False,-253.0,False,-239.0,False,-174.0,False,-105.0,False
2025-12-07T10,H,2025-12-06 14:20:00,0.3474,0.2287,0.2901,0.2063,0.5127,0.5127,0.6065,0.3935,0.0,25.7895,True,12.0,True,59.0,False,59.0,False,107.0,False,236.0,False
2025-12-07T12,L,2025-12-07 11:00:00,0.0,,,,0.5337,0.5337,0.3776,0.6224,0.0,0.7866,True,12.0,True,29.0,False,31.0,False,32.0,False,34.0,False
2025-12-07T13,H,2025-12-07 13:00:00,0.0,,0.1082,0.1788,0.5512,0.5568,0.71,0.2667,0.0233,4.4773,True,8.0,True,14.0,False,14.0,False,14.0,False,14.0,False
2025-12-07T16,L,2025-12-07 14:35:00,0.6295,0.172,0.5409,0.2989,0.7765,0.7765,0.1641,0.4741,0.3619,2.6828,True,-7.0,False,-7.0,False,7.0,True,16.0,False,17.0,False
2025-12-08T14,H,2025-12-08 09:10:00,0.7517,0.1354,0.2672,0.2281,0.2643,0.3004,0.4437,0.5563,0.0,3.4834,False,-135.0,False,-132.0,False,-132.0,False,58.0,False,63.0,False
2025-12-09T11,L,2025-12-09 05:20:00,0.81,0.2897,0.5287,0.5354,0.5709,0.5709,0.1438,0.7468,0.1094,3.4697,False,-110.0,False,-100.0,False,-94.0,False,-88.0,False,80.0,False
2025-12-10T01,H,2025-12-09 17:10:00,0.8415,0.0864,0.3461,0.3541,0.3729,0.3835,0.1085,0.5438,0.3478,1.731,False,-42.0,False,-41.0,False,-41.0,False,-33.0,False,92.0,False
2025-12-11T18,L,2025-12-11 15:00:00,0.9789,0.4744,0.8501,0.8959,0.8205,0.8959,0.1546,0.5513,0.2941,5.2328,False,-438.0,False,-384.0,False,-372.0,False,-347.0,False,-228.0,False
2025-12-12T13,H,2025-12-11 21:35:00,0.2687,0.1461,0.28,0.2859,0.4075,0.5166,0.226,0.7736,0.0003,2.3768,True,11.0,True,35.0,False,41.0,False,174.0,False,197.0,False
2025-12-13T06,L,2025-12-12 16:45:00,0.407,0.0611,0.1318,0.1447,0.1611,0.2066,0.1046,0.6271,0.2683,1.0978,False,123.0,False,135.0,False,145.0,False,147.0,False,171.0,False
2025-12-14T10,H,2025-12-13 10:45:00,0.5281,0.0696,0.0839,0.1826,0.4061,0.4061,0.0622,0.6159,0.3219,1.8241,False,-14.0,False,44.0,False,45.0,False,282.0,False,282.0,False
2025-12-15T01,L,2025-12-14 23:35:00,0.8899,0.2682,0.4464,0.4736,0.7194,0.7889,0.1352,0.7544,0.1105,6.7648,False,-141.0,False,-141.0,False,-140.0,False,-135.0,False,24.0,False
2025-12-15T14,H,2025-12-15 02:25:00,0.1565,0.1357,0.2581,0.4964,0.3055,0.4964,0.6172,0.3828,0.0,1.1609,True,139.0,False,149.0,False,149.0,False,150.0,False,151.0,False
2025-12-16T05,L,2025-12-15 18:40:00,0.2708,0.1074,0.2656,0.3453,0.437,0.4586,0.2561,0.4404,0.3035,1.4743,True,15.0,False,47.0,False,52.0,False,133.0,False,136.0,False
2025-12-17T04,H,2025-12-16 16:00:00,0.6188,0.2432,0.4003,0.3346,0.5282,0.5988,0.063,0.5766,0.3605,5.7099,False,-99.0,False,-24.0,False,23.0,False,120.0,False,138.0,False
2025-12-17T13,L,2025-12-17 05:30:00,0.1636,0.064,0.0744,0.1102,0.2131,0.2273,0.2903,0.4875,0.2223,2.6549,True,91.0,False,97.0,False,100.0,False,102.0,False,102.0,False
2025-12-17T17,H,2025-12-17 15:10:00,0.5213,0.1387,0.1543,0.28,0.8378,0.8837,0.2045,0.6753,0.1202,2.7682,True,-4.0,False,7.0,True,8.0,True,9.0,True,13.0,False
2025-12-18T03,L,2025-12-17 19:15:00,0.2902,0.1222,0.1865,0.1556,0.1748,0.3029,0.5172,0.2393,0.2435,1.8675,True,45.0,False,84.0,False,90.0,False,93.0,False,93.0,False
2025-12-18T18,H,2025-12-18 14:05:00,0.4783,0.1638,0.3374,0.4838,0.5075,0.8032,0.3045,0.6955,0.0,5.7014,True,2.0,True,2.0,True,8.0,True,8.0,True,37.0,False
2025-12-19T04,L,2025-12-18 20:05:00,0.2376,0.1419,0.1457,0.1323,0.1447,0.1571,0.8312,0.0356,0.1332,2.4155,False,84.0,False,86.0,False,89.0,False,95.0,False,107.0,False
2025-12-19T17,H,2025-12-19 15:20:00,0.5814,0.3942,0.5292,0.743,0.5908,0.743,0.1412,0.758,0.1008,11.9596,True,-8.0,False,5.0,True,6.0,True,32.0,False,32.0,False
2025-12-19T22,L,2025-12-19 18:00:00,0.0,,,0.1302,0.1705,0.2502,0.6163,0.2788,0.1049,4.6942,True,29.0,False,29.0,False,39.0,False,62.0,False,65.0,False
2025-12-20T01,H,2025-12-19 23:00:00,0.0,,0.1373,0.1371,0.2384,0.2569,0.5687,0.2165,0.2149,1.4976,True,25.0,False,26.0,False,,False,,False,,False
2025-12-20T04,L,2025-12-20 02:05:00,0.1346,0.1098,0.207,0.2603,0.4501,0.4965,0.3553,0.5858,0.0589,2.1063,True,17.0,False,35.0,False,35.0,False,,False,,False
2025-12-20T05,H,2025-12-20 05:45:00,0.2797,0.1467,0.8523,,,0.8523,0.0736,0.6097,0.3167,3.299,True,3.0,True,3.0,True,3.0,True,3.0,True,,False
2025-12-21T09,L,2025-12-20 13:25:00,0.5797,0.4122,0.5355,0.6166,0.6168,0.7288,0.0239,0.6413,0.3348,11.5998,True,-19.0,False,5.0,True,7.0,True,54.0,False,127.0,False
2025-12-21T13,H,2025-12-21 10:00:00,0.0,,0.2635,0.3674,0.5541,0.626,0.6495,0.2438,0.1068,1.6193,True,8.0,True,8.0,True,38.0,False,38.0,False,44.0,False
2025-12-21T19,L,2025-12-21 14:00:00,0.0,,0.4921,0.4627,0.6545,0.6545,0.3666,0.6334,0.0,0.8709,True,8.0,True,10.0,True,24.0,False,36.0,False,41.0,False
2025-12-21T20,H,2025-12-21 20:00:00,0.0,,0.3564,0.5412,0.7166,0.7166,0.6674,0.3326,0.0,3.109,True,4.0,True,7.0,True,12.0,True,13.0,False,13.0,False
2025-12-21T23,L,2025-12-21 21:55:00,0.3766,0.1068,0.1239,0.2341,0.4109,0.4109,0.0825,0.8316,0.0859,1.9627,True,14.0,False,14.0,False,25.0,False,25.0,False,25.0,False
2025-12-22T17,H,2025-12-22 12:35:00,0.9066,0.2537,0.3775,0.3326,0.6023,0.6023,0.1462,0.7638,0.09,6.4494,False,-146.0,False,-144.0,False,-139.0,False,-126.0,False,-114.0,False
2025-12-23T16,L,2025-12-23 15:00:00,0.6693,0.1996,0.2477,0.5373,0.7296,0.7296,0.2653,0.7347,0.0,10.5026,True,-76.0,False,-52.0,False,12.0,True,13.0,False,24.0,False
2025-12-23T17,H,2025-12-23 17:10:00,0.154,0.2131,0.319,0.5469,,0.9376,0.0303,0.8442,0.1255,0.8339,True,4.0,True,4.0,True,9.0,True,10.0,True,10.0,True
2025-12-23T18,L,2025-12-23 18:05:00,0.0493,0.2235,0.6587,0.7504,,0.9847,0.6639,0.0871,0.2491,1.5222,True,2.0,True,3.0,True,5.0,True,7.0,True,11.0,True
2025-12-24T05,H,2025-12-23 20:50:00,0.2194,0.1603,0.411,0.3632,0.3696,0.411,0.1131,0.5266,0.3603,2.6023,True,26.0,False,98.0,False,98.0,False,98.0,False,107.0,False
2025-12-24T11,L,2025-12-24 09:40:00,0.3543,0.0488,0.1286,0.3427,0.4789,0.4789,0.8965,0.0023,0.1012,1.6666,True,16.0,False,17.0,False,28.0,False,28.0,False,28.0,False
2025-12-25T09,H,2025-12-24 22:45:00,0.803,0.1658,0.1373,0.4057,0.5332,0.6153,0.1773,0.7123,0.1104,0.9981,False,-97.0,False,-97.0,False,-97.0,False,-88.0,False,130.0,False
2025-12-25T15,L,2025-12-25 10:40:00,0.1335,0.0907,0.2159,0.285,0.3871,0.4033,0.7592,0.2408,0.0,4.2948,True,40.0,False,43.0,False,52.0,False,58.0,False,61.0,False
2025-12-25T22,H,2025-12-25 16:00:00,0.0,,0.2027,0.1539,0.33,0.33,0.4179,0.3913,0.1908,1.4117,True,22.0,False,54.0,False,56.0,False,62.0,False,84.0,False
2025-12-26T02,L,2025-12-26 00:45:00,0.6815,0.1409,0.2022,0.3665,0.4706,0.4706,0.5615,0.3844,0.0541,1.0289,False,-21.0,False,-21.0,False,18.0,False,18.0,False,19.0,False
2025-12-26T14,H,2025-12-26 07:30:00,0.6475,0.2139,0.7382,0.8578,0.7975,0.8578,0.2587,0.6667,0.0746,1.1133,True,-49.0,False,-47.0,False,3.0,True,6.0,True,54.0,False
2025-12-27T06,L,2025-12-26 15:20:00,0.0851,0.1852,0.2954,0.3334,0.358,0.358,0.3609,0.2905,0.3486,1.4911,True,32.0,False,49.0,False,59.0,False,80.0,False,176.0,False
2025-12-28T17,H,2025-12-28 14:45:00,0.8713,0.4512,0.7356,0.6209,0.7539,0.7539,0.1726,0.7876,0.0398,4.7485,False,-337.0,False,-309.0,False,-302.0,False,-194.0,False,27.0,False
2025-12-28T23,L,2025-12-28 21:10:00,0.5492,0.2381,0.2389,0.3344,0.3636,0.3777,0.2729,0.6472,0.0799,1.561,False,-32.0,False,20.0,False,20.0,False,21.0,False,34.0,False
2025-12-29T10,H,2025-12-29 04:40:00,0.5464,0.1023,0.1674,0.1663,0.214,0.2327,0.4549,0.5358,0.0092,2.6652,False,-39.0,False,30.0,False,41.0,False,54.0,False,61.0,False
2025-12-30T06,L,2025-12-29 12:20:00,0.1463,0.0978,0.2511,0.2805,0.3738,0.3738,0.0954,0.5797,0.3249,2.2872,True,27.0,False,27.0,False,29.0,False,192.0,False,220.0,False
2025-12-31T04,H,2025-12-30 16:25:00,0.3953,0.1113,0.3198,0.5072,0.5181,0.5559,0.1875,0.364,0.4485,3.5009,True,6.0,True,13.0,False,16.0,False,30.0,False,55.0,False
2025-12-31T10,L,2025-12-31 05:00:00,0.0,0.0587,0.1406,0.1816,0.2103,0.2455,0.7326,0.2674,0.0,3.2901,True,36.0,False,37.0,False,38.0,False,72.0,False,72.0,False
2025-12-31T14,H,2025-12-31 14:10:00,0.4681,0.0824,0.2204,0.5007,,0.983,0.2334,0.3425,0.4241,4.948,True,6.0,True,8.0,True,8.0,True,10.0,True,10.0,True
2026-01-01T09,L,2025-12-31 20:45:00,0.5099,0.2576,0.4566,0.56,0.6487,0.6487,0.4306,0.5694,0.0,1.5858,True,-24.0,False,10.0,True,17.0,False,40.0,False,63.0,False
2026-01-03T00,H,2026-01-02 17:20:00,0.9364,0.1424,0.5968,0.626,0.6206,0.7147,0.561,0.4215,0.0176,5.7894,False,-260.0,False,-189.0,False,-181.0,False,-59.0,False,-37.0,False
2026-01-03T01,L,2026-01-03 01:00:00,0.0,,,,0.2382,0.2562,0.9761,0.0228,0.0011,1.2336,True,,False,,False,,False,,False,,False
2026-01-03T04,H,2026-01-03 04:05:00,0.3743,0.18,0.3875,0.51,,0.9234,0.4924,0.507,0.0006,3.0111,True,6.0,True,7.0,True,8.0,True,11.0,True,11.0,True
2026-01-03T20,L,2026-01-03 07:35:00,0.3297,0.0382,0.0648,0.0967,0.2164,0.2164,0.0084,0.5068,0.4848,4.1025,False,62.0,False,65.0,False,83.0,False,105.0,False,161.0,False
2026-01-04T12,H,2026-01-04 06:10:00,0.6768,0.2539,0.3644,0.4971,0.6678,0.7252,0.5174,0.4081,0.0745,4.8881,True,-68.0,False,-55.0,False,10.0,True,66.0,False,70.0,False
2026-01-05T00,L,2026-01-04 19:10:00,0.3754,0.0374,0.1413,0.1154,0.1525,0.1592,0.7157,0.2843,0.0,9.8098,False,59.0,False,59.0,False,59.0,False,60.0,False,61.0,False
2026-01-05T13,H,2026-01-05 01:40:00,0.1447,0.2062,0.2974,0.4166,0.414,0.5441,0.4215,0.5783,0.0002,2.1618,True,9.0,True,30.0,False,31.0,False,34.0,False,89.0,False
2026-01-05T14,L,2026-01-05 14:40:00,0.4829,0.5229,0.8749,,,0.9702,0.4183,0.3714,0.2103,4.7886,True,0.0,True,1.0,True,1.0,True,1.0,True,4.0,True
2026-01-05T23,H,2026-01-05 20:30:00,0.7197,0.0505,0.3461,0.4208,0.5972,0.5972,0.7784,0.2057,0.0158,2.649,False,-44.0,False,-38.0,False,-36.0,False,42.0,False,42.0,False
2026-01-06T23,L,2026-01-06 18:05:00,0.7618,0.2538,0.3041,0.3621,0.4526,0.4575,0.2499,0.614,0.1361,10.7909,False,-45.0,False,-44.0,False,-44.0,False,28.0,False,39.0,False
2026-01-07T00,H,2026-01-07 00:00:00,0.0,0.0453,0.1703,0.3915,0.9476,0.9476,0.3963,0.4051,0.1986,1.1012,True,9.0,True,9.0,True,12.0,True,12.0,True,12.0,True
2026-01-08T00,L,2026-01-07 19:20:00,0.9226,0.2046,0.3297,0.539,0.4858,0.6792,0.3966,0.4998,0.1036,3.4913,False,-201.0,False,-200.0,False,-196.0,False,-137.0,False,-136.0,False
2026-01-08T06,H,2026-01-08 01:30:00,0.17,0.1185,0.1812,0.1439,0.2114,0.2883,0.0939,0.7962,0.11,2.6131,True,30.0,False,30.0,False,57.0,False,64.0,False,66.0,False
2026-01-08T15,L,2026-01-08 14:50:00,0.6715,0.5769,0.7215,0.8858,0.8949,0.9268,0.6853,0.1803,0.1344,5.3447,True,-83.0,False,-77.0,False,2.0,True,5.0,True,7.0,True
2026-01-09T08,H,2026-01-09 01:35:00,0.4909,0.4607,0.4847,0.4035,0.4027,0.526,0.7114,0.2886,0.0,2.5471,True,1.0,True,36.0,False,53.0,False,77.0,False,85.0,False
2026-01-09T15,L,2026-01-09 09:00:00,0.0,,0.3313,0.4147,0.6279,0.6279,0.8306,0.1328,0.0366,1.7566,True,7.0,True,12.0,True,17.0,False,28.0,False,79.0,False
2026-01-09T20,H,2026-01-09 16:00:00,0.0,,,0.2146,0.483,0.483,0.3841,0.3175,0.2984,1.9182,True,34.0,False,35.0,False,44.0,False,53.0,False,65.0,False
2026-01-10T01,L,2026-01-09 21:10:00,0.0883,0.2495,0.2857,0.3491,0.458,0.458,0.4546,0.4709,0.0745,1.4687,True,17.0,False,25.0,False,47.0,False,58.0,False,,False
2026-01-10T04,H,2026-01-10 02:25:00,0.1837,0.1101,0.3363,0.3654,0.2966,0.4457,0.1025,0.719,0.1785,1.7122,True,30.0,False,31.0,False,31.0,False,31.0,False,31.0,False
2026-01-10T07,L,2026-01-10 05:00:00,0.0,0.0706,0.2079,0.2634,0.4171,0.4171,0.0822,0.528,0.3897,2.4211,True,31.0,False,36.0,False,36.0,False,36.0,False,36.0,False
2026-01-10T17,H,2026-01-10 10:50:00,0.2946,0.0665,0.1801,0.1961,0.3072,0.3072,0.6762,0.3238,0.0,2.294,True,37.0,False,41.0,False,85.0,False,86.0,False,86.0,False
2026-01-11T01,L,2026-01-10 22:10:00,0.8739,0.1135,0.1399,0.5033,0.4451,0.5749,0.574,0.3599,0.0661,4.8911,False,-32.0,False,-30.0,False,-26.0,False,-24.0,False,46.0,False
2026-01-11T19,H,2026-01-11 16:35:00,0.7163,0.2852,0.4982,0.4578,0.5258,0.5888,0.5704,0.3851,0.0445,12.8287,False,-120.0,False,-101.0,False,-9.0,False,20.0,False,38.0,False
2026-01-12T00,L,2026-01-11 23:05:00,0.7296,0.0661,0.44,0.3119,0.6087,0.6817,0.4309,0.4221,0.1469,7.3125,False,-27.0,False,-21.0,False,-15.0,False,15.0,False,23.0,False
2026-01-12T08,H,2026-01-12 03:25:00,0.6006,0.0783,0.2537,0.4115,0.4858,0.577,0.0062,0.5783,0.4156,0.9691,False,-22.0,False,-22.0,False,36.0,False,48.0,False,62.0,False
2026-01-12T16,L,2026-01-12 14:25:00,0.476,0.0958,0.536,0.4568,0.7071,0.7071,0.6752,0.2713,0.0535,7.0072,True,3.0,True,10.0,True,12.0,True,18.0,False,25.0,False
2026-01-12T22,H,2026-01-12 17:00:00,0.0,,,0.0671,0.7337,0.7337,0.6155,0.351,0.0335,2.3775,True,12.0,True,12.0,True,12.0,True,64.0,False,65.0,False
2026-01-13T05,L,2026-01-12 23:00:00,0.0,,,,0.0397,0.1533,0.704,0.0166,0.2793,1.8647,True,84.0,False,86.0,False,87.0,False,87.0,False,95.0,False
2026-01-14T06,H,2026-01-13 22:15:00,0.7655,0.7321,0.8318,0.745,0.7114,0.8385,0.4365,0.55,0.0136,25.1763,True,-138.0,False,-125.0,False,-122.0,False,1.0,True,33.0,False
2026-01-14T15,L,2026-01-14 07:00:00,0.0,,,0.2591,0.1768,0.2591,0.3866,0.4072,0.2062,1.6994,True,91.0,False,92.0,False,96.0,False,98.0,False,112.0,False
2026-01-15T00,H,2026-01-14 20:15:00,0.818,0.155,0.3066,0.2038,0.23,0.3066,0.0082,0.846,0.1457,2.0531,False,-31.0,False,-24.0,False,-20.0,False,-18.0,False,46.0,False
2026-01-16T09,L,2026-01-15 20:35:00,0.875,0.0508,0.0522,0.169,0.2427,0.2427,0.3357,0.3483,0.316,1.2558,False,-151.0,False,-137.0,False,-130.0,False,-76.0,False,149.0,False
2026-01-16T10,H,2026-01-16 10:00:00,0.0,,,,0.4017,0.4017,0.3117,0.6883,0.0,2.0382,True,14.0,False,15.0,False,17.0,False,22.0,False,,False
2026-01-16T20,L,2026-01-16 15:50:00,0.8815,0.1498,0.1716,0.3958,0.524,0.524,0.2857,0.4641,0.2502,4.08,False,-43.0,False,-40.0,False,-21.0,False,-16.0,False,62.0,False
2026-01-17T22,H,2026-01-17 15:10:00,0.9163,0.1904,0.3704,0.2366,0.4113,0.4113,0.3464,0.6103,0.0433,7.2254,False,-110.0,False,-108.0,False,-86.0,False,-86.0,False,-50.0,False
2026-01-18T09,L,2026-01-18 01:15:00,0.6137,0.1562,0.3031,0.2068,0.2693,0.3153,0.452,0.3883,0.1598,2.1617,False,-25.0,False,-9.0,False,57.0,False,69.0,False,96.0,False
2026-01-18T14,H,2026-01-18 14:20:00,0.8455,0.2614,0.3469,0.6223,,0.9796,0.2917,0.7083,0.0,5.8902,True,-51.0,False,-51.0,False,-34.0,False,-12.0,False,8.0,True
2026-01-18T16,L,2026-01-18 15:05:00,0.0655,0.2065,0.24,0.17,0.518,0.518,0.5294,0.3548,0.1158,1.5119,True,12.0,True,14.0,False,23.0,False,23.0,False,23.0,False
2026-01-18T23,H,2026-01-18 22:55:00,0.4138,0.0551,0.6966,0.8029,0.9313,0.9314,0.7451,0.1589,0.096,2.5488,True,2.0,True,2.0,True,2.0,True,6.0,True,7.0,True
2026-01-19T11,L,2026-01-19 00:05:00,0.0843,0.6649,0.6161,0.4889,0.39,0.6924,0.3882,0.6118,0.0,5.5123,True,0.0,True,0.0,True,38.0,False,60.0,False,123.0,False
2026-01-20T04,H,2026-01-19 17:00:00,0.5419,0.1753,0.117,0.1812,0.2669,0.2922,0.4695,0.4687,0.0618,2.4266,False,-24.0,False,19.0,False,62.0,False,75.0,False,135.0,False
2026-01-21T03,L,2026-01-20 22:35:00,0.7461,0.24,0.2868,0.158,0.3123,0.5235,0.752,0.2374,0.0105,14.3194,False,-138.0,False,-84.0,False,-76.0,False,42.0,False,59.0,False
2026-01-21T17,H,2026-01-21 15:20:00,0.6915,0.124,0.292,0.3038,0.4141,0.4141,0.2578,0.5448,0.1975,4.6925,False,-41.0,False,-37.0,False,17.0,False,17.0,False,20.0,False
2026-01-21T19,L,2026-01-21 18:00:00,0.0,,,,0.5005,0.5005,0.7595,0.1027,0.1378,1.5222,True,12.0,True,16.0,False,18.0,False,20.0,False,26.0,False
2026-01-22T13,H,2026-01-21 20:00:00,0.0,,0.1021,0.1327,0.0912,0.1448,0.2773,0.2265,0.4962,0.956,True,187.0,False,205.0,False,214.0,False,217.0,False,217.0,False
2026-01-23T01,L,2026-01-22 15:35:00,0.5301,0.1555,0.5015,0.3979,0.3288,0.5015,0.1243,0.5866,0.2891,2.7398,False,-11.0,False,26.0,False,29.0,False,33.0,False,105.0,False
2026-01-23T08,H,2026-01-23 04:20:00,0.3218,0.1374,0.0927,0.1597,0.3285,0.3285,0.6744,0.1533,0.1723,1.2087,True,19.0,False,26.0,False,44.0,False,44.0,False,56.0,False
2026-01-23T15,L,2026-01-23 15:20:00,0.9244,0.2315,0.4324,0.8577,,0.9667,0.0951,0.6909,0.214,5.1044,True,-48.0,False,-29.0,False,-25.0,False,-14.0,False,-10.0,False
2026-01-23T23,H,2026-01-23 17:40:00,0.4051,0.1111,0.2694,0.1069,0.1588,0.2694,0.2967,0.6033,0.1001,2.4443,False,20.0,False,22.0,False,22.0,False,35.0,False,52.0,False
2026-01-24T04,L,2026-01-24 00:50:00,0.177,0.0635,0.0904,0.1687,0.1277,0.1691,0.423,0.4873,0.0897,1.5039,False,29.0,False,40.0,False,50.0,False,,False,,False
2026-01-24T07,H,2026-01-24 05:30:00,0.0593,0.065,0.143,0.1391,0.2819,0.2819,0.6333,0.258,0.1087,0.8766,True,19.0,False,22.0,False,30.0,False,30.0,False,30.0,False
2026-01-25T14,L,2026-01-25 08:50:00,0.9077,0.1297,0.1304,0.1958,0.3599,0.4163,0.2612,0.7388,0.0,7.5509,False,-225.0,False,-224.0,False,-224.0,False,-219.0,False,-118.0,False
2026-01-25T15,H,2026-01-25 15:00:00,0.0,,,,0.4418,0.4607,0.3633,0.2005,0.4362,1.4076,True,15.0,False,16.0,False,21.0,False,22.0,False,23.0,False
2026-01-26T02,L,2026-01-25 23:05:00,0.7543,0.1979,0.23,0.2354,0.377,0.377,0.0806,0.801,0.1184,4.4954,False,-74.0,False,-23.0,False,-19.0,False,47.0,False,47.0,False
2026-01-27T08,H,2026-01-27 04:15:00,0.9227,0.4689,0.4802,0.6656,0.8144,0.8144,0.2362,0.7634,0.0005,1.9799,False,-297.0,False,-296.0,False,-292.0,False,-150.0,False,-145.0,False
2026-01-27T19,L,2026-01-27 17:50:00,0.971,0.0801,0.2246,0.3355,0.4415,0.4415,0.2071,0.3895,0.4033,1.8611,False,-33.0,False,-32.0,False,-31.0,False,-22.0,False,-20.0,False
2026-01-28T08,H,2026-01-27 21:10:00,0.2646,0.0433,0.1122,0.1474,0.1641,0.1777,0.3651,0.4548,0.1801,1.3611,False,130.0,False,142.0,False,142.0,False,142.0,False,142.0,False
2026-01-28T09,L,2026-01-28 09:25:00,0.086,0.0746,0.2816,0.288,,0.7065,0.4598,0.4852,0.0549,1.0703,True,7.0,True,7.0,True,7.0,True,,False,,False
2026-01-28T16,H,2026-01-28 13:45:00,0.5646,0.0724,0.1261,0.2404,0.6154,0.6154,0.4467,0.3413,0.212,2.1867,True,-32.0,False,12.0,True,15.0,False,18.0,False,28.0,False
2026-01-28T17,L,2026-01-28 17:00:00,0.0,,,,0.4949,0.4949,0.6593,0.1511,0.1896,0.4261,True,18.0,False,18.0,False,20.0,False,20.0,False,21.0,False
2026-01-28T18,H,2026-01-28 18:00:00,0.0,,0.7065,0.5754,0.8378,0.8378,0.8026,0.1973,0.0001,5.0405,True,2.0,True,2.0,True,3.0,True,10.0,True,13.0,False
2026-01-30T08,L,2026-01-30 01:45:00,0.8562,0.1708,0.2945,0.1682,0.3024,0.3024,0.4385,0.4956,0.0659,22.9563,False,-358.0,False,-351.0,False,-56.0,False,-47.0,False,87.0,False
2026-01-31T09,H,2026-01-30 19:55:00,0.4017,0.0672,0.2304,0.2328,0.1743,0.2724,0.3474,0.5936,0.0589,1.6513,False,140.0,False,148.0,False,149.0,False,157.0,False,162.0,False
2026-02-01T03,L,2026-01-31 18:45:00,0.8445,0.7052,0.6617,0.7484,0.6208,0.7555,0.0211,0.9443,0.0346,13.9049,False,-79.0,False,-60.0,False,-60.0,False,-57.0,False,53.0,False
2026-02-01T21,H,2026-02-01 10:15:00,0.2703,0.0407,0.1153,0.3532,0.3055,0.4003,0.6557,0.2371,0.1072,1.406,True,51.0,False,52.0,False,52.0,False,123.0,False,141.0,False
2026-02-01T22,L,2026-02-01 22:00:00,0.0,0.1372,0.7612,0.7312,0.9217,0.9217,0.2221,0.6328,0.1451,1.5342,True,2.0,True,2.0,True,3.0,True,8.0,True,12.0,True
2026-02-02T04,H,2026-02-02 00:40:00,0.817,0.2091,0.2546,0.4255,0.3015,0.5744,0.0186,0.8704,0.111,0.5568,False,-19.0,False,-18.0,False,-18.0,False,-18.0,False,36.0,False
2026-02-02T07,L,2026-02-02 05:40:00,0.3001,0.1014,0.1651,0.2264,0.1032,0.3303,0.1142,0.6255,0.2603,0.6993,True,16.0,False,17.0,False,28.0,False,28.0,False,28.0,False
2026-02-03T05,H,2026-02-02 15:45:00,0.7613,0.1659,0.2131,0.1447,0.1527,0.2381,0.0281,0.716,0.2559,5.6032,False,-11.0,False,-9.0,False,-9.0,False,171.0,False,171.0,False
2026-02-03T07,L,2026-02-03 06:10:00,0.0515,0.0586,0.1993,0.2672,0.4888,0.4888,0.6464,0.3476,0.0061,2.3169,True,13.0,False,17.0,False,22.0,False,,False,,False
2026-02-03T09,H,2026-02-03 08:40:00,0.5941,0.1632,0.5248,0.5542,0.9008,0.9437,0.4479,0.5151,0.0369,1.5585,True,-5.0,False,7.0,True,7.0,True,7.0,True,7.0,True
2026-02-04T03,L,2026-02-03 19:05:00,0.737,0.1512,0.8404,0.7904,0.7724,0.8466,0.0062,0.5031,0.4907,2.8739,True,-109.0,False,-107.0,False,-38.0,False,3.0,True,17.0,False
2026-02-04T13,H,2026-02-04 04:00:00,0.0,,0.0739,0.0835,0.1193,0.1193,0.4465,0.5044,0.0491,1.9915,True,89.0,False,120.0,False,123.0,False,123.0,False,123.0,False
2026-02-05T10,L,2026-02-05 05:25:00,0.8886,0.1058,0.2938,0.3089,0.2235,0.4396,0.5788,0.3394,0.0818,3.3379,False,-175.0,False,-131.0,False,-129.0,False,-128.0,False,45.0,False
2026-02-05T11,H,2026-02-05 11:00:00,0.0,,,0.2928,0.5104,0.5104,0.8777,0.0752,0.0471,0.3113,True,12.0,True,17.0,False,17.0,False,,False,,False
2026-02-06T03,L,2026-02-06 00:20:00,0.7866,0.1155,0.6598,0.7785,0.9182,0.93,0.1277,0.1129,0.7594,6.1207,True,-117.0,False,-22.0,False,-19.0,False,7.0,True,9.0,True
2026-02-07T06,H,2026-02-06 23:10:00,0.4438,0.175,0.4427,0.4026,0.5799,0.5799,0.6143,0.3016,0.0841,1.1797,True,11.0,True,16.0,False,79.0,False,92.0,False,94.0,False
2026-02-07T20,L,2026-02-07 07:20:00,0.0754,0.1124,0.1137,0.2218,0.3021,0.3216,0.1543,0.5284,0.3173,4.2493,True,59.0,False,60.0,False,60.0,False,164.0,False,,False
2026-02-08T00,H,2026-02-07 21:00:00,0.0,,0.1417,0.1206,0.1688,0.2143,0.4668,0.5144,0.0188,2.1629,True,26.0,False,27.0,False,44.0,False,49.0,False,,False
2026-02-08T07,L,2026-02-08 01:00:00,0.0,,0.1728,0.4343,0.4382,0.4457,0.6073,0.3922,0.0005,1.3839,True,14.0,False,87.0,False,87.0,False,87.0,False,87.0,False
2026-02-08T21,H,2026-02-08 14:05:00,0.4297,0.0998,0.2446,0.1942,0.2302,0.3354,0.412,0.3187,0.2694,1.0661,False,17.0,False,33.0,False,33.0,False,83.0,False,95.0,False
2026-02-09T17,L,2026-02-09 14:15:00,0.9268,0.2541,0.433,0.5269,0.6713,0.7015,0.2129,0.7236,0.0635,2.2208,False,-182.0,False,-181.0,False,-173.0,False,-173.0,False,-123.0,False
2026-02-10T03,H,2026-02-09 20:10:00,0.4612,0.0439,0.1501,0.1555,0.2627,0.2627,0.6464,0.2652,0.0884,1.4979,False,58.0,False,83.0,False,86.0,False,91.0,False,94.0,False
2026-02-10T16,L,2026-02-10 14:45:00,0.8204,0.2293,0.337,0.5809,0.8006,0.8006,0.5127,0.4872,0.0001,10.8612,False,-123.0,False,-123.0,False,-9.0,False,-5.0,False,18.0,False
2026-02-10T22,H,2026-02-10 17:45:00,0.307,0.1083,0.0898,0.2779,0.6048,0.6388,0.1676,0.6671,0.1652,1.1277,True,9.0,True,9.0,True,16.0,False,39.0,False,51.0,False
2026-02-11T00,L,2026-02-10 23:20:00,0.2169,0.133,0.1462,0.3755,0.7271,0.7271,0.4366,0.5634,0.0,1.5004,True,8.0,True,10.0,True,12.0,True,14.0,False,20.0,False
2026-02-11T03,H,2026-02-11 01:05:00,0.0815,0.0419,0.1144,0.2421,0.2093,0.2571,0.6873,0.1491,0.1636,0.5511,True,23.0,False,24.0,False,27.0,False,35.0,False,35.0,False
2026-02-11T18,L,2026-02-11 15:15:00,0.9538,0.2185,0.2351,0.5901,0.7608,0.7608,0.4335,0.4607,0.1058,3.7907,False,-47.0,False,-46.0,False,-39.0,False,-34.0,False,-15.0,False
2026-02-12T16,H,2026-02-12 14:05:00,0.7414,0.4939,0.5689,0.3492,0.8107,0.8107,0.8538,0.0917,0.0545,2.3018,True,-176.0,False,-110.0,False,-106.0,False,12.0,True,25.0,False
2026-02-13T02,L,2026-02-12 18:35:00,0.319,0.0753,0.1485,0.1552,0.3317,0.3317,0.1624,0.6596,0.178,1.2154,True,50.0,False,54.0,False,89.0,False,89.0,False,101.0,False
2026-02-14T04,H,2026-02-13 16:35:00,0.4755,0.1647,0.2027,0.2943,0.2415,0.3965,0.1889,0.5951,0.216,4.1737,False,44.0,False,53.0,False,68.0,False,94.0,False,139.0,False
2026-02-14T08,L,2026-02-14 06:15:00,0.1853,0.051,0.1134,0.1028,0.1334,0.1637,0.6789,0.3211,0.0,0.9082,False,22.0,False,22.0,False,25.0,False,31.0,False,33.0,False
2026-02-14T13,H,2026-02-14 12:00:00,0.7035,0.0835,0.1099,0.2034,0.8855,0.8855,0.3317,0.428,0.2403,1.895,True,-31.0,False,-31.0,False,-29.0,False,12.0,True,13.0,False
2026-02-15T07,L,2026-02-14 14:00:00,0.0,,,,0.225,0.373,0.2449,0.5545,0.2006,1.6427,True,15.0,False,18.0,False,178.0,False,199.0,False,215.0,False
2026-02-15T11,H,2026-02-15 08:10:00,0.1573,0.0985,0.2587,0.7168,0.6026,0.7206,0.428,0.5712,0.0008,1.1924,True,4.0,True,5.0,True,5.0,True,21.0,False,24.0,False
2026-02-16T08,L,2026-02-15 19:10:00,0.6056,0.0546,0.2449,0.1291,0.2025,0.2843,0.4969,0.2817,0.2214,3.1651,False,-12.0,False,-9.0,False,46.0,False,72.0,False,166.0,False
2026-02-16T15,H,2026-02-16 13:05:00,0.1364,0.0645,0.1799,0.7019,0.8209,0.8209,0.3578,0.4285,0.2136,5.4866,True,5.0,True,5.0,True,5.0,True,8.0,True,30.0,False
2026-02-16T21,L,2026-02-16 16:00:00,0.0,,0.2281,0.3127,0.5754,0.5754,0.1497,0.5446,0.3057,1.0095,True,12.0,True,21.0,False,29.0,False,57.0,False,63.0,False
2026-02-17T08,H,2026-02-17 02:15:00,0.625,0.1676,0.277,0.3822,0.5469,0.5538,0.7183,0.2817,0.0,5.4727,False,-4.0,False,-2.0,False,21.0,False,30.0,False,38.0,False
2026-02-17T20,L,2026-02-17 15:35:00,0.4804,0.0401,0.1938,0.3835,0.5012,0.5069,0.382,0.4563,0.1617,3.2457,True,9.0,True,37.0,False,38.0,False,44.0,False,65.0,False
2026-02-18T00,H,2026-02-17 21:00:00,0.0,,0.3017,0.1386,0.5686,0.6199,0.5209,0.4646,0.0145,1.2452,True,9.0,True,10.0,True,29.0,False,51.0,False,51.0,False
2026-02-18T03,L,2026-02-18 01:35:00,0.1186,0.047,0.1973,0.2665,0.3414,0.3414,0.6794,0.2225,0.0981,3.5498,True,22.0,False,23.0,False,29.0,False,29.0,False,29.0,False
2026-02-18T13,H,2026-02-18 08:30:00,0.2241,0.1615,0.2579,0.2931,0.3381,0.4002,0.4459,0.4424,0.1117,1.5419,True,22.0,False,27.0,False,32.0,False,32.0,False,63.0,False
2026-02-19T02,L,2026-02-18 19:40:00,0.9306,0.0688,0.1328,0.1785,0.2949,0.2949,0.4878,0.4106,0.1016,2.6088,False,-57.0,False,-57.0,False,-49.0,False,-48.0,False,-47.0,False
2026-02-19T13,H,2026-02-19 06:35:00,0.3007,0.1348,0.1359,0.1621,0.1054,0.1757,0.2001,0.7429,0.057,3.9008,False,66.0,False,77.0,False,81.0,False,81.0,False,86.0,False
2026-02-19T18,L,2026-02-19 14:40:00,0.2038,0.2793,0.6497,0.5037,0.538,0.6783,0.5878,0.2009,0.2113,2.7478,True,3.0,True,3.0,True,31.0,False,32.0,False,52.0,False
2026-02-20T13,H,2026-02-20 10:10:00,0.4673,0.2318,0.4028,0.2626,0.6373,0.6498,0.1652,0.6924,0.1424,1.7594,True,9.0,True,10.0,True,14.0,False,19.0,False,35.0,False
2026-02-20T18,L,2026-02-20 14:00:00,0.0,,0.2277,0.3062,0.4085,0.4338,0.4225,0.5311,0.0465,1.702,True,16.0,False,21.0,False,27.0,False,28.0,False,63.0,False
2026-02-20T19,H,2026-02-20 19:00:00,0.0,,,0.2948,0.2714,0.3931,0.4372,0.3287,0.2341,2.3067,True,17.0,False,17.0,False,,False,,False,,False
2026-02-20T20,L,2026-02-20 20:35:00,0.5515,0.1084,0.3901,,,0.7213,0.0571,0.4551,0.4878,0.7118,True,-4.0,False,5.0,True,5.0,True,,False,,False
2026-02-21T03,H,2026-02-20 23:10:00,0.2966,0.2658,0.4006,0.4599,0.4222,0.4599,0.2198,0.5439,0.2363,2.9375,True,17.0,False,47.0,False,58.0,False,58.0,False,58.0,False
2026-02-21T10,L,2026-02-21 04:00:00,0.0,,0.2583,0.2789,0.3392,0.3593,0.6144,0.3856,0.0,3.5502,True,21.0,False,30.0,False,63.0,False,68.0,False,75.0,False
2026-02-21T20,H,2026-02-21 15:45:00,0.6137,0.0725,0.0784,0.2569,0.2506,0.3753,0.5609,0.4391,0.0,3.3844,False,-43.0,False,-39.0,False,63.0,False,63.0,False,63.0,False
2026-02-23T09,L,2026-02-23 01:50:00,0.926,0.3197,0.1856,0.3014,0.3587,0.4075,0.5004,0.4488,0.0508,24.3118,False,-177.0,False,-176.0,False,-166.0,False,-46.0,False,-22.0,False
2026-02-23T17,H,2026-02-23 10:05:00,0.0324,0.0937,0.1277,0.2085,0.2562,0.2562,0.2811,0.428,0.2909,2.0701,True,57.0,False,71.0,False,72.0,False,74.0,False,87.0,False
2026-02-24T11,L,2026-02-24 05:25:00,0.9645,0.0502,0.1942,0.2829,0.4019,0.4019,0.9313,0.0433,0.0254,3.3585,False,-132.0,False,-132.0,False,-130.0,False,-87.0,False,-53.0,False
2026-02-26T01,H,2026-02-25 21:40:00,0.8522,0.2753,0.4702,0.4263,0.5981,0.5981,0.1479,0.7939,0.0581,10.3947,False,-290.0,False,-29.0,False,-25.0,False,-17.0,False,52.0,False
2026-02-27T05,L,2026-02-26 17:00:00,0.4415,0.0611,0.1079,0.1282,0.1093,0.1405,0.1758,0.4899,0.3343,4.1002,False,135.0,False,135.0,False,145.0,False,156.0,False,,False
2026-02-27T10,H,2026-02-27 09:25:00,0.6219,0.2874,0.4356,0.7282,0.9601,0.9601,0.314,0.4719,0.2141,2.6073,True,-36.0,False,-23.0,False,5.0,True,7.0,True,8.0,True
2026-02-28T00,L,2026-02-27 22:35:00,0.6851,0.1498,0.7207,0.8153,0.8937,0.8937,0.87,0.13,0.0,3.6777,True,-55.0,False,-18.0,False,2.0,True,5.0,True,13.0,False
2026-02-28T06,H,2026-02-28 01:00:00,0.0,,,,0.1101,0.1495,0.7661,0.1386,0.0952,1.3943,True,72.0,False,72.0,False,74.0,False,74.0,False,75.0,False
2026-02-28T13,L,2026-02-28 07:00:00,0.0,0.1052,0.333,0.2281,0.4344,0.7368,0.4291,0.4927,0.0782,1.2194,True,8.0,True,8.0,True,8.0,True,49.0,False,83.0,False
2026-03-01T09,H,2026-03-01 02:05:00,0.6962,0.1067,0.2352,0.2181,0.3164,0.3292,0.7725,0.2203,0.0072,5.6061,False,-134.0,False,-134.0,False,47.0,False,54.0,False,83.0,False
2026-03-02T03,L,2026-03-01 22:50:00,0.5973,0.1168,0.4475,0.5045,0.5348,0.5785,0.6458,0.2934,0.0608,1.9425,False,-107.0,False,16.0,False,22.0,False,26.0,False,38.0,False
2026-03-02T09,H,2026-03-02 04:00:00,0.0,,,0.2258,0.2004,0.2754,0.368,0.5945,0.0374,1.8365,True,32.0,False,40.0,False,41.0,False,52.0,False,53.0,False
2026-03-02T11,L,2026-03-02 11:35:00,0.3175,0.1972,0.6116,,,0.7921,0.0722,0.5181,0.4097,0.8517,True,2.0,True,3.0,True,5.0,True,,False,,False
2026-03-02T12,H,2026-03-02 12:00:00,0.0,,0.2085,0.4139,0.7152,0.7272,0.2503,0.7439,0.0058,1.5554,True,7.0,True,10.0,True,11.0,True,14.0,False,14.0,False
2026-03-02T14,L,2026-03-02 14:05:00,0.2729,0.0523,0.0743,0.3611,,0.9907,0.1582,0.8413,0.0006,2.2297,True,8.0,True,9.0,True,11.0,True,11.0,True,11.0,True
2026-03-03T03,H,2026-03-02 16:50:00,0.4847,0.1718,0.2373,0.3631,0.4909,0.4909,0.0983,0.7134,0.1883,1.8389,True,15.0,False,20.0,False,28.0,False,81.0,False,111.0,False
2026-03-03T17,L,2026-03-03 14:50:00,0.7746,0.1654,0.3573,0.3038,0.7552,0.7552,0.2986,0.3267,0.3747,5.0405,False,-34.0,False,-33.0,False,-32.0,False,16.0,False,19.0,False
2026-03-04T03,H,2026-03-03 18:40:00,0.3484,0.2384,0.3223,0.4681,0.3595,0.4681,0.2503,0.4296,0.3201,1.2524,True,16.0,False,18.0,False,19.0,False,67.0,False,107.0,False
2026-03-04T06,L,2026-03-04 04:00:00,0.0,,,0.2923,0.2065,0.3586,0.3494,0.4914,0.1593,2.0517,True,24.0,False,25.0,False,28.0,False,35.0,False,40.0,False
2026-03-04T23,H,2026-03-04 19:25:00,0.5248,0.1318,0.084,0.109,0.2837,0.3007,0.7064,0.1761,0.1175,1.5519,False,-84.0,False,39.0,False,40.0,False,43.0,False,55.0,False
2026-03-07T01,L,2026-03-06 17:45:00,0.9233,0.1074,0.2308,0.5299,0.6488,0.6488,0.0807,0.5958,0.3235,1.6079,False,-374.0,False,-374.0,False,-183.0,False,-129.0,False,-117.0,False
2026-03-08T04,H,2026-03-07 03:15:00,0.2182,0.045,0.2036,0.2455,0.5458,0.6254,0.553,0.2564,0.1906,6.758,True,10.0,True,10.0,True,37.0,False,44.0,False,166.0,False
2026-03-08T05,L,2026-03-08 05:00:00,0.0,0.1975,0.6466,0.8077,0.9576,0.9576,0.0737,0.5833,0.343,3.4506,True,2.0,True,2.0,True,5.0,True,5.0,True,12.0,True
2026-03-08T18,H,2026-03-08 10:30:00,0.3329,0.17,0.2351,0.3196,0.5745,0.6096,0.2821,0.641,0.0769,4.0069,True,8.0,True,9.0,True,15.0,False,21.0,False,78.0,False
2026-03-08T19,L,2026-03-08 19:00:00,0.0,,0.0929,0.4931,0.7711,0.7711,0.5954,0.0552,0.3494,0.9315,True,7.0,True,8.0,True,9.0,True,14.0,False,14.0,False
2026-03-08T22,H,2026-03-08 20:40:00,0.4523,0.2698,0.501,0.6311,0.7109,0.7133,0.0705,0.7562,0.1733,1.9011,True,3.0,True,6.0,True,7.0,True,17.0,False,17.0,False
2026-03-09T03,L,2026-03-08 23:00:00,0.0,,,,0.5212,0.5212,0.5924,0.2227,0.1849,0.8555,True,12.0,True,56.0,False,57.0,False,58.0,False,67.0,False
2026-03-09T23,H,2026-03-09 19:35:00,0.6576,0.3749,0.5799,0.5985,0.678,0.678,0.4543,0.4538,0.0919,2.8979,True,-151.0,False,-147.0,False,14.0,False,22.0,False,31.0,False
2026-03-10T00,L,2026-03-10 00:00:00,0.0,0.0309,0.0279,0.3676,0.7819,0.7819,0.1633,0.6567,0.18,1.3723,True,9.0,True,12.0,True,12.0,True,,False,,False
2026-03-10T13,H,2026-03-10 09:30:00,0.7601,0.3024,0.5649,0.5257,0.8336,0.8336,0.1915,0.342,0.4665,4.0732,True,-94.0,False,-68.0,False,-67.0,False,12.0,True,22.0,False
2026-03-10T14,L,2026-03-10 14:20:00,0.2229,0.128,0.3283,0.7054,,0.9742,0.2878,0.5351,0.1772,1.6299,True,5.0,True,5.0,True,6.0,True,8.0,True,8.0,True
2026-03-10T18,H,2026-03-10 15:10:00,0.0435,0.3171,0.2862,0.3092,0.3355,0.5492,0.9634,0.0043,0.0323,1.0642,True,9.0,True,31.0,False,34.0,False,34.0,False,37.0,False
2026-03-11T14,L,2026-03-11 12:10:00,0.3736,0.0644,0.3052,0.2906,0.3434,0.3434,0.4224,0.4871,0.0905,3.6917,False,13.0,False,15.0,False,15.0,False,17.0,False,34.0,False
2026-03-12T00,H,2026-03-11 17:30:00,0.7907,0.0569,0.3308,0.3499,0.4239,0.4239,0.4983,0.427,0.0747,1.4394,False,-27.0,False,-27.0,False,-23.0,False,78.0,False,90.0,False
2026-03-12T10,L,2026-03-12 05:30:00,0.3216,0.0301,0.1163,0.1485,0.1975,0.1975,0.0092,0.5128,0.478,1.4443,False,34.0,False,51.0,False,51.0,False,66.0,False,66.0,False
2026-03-13T16,H,2026-03-13 14:30:00,0.9397,0.1712,0.6278,0.8945,0.9036,0.9036,0.4159,0.3425,0.2415,2.1505,False,-302.0,False,-300.0,False,-295.0,False,-286.0,False,-284.0,False
2026-03-14T18,L,2026-03-14 06:45:00,0.6623,0.1498,0.2561,0.3355,0.2232,0.3355,0.2328,0.5275,0.2397,3.3848,False,-163.0,False,-31.0,False,77.0,False,87.0,False,147.0,False
2026-03-15T16,H,2026-03-15 09:25:00,0.5143,0.0474,0.1972,0.2944,0.2311,0.3377,0.525,0.1626,0.3125,1.8541,False,-66.0,False,40.0,False,45.0,False,61.0,False,79.0,False
2026-03-15T21,L,2026-03-15 17:00:00,0.0,,,,0.2373,0.2373,0.3695,0.613,0.0175,3.8863,True,26.0,False,64.0,False,68.0,False,68.0,False,68.0,False
2026-03-16T14,H,2026-03-16 13:45:00,0.8425,0.6751,0.6417,0.3691,0.924,0.924,0.4588,0.354,0.1872,3.5493,True,-185.0,False,-62.0,False,-57.0,False,-45.0,False,12.0,True
2026-03-16T22,L,2026-03-16 15:00:00,0.0,,0.1685,0.2431,0.3172,0.4686,0.0729,0.4442,0.4829,1.8164,True,41.0,False,73.0,False,76.0,False,87.0,False,92.0,False
2026-03-17T04,H,2026-03-17 01:40:00,0.3286,0.1608,0.2189,0.3144,0.3177,0.3817,0.446,0.483,0.0709,1.9962,True,19.0,False,23.0,False,25.0,False,33.0,False,40.0,False
2026-03-17T19,L,2026-03-17 13:55:00,0.47,0.1215,0.2307,0.2583,0.4191,0.4191,0.5113,0.4557,0.0329,6.7188,False,13.0,False,14.0,False,49.0,False,60.0,False,61.0,False
2026-03-17T23,H,2026-03-17 20:00:00,0.0,,,,0.7346,0.7346,0.0387,0.8328,0.1285,0.6996,True,9.0,True,10.0,True,12.0,True,41.0,False,52.0,False
2026-03-19T03,L,2026-03-18 20:15:00,0.7398,0.1812,0.3335,0.4694,0.4927,0.5295,0.4581,0.4488,0.0931,2.5853,False,-217.0,False,-210.0,False,-201.0,False,82.0,False,85.0,False
2026-03-19T07,H,2026-03-19 04:00:00,0.0,,,,0.5632,0.5898,0.8524,0.1107,0.0369,3.981,True,10.0,True,13.0,False,14.0,False,47.0,False,49.0,False
2026-03-19T09,L,2026-03-19 08:00:00,0.0,,,,0.5,0.5,0.4622,0.5041,0.0337,1.8979,True,12.0,True,29.0,False,31.0,False,31.0,False,31.0,False
2026-03-19T11,H,2026-03-19 10:00:00,0.0,,0.1626,0.134,0.4513,0.4513,0.7899,0.1597,0.0504,1.3886,True,13.0,False,13.0,False,21.0,False,25.0,False,25.0,False
2026-03-19T17,L,2026-03-19 15:50:00,0.6724,0.3924,0.4845,0.493,0.6797,0.7309,0.5513,0.2349,0.2137,2.9552,True,-24.0,False,-23.0,False,8.0,True,19.0,False,26.0,False
2026-03-20T13,H,2026-03-20 08:15:00,0.5935,0.0717,0.1005,0.1732,0.3314,0.3314,0.4332,0.4566,0.1102,6.9457,False,-103.0,False,20.0,False,26.0,False,64.0,False,69.0,False
2026-03-20T21,L,2026-03-20 17:40:00,0.6942,0.1754,0.2989,0.3778,0.2522,0.3902,0.2775,0.6459,0.0766,1.31,False,-37.0,False,-37.0,False,28.0,False,44.0,False,46.0,False
2026-03-21T15,H,2026-03-21 14:15:00,0.8227,0.2255,0.4562,0.4706,0.92,0.9348,0.7047,0.2621,0.0332,11.6335,True,-69.0,False,-48.0,False,-39.0,False,-27.0,False,9.0,True
2026-03-22T15,L,2026-03-22 11:55:00,0.6282,0.3971,0.3431,0.6702,0.7272,0.7272,0.0419,0.835,0.1231,5.5382,True,-134.0,False,-52.0,False,12.0,True,13.0,False,28.0,False
2026-03-22T20,H,2026-03-22 16:00:00,0.0,,,,0.5401,0.5401,0.1022,0.6867,0.2111,2.2145,True,10.0,True,13.0,False,29.0,False,50.0,False,68.0,False
2026-03-23T02,L,2026-03-22 21:25:00,0.4715,0.2569,0.5081,0.4343,0.6212,0.6212,0.7733,0.2057,0.021,1.6254,True,3.0,True,12.0,True,19.0,False,19.0,False,67.0,False
2026-03-24T01,H,2026-03-23 14:15:00,0.6161,0.1184,0.1555,0.1663,0.2006,0.2115,0.5582,0.3672,0.0746,1.6598,False,-124.0,False,-86.0,False,93.0,False,109.0,False,132.0,False
2026-03-24T10,L,2026-03-24 05:25:00,0.4722,0.0344,0.0875,0.1075,0.159,0.159,0.3736,0.4607,0.1658,1.4469,False,31.0,False,31.0,False,55.0,False,67.0,False,,False
2026-03-24T11,H,2026-03-24 11:00:00,0.0,,,,0.2274,0.4891,0.5885,0.1514,0.2601,0.811,True,14.0,False,,False,,False,,False,,False
2026-03-25T00,L,2026-03-24 17:50:00,0.414,0.1084,0.2136,0.2962,0.5001,0.5112,0.6861,0.2873,0.0266,1.8673,True,10.0,True,31.0,False,31.0,False,35.0,False,74.0,False
2026-03-25T15,H,2026-03-25 11:40:00,0.5479,0.1157,0.3208,0.1758,0.5561,0.6022,0.1932,0.4289,0.3779,3.1418,True,-41.0,False,9.0,True,40.0,False,42.0,False,52.0,False
2026-03-27T00,L,2026-03-26 18:30:00,0.7968,0.0599,0.1464,0.3281,0.3712,0.4295,0.6072,0.3155,0.0773,1.9167,False,-313.0,False,-312.0,False,-312.0,False,30.0,False,65.0,False
2026-03-27T08,H,2026-03-27 02:15:00,0.1558,0.0698,0.0806,0.1247,0.1587,0.1781,0.5162,0.4751,0.0087,1.0,True,77.0,False,77.0,False,81.0,False,81.0,False,,False
2026-03-27T22,L,2026-03-27 18:25:00,0.6122,0.0448,0.2064,0.2145,0.2807,0.3105,0.6104,0.1983,0.1914,0.536,False,-34.0,False,-34.0,False,43.0,False,55.0,False,55.0,False
2026-03-29T10,H,2026-03-28 15:25:00,0.6354,0.1661,0.4059,0.474,0.4039,0.5209,0.708,0.2703,0.0217,7.9808,False,-70.0,False,-68.0,False,23.0,False,81.0,False,187.0,False
2026-03-29T11,L,2026-03-29 11:00:00,0.0,,,0.6273,0.8126,0.8126,0.8556,0.0171,0.1273,0.9144,True,5.0,True,6.0,True,9.0,True,10.0,True,16.0,False
2026-03-29T14,H,2026-03-29 12:00:00,0.0,,0.5556,0.5962,0.64,0.7627,0.3846,0.5645,0.0509,2.1953,True,3.0,True,4.0,True,5.0,True,26.0,False,26.0,False
2026-03-30T02,L,2026-03-29 22:50:00,0.9656,0.1145,0.6416,0.6558,0.6889,0.6889,0.8934,0.1002,0.0064,24.1501,False,-32.0,False,-29.0,False,-29.0,False,-11.0,False,-10.0,False
2026-03-30T17,H,2026-03-30 13:25:00,0.7297,0.1697,0.3395,0.4707,0.5769,0.6094,0.2991,0.6246,0.0764,4.8462,False,-50.0,False,-46.0,False,-35.0,False,43.0,False,44.0,False
2026-03-31T01,L,2026-03-30 19:25:00,0.2112,0.0361,0.0877,0.1883,0.2905,0.2905,0.6899,0.1136,0.1965,1.2186,True,23.0,False,65.0,False,67.0,False,72.0,False,74.0,False
2026-03-31T08,H,2026-03-31 02:00:00,0.0,,,0.4251,0.5505,0.5505,0.7939,0.1296,0.0765,2.997,True,12.0,True,13.0,False,40.0,False,44.0,False,70.0,False
2026-03-31T16,L,2026-03-31 10:00:00,0.1891,0.0788,0.1401,0.1457,0.1659,0.19,0.5806,0.3615,0.0579,3.2406,True,46.0,False,46.0,False,51.0,False,52.0,False,84.0,False
2026-04-01T12,H,2026-04-01 07:15:00,0.7445,0.1303,0.3447,0.3677,0.7386,0.7386,0.3161,0.4534,0.2305,2.18,False,-162.0,False,-161.0,False,-63.0,False,24.0,False,64.0,False
2026-04-02T15,L,2026-04-02 13:40:00,0.8365,0.0684,0.4728,0.6856,0.7759,0.7759,0.4885,0.3298,0.1817,3.8668,False,-289.0,False,-267.0,False,-261.0,False,-260.0,False,28.0,False
2026-04-05T00,H,2026-04-04 15:15:00,0.8607,0.2384,0.3939,0.4177,0.4272,0.4272,0.2233,0.589,0.1877,9.0968,False,-445.0,False,-439.0,False,-162.0,False,-135.0,False,117.0,False
2026-04-05T15,L,2026-04-05 06:20:00,0.4655,0.1725,0.3446,0.3984,0.5012,0.6111,0.2999,0.5557,0.1444,4.9625,True,9.0,True,11.0,True,33.0,False,41.0,False,110.0,False
2026-04-06T17,H,2026-04-06 16:50:00,0.955,0.3068,0.9564,0.9711,0.9723,0.9758,0.3374,0.5387,0.1239,5.2471,True,-298.0,False,-298.0,False,-298.0,False,-292.0,False,-124.0,False
2026-04-07T19,L,2026-04-07 15:10:00,0.68,0.2318,0.387,0.5517,0.6399,0.739,0.0042,0.994,0.0018,1.8189,True,-250.0,False,-236.0,False,11.0,True,29.0,False,50.0,False
2026-04-08T13,H,2026-04-08 13:20:00,0.9202,0.3339,0.8183,0.9195,,0.9892,0.0972,0.8058,0.0969,3.9939,True,-150.0,False,-142.0,False,-138.0,False,-113.0,False,-28.0,False
2026-04-09T15,L,2026-04-09 01:25:00,0.4682,0.1061,0.2659,0.4069,0.4238,0.4238,0.2506,0.4192,0.3303,1.1238,False,14.0,False,17.0,False,49.0,False,88.0,False,103.0,False
2026-04-10T02,H,2026-04-09 22:20:00,0.3414,0.2484,0.4022,0.471,0.7571,0.773,0.4546,0.5366,0.0088,5.5661,True,5.0,True,8.0,True,8.0,True,20.0,False,56.0,False
2026-04-10T13,L,2026-04-10 07:55:00,0.2468,0.0327,0.138,0.167,0.1338,0.2169,0.7624,0.1508,0.0868,5.5094,False,41.0,False,50.0,False,61.0,False,61.0,False,73.0,False
2026-04-11T00,H,2026-04-10 20:35:00,0.6507,0.2718,0.2768,0.1841,0.4713,0.4713,0.06,0.806,0.134,4.0564,False,-57.0,False,-56.0,False,29.0,False,39.0,False,53.0,False
2026-04-11T18,L,2026-04-11 13:15:00,0.5652,0.2014,0.2154,0.2807,0.351,0.4815,0.6374,0.3626,0.0,11.1327,False,-137.0,False,32.0,False,39.0,False,42.0,False,62.0,False
2026-04-12T00,H,2026-04-11 19:10:00,0.2575,0.1137,0.271,0.1812,0.2238,0.271,0.5932,0.4068,0.0,2.0881,True,17.0,False,22.0,False,47.0,False,47.0,False,58.0,False
2026-04-12T19,L,2026-04-12 15:35:00,0.476,0.1753,0.2827,0.2906,0.3258,0.3464,0.4149,0.5665,0.0186,3.5373,False,18.0,False,23.0,False,29.0,False,41.0,False,53.0,False
2026-04-14T10,H,2026-04-14 07:10:00,0.8712,0.1178,0.7653,0.806,0.8415,0.8505,0.8499,0.0957,0.0544,4.2376,False,-187.0,False,-45.0,False,-26.0,False,-17.0,False,34.0,False
2026-04-15T19,L,2026-04-15 07:50:00,0.9043,0.2162,0.316,0.3907,0.5626,0.6291,0.4832,0.4784,0.0384,1.8216,False,-221.0,False,-218.0,False,-218.0,False,-214.0,False,-208.0,False
2026-04-16T08,H,2026-04-15 22:40:00,0.4855,0.1772,0.363,0.5113,0.625,0.625,0.5909,0.2966,0.1126,2.1875,True,6.0,True,12.0,True,42.0,False,112.0,False,124.0,False
2026-04-16T19,L,2026-04-16 14:00:00,0.7586,0.3721,0.3963,0.3425,0.5332,0.5623,0.7116,0.2776,0.0108,7.1982,False,-55.0,False,-10.0,False,-8.0,False,20.0,False,27.0,False
2026-04-17T02,H,2026-04-16 20:05:00,0.0525,0.1201,0.1531,0.2613,0.2192,0.2863,0.0707,0.6987,0.2306,1.9734,True,59.0,False,69.0,False,75.0,False,83.0,False,83.0,False
2026-04-17T07,L,2026-04-17 03:00:00,0.0,,,0.1278,0.423,0.423,0.3734,0.5286,0.098,4.8654,True,53.0,False,65.0,False,65.0,False,65.0,False,65.0,False
2026-04-17T23,H,2026-04-17 16:25:00,0.8222,0.0939,0.1013,0.2241,0.5234,0.5234,0.4294,0.5396,0.031,3.1269,False,-71.0,False,-71.0,False,-68.0,False,-64.0,False,83.0,False
2026-04-19T11,L,2026-04-19 07:25:00,0.8512,0.1504,0.1689,0.4474,0.4937,0.5418,0.4175,0.4782,0.1043,9.4701,False,-230.0,False,-221.0,False,-87.0,False,-38.0,False,55.0,False
2026-04-19T18,H,2026-04-19 13:25:00,0.2995,0.1144,0.1167,0.2474,0.3015,0.3979,0.0443,0.6231,0.3326,3.772,True,35.0,False,42.0,False,44.0,False,54.0,False,55.0,False
2026-04-20T04,L,2026-04-20 00:05:00,0.3936,0.349,0.4328,0.4884,0.5169,0.5169,0.5079,0.2086,0.2835,3.7782,True,10.0,True,18.0,False,18.0,False,47.0,False,47.0,False
2026-04-21T03,H,2026-04-20 20:25:00,0.8206,0.1323,0.3078,0.2771,0.4666,0.5151,0.211,0.6822,0.1068,1.9087,False,-182.0,False,-181.0,False,-180.0,False,-176.0,False,79.0,False
2026-04-21T08,L,2026-04-21 04:00:00,0.0,,,,0.2072,0.2072,0.2785,0.7215,0.0,2.2669,True,52.0,False,60.0,False,65.0,False,69.0,False,69.0,False
2026-04-21T13,H,2026-04-21 09:00:00,0.0,,0.4675,0.4238,0.6426,0.6768,0.3687,0.5614,0.0698,5.3564,True,8.0,True,8.0,True,46.0,False,47.0,False,50.0,False
2026-04-22T00,L,2026-04-21 19:50:00,0.5921,0.1537,0.1931,0.4049,0.5506,0.5506,0.591,0.2365,0.1725,1.7884,False,-61.0,False,29.0,False,47.0,False,48.0,False,50.0,False
2026-04-22T20,H,2026-04-22 16:10:00,0.5623,0.1859,0.4792,0.5447,0.7737,0.8166,0.7284,0.2554,0.0162,1.8493,True,-92.0,False,7.0,True,9.0,True,10.0,True,49.0,False
2026-04-23T22,L,2026-04-23 17:50:00,0.9144,0.0857,0.4386,0.498,0.4767,0.5305,0.2764,0.5621,0.1615,6.492,False,-210.0,False,-210.0,False,-210.0,False,-206.0,False,-22.0,False
2026-04-24T04,H,2026-04-24 02:05:00,0.5777,0.1173,0.1781,0.2213,0.4292,0.4292,0.0085,0.887,0.1045,2.344,False,-33.0,False,16.0,False,18.0,False,23.0,False,29.0,False
2026-04-24T12,L,2026-04-24 09:10:00,0.5145,0.0744,0.1044,0.1467,0.1675,0.2069,0.7998,0.2002,0.0,3.6966,False,-35.0,False,25.0,False,28.0,False,34.0,False,46.0,False
2026-04-24T17,H,2026-04-24 13:15:00,0.1271,0.1354,0.2727,0.2961,0.5686,0.5686,0.1963,0.604,0.1996,2.132,True,10.0,True,15.0,False,23.0,False,45.0,False,46.0,False
2026-04-25T08,L,2026-04-24 22:40:00,0.3743,0.0793,0.0998,0.1485,0.1963,0.1963,0.5984,0.2698,0.1318,3.5018,False,64.0,False,64.0,False,76.0,False,76.0,False,76.0,False
2026-04-25T16,H,2026-04-25 10:35:00,0.272,0.1082,0.345,0.319,0.5774,0.5774,0.6198,0.3787,0.0015,2.6173,True,10.0,True,14.0,False,23.0,False,29.0,False,64.0,False
2026-04-25T22,L,2026-04-25 17:00:00,0.0,,,0.3443,0.3557,0.4535,0.3384,0.462,0.1997,3.0732,True,45.0,False,52.0,False,53.0,False,64.0,False,64.0,False
2026-04-27T05,H,2026-04-27 01:05:00,0.8952,0.094,0.2667,0.3476,0.1742,0.3476,0.3165,0.6835,0.0,8.5224,False,-258.0,False,-145.0,False,-78.0,False,-49.0,False,53.0,False
2026-04-28T00,L,2026-04-27 19:35:00,0.6323,0.1959,0.4269,0.5596,0.6286,0.6286,0.1561,0.6797,0.1642,2.857,False,-59.0,False,-58.0,False,25.0,False,51.0,False,65.0,False
2026-04-28T11,H,2026-04-28 01:00:00,0.0,,0.1113,0.1326,0.3786,0.3786,0.2965,0.6757,0.0278,1.5694,True,21.0,False,28.0,False,39.0,False,75.0,False,77.0,False
2026-04-28T19,L,2026-04-28 14:45:00,0.3012,0.1964,0.2473,0.3,0.2813,0.3519,0.4906,0.445,0.0644,1.4075,True,34.0,False,44.0,False,51.0,False,60.0,False,63.0,False
2026-04-29T14,H,2026-04-29 10:30:00,0.8002,0.0433,0.3292,0.3054,0.4424,0.4424,0.7814,0.1075,0.1111,3.2057,False,-49.0,False,-48.0,False,-43.0,False,-16.0,False,37.0,False
2026-04-30T07,L,2026-04-29 18:15:00,0.3319,0.085,0.0655,0.0869,0.1259,0.1266,0.5612,0.2731,0.1657,5.5461,False,77.0,False,80.0,False,87.0,False,93.0,False,165.0,False
2026-05-01T21,H,2026-05-01 14:00:00,0.717,0.1499,0.2319,0.5453,0.6068,0.6455,0.1256,0.6311,0.2433,5.1292,False,-253.0,False,-192.0,False,-178.0,False,64.0,False,84.0,False
2026-05-02T22,L,2026-05-01 22:00:00,0.0,,,,0.282,0.282,0.1519,0.2708,0.5773,2.1292,True,146.0,False,194.0,False,225.0,False,244.0,False,303.0,False
2026-05-03T00,H,2026-05-02 23:00:00,0.0,0.1097,0.3003,0.1717,0.5364,0.5364,0.4388,0.5612,0.0,1.0047,True,12.0,True,15.0,False,15.0,False,23.0,False,24.0,False
2026-05-03T11,L,2026-05-03 06:30:00,0.6138,0.0539,0.0955,0.1892,0.3915,0.3915,0.1372,0.852,0.0108,2.3489,False,-24.0,False,-6.0,False,57.0,False,64.0,False,66.0,False
2026-05-04T00,H,2026-05-03 22:20:00,0.914,0.3338,0.4394,0.2235,0.6745,0.6794,0.1051,0.5353,0.3595,5.8255,False,-106.0,False,-103.0,False,-73.0,False,-18.0,False,-6.0,False
2026-05-04T01,L,2026-05-04 01:00:00,0.0,,,,0.2112,0.3007,0.4674,0.3959,0.1367,2.6546,True,14.0,False,14.0,False,18.0,False,18.0,False,19.0,False
2026-05-04T10,H,2026-05-04 04:20:00,0.2785,0.0563,0.0886,0.126,0.2924,0.2924,0.3819,0.4859,0.1323,1.4633,True,24.0,False,44.0,False,56.0,False,69.0,False,69.0,False
2026-05-04T16,L,2026-05-04 11:00:00,0.0,,,0.456,0.5981,0.6025,0.7427,0.167,0.0903,1.215,True,8.0,True,10.0,True,46.0,False,50.0,False,52.0,False
2026-05-04T23,H,2026-05-04 17:55:00,0.3023,0.5641,0.6096,0.6908,0.8025,0.8025,0.0564,0.943,0.0005,4.635,True,0.0,True,3.0,True,7.0,True,12.0,True,37.0,False
2026-05-05T01,L,2026-05-05 00:00:00,0.0,,,0.2358,0.3768,0.4588,0.4663,0.5328,0.0009,1.084,True,15.0,False,16.0,False,19.0,False,26.0,False,28.0,False
2026-05-05T10,H,2026-05-05 05:40:00,0.4088,0.1484,0.3541,0.4542,0.6349,0.6349,0.3608,0.412,0.2272,6.5678,True,8.0,True,10.0,True,29.0,False,40.0,False,52.0,False
2026-05-05T11,L,2026-05-05 11:00:00,0.0,,,,0.6485,0.651,0.0793,0.7724,0.1483,1.1579,True,11.0,True,11.0,True,14.0,False,17.0,False,23.0,False
2026-05-05T21,H,2026-05-05 21:05:00,0.9029,0.2035,0.4268,0.7132,,0.99,0.1862,0.7059,0.108,1.3148,True,-86.0,False,-82.0,False,-75.0,False,-52.0,False,-37.0,False
2026-05-06T09,L,2026-05-06 00:50:00,0.388,0.1002,0.3036,0.398,0.466,0.466,0.3715,0.4243,0.2042,1.6171,True,31.0,False,31.0,False,93.0,False,95.0,False,98.0,False
2026-05-06T14,H,2026-05-06 11:25:00,0.2497,0.095,0.1392,0.2203,0.3488,0.4189,0.6926,0.2871,0.0202,4.0998,True,20.0,False,23.0,False,27.0,False,31.0,False,32.0,False
2026-05-08T07,L,2026-05-08 03:10:00,0.9215,0.2584,0.5795,0.6135,0.6934,0.6934,0.3564,0.5643,0.0793,2.9167,False,-420.0,False,-263.0,False,-247.0,False,-242.0,False,-230.0,False
2026-05-10T01,H,2026-05-09 18:35:00,0.9555,0.1615,0.3745,0.4163,0.5671,0.5671,0.1168,0.6585,0.2247,1.1962,False,-352.0,False,-349.0,False,-162.0,False,-147.0,False,-127.0,False
2026-05-10T13,L,2026-05-10 02:00:00,0.0,,,,0.2023,0.2304,0.471,0.5281,0.0009,2.8698,True,24.0,False,24.0,False,150.0,False,155.0,False,,False
2026-05-10T20,H,2026-05-10 17:55:00,0.7024,0.0942,0.1644,0.2024,0.4099,0.4404,0.5636,0.4046,0.0318,3.7685,False,-38.0,False,-37.0,False,-37.0,False,34.0,False,37.0,False
2026-05-10T22,L,2026-05-10 21:00:00,0.0,,0.6094,0.4931,0.6273,0.7382,0.5695,0.2722,0.1582,1.4191,True,2.0,True,3.0,True,10.0,True,15.0,False,22.0,False
2026-05-11T03,H,2026-05-10 23:20:00,0.2335,0.2877,0.4149,0.309,0.7123,0.7123,0.5709,0.3885,0.0406,0.769,True,9.0,True,12.0,True,12.0,True,19.0,False,44.0,False
2026-05-11T15,L,2026-05-11 14:35:00,0.5527,0.0624,0.1229,0.2377,0.3511,0.4389,0.3772,0.4131,0.2096,8.2084,False,-17.0,False,17.0,False,17.0,False,17.0,False,17.0,False
2026-05-12T01,H,2026-05-11 18:35:00,0.4603,0.1236,0.1293,0.2321,0.2461,0.2461,0.1383,0.726,0.1356,1.2373,False,59.0,False,73.0,False,77.0,False,84.0,False,84.0,False
2026-05-12T20,L,2026-05-12 16:55:00,0.6869,0.3204,0.3881,0.7367,0.8346,0.8346,0.0026,0.9458,0.0515,2.1262,True,-168.0,False,-51.0,False,6.0,True,10.0,True,24.0,False
2026-05-13T11,H,2026-05-13 09:05:00,0.7191,0.0642,0.2282,0.2052,0.2271,0.3441,0.6615,0.161,0.1775,3.934,False,-140.0,False,-138.0,False,-135.0,False,25.0,False,35.0,False
2026-05-14T01,L,2026-05-13 16:15:00,0.4273,0.1043,0.1689,0.2322,0.3606,0.3606,0.8956,0.1038,0.0006,1.0277,False,17.0,False,23.0,False,25.0,False,54.0,False,106.0,False
2026-05-14T03,H,2026-05-14 02:00:00,0.0,,,,0.1487,0.1556,0.6465,0.1624,0.1911,1.937,True,35.0,False,35.0,False,35.0,False,,False,,False
2026-05-14T04,L,2026-05-14 04:00:00,0.0,0.1764,0.5315,0.5714,0.9756,0.9756,0.3085,0.6803,0.0112,3.1563,True,2.0,True,4.0,True,10.0,True,12.0,True,12.0,True
2026-05-15T03,H,2026-05-14 17:10:00,0.8531,0.0715,0.2469,0.2164,0.1689,0.268,0.4323,0.2514,0.3163,2.7846,False,-90.0,False,-84.0,False,-77.0,False,-67.0,False,130.0,False
2026-05-16T03,L,2026-05-15 14:05:00,0.6269,0.1894,0.3636,0.3479,0.4242,0.4631,0.597,0.3196,0.0834,6.5449,False,-82.0,False,-80.0,False,41.0,False,48.0,False,134.0,False
2026-05-16T06,H,2026-05-16 04:00:00,0.0,,,,0.312,0.3237,0.1796,0.3865,0.4339,1.1434,True,14.0,False,14.0,False,36.0,False,41.0,False,43.0,False
2026-05-16T15,L,2026-05-16 10:30:00,0.7478,0.1599,0.3261,0.3975,0.7006,0.7006,0.3814,0.5529,0.0657,2.5293,False,-37.0,False,-36.0,False,-34.0,False,49.0,False,66.0,False
2026-05-17T23,H,2026-05-17 10:30:00,0.8098,0.0234,0.0324,0.0339,0.0574,0.0607,0.2612,0.712,0.0269,5.6803,False,-138.0,False,-126.0,False,-116.0,False,-114.0,False,162.0,False
2026-05-18T12,L,2026-05-18 06:15:00,0.694,0.347,0.1785,0.2949,0.4155,0.4155,0.512,0.4607,0.0272,3.0202,False,-75.0,False,-75.0,False,66.0,False,69.0,False,69.0,False
2026-05-18T14,H,2026-05-18 13:00:00,0.0,,0.2808,0.3809,0.7506,0.7879,0.371,0.5448,0.0842,1.087,True,8.0,True,10.0,True,11.0,True,17.0,False,21.0,False
2026-05-18T19,L,2026-05-18 15:35:00,0.1974,0.2372,0.3278,0.3118,0.4212,0.5906,0.7103,0.2897,0.0,0.9986,True,8.0,True,18.0,False,21.0,False,29.0,False,53.0,False
2026-05-19T14,H,2026-05-19 00:25:00,0.4122,0.1183,0.1602,0.1463,0.3847,0.3847,0.1686,0.8294,0.002,4.919,False,19.0,False,36.0,False,115.0,False,167.0,False,170.0,False
2026-05-19T17,L,2026-05-19 15:00:00,0.0,,0.5033,0.6612,0.6833,0.7327,0.5884,0.3443,0.0672,1.4563,True,3.0,True,5.0,True,10.0,True,25.0,False,26.0,False
2026-05-20T23,H,2026-05-20 15:20:00,0.8219,0.3324,0.378,0.4367,0.6301,0.6301,0.5476,0.4524,0.0,15.8196,False,-181.0,False,-150.0,False,-148.0,False,-20.0,False,98.0,False
2026-05-21T00,L,2026-05-21 00:00:00,0.0,,,,0.4357,0.4483,0.155,0.7728,0.0721,0.9136,True,14.0,False,18.0,False,18.0,False,20.0,False,20.0,False
2026-05-21T06,H,2026-05-21 04:10:00,0.2656,0.3223,0.293,0.2922,0.2783,0.371,0.6713,0.2749,0.0538,1.9995,True,20.0,False,24.0,False,33.0,False,34.0,False,34.0,False
2026-05-21T20,L,2026-05-21 13:45:00,0.8632,0.073,0.4259,0.4013,0.3132,0.4728,0.504,0.1745,0.3215,4.2013,False,-71.0,False,-69.0,False,-68.0,False,-67.0,False,45.0,False
2026-05-22T06,H,2026-05-22 04:20:00,0.8846,0.0856,0.1635,0.4246,0.4341,0.4704,0.2931,0.357,0.3499,0.9851,False,-51.0,False,-41.0,False,-40.0,False,-40.0,False,32.0,False
2026-05-23T13,L,2026-05-23 07:55:00,0.7486,0.4315,0.371,0.5454,0.6157,0.6157,0.6558,0.341,0.0033,21.5335,False,-227.0,False,-132.0,False,-125.0,False,31.0,False,39.0,False
2026-05-24T14,H,2026-05-24 10:30:00,0.7548,0.4501,0.4874,0.5345,0.483,0.5476,0.4446,0.5471,0.0083,9.6973,False,-145.0,False,-142.0,False,-64.0,False,24.0,False,42.0,False
2026-05-25T01,L,2026-05-24 21:50:00,0.6911,0.1023,0.5802,0.6249,0.6861,0.6861,0.0753,0.3223,0.6024,2.523,False,-58.0,False,-42.0,False,17.0,False,26.0,False,41.0,False
2026-05-25T13,H,2026-05-25 09:35:00,0.6412,0.0534,0.0695,0.0967,0.1169,0.1169,0.5269,0.4378,0.0353,3.3653,False,-91.0,False,-84.0,False,45.0,False,53.0,False,53.0,False
2026-05-25T14,L,2026-05-25 14:00:00,0.0,,,,0.429,0.429,0.62,0.2308,0.1492,0.8938,True,13.0,False,17.0,False,17.0,False,19.0,False,19.0,False
2026-05-25T18,H,2026-05-25 15:15:00,0.1981,0.4236,0.653,0.515,0.7854,0.7854,0.2192,0.7645,0.0163,3.0652,True,2.0,True,3.0,True,11.0,True,33.0,False,45.0,False
2026-05-26T11,L,2026-05-26 03:30:00,0.4099,0.1507,0.2287,0.2495,0.3234,0.3234,0.1062,0.8858,0.008,1.2585,False,25.0,False,38.0,False,84.0,False,84.0,False,90.0,False
2026-05-26T15,H,2026-05-26 14:30:00,0.7389,0.0337,0.5716,0.6575,0.7727,0.7727,0.5474,0.4523,0.0003,4.9736,True,-28.0,False,-28.0,False,-12.0,False,13.0,False,18.0,False
2026-05-27T07,L,2026-05-27 04:35:00,0.3489,0.0535,0.1549,0.2685,0.3281,0.3281,0.7139,0.2409,0.0452,7.1027,False,17.0,False,29.0,False,41.0,False,41.0,False,41.0,False
2026-05-27T13,H,2026-05-27 12:25:00,0.5432,0.3854,0.2529,0.3565,0.6606,0.6606,0.0605,0.8583,0.0811,8.1506,True,-2.0,False,10.0,True,13.0,False,13.0,False,15.0,False
2026-05-28T11,L,2026-05-28 04:05:00,0.9091,0.1754,0.1578,0.2087,0.276,0.2972,0.2855,0.7145,0.0,8.1671,False,-152.0,False,-108.0,False,-97.0,False,-96.0,False,-85.0,False
2026-05-29T14,H,2026-05-28 22:05:00,0.598,0.125,0.1713,0.2393,0.2609,0.2981,0.2749,0.6348,0.0903,0.5745,False,-91.0,False,180.0,False,182.0,False,191.0,False,193.0,False
2026-05-29T15,L,2026-05-29 15:00:00,0.0,,,0.6996,0.9384,0.9384,0.1337,0.719,0.1474,2.3704,True,6.0,True,6.0,True,7.0,True,7.0,True,9.0,True
2026-05-31T07,H,2026-05-29 17:25:00,0.4656,0.084,0.0772,0.4212,0.4843,0.4843,0.5076,0.4042,0.0882,0.573,True,13.0,False,17.0,False,18.0,False,40.0,False,79.0,False
2026-05-31T22,L,2026-05-31 16:40:00,0.463,0.2209,0.2449,0.2175,0.5178,0.5178,0.5481,0.3121,0.1398,3.3145,True,12.0,True,51.0,False,62.0,False,64.0,False,76.0,False
2026-05-31T23,H,2026-05-31 23:05:00,0.1792,0.1928,0.5101,0.8586,,0.9538,0.4791,0.5209,0.0,3.4066,True,2.0,True,4.0,True,4.0,True,6.0,True,11.0,True
2026-06-01T00,L,2026-06-01 00:00:00,0.0,,,0.5013,0.8724,0.8828,0.6337,0.3658,0.0005,2.0778,True,5.0,True,5.0,True,10.0,True,10.0,True,14.0,False
2026-06-01T01,H,2026-06-01 01:00:00,0.0,,,0.5339,0.6505,0.6846,0.1568,0.4865,0.3567,2.3656,True,6.0,True,7.0,True,14.0,False,16.0,False,17.0,False
2026-06-03T02,L,2026-06-02 23:30:00,0.9464,0.5556,0.7839,0.8373,0.8738,0.8835,0.0073,0.8691,0.1236,2.389,False,-537.0,False,-536.0,False,-533.0,False,-522.0,False,-320.0,False
2026-06-03T03,H,2026-06-03 03:00:00,0.0,,,,0.4377,0.4377,0.6488,0.1023,0.2489,0.6747,True,14.0,False,14.0,False,15.0,False,17.0,False,20.0,False
2026-06-03T04,L,2026-06-03 04:00:00,0.0,,0.3912,0.4748,0.525,0.5915,0.4852,0.5146,0.0002,2.9423,True,7.0,True,13.0,False,13.0,False,13.0,False,13.0,False
2026-06-03T19,H,2026-06-03 06:40:00,0.2803,0.0224,0.1596,0.1594,0.1083,0.1876,0.2644,0.2296,0.5059,1.0491,False,112.0,False,117.0,False,117.0,False,159.0,False,160.0,False
2026-06-04T06,L,2026-06-04 02:05:00,0.7084,0.0394,0.2438,0.5629,0.6847,0.6847,0.8269,0.1055,0.0676,6.0622,False,-70.0,False,-67.0,False,-49.0,False,18.0,False,55.0,False
2026-06-04T10,H,2026-06-04 07:00:00,0.0,,,,0.6208,0.6208,0.3448,0.3947,0.2605,2.1262,True,11.0,True,12.0,True,23.0,False,50.0,False,56.0,False
2026-06-04T12,L,2026-06-04 11:45:00,0.166,0.0319,0.1396,0.1381,0.4801,0.501,0.6438,0.2996,0.0567,0.6569,True,11.0,True,13.0,False,15.0,False,15.0,False,15.0,False
2026-06-05T05,H,2026-06-04 14:15:00,0.3342,0.085,0.1566,0.1997,0.0864,0.2652,0.2578,0.6048,0.1374,0.6262,False,42.0,False,146.0,False,147.0,False,153.0,False,189.0,False
2026-06-05T09,L,2026-06-05 06:25:00,0.5187,0.1546,0.2737,0.3712,0.288,0.4346,0.434,0.4005,0.1655,4.2342,False,-3.0,False,16.0,False,19.0,False,19.0,False,43.0,False
2026-06-05T11,H,2026-06-05 10:00:00,0.0,,,,0.4438,0.4438,0.3897,0.5584,0.052,3.0557,True,14.0,False,20.0,False,29.0,False,32.0,False,32.0,False
2026-06-05T21,L,2026-06-05 19:20:00,0.5859,0.0468,0.1704,0.3341,0.6052,0.6052,0.5045,0.4019,0.0936,0.9561,True,-30.0,False,12.0,True,18.0,False,20.0,False,32.0,False
2026-06-07T15,H,2026-06-07 08:50:00,0.875,0.108,0.089,0.1031,0.2544,0.2544,0.5028,0.497,0.0002,6.4312,False,-399.0,False,-343.0,False,-343.0,False,-339.0,False,,False
2026-06-07T23,L,2026-06-07 19:50:00,0.7932,0.0495,0.0771,0.1135,0.1971,0.1971,0.6399,0.1625,0.1976,2.4632,False,-46.0,False,-43.0,False,-42.0,False,29.0,False,50.0,False
2026-06-08T17,H,2026-06-08 15:25:00,0.8058,0.1067,0.4122,0.397,0.2825,0.5218,0.2268,0.3134,0.4597,1.7693,False,-168.0,False,-133.0,False,-128.0,False,-53.0,False,31.0,False
2026-06-10T01,L,2026-06-09 16:45:00,0.8655,0.2306,0.313,0.4663,0.5522,0.5782,0.7727,0.2,0.0273,4.7705,False,-146.0,False,-145.0,False,-143.0,False,-116.0,False,,False
2026-06-10T02,H,2026-06-10 02:00:00,0.0,,,,0.4888,0.4888,0.523,0.0027,0.4743,2.1697,True,13.0,False,14.0,False,15.0,False,16.0,False,23.0,False
2026-06-10T07,L,2026-06-10 05:20:00,0.3596,0.0652,0.3089,0.2409,0.5725,0.5725,0.5944,0.3401,0.0655,1.2258,True,12.0,True,19.0,False,21.0,False,24.0,False,32.0,False
2026-06-10T22,H,2026-06-10 15:55:00,0.9676,0.0566,0.2213,0.4105,0.4864,0.5588,0.8019,0.079,0.1191,4.3219,False,-90.0,False,-88.0,False,-86.0,False,-83.0,False,-47.0,False
2026-06-11T00,L,2026-06-10 23:00:00,0.0,,,,0.4002,0.4002,0.766,0.1507,0.0833,1.283,True,13.0,False,21.0,False,23.0,False,23.0,False,31.0,False
2026-06-11T16,H,2026-06-11 11:35:00,0.5581,0.11,0.1867,0.3066,0.5798,0.6325,0.3368,0.6566,0.0066,1.3812,True,-66.0,False,11.0,True,42.0,False,53.0,False,54.0,False
2026-06-11T17,L,2026-06-11 17:30:00,0.1343,0.4253,0.7023,0.9788,,0.9788,0.8993,0.096,0.0048,5.8908,True,1.0,True,1.0,True,3.0,True,6.0,True,6.0,True
2026-06-12T03,H,2026-06-11 19:35:00,0.3114,0.1249,0.165,0.1955,0.4551,0.4551,0.4046,0.5838,0.0116,2.3987,True,13.0,False,14.0,False,77.0,False,77.0,False,101.0,False
2026-06-12T17,L,2026-06-12 06:40:00,0.3725,0.1258,0.1337,0.205,0.2236,0.2236,0.1358,0.7498,0.1144,3.4241,False,20.0,False,22.0,False,31.0,False,34.0,False,103.0,False
2026-06-12T18,H,2026-06-12 18:00:00,0.0,,,,0.7301,0.7301,0.0571,0.8474,0.0955,2.1421,True,10.0,True,11.0,True,12.0,True,22.0,False,22.0,False
2026-06-13T10,L,2026-06-12 20:55:00,0.4354,0.03,0.099,0.1007,0.0642,0.1268,0.2963,0.2749,0.4288,1.6109,False,133.0,False,146.0,False,169.0,False,169.0,False,169.0,False
2026-06-14T04,H,2026-06-13 21:45:00,0.6197,0.3864,0.5141,0.6199,0.6942,0.6942,0.5159,0.4512,0.0329,18.1118,True,-129.0,False,-45.0,False,14.0,False,25.0,False,33.0,False
2026-06-14T21,L,2026-06-14 18:00:00,0.7313,0.1012,0.1062,0.0924,0.2649,0.2649,0.177,0.6823,0.1407,4.3875,False,-99.0,False,-99.0,False,-91.0,False,40.0,False,40.0,False
2026-06-15T20,H,2026-06-15 16:00:00,0.7401,0.0219,0.0448,0.0758,0.1004,0.1208,0.2546,0.1402,0.6052,1.8191,False,-214.0,False,-214.0,False,-77.0,False,48.0,False,60.0,False
2026-06-17T05,L,2026-06-16 14:35:00,0.7565,0.1035,0.1281,0.1234,0.276,0.276,0.0381,0.7407,0.2211,5.3836,False,-97.0,False,-89.0,False,-68.0,False,170.0,False,185.0,False
2026-06-17T06,H,2026-06-17 06:00:00,0.0,,,,0.3187,0.3866,0.8946,0.1054,0.0,1.4392,True,16.0,False,16.0,False,16.0,False,,False,,False
2026-06-17T15,L,2026-06-17 11:20:00,0.387,0.0374,0.0732,0.1048,0.1341,0.1442,0.399,0.601,0.0,1.151,False,29.0,False,51.0,False,54.0,False,56.0,False,56.0,False
2026-06-17T19,H,2026-06-17 16:30:00,0.1411,0.1348,0.3245,0.316,0.3885,0.3885,0.5688,0.4222,0.0091,4.5644,True,19.0,False,19.0,False,19.0,False,34.0,False,36.0,False
2026-06-18T08,L,2026-06-18 05:10:00,0.8261,0.1441,0.349,0.3661,0.3984,0.5248,0.1506,0.8017,0.0477,1.5515,False,-70.0,False,-63.0,False,-59.0,False,-32.0,False,34.0,False
2026-06-18T15,H,2026-06-18 09:00:00,0.0,,,,0.2601,0.2601,0.8842,0.0806,0.0352,3.8772,True,24.0,False,24.0,False,27.0,False,44.0,False,85.0,False
2026-06-19T00,L,2026-06-18 17:30:00,0.3105,0.1636,0.2005,0.1871,0.3962,0.3962,0.5401,0.2818,0.1781,1.234,True,29.0,False,54.0,False,78.0,False,78.0,False,90.0,False
2026-06-20T13,H,2026-06-20 05:15:00,0.8642,0.2068,0.4376,0.4281,0.4668,0.4668,0.4092,0.5908,0.0,10.9957,False,-295.0,False,-291.0,False,-240.0,False,-233.0,False,105.0,False
2026-06-20T14,L,2026-06-20 14:15:00,0.0714,0.0288,0.1559,0.3087,,0.9393,0.2516,0.3095,0.4389,2.0721,True,7.0,True,7.0,True,7.0,True,9.0,True,9.0,True
2026-06-21T07,H,2026-06-21 04:40:00,0.8915,0.2351,0.6629,0.8706,0.8544,0.899,0.0281,0.5724,0.3995,2.3591,True,-145.0,False,-137.0,False,-128.0,False,-119.0,False,13.0,False
2026-06-22T02,L,2026-06-21 23:50:00,0.6347,0.1335,0.197,0.3639,0.6323,0.6966,0.1504,0.5985,0.2511,,True,-160.0,False,-153.0,False,18.0,False,19.0,False,20.0,False
2026-06-22T03,H,2026-06-22 03:00:00,0.0,,,,0.724,0.724,0.1276,0.4281,0.4443,2.0208,True,11.0,True,11.0,True,12.0,True,14.0,False,23.0,False
2026-06-22T05,L,2026-06-22 04:05:00,0.1887,0.3675,0.1139,0.2903,0.5508,0.5508,0.2948,0.6501,0.0552,1.1057,True,11.0,True,13.0,False,14.0,False,19.0,False,23.0,False
2026-06-22T19,H,2026-06-22 14:05:00,0.6514,0.1112,0.282,0.3752,0.4394,0.5113,0.6792,0.2061,0.1147,,False,-88.0,False,-85.0,False,25.0,False,59.0,False,59.0,False
2026-06-23T20,L,2026-06-23 08:30:00,0.5171,0.0955,0.3203,0.3111,0.4706,0.4706,0.4829,0.2799,0.2373,,False,-149.0,False,35.0,False,66.0,False,92.0,False,142.0,False
2026-06-24T13,H,2026-06-24 11:50:00,0.7624,0.1665,0.3024,0.4544,0.5626,0.5626,0.6586,0.3007,0.0407,,False,-18.0,False,-11.0,False,-11.0,False,17.0,False,19.0,False
2026-06-24T23,L,2026-06-24 17:50:00,0.2511,0.1623,0.1987,0.384,0.2903,0.4198,0.1527,0.6058,0.2415,,True,20.0,False,26.0,False,27.0,False,27.0,False,30.0,False
2026-06-25T13,H,2026-06-25 07:45:00,0.3074,0.1018,0.1226,0.2623,0.3502,0.3737,0.0164,0.8523,0.1313,,True,31.0,False,33.0,False,36.0,False,39.0,False,71.0,False
2026-06-25T23,L,2026-06-25 14:00:00,0.0,0.0572,0.3187,0.3425,0.5411,0.7139,0.5842,0.2491,0.1667,,True,7.0,True,7.0,True,11.0,True,91.0,False,112.0,False
2026-06-26T02,H,2026-06-26 00:00:00,0.0,,,0.2791,0.331,0.3665,0.2545,0.6432,0.1023,,True,16.0,False,23.0,False,32.0,False,32.0,False,41.0,False
2026-06-26T03,L,2026-06-26 03:05:00,0.1198,0.2031,0.3777,0.506,,0.9933,0.2994,0.6788,0.0218,,True,6.0,True,8.0,True,9.0,True,11.0,True,11.0,True
2026-06-27T19,H,2026-06-27 15:40:00,0.9628,0.2349,0.3572,0.2843,0.352,0.4796,0.1882,0.5908,0.2209,,False,-367.0,False,-358.0,False,-356.0,False,-344.0,False,-323.0,False
2026-06-28T11,L,2026-06-28 05:30:00,0.6592,0.104,0.1691,0.2349,0.1556,0.2349,0.4489,0.4918,0.0593,9.1702,False,-101.0,False,-99.0,False,78.0,False,,False,,False
2026-06-28T13,H,2026-06-28 12:35:00,0.6533,0.3089,0.5318,0.7285,0.6735,0.7591,0.019,0.8123,0.1687,2.4401,True,-3.0,False,-3.0,False,6.0,True,17.0,False,17.0,False
2026-06-29T03,L,2026-06-29 02:15:00,0.7811,0.2262,0.7285,0.8095,0.95,0.9571,0.5564,0.3645,0.0791,,True,-145.0,False,-144.0,False,-143.0,False,6.0,True,9.0,True
2026-06-29T14,H,2026-06-29 12:15:00,0.5461,0.1433,0.3208,0.6798,0.5906,0.6938,0.4891,0.3038,0.2071,,True,-84.0,False,5.0,True,15.0,False,18.0,False,19.0,False
2026-06-29T16,L,2026-06-29 15:00:00,0.0,,,,0.2908,0.3447,0.2413,0.3435,0.4151,1.7736,True,15.0,False,17.0,False,20.0,False,28.0,False,32.0,False
2026-06-30T01,H,2026-06-29 17:35:00,0.2023,0.1845,0.1404,0.1748,0.3062,0.3062,0.2365,0.6988,0.0646,1.0657,True,82.0,False,85.0,False,89.0,False,101.0,False,101.0,False
2026-06-30T22,L,2026-06-30 15:10:00,0.7132,0.1201,0.1669,0.1226,0.2779,0.2779,0.1129,0.6034,0.2837,,False,-13.0,False,-13.0,False,-8.0,False,83.0,False,,False
2026-07-01T12,H,2026-07-01 04:50:00,0.5389,0.0569,0.1016,0.0843,0.2012,0.2012,0.281,0.608,0.111,,False,-43.0,False,74.0,False,86.0,False,87.0,False,98.0,False
2026-07-01T13,L,2026-07-01 13:00:00,0.0,,0.4885,0.6351,0.9347,0.9347,0.5,0.35,0.15,,True,5.0,True,5.0,True,7.0,True,10.0,True,12.0,True
2026-07-02T07,H,2026-07-01 22:25:00,0.4868,0.3909,0.7365,0.7605,0.8533,0.8533,0.2833,0.7131,0.0036,,True,1.0,True,1.0,True,2.0,True,10.0,True,15.0,False
2026-07-02T09,L,2026-07-02 08:00:00,0.0,,0.1117,0.2096,0.3124,0.3124,0.4907,0.3711,0.1382,,True,21.0,False,22.0,False,23.0,False,25.0,False,26.0,False
2026-07-02T20,H,2026-07-02 14:20:00,0.3021,0.2824,0.5235,0.5649,0.649,0.655,0.5285,0.3244,0.1471,,True,3.0,True,5.0,True,26.0,False,66.0,False,68.0,False
2026-07-03T13,L,2026-07-03 00:40:00,0.2256,0.0947,0.1076,0.2187,0.3662,0.3662,0.6221,0.1186,0.2593,,True,65.0,False,85.0,False,127.0,False,137.0,False,160.0,False
2026-07-03T15,H,2026-07-03 15:10:00,0.9056,0.1482,0.6647,0.7716,,0.9676,0.6627,0.3373,0.0,,True,-13.0,False,-13.0,False,-11.0,False,-11.0,False,-11.0,False
2026-07-03T17,L,2026-07-03 16:00:00,0.0,,0.1838,0.184,0.3871,0.4266,0.7953,0.1865,0.0182,,True,15.0,False,17.0,False,24.0,False,27.0,False,27.0,False
2026-07-03T19,H,2026-07-03 19:40:00,0.4991,0.1039,0.204,,,0.6928,0.3883,0.4202,0.1915,,True,4.0,True,4.0,True,,False,,False,,False
2026-07-03T20,L,2026-07-03 20:00:00,0.0,,,,0.6829,0.6829,0.2492,0.7508,0.0,,True,12.0,True,12.0,True,13.0,False,16.0,False,22.0,False
2026-07-04T02,H,2026-07-03 21:15:00,0.1888,0.14,0.2508,0.2688,0.2544,0.2983,0.1505,0.819,0.0304,,True,69.0,False,69.0,False,69.0,False,69.0,False,69.0,False
2026-07-04T17,L,2026-07-04 06:30:00,0.6479,0.1501,0.1965,0.241,0.3152,0.3709,0.7046,0.1404,0.155,,False,-35.0,False,-33.0,False,104.0,False,104.0,False,126.0,False
2026-07-05T00,H,2026-07-04 18:00:00,0.0,,0.3559,0.3643,0.5211,0.5939,0.5103,0.4893,0.0004,,True,8.0,True,64.0,False,64.0,False,85.0,False,85.0,False
2026-07-05T21,L,2026-07-05 09:45:00,0.5129,0.1326,0.2338,0.2999,0.3842,0.3884,0.1588,0.5222,0.319,,False,-21.0,False,63.0,False,141.0,False,144.0,False,147.0,False
2026-07-06T06,H,2026-07-05 23:20:00,0.5076,0.0855,0.3383,0.3452,0.5135,0.5135,0.3286,0.3693,0.3021,,True,-7.0,False,14.0,False,49.0,False,50.0,False,74.0,False
2026-07-06T16,L,2026-07-06 13:40:00,0.4261,0.1895,0.5093,0.4796,0.6622,0.6622,0.2685,0.6943,0.0372,,True,3.0,True,10.0,True,16.0,False,18.0,False,25.0,False
2026-07-07T03,H,2026-07-06 21:15:00,0.4038,0.357,0.4035,0.4214,0.3867,0.4286,0.2916,0.696,0.0125,4.5517,True,15.0,False,21.0,False,26.0,False,53.0,False,69.0,False
2026-07-07T15,L,2026-07-07 14:40:00,0.8782,0.337,0.7886,0.8625,0.9031,0.9031,0.5451,0.4162,0.0387,4.9588,True,-97.0,False,-93.0,False,-55.0,False,-30.0,False,10.0,True
2026-07-07T21,H,2026-07-07 16:55:00,0.1905,0.1841,0.2157,0.2523,0.1441,0.3064,0.4203,0.5411,0.0386,2.1287,True,24.0,False,25.0,False,28.0,False,54.0,False,61.0,False
2026-07-08T19,L,2026-07-08 15:30:00,0.8233,0.3025,0.3505,0.5727,0.8159,0.8159,0.312,0.286,0.402,1.5148,False,-206.0,False,-203.0,False,-202.0,False,-194.0,False,18.0,False
2026-07-10T14,H,2026-07-10 13:55:00,0.8225,0.2712,0.8051,0.8633,0.8611,0.8633,0.2066,0.6017,0.1917,3.8621,True,-421.0,False,-421.0,False,-302.0,False,-7.0,False,13.0,False
2026-07-12T14,L,2026-07-12 06:30:00,0.8133,0.0809,0.2092,0.1859,0.4546,0.4808,0.6245,0.254,0.1214,4.6802,False,-258.0,False,-195.0,False,-192.0,False,-185.0,False,102.0,False
2026-07-12T22,H,2026-07-12 15:00:00,0.0,,0.3073,0.2465,0.3506,0.3506,0.1745,0.6294,0.1962,4.0099,True,16.0,False,36.0,False,83.0,False,85.0,False,86.0,False
2026-07-13T23,L,2026-07-13 18:25:00,0.8574,0.1619,0.1646,0.2386,0.2847,0.3026,0.6918,0.2973,0.0109,1.8365,False,-219.0,False,-218.0,False,-218.0,False,-218.0,False,67.0,False
2026-07-15T03,H,2026-07-14 22:25:00,0.5391,0.0826,0.1494,0.1714,0.2263,0.2576,0.6584,0.2675,0.0741,6.9979,False,-117.0,False,43.0,False,47.0,False,55.0,False,,False
2026-07-15T15,L,2026-07-15 07:30:00,0.8968,0.04,0.0686,0.0485,0.118,0.118,0.6682,0.3244,0.0074,6.2698,False,-39.0,False,-18.0,False,-18.0,False,-15.0,False,,False
2026-07-15T16,H,2026-07-15 16:00:00,0.0,,0.6338,0.7902,0.8665,0.8996,0.3725,0.4596,0.1679,2.0581,True,3.0,True,3.0,True,4.0,True,4.0,True,13.0,False
2026-07-16T16,L,2026-07-16 12:45:00,0.8238,0.102,0.2093,0.3741,0.6318,0.7518,0.591,0.2861,0.1228,3.1044,False,-90.0,False,-90.0,False,-87.0,False,-21.0,False,39.0,False
2026-07-16T17,H,2026-07-16 17:00:00,0.0,,,,0.4555,0.4555,0.8837,0.0957,0.0205,0.7125,True,13.0,False,14.0,False,14.0,False,22.0,False,23.0,False
2026-07-17T13,L,2026-07-17 13:50:00,0.8628,0.4729,,,,0.9925,0.758,0.132,0.1101,3.935,True,-154.0,False,-152.0,False,-50.0,False,-37.0,False,2.0,True
2026-07-19T05,H,2026-07-19 02:10:00,0.928,0.6025,0.6822,0.507,0.9108,0.9108,0.2326,0.7674,0.0,2.1852,False,-325.0,False,-290.0,False,-252.0,False,-218.0,False,-200.0,False
2026-07-20T02,L,2026-07-19 18:10:00,0.597,0.2594,0.3235,0.2591,0.331,0.331,0.1621,0.8078,0.0301,9.701,False,-11.0,False,50.0,False,72.0,False,73.0,False,,False
2026-07-20T05,H,2026-07-20 03:00:00,0.0,,0.2352,0.4098,0.247,0.5829,0.6129,0.3871,0.0,2.4716,True,7.0,True,25.0,False,26.0,False,26.0,False,28.0,False
2026-07-20T11,L,2026-07-20 06:40:00,0.2309,0.1893,0.1978,0.2362,0.4401,0.4648,0.1834,0.7423,0.0743,5.0403,True,13.0,False,16.0,False,52.0,False,59.0,False,64.0,False
2026-07-21T17,H,2026-07-21 14:10:00,0.8601,0.2034,0.3256,0.2694,0.2787,0.3833,0.1641,0.613,0.2229,4.5155,False,-306.0,False,-305.0,False,-290.0,False,-290.0,False,46.0,False
2026-07-22T23,L,2026-07-22 13:00:00,0.6979,0.1029,0.1144,0.0869,0.4862,0.4862,0.5377,0.4623,0.0,6.185,False,-206.0,False,-153.0,False,48.0,False,108.0,False,132.0,False
2026-07-23T01,H,2026-07-23 00:30:00,0.0878,0.1186,0.2787,0.4574,0.608,0.608,0.5027,0.472,0.0253,1.519,True,10.0,True,12.0,True,13.0,False,18.0,False,18.0,False
2026-07-23T21,L,2026-07-23 18:00:00,0.7375,0.0956,0.1629,0.2326,0.2927,0.2927,0.6207,0.317,0.0624,4.1584,False,-111.0,False,-107.0,False,-93.0,False,48.0,False,48.0,False
2026-07-24T12,H,2026-07-24 07:20:00,0.4916,0.2006,0.4256,0.5221,0.5816,0.6041,0.4032,0.3453,0.2515,4.1048,True,4.0,True,5.0,True,20.0,False,23.0,False,25.0,False
2026-07-25T02,L,2026-07-24 14:25:00,0.191,0.0514,0.0605,0.1239,0.2041,0.2173,0.485,0.515,0.0,2.0822,True,66.0,False,100.0,False,103.0,False,115.0,False,,False
2026-07-27T08,H,2026-07-27 06:10:00,0.9179,0.6069,0.6481,0.6607,0.7863,0.7863,0.0575,0.7808,0.1617,15.7532,False,-552.0,False,-544.0,False,-543.0,False,-288.0,False,-265.0,False
2026-07-28T12,L,2026-07-28 01:10:00,0.6357,0.0968,0.1019,0.1238,0.1214,0.1754,0.5986,0.4011,0.0003,10.2046,False,-186.0,False,-91.0,False,130.0,False,130.0,False,139.0,False
2026-07-29T15,H,2026-07-29 10:00:00,0.7338,0.1535,0.271,0.3381,0.6749,0.6749,0.3638,0.5938,0.0423,2.1277,False,-243.0,False,-240.0,False,-236.0,False,28.0,False,60.0,False
2026-07-30T03,L,2026-07-29 21:10:00,0.7439,0.1084,0.1802,0.2444,0.4329,0.4329,0.0852,0.6142,0.3006,1.2481,False,-34.0,False,-27.0,False,-26.0,False,70.0,False,71.0,False
2026-07-30T06,H,2026-07-30 04:00:00,0.0,,,,0.355,0.355,0.2442,0.6785,0.0773,3.191,True,20.0,False,21.0,False,44.0,False,,False,,False
2026-07-30T08,L,2026-07-30 07:40:00,0.4612,0.2138,0.2236,0.2258,0.6766,0.7081,0.4532,0.5468,0.0,1.0258,True,9.0,True,9.0,True,10.0,True,16.0,False,16.0,False
2026-07-30T23,H,2026-07-30 13:50:00,0.4811,0.0994,0.38,0.6633,0.5829,0.6633,0.557,0.3339,0.1091,5.4209,True,5.0,True,5.0,True,14.0,False,96.0,False,122.0,False
2026-08-01T01,L,2026-07-31 14:15:00,0.6197,0.1088,0.0951,0.1497,0.1287,0.2394,0.0839,0.4836,0.4325,15.1289,False,-157.0,False,-38.0,False,44.0,False,70.0,False,106.0,False
2026-08-01T18,H,2026-08-01 09:00:00,0.2746,0.0938,0.1154,0.1,0.217,0.217,0.3534,0.6466,0.0,1.8971,False,88.0,False,102.0,False,103.0,False,112.0,False,,False
2026-08-01T22,L,2026-08-01 19:00:00,0.0,,,0.7749,0.6994,0.7749,0.5492,0.4505,0.0003,3.5604,True,5.0,True,5.0,True,5.0,True,23.0,False,33.0,False
2026-08-02T12,H,2026-08-02 05:05:00,0.467,0.1468,0.2072,0.2111,0.2246,0.2718,0.5117,0.4298,0.0585,1.0725,False,44.0,False,47.0,False,48.0,False,80.0,False,83.0,False
2026-08-02T18,L,2026-08-02 13:40:00,0.4277,0.0564,0.4493,0.1981,0.5354,0.5354,0.8427,0.1561,0.0012,1.9829,True,2.0,True,40.0,False,45.0,False,45.0,False,53.0,False
2026-08-03T01,H,2026-08-02 22:15:00,0.6658,0.1958,0.3918,0.514,0.7844,0.7844,0.1543,0.8271,0.0186,1.8356,True,-39.0,False,-38.0,False,10.0,True,27.0,False,45.0,False
2026-08-03T13,L,2026-08-03 08:35:00,0.3873,0.0607,0.336,0.4971,0.7054,0.7054,0.2344,0.2454,0.5201,1.7677,True,8.0,True,9.0,True,12.0,True,34.0,False,57.0,False
2026-08-04T07,H,2026-08-04 04:50:00,0.9422,0.1808,0.4645,0.7271,0.8141,0.8141,0.483,0.4673,0.0496,6.123,False,-81.0,False,-68.0,False,-66.0,False,-46.0,False,-46.0,False
2026-08-04T14,L,2026-08-04 10:20:00,0.2251,0.1147,0.0814,0.4019,0.3424,0.4056,0.0044,0.9956,0.0,1.8666,True,20.0,False,26.0,False,56.0,False,56.0,False,,False
2026-08-05T00,H,2026-08-04 23:20:00,0.839,0.08,0.672,0.6805,0.856,0.856,0.5386,0.2865,0.1749,3.3312,True,-98.0,False,-96.0,False,-94.0,False,-93.0,False,20.0,False
2026-08-05T02,L,2026-08-05 01:05:00,0.0664,0.0676,0.0967,0.236,0.7223,0.7223,0.1795,0.6812,0.1393,0.9705,True,11.0,True,11.0,True,12.0,True,18.0,False,23.0,False
2026-08-05T03,H,2026-08-05 03:00:00,0.0,,,,0.1651,0.1651,0.1554,0.4235,0.4211,2.6245,True,18.0,False,21.0,False,21.0,False,21.0,False,21.0,False
2026-08-05T14,L,2026-08-05 13:40:00,0.6467,0.4684,0.4021,0.6597,0.5403,0.7856,0.7791,0.1118,0.1091,8.8256,True,-99.0,False,-14.0,False,8.0,True,16.0,False,16.0,False
2026-08-06T00,H,2026-08-05 20:25:00,0.6368,0.1049,0.1572,0.2745,0.4981,0.4981,0.6464,0.2615,0.0921,4.5756,False,-54.0,False,-53.0,False,31.0,False,43.0,False,55.0,False
2026-08-06T08,L,2026-08-06 02:25:00,0.5476,0.1066,0.092,0.1246,0.0966,0.1506,0.2751,0.6718,0.0531,5.2879,False,-7.0,False,33.0,False,33.0,False,55.0,False,79.0,False
2026-08-06T09,H,2026-08-06 09:00:00,0.0,,0.5018,0.6778,0.8179,0.8462,0.6086,0.3904,0.001,2.844,True,2.0,True,4.0,True,7.0,True,8.0,True,13.0,False
2026-08-07T08,L,2026-08-07 04:55:00,0.9078,0.081,0.1324,0.0506,0.2459,0.2459,0.3116,0.6884,0.0,1.7122,False,-179.0,False,-172.0,False,-170.0,False,-170.0,False,-165.0,False
2026-08-07T23,H,2026-08-07 13:00:00,0.4057,0.1365,0.2084,0.2702,0.4523,0.4523,0.3787,0.3472,0.2741,2.0226,True,13.0,False,13.0,False,48.0,False,53.0,False,120.0,False
2026-08-08T17,L,2026-08-08 00:20:00,0.1366,0.0585,0.1915,0.2006,0.2634,0.3022,0.7599,0.2389,0.0012,4.1424,True,39.0,False,44.0,False,58.0,False,167.0,False,170.0,False
2026-08-08T18,H,2026-08-08 18:00:00,0.0,,,0.6026,0.8946,0.8946,0.1678,0.7466,0.0856,1.7387,True,6.0,True,6.0,True,7.0,True,8.0,True,15.0,False
2026-08-09T11,L,2026-08-09 03:20:00,0.3645,0.0879,0.147,0.1723,0.2349,0.2755,0.3713,0.6287,0.0,4.2604,False,39.0,False,57.0,False,57.0,False,104.0,False,104.0,False
2026-08-09T23,H,2026-08-09 22:15:00,0.6525,0.4201,0.8541,0.9663,0.975,0.975,0.4217,0.5123,0.066,23.5148,True,-122.0,False,-114.0,False,1.0,True,2.0,True,4.0,True
2026-08-10T06,L,2026-08-10 00:45:00,0.5783,0.076,0.2993,0.3465,0.4203,0.4465,0.3827,0.2123,0.4049,2.171,False,-6.0,False,13.0,False,13.0,False,75.0,False,75.0,False
2026-08-10T09,H,2026-08-10 07:40:00,0.1508,0.098,0.3064,0.1959,0.2761,0.3064,0.3791,0.5641,0.0568,2.2429,True,24.0,False,26.0,False,28.0,False,28.0,False,28.0,False
2026-08-11T03,L,2026-08-10 17:00:00,0.4038,0.0866,0.1266,0.0937,0.1253,0.1315,0.6969,0.2671,0.0361,1.476,False,42.0,False,45.0,False,121.0,False,123.0,False,132.0,False
2026-08-11T15,H,2026-08-11 12:15:00,0.5525,0.1053,0.4123,0.3618,0.383,0.4123,0.0,0.5864,0.4136,4.2552,False,-69.0,False,16.0,False,20.0,False,32.0,False,40.0,False
2026-08-12T00,L,2026-08-11 19:15:00,0.4796,0.0931,0.3099,0.4839,0.7687,0.7687,0.2269,0.4274,0.3456,1.5384,True,8.0,True,10.0,True,10.0,True,21.0,False,45.0,False
2026-08-12T15,H,2026-08-12 12:35:00,0.5234,0.4877,0.7844,0.7153,0.7793,0.822,0.3751,0.1983,0.4267,18.984,True,-68.0,False,1.0,True,1.0,True,8.0,True,18.0,False
2026-08-13T02,L,2026-08-12 19:30:00,0.3334,0.2397,0.1545,0.3369,0.4706,0.4706,0.1965,0.7164,0.0871,3.7842,True,14.0,False,18.0,False,58.0,False,69.0,False,90.0,False
2026-08-13T15,H,2026-08-13 05:20:00,0.311,0.155,0.1635,0.216,0.3571,0.3571,0.2738,0.7255,0.0008,4.9567,True,17.0,False,43.0,False,46.0,False,61.0,False,73.0,False
2026-08-13T23,L,2026-08-13 16:45:00,0.2093,0.1195,0.2055,0.2057,0.3515,0.3515,0.3558,0.6205,0.0236,5.135,True,29.0,False,39.0,False,45.0,False,63.0,False,75.0,False
2026-08-14T04,H,2026-08-14 02:10:00,0.4564,0.0549,0.2946,0.2489,0.4745,0.5224,0.7452,0.1123,0.1425,1.4615,True,11.0,True,22.0,False,22.0,False,22.0,False,,False
2026-08-14T16,L,2026-08-14 15:00:00,0.5681,0.1054,0.2638,0.5046,0.7723,0.7723,0.3707,0.6285,0.0008,3.0839,True,-37.0,False,8.0,True,12.0,True,17.0,False,24.0,False
2026-08-16T05,H,2026-08-14 17:25:00,0.1966,0.0522,0.227,0.2965,0.371,0.418,0.5448,0.3799,0.0753,1.4388,True,17.0,False,20.0,False,23.0,False,387.0,False,439.0,False
2026-08-16T15,L,2026-08-16 09:50:00,0.1915,0.2289,0.1122,0.1654,0.2413,0.2798,0.3491,0.5462,0.1047,6.4324,True,62.0,False,62.0,False,62.0,False,70.0,False,74.0,False
2026-08-16T21,H,2026-08-16 16:35:00,0.2226,0.0871,0.4202,0.3512,0.8464,0.8464,0.6383,0.3617,0.0,3.3754,True,4.0,True,9.0,True,9.0,True,12.0,True,45.0,False
2026-08-17T02,L,2026-08-16 22:45:00,0.5942,0.2507,0.5313,0.2768,0.5371,0.6323,0.6275,0.3326,0.0399,1.1397,True,-9.0,False,5.0,True,28.0,False,28.0,False,34.0,False
2026-08-18T02,H,2026-08-17 18:25:00,0.7785,0.2805,0.449,0.4549,0.5787,0.6073,0.4721,0.5279,0.0,8.9408,False,-123.0,False,-116.0,False,-101.0,False,45.0,False,89.0,False
2026-08-18T15,L,2026-08-18 03:35:00,0.1193,0.0347,0.1031,0.0794,0.1916,0.1916,0.6513,0.3487,0.0,1.2763,True,130.0,False,130.0,False,130.0,False,131.0,False,149.0,False
2026-08-18T21,H,2026-08-18 16:05:00,0.0841,0.0888,0.1861,0.1981,0.1344,0.2475,0.1617,0.716,0.1223,1.4506,True,59.0,False,59.0,False,59.0,False,59.0,False,71.0,False
2026-08-19T12,L,2026-08-19 06:15:00,0.648,0.0468,0.2102,0.2259,0.5031,0.5031,0.0693,0.6753,0.2554,2.5659,False,-83.0,False,-80.0,False,57.0,False,58.0,False,78.0,False
2026-08-20T06,H,2026-08-19 21:50:00,0.8947,0.2437,0.5233,0.687,0.7766,0.7766,0.2686,0.4197,0.3118,1.7487,False,-98.0,False,-98.0,False,-76.0,False,-76.0,False,98.0,False
2026-08-20T08,L,2026-08-20 07:00:00,0.0,,,,0.2347,0.5858,0.692,0.2389,0.069,1.3068,True,10.0,True,22.0,False,22.0,False,23.0,False,29.0,False
2026-08-20T18,H,2026-08-20 17:55:00,0.7738,0.129,0.5331,0.3435,0.571,0.6167,0.4803,0.4195,0.1002,0.7919,False,-70.0,False,-61.0,False,-51.0,False,13.0,False,13.0,False
2026-08-21T01,L,2026-08-20 19:05:00,0.0354,0.0762,0.2262,0.3023,0.4748,0.4748,0.206,0.5895,0.2045,1.1413,True,16.0,False,21.0,False,52.0,False,53.0,False,64.0,False
2026-08-21T14,H,2026-08-21 09:00:00,0.7999,0.0973,0.3984,0.5136,0.5025,0.5346,0.5684,0.2698,0.1618,5.831,False,-80.0,False,-75.0,False,-74.0,False,26.0,False,55.0,False
2026-08-23T11,L,2026-08-23 05:20:00,0.8845,0.3244,0.5166,0.5702,0.6433,0.6433,0.2931,0.6951,0.0118,10.3062,False,-364.0,False,-275.0,False,-272.0,False,-150.0,False,76.0,False
2026-08-24T03,H,2026-08-23 21:30:00,0.6316,0.0244,0.2765,0.152,0.3932,0.3932,0.6016,0.2112,0.1872,1.7234,False,-81.0,False,-18.0,False,54.0,False,54.0,False,54.0,False
2026-08-24T10,L,2026-08-24 04:55:00,0.3161,0.1833,0.2778,0.2975,0.3369,0.3738,0.327,0.6594,0.0136,5.0056,True,16.0,False,23.0,False,27.0,False,62.0,False,73.0,False
2026-08-25T08,H,2026-08-25 02:45:00,0.9423,0.1627,0.2004,0.1731,0.3352,0.3352,0.2951,0.6984,0.0066,2.4897,False,-189.0,False,-156.0,False,-89.0,False,-80.0,False,-48.0,False
2026-08-26T06,L,2026-08-25 21:10:00,0.3104,0.0348,0.1191,0.1976,0.3135,0.3135,0.5215,0.2833,0.1951,4.9156,True,53.0,False,64.0,False,82.0,False,106.0,False,,False
2026-08-26T08,H,2026-08-26 07:00:00,0.0,,,,0.6311,0.6311,0.606,0.394,0.0,2.2213,True,10.0,True,12.0,True,33.0,False,34.0,False,,False
2026-08-26T20,L,2026-08-26 15:05:00,0.4233,0.0674,0.1713,0.3231,0.5116,0.5116,0.4432,0.2102,0.3466,3.4442,True,12.0,True,27.0,False,29.0,False,53.0,False,59.0,False
2026-08-28T02,H,2026-08-28 01:35:00,0.8918,0.2305,0.5493,0.7157,0.8895,0.905,0.0363,0.8034,0.1603,7.0056,True,-297.0,False,-271.0,False,-246.0,False,-167.0,False,11.0,True
2026-08-29T05,L,2026-08-28 16:30:00,0.5972,0.1974,0.3218,0.3,0.3779,0.4396,0.5132,0.3338,0.153,8.7431,False,-65.0,False,72.0,False,76.0,False,90.0,False,150.0,False
2026-08-30T22,H,2026-08-30 17:00:00,0.6352,0.1155,0.4103,0.7297,0.7375,0.7397,0.6102,0.2937,0.0961,6.0742,True,-303.0,False,-53.0,False,5.0,True,31.0,False,60.0,False
2026-08-31T08,L,2026-08-30 23:50:00,0.1643,0.2641,0.4546,0.4895,0.6093,0.6272,0.1742,0.7475,0.0783,4.0554,True,7.0,True,10.0,True,86.0,False,98.0,False,110.0,False
2026-08-31T13,H,2026-08-31 09:10:00,0.1507,0.0454,0.0425,0.107,0.2527,0.2527,0.8115,0.1622,0.0263,3.9656,True,42.0,False,44.0,False,46.0,False,57.0,False,58.0,False
2026-08-31T14,L,2026-08-31 14:00:00,0.0,,0.2359,0.0863,0.7123,0.7502,0.2602,0.4888,0.251,0.953,True,10.0,True,10.0,True,10.0,True,13.0,False,13.0,False
2026-09-01T01,H,2026-08-31 19:15:00,0.402,0.1673,0.2767,0.3993,0.4339,0.5001,0.2496,0.5297,0.2207,0.9599,True,10.0,True,25.0,False,42.0,False,46.0,False,72.0,False
