ev,eid,grp,pre,lh_bar
0,2020-03-27T2100,,F6,393
1,2020-03-27T2300,,F0,305
2,2020-03-28T1200,,F1,272
3,2020-03-29T1800,9.0,F2,282
4,2020-03-30T0300,22.0,F5,588
5,2020-03-31T0400,10.0,F5,702
6,2020-04-01T2000,4.0,F2,848
7,2020-04-02T2100,10.0,F1,1033
8,2020-04-03T0900,9.0,F2,780
9,2020-04-03T1300,27.0,F7,467
10,2020-04-04T0900,19.0,F5,232
11,2020-04-04T1300,9.0,F3,312
12,2020-04-04T1600,27.0,F0,290
13,2020-04-05T0500,25.0,F5,138
14,2020-04-06T0000,18.0,F6,339
15,2020-04-07T0400,19.0,F5,678
16,2020-04-08T0400,8.0,F2,759
17,2020-04-08T1000,27.0,F0,648
18,2020-04-08T1700,23.0,F0,407
19,2020-04-09T0300,24.0,F0,233
20,2020-04-09T2200,20.0,F5,312
21,2020-04-09T2300,17.0,F0,350
22,2020-04-10T0000,10.0,F0,253
23,2020-04-10T0100,18.0,F0,35
24,2020-04-10T1900,10.0,F1,198
25,2020-04-11T1700,9.0,F3,229
26,2020-04-11T2100,27.0,F0,520
27,2020-04-13T0000,11.0,F5,553
28,2020-04-13T1500,13.0,F6,378
29,2020-04-14T1000,1.0,F6,661
30,2020-04-14T1300,9.0,F6,434
31,2020-04-14T2100,20.0,F5,312
32,2020-04-16T0600,10.0,F5,461
33,2020-04-17T0200,1.0,F5,696
34,2020-04-18T0500,8.0,F2,774
35,2020-04-18T1000,17.0,F0,569
36,2020-04-18T1200,18.0,F0,389
37,2020-04-19T0200,19.0,F5,214
38,2020-04-19T2100,1.0,F6,336
39,2020-04-19T2300,8.0,F6,407
40,2020-04-20T0000,11.0,F0,264
41,2020-04-20T0900,1.0,F0,84
42,2020-04-21T0500,10.0,F5,252
43,2020-04-23T0400,1.0,F3,888
44,2020-04-23T1300,9.0,F6,839
45,2020-04-24T0100,19.0,F1,688
46,2020-04-25T0600,8.0,F3,411
47,2020-04-25T1100,26.0,F0,556
48,2020-04-25T1300,15.0,F0,415
49,2020-04-25T1500,17.0,F5,118
50,2020-04-26T1000,18.0,F0,60
51,2020-04-26T1600,26.0,F0,292
52,2020-04-26T1900,27.0,F0,300
53,2020-04-26T2200,26.0,F7,120
54,2020-04-26T2300,15.0,F0,75
55,2020-04-27T0700,13.0,F5,75
56,2020-04-27T2200,18.0,F6,186
57,2020-04-28T0200,26.0,F0,300
58,2020-04-28T1000,27.0,F0,262
59,2020-04-28T1400,27.0,F0,179
60,2020-04-28T2300,24.0,F0,156
61,2020-04-30T0900,19.0,F1,529
62,2020-05-01T0900,4.0,F2,622
63,2020-05-01T1500,5.0,F3,728
64,2020-05-02T0000,14.0,F0,373
65,2020-05-02T0700,26.0,F0,225
66,2020-05-02T1100,15.0,F0,214
67,2020-05-03T0700,19.0,F5,301
68,2020-05-04T1200,10.0,F6,560
69,2020-05-05T1100,1.0,F6,793
70,2020-05-05T2200,9.0,F3,636
71,2020-05-06T2300,19.0,F1,708
72,2020-05-07T1300,6.0,F6,444
73,2020-05-08T0500,19.0,F5,597
74,2020-05-09T1700,4.0,F3,726
75,2020-05-09T2100,18.0,F6,634
76,2020-05-10T1200,19.0,F1,520
77,2020-05-10T1600,9.0,F2,245
78,2020-05-10T1800,19.0,F0,239
79,2020-05-11T1800,11.0,F5,294
80,2020-05-11T1900,27.0,F6,315
81,2020-05-11T2000,26.0,F0,312
82,2020-05-12T0300,5.0,F6,46
83,2020-05-12T2200,10.0,F5,266
84,2020-05-13T0000,9.0,F6,312
85,2020-05-13T0700,19.0,F5,276
86,2020-05-13T1000,6.0,F6,120
87,2020-05-14T1700,19.0,F1,409
88,2020-05-16T0400,4.0,F2,739
89,2020-05-16T1700,8.0,F6,808
90,2020-05-16T2200,26.0,F0,600
91,2020-05-17T2200,19.0,F5,422
92,2020-05-18T0100,9.0,F3,351
93,2020-05-18T0600,23.0,F0,330
94,2020-05-18T2300,10.0,F0,129
95,2020-05-19T0000,9.0,F6,264
96,2020-05-19T0800,21.0,F5,266
97,2020-05-19T1900,10.0,F0,148
98,2020-05-19T2200,18.0,F0,245
99,2020-05-20T1500,18.0,F5,272
100,2020-05-21T2300,10.0,F1,575
101,2020-05-23T0900,8.0,F3,925
102,2020-05-23T2000,17.0,F6,834
103,2020-05-24T0100,23.0,F0,549
104,2020-05-24T0200,17.0,F0,204
105,2020-05-24T1100,12.0,F5,158
106,2020-05-25T0800,10.0,F5,276
107,2020-05-25T0900,9.0,F3,360
108,2020-05-25T1200,22.0,F0,288
109,2020-05-26T1200,10.0,F5,289
110,2020-05-26T2100,5.0,F6,372
111,2020-05-27T2200,10.0,F5,615
112,2020-05-28T0000,9.0,F6,408
113,2020-05-28T0300,23.0,F0,335
114,2020-05-28T1200,18.0,F0,121
115,2020-05-29T0200,19.0,F5,282
116,2020-05-30T0400,5.0,F6,581
117,2020-05-30T1700,1.0,F6,505
118,2020-05-30T2200,6.0,F6,513
119,2020-05-31T0400,10.0,F0,228
120,2020-06-01T0200,13.0,F6,361
121,2020-06-02T1200,10.0,F5,595
122,2020-06-03T0700,1.0,F3,713
123,2020-06-04T0900,8.0,F3,836
124,2020-06-04T1300,6.0,F6,570
125,2020-06-05T0300,22.0,F5,421
126,2020-06-06T0900,1.0,F6,475
127,2020-06-07T0900,5.0,F6,564
128,2020-06-07T1900,15.0,F0,709
129,2020-06-08T1200,1.0,F6,419
130,2020-06-08T2300,8.0,F6,349
131,2020-06-09T0000,14.0,F0,350
132,2020-06-09T1200,13.0,F0,148
133,2020-06-10T0700,8.0,F7,276
134,2020-06-10T1700,14.0,F0,402
135,2020-06-11T0600,10.0,F0,369
136,2020-06-12T0300,10.0,F5,408
137,2020-06-13T2000,8.0,F3,540
138,2020-06-13T2100,17.0,F6,744
139,2020-06-14T0600,23.0,F7,540
140,2020-06-15T1400,10.0,F5,414
141,2020-06-16T1400,4.0,F6,770
142,2020-06-17T2300,4.0,F3,1033
143,2020-06-18T1500,18.0,F6,814
144,2020-06-19T0900,19.0,F5,741
145,2020-06-19T1900,5.0,F6,411
146,2020-06-20T0300,26.0,F0,351
147,2020-06-20T0800,27.0,F0,220
148,2020-06-20T1100,26.0,F5,195
149,2020-06-20T1400,26.0,F0,100
150,2020-06-20T1800,26.0,F0,89
151,2020-06-21T1100,10.0,F5,228
152,2020-06-22T0200,6.0,F6,408
153,2020-06-23T0400,19.0,F5,614
154,2020-06-25T0100,1.0,F6,922
155,2020-06-25T0300,9.0,F6,856
156,2020-06-25T0800,20.0,F0,571
157,2020-06-26T0600,14.0,F5,243
158,2020-06-26T2000,23.0,F0,425
159,2020-06-27T1600,18.0,F0,446
160,2020-06-28T0600,19.0,F5,454
161,2020-06-29T0400,1.0,F6,533
162,2020-06-29T1700,9.0,F6,549
163,2020-06-30T0500,23.0,F0,480
164,2020-07-01T0800,14.0,F0,398
165,2020-07-02T0000,10.0,F0,572
166,2020-07-03T0300,10.0,F6,716
167,2020-07-04T1100,8.0,F6,579
168,2020-07-04T1300,27.0,F0,720
169,2020-07-05T0500,20.0,F5,466
170,2020-07-05T2200,10.0,F5,411
171,2020-07-06T2200,10.0,F5,615
172,2020-07-06T2300,9.0,F6,492
173,2020-07-07T0100,19.0,F0,314
174,2020-07-08T0200,10.0,F5,264
175,2020-07-09T0100,10.0,F0,468
176,2020-07-10T1000,1.0,F0,907
177,2020-07-11T0900,5.0,F6,834
178,2020-07-11T2300,4.0,F0,678
179,2020-07-12T1300,11.0,F7,615
180,2020-07-12T2200,14.0,F0,414
181,2020-07-13T1800,25.0,F5,444
182,2020-07-14T1200,10.0,F5,556
183,2020-07-15T0600,8.0,F6,552
184,2020-07-16T0100,13.0,F0,586
185,2020-07-16T0300,8.0,F0,456
186,2020-07-16T1700,19.0,F5,336
187,2020-07-18T0200,5.0,F6,423
188,2020-07-18T0900,18.0,F0,582
189,2020-07-18T2300,25.0,F0,481
190,2020-07-19T0000,26.0,F0,252
191,2020-07-19T0100,12.0,F0,184
192,2020-07-19T1700,10.0,F5,135
193,2020-07-20T1000,14.0,F0,282
194,2020-07-21T0200,5.0,F0,405
195,2020-07-21T2100,10.0,F5,533
196,2020-07-22T2000,8.0,F6,551
197,2020-07-23T1000,19.0,F0,535
198,2020-07-23T1600,9.0,F6,496
199,2020-07-24T0000,22.0,F0,253
200,2020-07-24T1800,2.0,F6,252
201,2020-07-24T2300,14.0,F0,348
202,2020-07-25T0400,27.0,F0,282
203,2020-07-25T1000,26.0,F0,132
204,2020-07-25T1600,27.0,F0,175
205,2020-07-26T0400,19.0,F5,201
206,2020-07-26T0800,9.0,F6,218
207,2020-07-26T1900,19.0,F5,217
208,2020-07-27T0100,9.0,F6,192
209,2020-07-28T0400,19.0,F1,459
210,2020-07-29T0800,8.0,F2,471
211,2020-07-29T2300,23.0,F5,827
212,2020-07-30T1700,4.0,F0,685
213,2020-07-31T0200,8.0,F6,442
214,2020-07-31T0600,27.0,F0,347
215,2020-08-01T0000,19.0,F5,279
216,2020-08-01T0400,8.0,F6,269
217,2020-08-01T1400,10.0,F5,292
218,2020-08-01T1900,9.0,F3,174
219,2020-08-02T0000,22.0,F5,205
220,2020-08-02T0100,9.0,F0,129
221,2020-08-02T0400,18.0,F5,110
222,2020-08-03T0000,10.0,F0,56
223,2020-08-03T2300,8.0,F2,471
224,2020-08-04T0000,9.0,F3,518
225,2020-08-04T0200,10.0,F0,298
226,2020-08-04T1900,10.0,F5,171
227,2020-08-05T0100,8.0,F6,242
228,2020-08-05T0300,27.0,F0,279
229,2020-08-06T0200,19.0,F7,349
230,2020-08-06T1300,9.0,F3,331
231,2020-08-06T2100,26.0,F5,487
232,2020-08-08T0200,10.0,F5,487
233,2020-08-08T0300,8.0,F6,444
234,2020-08-08T0500,20.0,F5,388
235,2020-08-09T0200,10.0,F5,121
236,2020-08-09T2100,1.0,F6,465
237,2020-08-10T1000,11.0,F0,557
238,2020-08-12T0600,1.0,F5,804
239,2020-08-13T0700,4.0,F3,907
240,2020-08-13T1700,5.0,F3,855
241,2020-08-13T1800,17.0,F6,433
242,2020-08-13T1900,10.0,F0,142
243,2020-08-14T0800,10.0,F5,84
244,2020-08-14T1700,9.0,F6,243
245,2020-08-14T2000,27.0,F0,273
246,2020-08-15T0000,18.0,F0,160
247,2020-08-15T0800,10.0,F0,92
248,2020-08-16T0300,5.0,F6,196
249,2020-08-16T0700,17.0,F0,336
250,2020-08-16T2100,11.0,F5,341
251,2020-08-17T0400,14.0,F0,252
252,2020-08-17T0900,17.0,F0,276
253,2020-08-18T0300,19.0,F5,228
254,2020-08-19T1200,1.0,F6,604
255,2020-08-19T1900,9.0,F3,627
256,2020-08-19T2100,26.0,F5,496
257,2020-08-21T0200,13.0,F5,344
258,2020-08-21T0300,9.0,F0,384
259,2020-08-21T0800,10.0,F0,371
260,2020-08-22T0700,10.0,F5,277
261,2020-08-23T0600,8.0,F6,541
262,2020-08-23T1500,15.0,F6,623
263,2020-08-24T1700,19.0,F5,627
264,2020-08-26T0200,10.0,F0,721
265,2020-08-27T0200,8.0,F3,881
266,2020-08-27T2300,13.0,F0,873
267,2020-08-29T0100,10.0,F5,840
268,2020-08-29T0700,9.0,F6,577
269,2020-08-29T1000,24.0,F0,393
270,2020-08-30T0100,15.0,F0,123
271,2020-08-30T1000,10.0,F0,222
272,2020-08-30T1100,8.0,F6,298
273,2020-08-30T2100,10.0,F5,188
274,2020-08-30T2300,9.0,F0,144
275,2020-08-31T0400,23.0,F0,156
276,2020-08-31T1300,15.0,F0,135
277,2020-08-31T2000,27.0,F0,171
278,2020-09-01T0500,12.0,F5,244
279,2020-09-01T2300,10.0,F5,325
280,2020-09-02T2300,10.0,F6,472
281,2020-09-03T1200,9.0,F3,612
282,2020-09-04T0700,19.0,F1,582
283,2020-09-05T0900,8.0,F2,553
284,2020-09-06T0000,10.0,F6,658
285,2020-09-07T0400,5.0,F6,756
286,2020-09-07T1600,11.0,F0,622
287,2020-09-08T0800,14.0,F0,580
288,2020-09-08T2300,13.0,F5,508
289,2020-09-10T0700,4.0,F6,729
290,2020-09-10T1300,9.0,F6,591
291,2020-09-10T1600,23.0,F0,468
292,2020-09-11T1500,10.0,F5,252
293,2020-09-12T0700,4.0,F6,417
294,2020-09-12T1700,15.0,F0,547
295,2020-09-13T1000,22.0,F5,444
296,2020-09-14T0200,1.0,F6,412
297,2020-09-15T0600,10.0,F5,693
298,2020-09-15T1200,9.0,F3,560
299,2020-09-15T1400,24.0,F0,416
300,2020-09-16T0700,21.0,F5,225
301,2020-09-16T2300,19.0,F0,344
302,2020-09-17T1900,1.0,F6,566
303,2020-09-18T1400,5.0,F6,609
304,2020-09-19T0000,15.0,F0,516
305,2020-09-19T0700,17.0,F0,384
306,2020-09-19T1000,15.0,F0,216
307,2020-09-19T2200,19.0,F0,144
308,2020-09-20T2300,10.0,F5,401
309,2020-09-21T0900,9.0,F6,510
310,2020-09-22T0000,19.0,F5,488
311,2020-09-23T0600,8.0,F3,553
312,2020-09-23T1000,5.0,F6,555
313,2020-09-23T1800,27.0,F0,450
314,2020-09-24T0600,19.0,F0,178
315,2020-09-25T0500,10.0,F5,442
316,2020-09-25T2000,8.0,F3,476
317,2020-09-25T2300,27.0,F0,462
318,2020-09-27T0000,27.0,F0,240
319,2020-09-27T0600,24.0,F0,349
320,2020-09-27T1600,10.0,F5,444
321,2020-09-28T1300,13.0,F0,297
322,2020-09-29T1100,1.0,F6,501
323,2020-09-29T1700,9.0,F6,516
324,2020-09-29T1800,27.0,F0,337
325,2020-09-30T0500,20.0,F5,147
326,2020-09-30T1400,5.0,F6,200
327,2020-09-30T2000,24.0,F0,276
328,2020-09-30T2300,27.0,F0,188
329,2020-10-01T1500,23.0,F5,216
330,2020-10-02T1300,10.0,F5,461
331,2020-10-04T0100,8.0,F3,790
332,2020-10-04T0400,8.0,F6,702
333,2020-10-05T0600,19.0,F7,709
334,2020-10-05T1300,9.0,F6,352
335,2020-10-05T1800,26.0,F0,408
336,2020-10-05T1900,27.0,F0,149
337,2020-10-06T0500,19.0,F5,128
338,2020-10-07T0600,10.0,F5,324
339,2020-10-08T0500,8.0,F6,578
340,2020-10-08T1300,15.0,F0,624
341,2020-10-09T0400,19.0,F0,394
342,2020-10-09T1100,9.0,F6,300
343,2020-10-09T1900,22.0,F0,269
344,2020-10-10T0200,18.0,F0,181
345,2020-10-10T1100,19.0,F5,194
346,2020-10-12T1400,9.0,F6,764
347,2020-10-13T0100,23.0,F5,812
348,2020-10-14T0000,14.0,F0,902
349,2020-10-14T0400,17.0,F0,419
350,2020-10-14T0600,27.0,F0,324
351,2020-10-14T0700,26.0,F0,84
352,2020-10-14T0800,12.0,F0,39
353,2020-10-14T1000,18.0,F0,25
354,2020-10-14T1300,27.0,F0,60
355,2020-10-14T1500,15.0,F0,69
356,2020-10-14T2200,26.0,F0,71
357,2020-10-15T0900,18.0,F0,131
358,2020-10-15T1300,27.0,F0,225
359,2020-10-16T0400,24.0,F5,265
360,2020-10-16T1800,13.0,F0,233
361,2020-10-16T1900,8.0,F6,360
362,2020-10-16T2200,10.0,F0,193
363,2020-10-17T0000,18.0,F0,54
364,2020-10-17T0100,24.0,F0,66
365,2020-10-18T2000,10.0,F7,485
366,2020-10-18T2300,9.0,F6,533
367,2020-10-19T0200,23.0,F0,564
368,2020-10-19T1100,14.0,F0,96
369,2020-10-20T0200,19.0,F5,202
370,2020-10-20T1200,9.0,F6,288
371,2020-10-20T2000,19.0,F5,369
372,2020-10-21T0200,9.0,F6,220
373,2020-10-22T0200,19.0,F1,420
374,2020-10-22T2100,9.0,F3,391
375,2020-10-22T2200,27.0,F0,531
376,2020-10-24T0100,10.0,F5,464
377,2020-10-24T0800,8.0,F6,361
378,2020-10-24T1000,18.0,F0,422
379,2020-10-25T0500,20.0,F5,322
380,2020-10-25T2200,1.0,F6,261
381,2020-10-26T1500,5.0,F6,618
382,2020-10-27T0000,1.0,F0,441
383,2020-10-28T0500,10.0,F5,634
384,2020-10-29T0100,1.0,F3,567
385,2020-10-29T0800,8.0,F3,658
386,2020-10-29T0900,27.0,F0,326
387,2020-10-29T1000,5.0,F0,99
388,2020-10-29T1300,15.0,F5,54
389,2020-10-30T0400,10.0,F5,194
390,2020-10-30T1500,6.0,F6,257
391,2020-10-31T0400,10.0,F5,446
392,2020-10-31T0800,18.0,F6,289
393,2020-10-31T1800,19.0,F5,229
394,2020-11-01T1500,17.0,F6,291
395,2020-11-01T2200,27.0,F0,448
396,2020-11-02T1900,10.0,F5,513
397,2020-11-03T0300,5.0,F6,353
398,2020-11-03T0800,27.0,F0,384
399,2020-11-04T0600,10.0,F5,342
400,2020-11-04T1500,5.0,F3,347
401,2020-11-06T0600,19.0,F1,782
402,2020-11-08T0400,4.0,F2,1033
403,2020-11-09T0500,4.0,F3,1188
404,2020-11-09T1100,9.0,F3,894
405,2020-11-09T1300,24.0,F0,383
406,2020-11-10T0100,10.0,F5,135
407,2020-11-10T0700,8.0,F6,221
408,2020-11-10T0800,18.0,F0,222
409,2020-11-10T1100,14.0,F0,94
410,2020-11-10T2100,14.0,F0,102
411,2020-11-12T0000,10.0,F5,409
412,2020-11-12T0900,9.0,F6,446
413,2020-11-12T1100,23.0,F5,445
414,2020-11-12T1200,27.0,F0,132
415,2020-11-13T0600,19.0,F5,205
416,2020-11-14T2000,1.0,F6,651
417,2020-11-15T1700,5.0,F6,822
418,2020-11-16T0100,14.0,F6,770
419,2020-11-17T0300,10.0,F5,590
420,2020-11-17T1200,9.0,F3,420
421,2020-11-18T0600,19.0,F1,622
422,2020-11-18T0800,9.0,F3,324
423,2020-11-18T1200,26.0,F5,248
424,2020-11-19T1400,11.0,F5,112
425,2020-11-19T2300,18.0,F6,376
426,2020-11-20T0400,27.0,F0,424
427,2020-11-21T0300,19.0,F7,437
428,2020-11-22T1700,1.0,F3,730
429,2020-11-23T0100,18.0,F6,771
430,2020-11-23T0400,27.0,F0,553
431,2020-11-23T1500,24.0,F7,210
432,2020-11-24T0800,11.0,F0,349
433,2020-11-24T2100,10.0,F5,435
434,2020-11-25T1000,9.0,F3,456
435,2020-11-25T1600,27.0,F0,358
436,2020-11-26T2000,19.0,F1,533
437,2020-11-29T0600,4.0,F2,1079
438,2020-11-29T0800,9.0,F3,1045
439,2020-11-29T1400,19.0,F5,758
440,2020-11-30T0000,9.0,F6,125
441,2020-11-30T0800,19.0,F5,278
442,2020-11-30T1200,6.0,F6,235
443,2020-12-01T0300,19.0,F1,182
444,2020-12-02T0700,1.0,F3,350
445,2020-12-03T0500,8.0,F3,533
446,2020-12-03T0800,18.0,F6,608
447,2020-12-04T0100,22.0,F5,396
448,2020-12-05T0400,10.0,F5,517
449,2020-12-06T0800,4.0,F6,784
450,2020-12-06T1900,1.0,F6,729
451,2020-12-07T0900,13.0,F6,528
452,2020-12-08T0000,11.0,F6,417
453,2020-12-08T0800,15.0,F0,419
454,2020-12-09T1100,10.0,F1,571
455,2020-12-10T0900,8.0,F3,567
456,2020-12-10T1900,11.0,F6,663
457,2020-12-11T0000,18.0,F6,401
458,2020-12-11T1400,10.0,F5,304
459,2020-12-12T1600,10.0,F6,492
460,2020-12-12T1700,8.0,F6,480
461,2020-12-13T1700,19.0,F4,568
462,2020-12-14T2200,8.0,F3,364
463,2020-12-15T0500,14.0,F6,693
464,2020-12-15T1400,18.0,F6,435
465,2020-12-16T0000,23.0,F0,264
466,2020-12-16T0900,15.0,F0,234
467,2020-12-17T1800,19.0,F1,519
468,2020-12-19T0100,8.0,F2,537
469,2020-12-19T0600,17.0,F6,792
470,2020-12-19T1300,27.0,F0,457
471,2020-12-20T0100,19.0,F5,183
472,2020-12-20T1700,6.0,F3,268
473,2020-12-20T2200,23.0,F0,379
474,2020-12-21T0300,27.0,F0,252
475,2020-12-21T0800,27.0,F7,136
476,2020-12-21T2200,10.0,F1,170
477,2020-12-22T0000,9.0,F3,231
478,2020-12-22T0200,27.0,F0,207
479,2020-12-23T0500,10.0,F5,325
480,2020-12-24T0800,5.0,F3,556
481,2020-12-26T0700,10.0,F5,1169
482,2020-12-26T1400,9.0,F3,932
483,2020-12-27T1300,19.0,F1,903
484,2020-12-28T1400,5.0,F2,460
485,2020-12-28T1500,18.0,F6,576
486,2020-12-28T1700,10.0,F0,324
487,2020-12-28T1800,17.0,F0,43
488,2020-12-29T1100,10.0,F5,173
489,2020-12-29T1600,9.0,F6,229
490,2020-12-29T1900,24.0,F0,279
491,2020-12-30T1200,19.0,F5,240
492,2020-12-30T1800,9.0,F3,242
493,2020-12-31T0500,19.0,F7,352
494,2021-01-01T0100,3.0,F6,302
495,2021-01-01T0700,17.0,F0,379
496,2021-01-01T1300,18.0,F0,314
497,2021-01-01T1500,26.0,F0,157
498,2021-01-02T0500,15.0,F5,141
499,2021-01-03T1300,19.0,F1,513
500,2021-01-04T2200,1.0,F2,807
501,2021-01-05T0500,8.0,F2,812
502,2021-01-05T0900,27.0,F3,494
503,2021-01-06T0900,10.0,F1,365
504,2021-01-06T2000,9.0,F2,339
505,2021-01-07T0800,19.0,F7,512
506,2021-01-07T1300,9.0,F2,280
507,2021-01-08T0000,22.0,F1,267
508,2021-01-08T1000,15.0,F6,225
509,2021-01-08T1800,14.0,F5,314
510,2021-01-09T1200,2.0,F6,372
511,2021-01-09T1600,18.0,F6,338
512,2021-01-10T0200,24.0,F5,350
513,2021-01-10T0300,27.0,F0,168
514,2021-01-10T0700,11.0,F0,152
515,2021-01-10T0900,17.0,F0,72
516,2021-01-11T2000,10.0,F1,451
517,2021-01-12T1300,5.0,F2,584
518,2021-01-12T1800,5.0,F2,643
519,2021-01-12T2000,18.0,F6,267
520,2021-01-12T2100,23.0,F0,91
521,2021-01-12T2200,15.0,F0,48
522,2021-01-13T0700,11.0,F5,59
523,2021-01-14T2000,10.0,F1,511
524,2021-01-16T0000,1.0,F2,793
525,2021-01-16T1900,8.0,F2,902
526,2021-01-17T1500,22.0,F1,744
527,2021-01-18T0400,2.0,F3,546
528,2021-01-18T0700,18.0,F3,414
529,2021-01-18T1700,10.0,F1,256
530,2021-01-18T2300,9.0,F3,164
531,2021-01-19T0500,23.0,F0,225
532,2021-01-19T0700,27.0,F0,154
533,2021-01-19T1800,20.0,F5,206
534,2021-01-20T1800,10.0,F5,421
535,2021-01-21T0800,9.0,F3,486
536,2021-01-22T0400,19.0,F1,663
537,2021-01-23T0300,4.0,F2,605
538,2021-01-23T0500,9.0,F3,516
539,2021-01-23T0900,23.0,F0,312
540,2021-01-23T2100,10.0,F5,121
541,2021-01-24T0000,9.0,F3,204
542,2021-01-24T0300,24.0,F0,180
543,2021-01-24T1300,20.0,F7,108
544,2021-01-25T0000,11.0,F0,234
545,2021-01-25T1900,10.0,F5,422
546,2021-01-26T1600,1.0,F6,597
547,2021-01-27T0500,5.0,F3,564
548,2021-01-27T2000,20.0,F5,526
549,2021-01-29T0600,10.0,F6,678
550,2021-01-29T0800,9.0,F3,606
551,2021-01-29T1800,10.0,F1,503
552,2021-01-30T1500,4.0,F2,262
553,2021-01-31T0200,8.0,F3,457
554,2021-02-01T0100,10.0,F5,576
555,2021-02-01T1500,1.0,F3,505
556,2021-02-02T0500,9.0,F3,456
557,2021-02-03T0800,19.0,F1,620
558,2021-02-03T1600,9.0,F3,507
559,2021-02-04T0500,22.0,F5,538
560,2021-02-05T0700,14.0,F6,376
561,2021-02-05T1900,14.0,F6,551
562,2021-02-05T2300,27.0,F0,458
563,2021-02-06T1900,19.0,F7,396
564,2021-02-07T2200,1.0,F3,543
565,2021-02-09T0900,10.0,F1,960
566,2021-02-11T0700,4.0,F2,1113
567,2021-02-12T0400,1.0,F6,1178
568,2021-02-13T0300,8.0,F2,933
569,2021-02-13T0700,27.0,F0,529
570,2021-02-13T2200,19.0,F7,384
571,2021-02-14T1700,10.0,F5,399
572,2021-02-15T1200,1.0,F3,520
573,2021-02-16T1500,13.0,F6,750
574,2021-02-17T0100,5.0,F6,590
575,2021-02-18T0200,10.0,F5,690
576,2021-02-19T0800,5.0,F3,709
577,2021-02-20T0500,10.0,F5,864
578,2021-02-20T1300,9.0,F2,662
579,2021-02-20T1400,27.0,F0,355
580,2021-02-21T1000,11.0,F5,212
581,2021-02-21T2200,14.0,F6,361
582,2021-02-22T2100,10.0,F1,579
583,2021-02-23T0200,9.0,F3,433
584,2021-02-23T1800,19.0,F1,422
585,2021-02-23T1900,9.0,F2,260
586,2021-02-23T2000,27.0,F5,216
587,2021-02-24T1600,10.0,F1,188
588,2021-02-24T1700,8.0,F2,263
589,2021-02-24T1800,1.0,F0,263
590,2021-02-25T0000,12.0,F5,74
591,2021-02-25T0900,15.0,F6,98
592,2021-02-25T1200,24.0,F0,188
593,2021-02-25T1700,24.0,F0,158
594,2021-02-26T1200,10.0,F1,273
595,2021-02-26T2200,5.0,F2,348
596,2021-02-26T2300,27.0,F6,351
597,2021-02-27T1600,19.0,F1,224
598,2021-02-27T1700,18.0,F3,216
599,2021-02-27T2200,27.0,F5,252
600,2021-02-28T2000,19.0,F5,288
601,2021-03-02T0300,1.0,F6,665
602,2021-03-03T0100,5.0,F2,849
603,2021-03-03T1900,10.0,F0,780
604,2021-03-05T0900,1.0,F6,844
605,2021-03-06T0900,4.0,F3,804
606,2021-03-06T1900,5.0,F3,797
607,2021-03-07T1900,10.0,F5,669
608,2021-03-08T0100,9.0,F3,422
609,2021-03-08T0200,27.0,F0,362
610,2021-03-08T1500,19.0,F5,159
611,2021-03-09T1500,10.0,F5,443
612,2021-03-10T0000,9.0,F3,489
613,2021-03-10T0100,23.0,F0,409
614,2021-03-10T1200,11.0,F5,170
615,2021-03-10T2300,13.0,F6,232
616,2021-03-11T1300,2.0,F6,375
617,2021-03-12T0200,22.0,F0,421
618,2021-03-12T1800,14.0,F0,461
619,2021-03-12T2000,27.0,F0,350
620,2021-03-12T2200,24.0,F0,232
621,2021-03-13T0000,23.0,F0,68
622,2021-03-13T0700,11.0,F0,63
623,2021-03-14T0300,19.0,F1,272
624,2021-03-15T2100,1.0,F3,692
625,2021-03-16T0000,9.0,F3,754
626,2021-03-16T0700,20.0,F5,552
627,2021-03-17T0900,14.0,F5,324
628,2021-03-17T1800,15.0,F6,435
629,2021-03-18T0800,10.0,F5,492
630,2021-03-19T0800,5.0,F3,472
631,2021-03-19T2100,13.0,F0,603
632,2021-03-20T1000,9.0,F6,480
633,2021-03-20T2000,23.0,F0,352
634,2021-03-21T1500,10.0,F5,440
635,2021-03-22T1400,8.0,F3,579
636,2021-03-23T0900,19.0,F1,700
637,2021-03-24T0000,5.0,F3,618
638,2021-03-24T0300,14.0,F6,420
639,2021-03-24T0400,18.0,F0,222
640,2021-03-24T0600,27.0,F5,78
641,2021-03-24T1800,10.0,F5,127
642,2021-03-25T1000,1.0,F6,264
643,2021-03-25T1200,9.0,F2,349
644,2021-03-25T1800,23.0,F5,231
645,2021-03-27T0900,10.0,F5,459
646,2021-03-27T1600,9.0,F3,586
647,2021-03-28T0200,10.0,F5,622
648,2021-03-29T0700,5.0,F6,411
649,2021-03-29T2000,10.0,F0,530
650,2021-03-30T0900,9.0,F3,515
651,2021-03-30T1600,19.0,F0,327
652,2021-03-31T1500,18.0,F6,433
653,2021-04-01T0400,26.0,F0,372
654,2021-04-01T2200,14.0,F5,604
655,2021-04-01T2300,17.0,F0,384
656,2021-04-02T0200,18.0,F0,250
657,2021-04-02T1300,10.0,F0,55
658,2021-04-03T0400,5.0,F6,264
659,2021-04-03T0800,14.0,F0,362
660,2021-04-03T0900,18.0,F0,236
661,2021-04-03T1500,15.0,F0,76
662,2021-04-04T0700,10.0,F5,204
663,2021-04-05T0300,5.0,F3,365
664,2021-04-05T1100,14.0,F0,497
665,2021-04-06T0300,19.0,F5,504
666,2021-04-07T0600,1.0,F6,557
667,2021-04-07T0900,18.0,F6,516
668,2021-04-08T0000,19.0,F7,483
669,2021-04-09T0600,1.0,F6,510
670,2021-04-09T1000,9.0,F3,552
671,2021-04-09T1500,10.0,F0,426
672,2021-04-10T0300,18.0,F0,122
673,2021-04-10T1500,19.0,F0,220
674,2021-04-11T2200,2.0,F6,359
675,2021-04-12T1400,14.0,F6,630
676,2021-04-13T0100,5.0,F6,578
677,2021-04-13T2100,19.0,F1,504
678,2021-04-14T0500,9.0,F3,379
679,2021-04-14T0800,26.0,F0,350
680,2021-04-15T1500,19.0,F5,270
681,2021-04-16T0400,9.0,F6,488
682,2021-04-16T1600,10.0,F5,616
683,2021-04-17T1100,6.0,F6,440
684,2021-04-18T1500,19.0,F1,571
685,2021-04-19T1400,8.0,F2,768
686,2021-04-19T2100,2.0,F6,633
687,2021-04-20T0000,18.0,F6,369
688,2021-04-20T0900,19.0,F5,211
689,2021-04-21T0300,14.0,F5,300
690,2021-04-21T1400,2.0,F6,430
691,2021-04-21T2000,15.0,F6,355
692,2021-04-22T0900,19.0,F5,278
693,2021-04-22T1800,5.0,F6,271
694,2021-04-23T1200,19.0,F1,434
695,2021-04-24T1000,9.0,F2,426
696,2021-04-24T1500,27.0,F0,503
697,2021-04-25T0300,10.0,F5,404
698,2021-04-25T1400,5.0,F6,256
699,2021-04-25T1900,15.0,F6,291
700,2021-04-26T0000,21.0,F5,225
701,2021-04-26T2000,10.0,F1,328
702,2021-04-27T1100,9.0,F2,317
703,2021-04-27T1300,26.0,F0,430
704,2021-04-28T1900,24.0,F0,415
705,2021-04-28T2000,24.0,F0,397
706,2021-04-29T1200,10.0,F5,480
707,2021-04-29T1300,9.0,F3,207
708,2021-04-30T0000,10.0,F5,289
709,2021-05-01T0700,10.0,F5,496
710,2021-05-02T2000,4.0,F2,820
711,2021-05-02T2200,9.0,F6,829
712,2021-05-03T0000,27.0,F0,474
713,2021-05-03T1400,10.0,F5,151
714,2021-05-04T1000,10.0,F6,323
715,2021-05-04T1400,9.0,F6,411
716,2021-05-05T0100,22.0,F7,408
717,2021-05-06T0300,10.0,F6,360
718,2021-05-06T1000,9.0,F3,492
719,2021-05-06T1400,23.0,F0,400
720,2021-05-07T1000,10.0,F7,307
721,2021-05-08T1500,10.0,F5,620
722,2021-05-09T2100,1.0,F3,851
723,2021-05-10T0900,14.0,F6,793
724,2021-05-11T0700,10.0,F5,637
725,2021-05-12T1000,5.0,F3,663
726,2021-05-13T1200,10.0,F1,756
727,2021-05-13T1800,9.0,F2,662
728,2021-05-13T1900,26.0,F0,392
729,2021-05-14T2000,10.0,F1,327
730,2021-05-15T1400,4.0,F3,486
731,2021-05-15T1600,9.0,F6,528
732,2021-05-16T0200,19.0,F5,336
733,2021-05-16T1500,14.0,F0,249
734,2021-05-17T0800,10.0,F5,433
735,2021-05-17T1600,9.0,F2,408
736,2021-05-17T1900,27.0,F5,317
737,2021-05-18T1300,11.0,F5,266
738,2021-05-19T1700,10.0,F1,542
739,2021-05-20T2000,17.0,F2,795
740,2021-05-20T2100,17.0,F0,660
741,2021-05-21T0400,11.0,F5,380
742,2021-05-21T1300,14.0,F6,122
743,2021-05-21T1400,18.0,F0,206
744,2021-05-22T0200,10.0,F1,207
745,2021-05-22T0500,9.0,F2,159
746,2021-05-22T0600,26.0,F1,186
747,2021-05-23T0400,19.0,F5,106
748,2021-05-23T2100,10.0,F5,428
749,2021-05-25T0200,1.0,F3,744
750,2021-05-25T2300,5.0,F2,672
751,2021-05-26T1300,14.0,F6,708
752,2021-05-27T0900,1.0,F6,591
753,2021-05-27T1900,5.0,F3,461
754,2021-05-29T0000,10.0,F1,677
755,2021-05-29T1200,6.0,F2,533
756,2021-05-29T2200,22.0,F5,568
757,2021-05-30T0100,18.0,F6,282
758,2021-05-30T0200,27.0,F0,161
759,2021-05-31T0000,10.0,F5,168
760,2021-05-31T0800,6.0,F3,330
761,2021-06-01T0300,13.0,F5,563
762,2021-06-02T0300,4.0,F3,445
763,2021-06-02T2200,10.0,F0,664
764,2021-06-03T0500,9.0,F3,570
765,2021-06-03T1400,19.0,F5,376
766,2021-06-04T1700,10.0,F5,458
767,2021-06-05T0900,8.0,F3,604
768,2021-06-06T0100,10.0,F5,666
769,2021-06-06T2200,8.0,F3,444
770,2021-06-07T0000,12.0,F6,450
771,2021-06-07T1500,11.0,F5,426
772,2021-06-08T1100,10.0,F1,397
773,2021-06-08T1400,9.0,F2,431
774,2021-06-08T1700,20.0,F5,292
775,2021-06-10T0400,10.0,F1,444
776,2021-06-11T0900,8.0,F2,654
777,2021-06-11T1500,17.0,F0,788
778,2021-06-12T1300,10.0,F5,651
779,2021-06-13T0300,9.0,F3,430
780,2021-06-13T0800,23.0,F0,444
781,2021-06-14T0900,10.0,F1,439
782,2021-06-14T1400,9.0,F2,360
783,2021-06-14T1700,27.0,F7,365
784,2021-06-17T0300,19.0,F5,747
785,2021-06-17T1700,9.0,F6,814
786,2021-06-18T0700,22.0,F5,976
787,2021-06-18T1400,9.0,F6,384
788,2021-06-19T0100,19.0,F1,311
789,2021-06-19T0200,8.0,F3,219
790,2021-06-19T0500,10.0,F0,161
791,2021-06-20T0900,2.0,F6,135
792,2021-06-20T1800,11.0,F0,412
793,2021-06-21T0400,14.0,F6,474
794,2021-06-21T2000,19.0,F1,316
795,2021-06-21T2100,9.0,F3,321
796,2021-06-22T0100,20.0,F5,244
797,2021-06-22T1100,12.0,F0,92
798,2021-06-22T1600,21.0,F5,203
799,2021-06-23T1500,22.0,F1,434
800,2021-06-24T0900,4.0,F3,498
801,2021-06-25T0500,10.0,F5,699
802,2021-06-26T0300,1.0,F6,670
803,2021-06-26T0700,9.0,F2,528
804,2021-06-26T1100,20.0,F5,327
805,2021-06-27T1700,10.0,F5,402
806,2021-06-27T2200,9.0,F3,460
807,2021-06-28T1000,10.0,F1,537
808,2021-06-29T0600,9.0,F3,228
809,2021-06-29T2200,19.0,F5,522
810,2021-06-30T2100,1.0,F6,649
811,2021-07-01T0300,9.0,F3,501
812,2021-07-01T1800,19.0,F5,437
813,2021-07-02T0600,9.0,F3,326
814,2021-07-02T0700,27.0,F0,329
815,2021-07-03T2100,19.0,F7,572
816,2021-07-04T0600,9.0,F3,485
817,2021-07-04T1500,25.0,F0,587
818,2021-07-05T1900,10.0,F5,536
819,2021-07-06T1400,5.0,F3,611
820,2021-07-07T0000,17.0,F0,603
821,2021-07-07T1600,22.0,F5,500
822,2021-07-08T1500,10.0,F5,540
823,2021-07-10T0500,4.0,F3,872
824,2021-07-11T0900,8.0,F6,914
825,2021-07-12T0900,22.0,F5,1024
826,2021-07-13T0300,1.0,F0,756
827,2021-07-13T1200,9.0,F3,588
828,2021-07-13T1700,19.0,F0,335
829,2021-07-13T1800,18.0,F0,169
830,2021-07-13T2200,19.0,F5,96
831,2021-07-14T0300,18.0,F0,85
832,2021-07-14T1000,23.0,F5,180
833,2021-07-15T0400,13.0,F5,324
834,2021-07-15T2300,10.0,F6,466
835,2021-07-16T1000,9.0,F6,482
836,2021-07-16T1300,27.0,F0,381
837,2021-07-16T2300,24.0,F5,211
838,2021-07-17T0800,23.0,F0,172
839,2021-07-17T1100,14.0,F0,237
840,2021-07-17T1200,27.0,F0,144
841,2021-07-18T0800,19.0,F5,210
842,2021-07-18T2300,14.0,F6,332
843,2021-07-19T0100,14.0,F0,429
844,2021-07-19T0400,15.0,F0,207
845,2021-07-19T0900,12.0,F0,81
846,2021-07-19T2300,19.0,F5,160
847,2021-07-20T0200,9.0,F6,243
848,2021-07-20T1400,19.0,F1,299
849,2021-07-22T0100,1.0,F5,518
850,2021-07-23T0200,9.0,F2,686
851,2021-07-23T0600,26.0,F5,763
852,2021-07-23T2200,24.0,F5,472
853,2021-07-24T1300,19.0,F5,399
854,2021-07-24T1600,9.0,F3,387
855,2021-07-24T1900,20.0,F0,229
856,2021-07-25T0700,6.0,F0,89
857,2021-07-25T1000,26.0,F0,195
858,2021-07-25T2300,15.0,F5,233
859,2021-07-26T1400,19.0,F1,216
860,2021-07-27T1200,5.0,F2,493
861,2021-07-27T1900,17.0,F6,464
862,2021-07-27T2000,26.0,F0,359
863,2021-07-28T1300,10.0,F1,282
864,2021-07-30T0100,8.0,F3,276
865,2021-07-30T0500,26.0,F0,650
866,2021-07-30T1900,20.0,F5,533
867,2021-07-31T1100,10.0,F0,276
868,2021-08-01T0300,9.0,F2,439
869,2021-08-01T0500,23.0,F0,395
870,2021-08-02T1400,10.0,F1,594
871,2021-08-02T2000,9.0,F3,448
872,2021-08-02T2100,26.0,F0,469
873,2021-08-03T0200,11.0,F0,129
874,2021-08-03T0900,23.0,F0,111
875,2021-08-04T0800,18.0,F6,164
876,2021-08-04T0900,26.0,F0,370
877,2021-08-05T0300,10.0,F1,434
878,2021-08-05T1600,2.0,F3,345
879,2021-08-06T0400,10.0,F6,411
880,2021-08-06T0600,9.0,F3,305
881,2021-08-06T0900,23.0,F0,171
882,2021-08-06T1500,18.0,F0,97
883,2021-08-07T0600,10.0,F1,266
884,2021-08-08T0000,9.0,F2,376
885,2021-08-08T0100,27.0,F0,398
886,2021-08-08T0600,15.0,F0,245
887,2021-08-08T0800,24.0,F0,80
888,2021-08-09T0900,20.0,F5,291
889,2021-08-10T0200,10.0,F5,505
890,2021-08-11T0100,5.0,F3,678
891,2021-08-11T0200,18.0,F6,492
892,2021-08-11T0400,10.0,F0,297
893,2021-08-11T2100,10.0,F5,174
894,2021-08-13T0000,10.0,F5,462
895,2021-08-14T0500,1.0,F6,771
896,2021-08-15T0100,8.0,F3,744
897,2021-08-15T0300,17.0,F6,594
898,2021-08-15T1800,10.0,F5,393
899,2021-08-16T1200,1.0,F6,309
900,2021-08-17T0400,1.0,F6,545
901,2021-08-17T0600,9.0,F6,410
902,2021-08-17T0900,24.0,F5,229
903,2021-08-17T1500,24.0,F5,92
904,2021-08-18T0500,22.0,F5,230
905,2021-08-18T2000,6.0,F6,397
906,2021-08-19T0800,23.0,F0,447
907,2021-08-19T1100,18.0,F0,324
908,2021-08-19T1200,27.0,F7,192
909,2021-08-20T0800,10.0,F1,196
910,2021-08-20T1400,9.0,F3,259
911,2021-08-21T0200,19.0,F7,407
912,2021-08-22T2200,5.0,F3,660
913,2021-08-23T1400,10.0,F0,819
914,2021-08-24T0700,1.0,F6,856
915,2021-08-24T1000,18.0,F6,397
916,2021-08-25T0500,19.0,F7,406
917,2021-08-25T0800,9.0,F3,276
918,2021-08-25T1400,15.0,F0,282
919,2021-08-26T0300,11.0,F5,238
920,2021-08-26T1800,1.0,F6,337
921,2021-08-28T0700,1.0,F6,705
922,2021-08-29T0000,9.0,F3,716
923,2021-08-29T0200,15.0,F0,659
924,2021-08-29T1700,10.0,F0,253
925,2021-08-30T0100,5.0,F6,270
926,2021-08-30T1600,23.0,F5,422
927,2021-08-30T2300,15.0,F6,326
928,2021-08-31T0800,23.0,F0,284
929,2021-08-31T2000,27.0,F0,264
930,2021-09-01T0400,23.0,F0,314
931,2021-09-02T1400,10.0,F5,649
932,2021-09-03T0900,5.0,F3,642
933,2021-09-03T2000,23.0,F0,702
934,2021-09-05T0200,1.0,F6,617
935,2021-09-05T0300,18.0,F6,499
936,2021-09-05T0900,11.0,F5,412
937,2021-09-06T1000,19.0,F5,357
938,2021-09-06T2200,9.0,F6,396
939,2021-09-07T0600,22.0,F5,507
940,2021-09-08T0300,10.0,F1,349
941,2021-09-08T0600,9.0,F2,348
942,2021-09-08T0900,20.0,F7,316
943,2021-09-09T2300,14.0,F5,454
944,2021-09-10T0100,9.0,F6,506
945,2021-09-10T0600,24.0,F0,487
946,2021-09-11T0300,10.0,F5,274
947,2021-09-11T2200,8.0,F3,475
948,2021-09-12T0500,14.0,F0,520
949,2021-09-12T2000,24.0,F5,414
950,2021-09-13T0000,5.0,F6,276
951,2021-09-13T0100,27.0,F0,231
952,2021-09-13T1300,20.0,F5,182
953,2021-09-13T1400,6.0,F3,165
954,2021-09-13T1900,1.0,F6,159
955,2021-09-15T0400,19.0,F7,434
956,2021-09-15T1300,9.0,F3,484
957,2021-09-15T2300,19.0,F5,627
958,2021-09-17T0300,1.0,F6,490
959,2021-09-17T1000,9.0,F6,480
960,2021-09-18T0100,23.0,F5,519
961,2021-09-18T1600,10.0,F0,321
962,2021-09-20T2000,10.0,F5,895
963,2021-09-21T0000,9.0,F3,825
964,2021-09-21T0300,20.0,F7,676
965,2021-09-21T1900,27.0,F5,177
966,2021-09-22T0200,20.0,F5,255
967,2021-09-23T1000,13.0,F5,623
968,2021-09-23T1700,9.0,F3,490
969,2021-09-24T0100,10.0,F5,539
970,2021-09-24T2100,10.0,F5,303
971,2021-09-26T0200,9.0,F3,343
972,2021-09-26T0900,24.0,F7,658
973,2021-09-27T0800,10.0,F5,632
974,2021-09-28T2000,1.0,F3,759
975,2021-09-29T1600,8.0,F3,903
976,2021-09-30T0000,24.0,F0,723
977,2021-09-30T1400,10.0,F5,384
978,2021-09-30T1800,9.0,F3,265
979,2021-10-01T0200,23.0,F0,228
980,2021-10-01T0700,18.0,F0,152
981,2021-10-02T0000,19.0,F1,337
982,2021-10-03T1700,9.0,F2,562
983,2021-10-03T2200,14.0,F0,706
984,2021-10-04T1300,27.0,F0,625
985,2021-10-04T1400,15.0,F0,252
986,2021-10-04T1600,15.0,F0,204
987,2021-10-05T1500,10.0,F5,255
988,2021-10-05T1800,9.0,F3,313
989,2021-10-06T0500,19.0,F7,356
990,2021-10-06T1300,18.0,F6,220
991,2021-10-07T0100,22.0,F0,230
992,2021-10-08T0700,8.0,F3,403
993,2021-10-08T1400,10.0,F6,523
994,2021-10-09T0400,18.0,F6,565
995,2021-10-09T1900,23.0,F0,369
996,2021-10-10T0400,15.0,F6,432
997,2021-10-10T1000,23.0,F0,300
998,2021-10-11T0200,27.0,F0,346
999,2021-10-11T2100,19.0,F5,477
1000,2021-10-13T0200,1.0,F3,697
1001,2021-10-13T0500,18.0,F6,588
1002,2021-10-13T1400,20.0,F5,433
1003,2021-10-14T0800,10.0,F5,293
1004,2021-10-15T0200,9.0,F3,449
1005,2021-10-16T0100,10.0,F1,653
1006,2021-10-17T1000,8.0,F2,690
1007,2021-10-17T1200,18.0,F0,680
1008,2021-10-17T1300,26.0,F0,441
1009,2021-10-17T1500,14.0,F0,40
1010,2021-10-17T1600,14.0,F0,43
1011,2021-10-17T1900,15.0,F0,57
1012,2021-10-17T2300,15.0,F0,64
1013,2021-10-18T0900,26.0,F5,187
1014,2021-10-18T2300,14.0,F6,217
1015,2021-10-19T0200,26.0,F0,307
1016,2021-10-19T0300,27.0,F0,213
1017,2021-10-19T1100,10.0,F0,52
1018,2021-10-19T1300,18.0,F6,120
1019,2021-10-20T0400,10.0,F5,249
1020,2021-10-20T1300,9.0,F3,226
1021,2021-10-20T2200,19.0,F5,310
1022,2021-10-22T0300,10.0,F6,425
1023,2021-10-22T1400,9.0,F3,528
1024,2021-10-23T0100,22.0,F0,507
1025,2021-10-24T0600,18.0,F6,392
1026,2021-10-24T2000,20.0,F0,601
1027,2021-10-25T1900,10.0,F5,766
1028,2021-10-27T1900,1.0,F6,889
1029,2021-10-28T2200,4.0,F3,1153
1030,2021-10-29T0100,8.0,F3,927
1031,2021-10-29T0500,27.0,F0,365
1032,2021-10-29T1500,15.0,F0,114
1033,2021-10-30T0000,10.0,F0,183
1034,2021-10-30T2300,13.0,F5,400
1035,2021-10-31T0500,5.0,F6,401
1036,2021-10-31T2000,22.0,F5,451
1037,2021-11-01T0300,6.0,F6,314
1038,2021-11-01T0700,27.0,F0,276
1039,2021-11-01T1600,23.0,F5,180
1040,2021-11-02T0400,17.0,F0,192
1041,2021-11-02T2100,10.0,F5,393
1042,2021-11-03T2100,5.0,F3,600
1043,2021-11-04T0100,17.0,F0,500
1044,2021-11-04T2300,10.0,F5,552
1045,2021-11-05T0000,8.0,F6,315
1046,2021-11-05T0100,12.0,F0,287
1047,2021-11-05T1400,1.0,F5,89
1048,2021-11-06T0100,4.0,F6,192
1049,2021-11-06T1000,9.0,F6,348
1050,2021-11-06T1700,22.0,F0,267
1051,2021-11-07T1300,10.0,F5,397
1052,2021-11-07T1700,9.0,F6,353
1053,2021-11-08T1300,19.0,F1,458
1054,2021-11-09T0000,9.0,F3,308
1055,2021-11-09T0800,26.0,F5,416
1056,2021-11-10T1300,14.0,F5,582
1057,2021-11-10T2000,5.0,F6,459
1058,2021-11-11T0900,10.0,F6,448
1059,2021-11-12T0900,18.0,F3,245
1060,2021-11-12T1900,19.0,F7,536
1061,2021-11-14T0800,5.0,F6,761
1062,2021-11-14T2300,6.0,F6,671
1063,2021-11-15T1300,10.0,F5,746
1064,2021-11-16T1400,10.0,F5,602
1065,2021-11-18T0500,8.0,F2,477
1066,2021-11-19T0800,19.0,F7,1041
1067,2021-11-20T1300,1.0,F3,1012
1068,2021-11-20T1900,9.0,F3,712
1069,2021-11-21T0300,27.0,F5,477
1070,2021-11-21T1600,24.0,F5,260
1071,2021-11-21T2200,23.0,F0,264
1072,2021-11-22T1300,10.0,F5,412
1073,2021-11-22T1800,6.0,F3,259
1074,2021-11-23T0200,14.0,F0,276
1075,2021-11-24T0200,15.0,F6,371
1076,2021-11-24T1800,14.0,F0,532
1077,2021-11-25T2300,10.0,F5,744
1078,2021-11-27T0000,1.0,F6,698
1079,2021-11-28T0200,8.0,F2,751
1080,2021-11-28T0700,9.0,F6,620
1081,2021-11-28T1600,27.0,F0,418
1082,2021-11-28T1900,27.0,F0,200
1083,2021-11-29T1000,10.0,F1,218
1084,2021-11-29T1700,9.0,F3,216
1085,2021-11-29T2200,19.0,F7,281
1086,2021-11-30T1300,11.0,F5,243
1087,2021-11-30T1600,15.0,F6,270
1088,2021-11-30T1800,27.0,F0,229
1089,2021-11-30T2100,23.0,F0,71
1090,2021-12-01T1300,14.0,F0,96
1091,2021-12-01T2000,11.0,F0,267
1092,2021-12-02T1400,14.0,F5,364
1093,2021-12-02T1600,5.0,F6,312
1094,2021-12-02T1800,17.0,F0,249
1095,2021-12-03T0200,24.0,F0,80
1096,2021-12-03T0400,17.0,F0,129
1097,2021-12-03T1500,15.0,F5,234
1098,2021-12-04T1500,19.0,F1,329
1099,2021-12-06T0600,8.0,F2,530
1100,2021-12-06T1500,5.0,F6,799
1101,2021-12-07T1300,10.0,F5,700
1102,2021-12-07T1500,9.0,F3,378
1103,2021-12-07T1600,26.0,F0,297
1104,2021-12-08T1500,10.0,F5,280
1105,2021-12-09T0200,9.0,F3,292
1106,2021-12-10T0100,19.0,F7,631
1107,2021-12-10T1700,2.0,F3,559
1108,2021-12-10T2000,27.0,F6,475
1109,2021-12-10T2200,27.0,F0,242
1110,2021-12-11T0200,24.0,F0,82
1111,2021-12-12T0800,19.0,F5,340
1112,2021-12-12T1300,9.0,F6,434
1113,2021-12-13T0000,23.0,F5,468
1114,2021-12-14T0300,10.0,F5,426
1115,2021-12-15T1200,8.0,F3,673
1116,2021-12-15T2000,6.0,F6,768
1117,2021-12-16T0700,26.0,F6,497
1118,2021-12-16T1000,18.0,F0,243
1119,2021-12-16T1200,24.0,F0,188
1120,2021-12-17T1900,10.0,F1,387
1121,2021-12-17T2000,9.0,F3,397
1122,2021-12-17T2100,23.0,F5,396
1123,2021-12-17T2300,5.0,F0,31
1124,2021-12-18T0400,14.0,F0,73
1125,2021-12-19T1100,10.0,F5,380
1126,2021-12-19T1300,9.0,F6,447
1127,2021-12-19T1500,23.0,F0,408
1128,2021-12-20T1700,10.0,F5,328
1129,2021-12-21T1700,10.0,F6,518
1130,2021-12-23T1300,8.0,F3,1065
1131,2021-12-24T0700,10.0,F5,972
1132,2021-12-25T2100,8.0,F3,1156
1133,2021-12-25T2200,18.0,F0,680
1134,2021-12-26T1500,10.0,F5,633
1135,2021-12-27T1100,1.0,F6,307
1136,2021-12-27T1200,9.0,F6,459
1137,2021-12-27T2100,10.0,F5,321
1138,2021-12-29T0200,10.0,F1,427
1139,2021-12-29T2300,9.0,F3,470
1140,2021-12-30T0600,22.0,F5,604
1141,2021-12-31T0000,14.0,F5,490
1142,2021-12-31T0400,18.0,F6,329
1143,2021-12-31T1700,11.0,F5,321
1144,2022-01-01T0500,11.0,F6,239
1145,2022-01-02T0400,5.0,F6,453
1146,2022-01-02T1600,6.0,F6,430
1147,2022-01-02T1800,15.0,F0,432
1148,2022-01-03T1000,13.0,F0,174
1149,2022-01-03T1500,6.0,F0,243
1150,2022-01-04T0600,19.0,F5,320
1151,2022-01-04T1800,3.0,F6,349
1152,2022-01-05T0300,14.0,F6,334
1153,2022-01-05T1700,15.0,F6,338
1154,2022-01-06T1100,19.0,F1,479
1155,2022-01-07T0400,9.0,F2,493
1156,2022-01-07T0900,27.0,F0,427
1157,2022-01-07T1500,27.0,F5,318
1158,2022-01-07T1600,26.0,F0,142
1159,2022-01-08T1600,14.0,F0,95
1160,2022-01-08T2200,15.0,F6,336
1161,2022-01-09T1300,27.0,F0,365
1162,2022-01-09T1600,24.0,F5,279
1163,2022-01-10T0000,11.0,F5,264
1164,2022-01-10T2000,11.0,F5,307
1165,2022-01-11T1000,14.0,F0,484
1166,2022-01-11T1600,9.0,F6,463
1167,2022-01-12T0300,10.0,F5,286
1168,2022-01-12T1200,9.0,F6,255
1169,2022-01-13T0000,19.0,F5,352
1170,2022-01-14T1400,1.0,F5,686
1171,2022-01-15T1100,4.0,F6,667
1172,2022-01-15T1500,9.0,F6,728
1173,2022-01-15T2300,23.0,F5,365
1174,2022-01-16T1400,14.0,F5,318
1175,2022-01-16T1900,18.0,F0,305
1176,2022-01-18T0100,19.0,F5,567
1177,2022-01-18T0800,9.0,F6,422
1178,2022-01-18T1900,19.0,F7,522
1179,2022-01-19T0600,11.0,F0,260
1180,2022-01-19T1200,18.0,F6,282
1181,2022-01-19T2000,24.0,F0,239
1182,2022-01-20T0300,26.0,F0,175
1183,2022-01-20T2100,21.0,F5,336
1184,2022-01-21T1600,10.0,F1,487
1185,2022-01-21T2100,9.0,F2,448
1186,2022-01-22T1100,19.0,F1,446
1187,2022-01-23T1800,8.0,F2,255
1188,2022-01-23T2200,26.0,F0,563
1189,2022-01-24T0400,14.0,F0,434
1190,2022-01-24T1700,11.0,F5,228
1191,2022-01-25T0700,10.0,F6,275
1192,2022-01-25T1000,9.0,F3,327
1193,2022-01-25T1400,23.0,F5,259
1194,2022-01-25T1600,15.0,F0,96
1195,2022-01-25T2100,20.0,F5,101
1196,2022-01-26T0400,18.0,F0,91
1197,2022-01-26T1800,22.0,F5,268
1198,2022-01-27T1100,10.0,F5,369
1199,2022-01-27T2000,9.0,F3,414
1200,2022-01-27T2200,24.0,F0,326
1201,2022-01-28T0900,10.0,F5,235
1202,2022-01-28T1500,9.0,F6,200
1203,2022-01-29T0900,19.0,F5,286
1204,2022-01-29T1300,9.0,F6,289
1205,2022-01-29T1400,24.0,F0,276
1206,2022-01-29T2000,14.0,F0,82
1207,2022-01-30T0000,14.0,F0,97
1208,2022-01-31T1000,10.0,F5,432
1209,2022-02-01T0700,1.0,F6,567
1210,2022-02-01T1300,9.0,F3,699
1211,2022-02-01T1400,26.0,F0,342
1212,2022-02-01T1600,15.0,F0,97
1213,2022-02-01T1800,14.0,F0,47
1214,2022-02-03T0700,10.0,F5,379
1215,2022-02-03T1000,9.0,F3,482
1216,2022-02-03T1100,24.0,F0,483
1217,2022-02-05T0700,10.0,F1,500
1218,2022-02-06T2300,8.0,F2,660
1219,2022-02-08T0000,19.0,F5,1238
1220,2022-02-08T0500,9.0,F3,783
1221,2022-02-08T0800,24.0,F5,375
1222,2022-02-08T2200,10.0,F5,211
1223,2022-02-09T0200,18.0,F3,222
1224,2022-02-09T1200,21.0,F0,222
1225,2022-02-10T0200,11.0,F5,271
1226,2022-02-10T1000,15.0,F6,301
1227,2022-02-10T2000,23.0,F5,351
1228,2022-02-11T1200,22.0,F0,273
1229,2022-02-11T1800,9.0,F6,345
1230,2022-02-12T0900,10.0,F5,417
1231,2022-02-13T1800,6.0,F3,363
1232,2022-02-14T0700,23.0,F0,666
1233,2022-02-14T2000,17.0,F0,682
1234,2022-02-14T2200,27.0,F0,313
1235,2022-02-15T1700,19.0,F7,379
1236,2022-02-16T2100,8.0,F3,514
1237,2022-02-16T2300,17.0,F0,594
1238,2022-02-17T0000,24.0,F0,371
1239,2022-02-17T0300,9.0,F0,50
1240,2022-02-18T0600,10.0,F1,269
1241,2022-02-20T0400,9.0,F3,395
1242,2022-02-20T1800,22.0,F1,937
1243,2022-02-21T1100,6.0,F3,857
1244,2022-02-21T1600,18.0,F6,398
1245,2022-02-21T1800,27.0,F0,268
1246,2022-02-22T0900,19.0,F7,195
1247,2022-02-23T1700,1.0,F6,543
1248,2022-02-24T1300,1.0,F6,717
1249,2022-02-25T1700,1.0,F2,709
1250,2022-02-27T0900,8.0,F2,972
1251,2022-02-27T1800,14.0,F0,862
1252,2022-02-28T0700,10.0,F0,627
1253,2022-03-01T0900,10.0,F1,450
1254,2022-03-03T1300,8.0,F2,482
1255,2022-03-03T1500,27.0,F7,949
1256,2022-03-04T0900,19.0,F1,858
1257,2022-03-04T1500,9.0,F3,274
1258,2022-03-05T0600,19.0,F5,378
1259,2022-03-06T0900,8.0,F3,479
1260,2022-03-06T1600,14.0,F0,529
1261,2022-03-07T0000,18.0,F6,414
1262,2022-03-07T1100,23.0,F5,214
1263,2022-03-07T1900,12.0,F5,290
1264,2022-03-08T0100,23.0,F6,240
1265,2022-03-08T1600,23.0,F5,302
1266,2022-03-08T1700,6.0,F6,260
1267,2022-03-08T2000,1.0,F0,205
1268,2022-03-09T0100,6.0,F6,67
1269,2022-03-09T1800,19.0,F1,275
1270,2022-03-10T1900,1.0,F3,500
1271,2022-03-11T0200,9.0,F2,526
1272,2022-03-11T0600,27.0,F0,386
1273,2022-03-11T1800,20.0,F5,210
1274,2022-03-12T0000,18.0,F6,226
1275,2022-03-12T2300,14.0,F5,420
1276,2022-03-13T0200,5.0,F6,360
1277,2022-03-13T0900,17.0,F0,337
1278,2022-03-13T1800,20.0,F0,161
1279,2022-03-13T2000,18.0,F0,207
1280,2022-03-14T0500,19.0,F5,182
1281,2022-03-14T2000,14.0,F6,191
1282,2022-03-14T2200,18.0,F6,301
1283,2022-03-15T0300,11.0,F0,213
1284,2022-03-15T1400,14.0,F0,134
1285,2022-03-16T0500,10.0,F5,339
1286,2022-03-16T0800,18.0,F6,316
1287,2022-03-16T1800,19.0,F7,291
1288,2022-03-16T1900,6.0,F6,162
1289,2022-03-17T0300,19.0,F0,146
1290,2022-03-17T0400,8.0,F3,121
1291,2022-03-17T0500,17.0,F0,120
1292,2022-03-18T1500,10.0,F5,390
1293,2022-03-19T0600,10.0,F6,480
1294,2022-03-19T2000,9.0,F3,609
1295,2022-03-19T2200,26.0,F0,356
1296,2022-03-21T0900,10.0,F5,535
1297,2022-03-22T1700,1.0,F6,677
1298,2022-03-23T1500,8.0,F6,939
1299,2022-03-23T1800,18.0,F6,664
1300,2022-03-23T2100,27.0,F0,303
1301,2022-03-24T1200,19.0,F7,185
1302,2022-03-24T1400,9.0,F6,234
1303,2022-03-25T0200,19.0,F5,342
1304,2022-03-25T1200,9.0,F6,242
1305,2022-03-25T1600,24.0,F0,288
1306,2022-03-27T0000,27.0,F0,182
1307,2022-03-27T0900,23.0,F0,457
1308,2022-03-27T1500,18.0,F0,540
1309,2022-03-28T1100,10.0,F1,294
1310,2022-03-28T1300,9.0,F3,312
1311,2022-03-28T1400,19.0,F0,275
1312,2022-03-30T1700,11.0,F6,464
1313,2022-03-30T1900,17.0,F0,635
1314,2022-03-31T0100,27.0,F0,646
1315,2022-03-31T0400,24.0,F0,107
1316,2022-03-31T0700,26.0,F0,122
1317,2022-03-31T1400,27.0,F5,144
1318,2022-04-01T0800,19.0,F5,274
1319,2022-04-02T1100,1.0,F6,503
1320,2022-04-03T0600,5.0,F3,712
1321,2022-04-04T0000,15.0,F6,748
1322,2022-04-04T2000,14.0,F5,656
1323,2022-04-05T1300,10.0,F0,653
1324,2022-04-07T0400,10.0,F5,874
1325,2022-04-08T1200,8.0,F2,1017
1326,2022-04-08T1500,24.0,F0,872
1327,2022-04-08T1700,27.0,F0,421
1328,2022-04-09T0700,19.0,F5,134
1329,2022-04-10T1300,8.0,F6,430
1330,2022-04-10T1400,17.0,F0,528
1331,2022-04-10T2200,24.0,F7,445
1332,2022-04-12T0400,10.0,F5,398
1333,2022-04-12T1900,8.0,F3,558
1334,2022-04-12T2200,26.0,F6,552
1335,2022-04-13T1200,23.0,F0,232
1336,2022-04-13T1300,18.0,F6,218
1337,2022-04-14T0600,10.0,F5,253
1338,2022-04-15T0300,1.0,F3,372
1339,2022-04-16T0700,7.0,F3,598
1340,2022-04-16T2200,5.0,F6,695
1341,2022-04-17T0200,27.0,F0,518
1342,2022-04-17T0600,23.0,F0,238
1343,2022-04-17T0700,27.0,F0,102
1344,2022-04-17T0800,24.0,F0,68
1345,2022-04-17T1600,15.0,F5,93
1346,2022-04-18T1300,10.0,F5,265
1347,2022-04-19T0900,1.0,F6,486
1348,2022-04-19T1300,9.0,F3,497
1349,2022-04-19T2100,22.0,F5,314
1350,2022-04-20T1100,9.0,F6,195
1351,2022-04-20T1400,27.0,F0,274
1352,2022-04-21T0300,23.0,F5,260
1353,2022-04-21T0500,27.0,F0,207
1354,2022-04-21T0700,18.0,F0,192
1355,2022-04-21T1700,11.0,F5,127
1356,2022-04-22T1100,10.0,F0,210
1357,2022-04-22T1400,9.0,F3,366
1358,2022-04-22T2200,19.0,F5,300
1359,2022-04-24T0100,8.0,F6,350
1360,2022-04-24T0300,18.0,F0,433
1361,2022-04-24T1600,17.0,F5,490
1362,2022-04-24T1900,23.0,F0,190
1363,2022-04-24T2000,18.0,F0,192
1364,2022-04-25T1400,10.0,F5,180
1365,2022-04-26T0900,1.0,F6,355
1366,2022-04-27T0500,1.0,F3,578
1367,2022-04-28T1300,4.0,F3,812
1368,2022-04-28T1600,6.0,F6,636
1369,2022-04-28T2300,13.0,F0,445
1370,2022-04-30T0100,10.0,F5,370
1371,2022-04-30T1700,9.0,F6,453
1372,2022-04-30T1900,26.0,F0,514
1373,2022-04-30T2300,27.0,F0,226
1374,2022-05-01T0600,22.0,F5,103
1375,2022-05-02T1100,22.0,F5,421
1376,2022-05-04T0300,1.0,F6,823
1377,2022-05-05T0500,1.0,F6,1022
1378,2022-05-06T0500,1.0,F3,963
1379,2022-05-07T2100,9.0,F2,613
1380,2022-05-08T1100,19.0,F7,842
1381,2022-05-08T1700,9.0,F3,653
1382,2022-05-08T1800,23.0,F0,241
1383,2022-05-09T0200,24.0,F5,99
1384,2022-05-10T0300,10.0,F1,378
1385,2022-05-10T2100,6.0,F2,439
1386,2022-05-11T0200,27.0,F6,528
1387,2022-05-11T0700,14.0,F5,314
1388,2022-05-11T0800,27.0,F6,127
1389,2022-05-11T1200,15.0,F5,98
1390,2022-05-11T1400,2.0,F3,70
1391,2022-05-11T1600,18.0,F3,81
1392,2022-05-12T1000,19.0,F1,231
1393,2022-05-13T1600,1.0,F2,472
1394,2022-05-14T1700,4.0,F3,866
1395,2022-05-16T0300,1.0,F6,1008
1396,2022-05-16T2100,5.0,F3,873
1397,2022-05-17T1400,5.0,F6,764
1398,2022-05-17T2300,2.0,F6,472
1399,2022-05-18T0100,18.0,F6,331
1400,2022-05-19T0300,10.0,F5,407
1401,2022-05-20T0400,1.0,F3,608
1402,2022-05-21T0500,1.0,F3,773
1403,2022-05-22T0400,8.0,F3,734
1404,2022-05-22T0700,17.0,F0,579
1405,2022-05-23T0400,19.0,F7,496
1406,2022-05-23T0600,9.0,F6,300
1407,2022-05-23T1200,23.0,F0,284
1408,2022-05-24T0900,10.0,F5,231
1409,2022-05-24T1400,8.0,F3,351
1410,2022-05-24T1500,27.0,F0,314
1411,2022-05-25T1100,19.0,F7,221
1412,2022-05-25T2200,8.0,F6,270
1413,2022-05-25T2300,27.0,F0,372
1414,2022-05-26T0300,24.0,F0,156
1415,2022-05-26T0500,27.0,F0,74
1416,2022-05-26T1700,11.0,F5,171
1417,2022-05-27T0000,18.0,F6,218
1418,2022-05-27T1200,23.0,F5,301
1419,2022-05-27T1600,6.0,F6,251
1420,2022-05-27T2200,23.0,F0,221
1421,2022-05-29T0200,13.0,F5,303
1422,2022-05-29T0300,17.0,F0,410
1423,2022-05-29T0400,23.0,F0,359
1424,2022-05-29T0500,9.0,F0,29
1425,2022-05-29T1900,10.0,F5,110
1426,2022-05-29T2200,9.0,F6,183
1427,2022-05-30T1400,19.0,F1,303
1428,2022-05-30T2000,9.0,F3,236
1429,2022-05-31T0600,19.0,F0,280
1430,2022-06-02T0600,1.0,F3,654
1431,2022-06-03T1000,8.0,F3,889
1432,2022-06-03T2200,13.0,F6,969
1433,2022-06-05T0700,8.0,F6,678
1434,2022-06-05T1400,26.0,F0,571
1435,2022-06-06T1600,10.0,F5,775
1436,2022-06-07T1500,1.0,F3,520
1437,2022-06-08T0400,2.0,F3,649
1438,2022-06-09T0500,18.0,F3,433
1439,2022-06-09T1300,23.0,F4,511
1440,2022-06-09T1700,27.0,F0,404
1441,2022-06-09T1800,27.0,F0,145
1442,2022-06-10T0500,19.0,F7,135
1443,2022-06-10T0900,18.0,F6,159
1444,2022-06-10T1100,23.0,F0,190
1445,2022-06-10T1200,18.0,F0,89
1446,2022-06-11T0100,10.0,F5,89
1447,2022-06-11T1100,9.0,F3,217
1448,2022-06-11T2100,19.0,F5,339
1449,2022-06-12T0200,9.0,F6,258
1450,2022-06-12T1300,19.0,F5,222
1451,2022-06-12T2200,3.0,F3,222
1452,2022-06-13T1900,19.0,F1,442
1453,2022-06-14T0000,9.0,F2,378
1454,2022-06-14T0500,20.0,F1,335
1455,2022-06-15T0400,15.0,F3,124
1456,2022-06-15T1200,23.0,F7,403
1457,2022-06-16T0700,10.0,F5,531
1458,2022-06-17T0500,10.0,F6,520
1459,2022-06-17T1800,5.0,F3,534
1460,2022-06-17T2000,17.0,F6,434
1461,2022-06-17T2200,15.0,F0,186
1462,2022-06-18T0000,23.0,F0,54
1463,2022-06-18T0100,12.0,F0,54
1464,2022-06-18T0200,13.0,F0,48
1465,2022-06-18T0600,18.0,F0,60
1466,2022-06-18T2200,10.0,F1,234
1467,2022-06-20T0300,1.0,F2,510
1468,2022-06-20T0900,9.0,F3,569
1469,2022-06-20T1600,27.0,F1,493
1470,2022-06-21T0500,11.0,F0,182
1471,2022-06-21T1800,13.0,F5,357
1472,2022-06-22T1300,1.0,F6,462
1473,2022-06-22T1700,5.0,F3,402
1474,2022-06-23T0000,14.0,F5,319
1475,2022-06-23T1600,10.0,F5,282
1476,2022-06-23T1900,9.0,F3,288
1477,2022-06-24T0700,19.0,F5,319
1478,2022-06-24T1200,9.0,F3,183
1479,2022-06-24T1500,27.0,F5,209
1480,2022-06-24T2100,15.0,F0,115
1481,2022-06-25T0000,26.0,F0,124
1482,2022-06-25T0100,18.0,F0,110
1483,2022-06-25T0200,14.0,F0,61
1484,2022-06-25T0700,9.0,F0,35
1485,2022-06-25T1100,23.0,F0,79
1486,2022-06-25T2100,11.0,F5,167
1487,2022-06-26T0900,4.0,F6,203
1488,2022-06-26T1100,9.0,F6,267
1489,2022-06-26T1300,11.0,F0,182
1490,2022-06-27T0700,14.0,F5,194
1491,2022-06-27T1300,18.0,F6,259
1492,2022-06-28T0500,19.0,F5,446
1493,2022-06-28T1600,5.0,F6,313
1494,2022-06-29T1300,22.0,F5,556
1495,2022-06-30T0600,9.0,F6,469
1496,2022-06-30T2300,20.0,F1,633
1497,2022-07-01T1000,2.0,F3,426
1498,2022-07-01T1700,17.0,F3,348
1499,2022-07-01T2300,14.0,F0,256
1500,2022-07-02T1000,23.0,F5,281
1501,2022-07-03T0500,15.0,F0,236
1502,2022-07-03T1600,14.0,F0,407
1503,2022-07-04T0200,2.0,F0,409
1504,2022-07-04T0900,18.0,F6,264
1505,2022-07-05T0800,10.0,F5,393
1506,2022-07-05T1900,2.0,F3,420
1507,2022-07-06T0200,15.0,F6,422
1508,2022-07-06T0900,27.0,F0,230
1509,2022-07-06T1000,26.0,F0,172
1510,2022-07-06T1600,15.0,F0,121
1511,2022-07-07T0400,10.0,F5,169
1512,2022-07-07T1400,9.0,F6,238
1513,2022-07-08T0700,19.0,F1,401
1514,2022-07-09T1700,8.0,F3,393
1515,2022-07-09T2200,17.0,F6,618
1516,2022-07-11T1000,10.0,F7,854
1517,2022-07-11T2200,9.0,F3,534
1518,2022-07-12T1200,22.0,F5,716
1519,2022-07-12T2000,9.0,F6,331
1520,2022-07-13T0200,26.0,F0,288
1521,2022-07-14T0800,19.0,F5,447
1522,2022-07-14T1500,9.0,F6,486
1523,2022-07-15T0400,10.0,F5,498
1524,2022-07-15T0500,8.0,F3,251
1525,2022-07-15T0600,10.0,F0,185
1526,2022-07-15T0700,18.0,F0,37
1527,2022-07-15T1500,10.0,F5,97
1528,2022-07-15T1900,6.0,F6,125
1529,2022-07-15T2000,27.0,F0,161
1530,2022-07-16T1400,10.0,F5,187
1531,2022-07-17T1000,10.0,F6,434
1532,2022-07-18T0300,2.0,F6,619
1533,2022-07-18T1800,10.0,F1,599
1534,2022-07-19T1300,9.0,F3,405
1535,2022-07-20T0300,19.0,F5,515
1536,2022-07-20T0600,9.0,F3,397
1537,2022-07-20T0700,24.0,F0,218
1538,2022-07-20T1400,6.0,F0,72
1539,2022-07-20T1600,23.0,F0,115
1540,2022-07-21T1700,10.0,F5,378
1541,2022-07-22T1700,8.0,F3,574
1542,2022-07-23T2100,19.0,F5,885
1543,2022-07-24T2300,4.0,F6,932
1544,2022-07-25T1600,10.0,F5,833
1545,2022-07-25T2300,9.0,F3,572
1546,2022-07-26T1100,22.0,F5,338
1547,2022-07-28T0800,10.0,F5,705
1548,2022-07-28T1600,9.0,F3,738
1549,2022-07-29T0000,26.0,F5,691
1550,2022-07-30T1200,15.0,F0,349
1551,2022-07-30T2000,23.0,F0,541
1552,2022-07-31T1500,26.0,F6,554
1553,2022-07-31T2200,15.0,F6,362
1554,2022-08-01T1400,23.0,F5,469
1555,2022-08-01T1700,9.0,F6,278
1556,2022-08-01T2200,23.0,F0,248
1557,2022-08-02T0300,15.0,F0,123
1558,2022-08-02T1100,26.0,F0,198
1559,2022-08-02T1200,18.0,F0,164
1560,2022-08-02T1300,13.0,F0,119
1561,2022-08-03T0100,11.0,F5,68
1562,2022-08-03T0600,18.0,F6,157
1563,2022-08-03T2200,20.0,F7,279
1564,2022-08-05T0100,10.0,F5,494
1565,2022-08-05T1600,1.0,F6,650
1566,2022-08-05T2200,9.0,F6,539
1567,2022-08-06T0800,23.0,F0,285
1568,2022-08-07T1100,10.0,F0,395
1569,2022-08-08T1800,10.0,F5,745
1570,2022-08-10T0600,1.0,F6,1064
1571,2022-08-11T1400,1.0,F6,1170
1572,2022-08-12T1600,4.0,F3,1075
1573,2022-08-13T1000,1.0,F6,867
1574,2022-08-14T0600,8.0,F6,548
1575,2022-08-14T1100,23.0,F0,478
1576,2022-08-15T0100,14.0,F5,384
1577,2022-08-15T0700,15.0,F6,255
1578,2022-08-16T0000,26.0,F5,434
1579,2022-08-16T1400,18.0,F0,294
1580,2022-08-16T1900,23.0,F0,384
1581,2022-08-17T0900,11.0,F5,368
1582,2022-08-18T0100,13.0,F5,360
1583,2022-08-18T1800,9.0,F6,496
1584,2022-08-18T2000,27.0,F0,396
1585,2022-08-18T2300,27.0,F0,235
1586,2022-08-19T2000,19.0,F1,151
1587,2022-08-19T2100,8.0,F2,288
1588,2022-08-20T0100,19.0,F7,299
1589,2022-08-22T0200,10.0,F5,586
1590,2022-08-22T2300,5.0,F6,711
1591,2022-08-23T0500,6.0,F6,857
1592,2022-08-23T0700,11.0,F0,338
1593,2022-08-24T0000,10.0,F5,182
1594,2022-08-24T1200,2.0,F6,262
1595,2022-08-24T2300,14.0,F6,398
1596,2022-08-25T0600,18.0,F0,291
1597,2022-08-25T1500,23.0,F0,241
1598,2022-08-26T1300,14.0,F5,433
1599,2022-08-26T1400,18.0,F6,372
1600,2022-08-27T0800,19.0,F7,458
1601,2022-08-28T2300,9.0,F3,233
1602,2022-08-29T0600,23.0,F7,695
1603,2022-08-30T1200,10.0,F5,858
1604,2022-08-31T0100,1.0,F6,501
1605,2022-08-31T1400,5.0,F6,578
1606,2022-09-01T2000,1.0,F6,634
1607,2022-09-02T1700,2.0,F6,740
1608,2022-09-03T2200,4.0,F6,926
1609,2022-09-04T0700,9.0,F6,626
1610,2022-09-04T0900,27.0,F0,468
1611,2022-09-05T0500,20.0,F5,312
1612,2022-09-05T1500,14.0,F0,332
1613,2022-09-05T1900,18.0,F0,364
1614,2022-09-05T2200,27.0,F0,179
1615,2022-09-06T0500,20.0,F0,120
1616,2022-09-06T0600,18.0,F0,124
1617,2022-09-06T1300,20.0,F5,131
1618,2022-09-07T0800,10.0,F1,256
1619,2022-09-08T1200,4.0,F3,468
1620,2022-09-08T2000,5.0,F6,578
1621,2022-09-09T2100,19.0,F1,686
1622,2022-09-10T2200,9.0,F2,599
1623,2022-09-11T0000,26.0,F0,608
1624,2022-09-12T0100,27.0,F5,402
1625,2022-09-12T2200,10.0,F5,554
1626,2022-09-13T1100,9.0,F3,602
1627,2022-09-13T1200,27.0,F0,425
1628,2022-09-14T0400,19.0,F1,284
1629,2022-09-15T1400,9.0,F2,262
1630,2022-09-16T0200,22.0,F5,615
1631,2022-09-16T1600,9.0,F6,669
1632,2022-09-16T2000,24.0,F0,325
1633,2022-09-18T0100,10.0,F5,459
1634,2022-09-19T1200,10.0,F5,752
1635,2022-09-20T0800,4.0,F3,880
1636,2022-09-21T0300,1.0,F3,779
1637,2022-09-21T2100,18.0,F6,648
1638,2022-09-22T0700,23.0,F0,459
1639,2022-09-23T0700,13.0,F5,529
1640,2022-09-23T2200,2.0,F6,497
1641,2022-09-24T1000,14.0,F6,483
1642,2022-09-24T1200,27.0,F0,332
1643,2022-09-24T2100,24.0,F0,181
1644,2022-09-25T0700,11.0,F0,153
1645,2022-09-25T1400,6.0,F6,285
1646,2022-09-26T0800,24.0,F5,300
1647,2022-09-27T1500,10.0,F1,640
1648,2022-09-28T1100,1.0,F3,728
1649,2022-09-29T0600,4.0,F3,737
1650,2022-09-29T2000,2.0,F3,567
1651,2022-09-30T0500,17.0,F0,451
1652,2022-09-30T0700,18.0,F0,296
1653,2022-09-30T1100,20.0,F0,140
1654,2022-09-30T1400,18.0,F0,90
1655,2022-09-30T2000,20.0,F0,98
1656,2022-10-01T2200,26.0,F5,293
1657,2022-10-02T1000,18.0,F6,474
1658,2022-10-02T1800,20.0,F0,460
1659,2022-10-02T2300,18.0,F0,253
1660,2022-10-03T0100,23.0,F0,157
1661,2022-10-03T0400,14.0,F0,93
1662,2022-10-03T0500,15.0,F0,74
1663,2022-10-05T0100,10.0,F1,525
1664,2022-10-06T0000,8.0,F3,700
1665,2022-10-06T0700,14.0,F0,855
1666,2022-10-07T0900,22.0,F5,641
1667,2022-10-07T1200,18.0,F6,437
1668,2022-10-08T0000,10.0,F5,402
1669,2022-10-08T2100,9.0,F6,184
1670,2022-10-09T0100,26.0,F7,404
1671,2022-10-09T2300,14.0,F0,423
1672,2022-10-10T0000,27.0,F0,312
1673,2022-10-10T0500,24.0,F0,298
1674,2022-10-11T0800,10.0,F5,302
1675,2022-10-13T0200,8.0,F6,437
1676,2022-10-13T1700,11.0,F5,954
1677,2022-10-14T1000,13.0,F0,791
1678,2022-10-15T1200,1.0,F6,659
1679,2022-10-17T0300,8.0,F3,900
1680,2022-10-17T0400,17.0,F0,782
1681,2022-10-17T2300,19.0,F5,596
1682,2022-10-18T0000,9.0,F6,253
1683,2022-10-18T0100,23.0,F0,254
1684,2022-10-18T0700,6.0,F0,46
1685,2022-10-18T0800,27.0,F0,95
1686,2022-10-19T1500,10.0,F5,441
1687,2022-10-20T0000,9.0,F6,395
1688,2022-10-20T0400,23.0,F0,489
1689,2022-10-20T1800,11.0,F5,280
1690,2022-10-21T1500,14.0,F0,434
1691,2022-10-22T0900,13.0,F0,477
1692,2022-10-22T1100,8.0,F6,479
1693,2022-10-22T1700,23.0,F0,267
1694,2022-10-22T2100,14.0,F0,110
1695,2022-10-22T2200,27.0,F0,120
1696,2022-10-23T1700,27.0,F5,233
1697,2022-10-24T0300,10.0,F5,306
1698,2022-10-25T1300,5.0,F6,485
1699,2022-10-26T0600,10.0,F5,606
1700,2022-10-26T0800,9.0,F3,616
1701,2022-10-26T1800,19.0,F5,308
1702,2022-10-28T1300,1.0,F5,654
1703,2022-10-29T1300,1.0,F6,892
1704,2022-10-29T1500,9.0,F6,809
1705,2022-10-29T1700,26.0,F0,324
1706,2022-10-31T0900,10.0,F5,449
1707,2022-10-31T1400,6.0,F6,516
1708,2022-10-31T2300,27.0,F0,547
1709,2022-11-01T1400,24.0,F5,297
1710,2022-11-01T2300,27.0,F0,290
1711,2022-11-02T0700,24.0,F7,360
1712,2022-11-02T0800,23.0,F0,207
1713,2022-11-02T0900,13.0,F0,120
1714,2022-11-02T1600,5.0,F0,37
1715,2022-11-02T1900,15.0,F0,126
1716,2022-11-03T0400,14.0,F0,149
1717,2022-11-03T1100,9.0,F6,148
1718,2022-11-03T1500,23.0,F7,214
1719,2022-11-05T0800,19.0,F5,537
1720,2022-11-07T1700,4.0,F3,1116
1721,2022-11-07T2200,9.0,F6,1207
1722,2022-11-08T1600,19.0,F1,953
1723,2022-11-08T1800,6.0,F3,284
1724,2022-11-09T0500,22.0,F1,258
1725,2022-11-09T1000,9.0,F3,165
1726,2022-11-10T0300,19.0,F1,337
1727,2022-11-11T0300,1.0,F3,479
1728,2022-11-12T0300,8.0,F2,630
1729,2022-11-12T0400,17.0,F6,589
1730,2022-11-12T0800,19.0,F5,321
1731,2022-11-13T0600,15.0,F6,146
1732,2022-11-14T0700,11.0,F5,580
1733,2022-11-14T1900,15.0,F6,641
1734,2022-11-15T0100,14.0,F0,455
1735,2022-11-15T1800,13.0,F5,366
1736,2022-11-16T2300,1.0,F6,537
1737,2022-11-18T0800,5.0,F6,864
1738,2022-11-19T1100,17.0,F0,868
1739,2022-11-20T0800,14.0,F0,858
1740,2022-11-21T1200,10.0,F5,809
1741,2022-11-21T1900,9.0,F3,604
1742,2022-11-22T0200,23.0,F5,454
1743,2022-11-23T1300,10.0,F5,562
1744,2022-11-24T0100,9.0,F3,551
1745,2022-11-24T0700,23.0,F0,576
1746,2022-11-25T1200,10.0,F5,492
1747,2022-11-26T1100,5.0,F6,580
1748,2022-11-27T0400,11.0,F0,765
1749,2022-11-27T2300,18.0,F0,488
1750,2022-11-28T1400,10.0,F0,468
1751,2022-11-28T1500,8.0,F6,415
1752,2022-11-28T1600,18.0,F0,208
1753,2022-11-29T1500,10.0,F5,226
1754,2022-11-29T2200,9.0,F6,289
1755,2022-11-29T2300,26.0,F7,372
1756,2022-11-30T0000,18.0,F0,106
1757,2022-11-30T1200,10.0,F5,52
1758,2022-11-30T2000,9.0,F6,234
1759,2022-12-01T0400,26.0,F0,275
1760,2022-12-02T1000,13.0,F5,396
1761,2022-12-02T1400,17.0,F6,494
1762,2022-12-02T1900,27.0,F0,409
1763,2022-12-03T0600,20.0,F7,168
1764,2022-12-04T0200,14.0,F0,391
1765,2022-12-04T1200,14.0,F0,409
1766,2022-12-04T1500,27.0,F0,382
1767,2022-12-05T1200,19.0,F5,323
1768,2022-12-06T0800,1.0,F6,378
1769,2022-12-06T1000,8.0,F6,503
1770,2022-12-06T1100,26.0,F0,280
1771,2022-12-07T0700,24.0,F0,200
1772,2022-12-07T2100,22.0,F0,265
1773,2022-12-09T0700,10.0,F5,685
1774,2022-12-10T1500,8.0,F6,745
1775,2022-12-10T2000,17.0,F0,804
1776,2022-12-11T0500,14.0,F0,489
1777,2022-12-11T1300,17.0,F0,181
1778,2022-12-11T1800,15.0,F0,213
1779,2022-12-11T2000,24.0,F0,168
1780,2022-12-12T1100,19.0,F5,167
1781,2022-12-14T0100,10.0,F5,522
1782,2022-12-14T1500,9.0,F3,691
1783,2022-12-14T1900,27.0,F5,672
1784,2022-12-16T0200,10.0,F5,544
1785,2022-12-16T0900,9.0,F6,490
1786,2022-12-17T0400,19.0,F5,630
1787,2022-12-19T0400,8.0,F6,823
1788,2022-12-19T0800,18.0,F0,804
1789,2022-12-19T1300,23.0,F7,651
1790,2022-12-20T0200,14.0,F5,222
1791,2022-12-21T0000,13.0,F0,378
1792,2022-12-22T0200,8.0,F6,599
1793,2022-12-22T1300,9.0,F0,667
1794,2022-12-22T2100,11.0,F0,504
1795,2022-12-23T1400,17.0,F5,426
1796,2022-12-24T1500,17.0,F0,307
1797,2022-12-24T2100,26.0,F5,554
1798,2022-12-25T0100,14.0,F0,396
1799,2022-12-25T0200,27.0,F0,126
1800,2022-12-25T2300,11.0,F5,210
1801,2022-12-26T1300,14.0,F0,324
1802,2022-12-26T2300,18.0,F0,454
1803,2022-12-27T0800,11.0,F0,300
1804,2022-12-28T0900,10.0,F5,458
1805,2022-12-28T2100,6.0,F6,480
1806,2022-12-29T0400,26.0,F0,449
1807,2022-12-30T0500,14.0,F5,356
1808,2022-12-30T1600,10.0,F0,501
1809,2022-12-31T0900,17.0,F0,492
1810,2022-12-31T1000,26.0,F0,337
1811,2022-12-31T2000,19.0,F7,269
1812,2023-01-01T1100,17.0,F0,166
1813,2023-01-02T1700,10.0,F5,543
1814,2023-01-02T2100,9.0,F0,540
1815,2023-01-02T2200,27.0,F0,419
1816,2023-01-04T0100,10.0,F5,297
1817,2023-01-04T1600,10.0,F0,424
1818,2023-01-04T1700,8.0,F6,505
1819,2023-01-04T2000,27.0,F5,216
1820,2023-01-05T1900,26.0,F5,264
1821,2023-01-06T0100,26.0,F0,322
1822,2023-01-06T1600,14.0,F5,498
1823,2023-01-07T0800,13.0,F0,303
1824,2023-01-08T1500,9.0,F6,445
1825,2023-01-08T1700,24.0,F0,575
1826,2023-01-08T2100,27.0,F0,396
1827,2023-01-09T2000,19.0,F5,327
1828,2023-01-10T1500,8.0,F6,362
1829,2023-01-11T0400,22.0,F5,625
1830,2023-01-11T1900,9.0,F6,526
1831,2023-01-12T1400,19.0,F5,429
1832,2023-01-12T1700,9.0,F3,418
1833,2023-01-13T0300,10.0,F5,312
1834,2023-01-13T1700,9.0,F3,191
1835,2023-01-14T1000,19.0,F1,380
1836,2023-01-16T0100,9.0,F2,376
1837,2023-01-16T0800,24.0,F7,688
1838,2023-01-16T1800,15.0,F5,638
1839,2023-01-17T0100,14.0,F7,234
1840,2023-01-17T1200,18.0,F0,206
1841,2023-01-17T1600,23.0,F7,244
1842,2023-01-17T1800,27.0,F0,182
1843,2023-01-17T2200,23.0,F0,82
1844,2023-01-18T1300,18.0,F0,205
1845,2023-01-18T1500,18.0,F0,244
1846,2023-01-19T0600,10.0,F5,224
1847,2023-01-20T0600,8.0,F3,450
1848,2023-01-20T1300,17.0,F0,483
1849,2023-01-21T1300,19.0,F1,627
1850,2023-01-23T0900,8.0,F2,754
1851,2023-01-24T0900,14.0,F6,928
1852,2023-01-24T2000,5.0,F6,882
1853,2023-01-24T2100,27.0,F0,432
1854,2023-01-25T1200,19.0,F5,197
1855,2023-01-25T1400,9.0,F6,194
1856,2023-01-25T1600,23.0,F0,216
1857,2023-01-26T0800,19.0,F5,121
1858,2023-01-27T0700,17.0,F6,427
1859,2023-01-27T1300,17.0,F0,480
1860,2023-01-27T1400,27.0,F0,364
1861,2023-01-28T0400,10.0,F5,157
1862,2023-01-28T1900,8.0,F6,292
1863,2023-01-28T2000,8.0,F0,359
1864,2023-01-28T2300,2.0,F0,204
1865,2023-01-30T0100,10.0,F5,297
1866,2023-01-31T0600,1.0,F6,608
1867,2023-02-01T0700,4.0,F3,862
1868,2023-02-01T1900,9.0,F6,798
1869,2023-02-02T0800,19.0,F5,514
1870,2023-02-03T1500,5.0,F3,665
1871,2023-02-03T1900,18.0,F6,546
1872,2023-02-04T0200,26.0,F0,432
1873,2023-02-04T0300,17.0,F0,142
1874,2023-02-04T0900,10.0,F5,134
1875,2023-02-04T2300,11.0,F0,136
1876,2023-02-05T0600,14.0,F0,263
1877,2023-02-05T1200,18.0,F0,259
1878,2023-02-06T0800,19.0,F5,365
1879,2023-02-07T0000,5.0,F6,411
1880,2023-02-07T0400,27.0,F0,432
1881,2023-02-08T0700,19.0,F5,494
1882,2023-02-09T1200,10.0,F6,625
1883,2023-02-09T1600,9.0,F6,703
1884,2023-02-10T0700,19.0,F5,559
1885,2023-02-12T2100,8.0,F3,919
1886,2023-02-13T2000,10.0,F0,1175
1887,2023-02-15T0200,1.0,F6,1250
1888,2023-02-15T1100,9.0,F6,645
1889,2023-02-16T0900,19.0,F1,628
1890,2023-02-17T1500,5.0,F2,552
1891,2023-02-18T0800,1.0,F6,688
1892,2023-02-19T1500,9.0,F6,600
1893,2023-02-19T1700,24.0,F0,591
1894,2023-02-20T0600,10.0,F5,495
1895,2023-02-20T2100,13.0,F0,288
1896,2023-02-21T0300,9.0,F6,352
1897,2023-02-21T0400,26.0,F0,258
1898,2023-02-21T0500,5.0,F0,92
1899,2023-02-21T0800,18.0,F5,65
1900,2023-02-22T1100,10.0,F5,270
1901,2023-02-22T1500,9.0,F3,376
1902,2023-02-22T2200,24.0,F5,394
1903,2023-02-23T1100,11.0,F5,192
1904,2023-02-24T0100,4.0,F6,253
1905,2023-02-24T1300,9.0,F6,326
1906,2023-02-25T0400,19.0,F7,391
1907,2023-02-27T0500,4.0,F3,810
1908,2023-02-27T1400,9.0,F6,818
1909,2023-02-27T1600,27.0,F0,709
1910,2023-02-28T1200,23.0,F5,181
1911,2023-02-28T2000,6.0,F6,313
1912,2023-03-01T0300,27.0,F0,356
1913,2023-03-01T1700,19.0,F5,250
1914,2023-03-02T1900,4.0,F6,506
1915,2023-03-03T0100,18.0,F6,501
1916,2023-03-03T1400,19.0,F0,390
1917,2023-03-06T0100,8.0,F3,651
1918,2023-03-06T1300,26.0,F0,877
1919,2023-03-06T2000,14.0,F0,886
1920,2023-03-07T0200,18.0,F0,240
1921,2023-03-07T0700,27.0,F0,169
1922,2023-03-08T1100,19.0,F5,404
1923,2023-03-08T2200,9.0,F6,446
1924,2023-03-09T1300,22.0,F5,621
1925,2023-03-09T1600,6.0,F6,327
1926,2023-03-10T1100,10.0,F1,441
1927,2023-03-11T1200,4.0,F2,440
1928,2023-03-11T1400,8.0,F3,537
1929,2023-03-12T1300,10.0,F5,442
1930,2023-03-12T1700,9.0,F6,324
1931,2023-03-13T0900,19.0,F1,417
1932,2023-03-13T1400,9.0,F2,247
1933,2023-03-14T0200,19.0,F1,265
1934,2023-03-14T1200,9.0,F2,278
1935,2023-03-14T1800,20.0,F0,276
1936,2023-03-16T0600,1.0,F5,468
1937,2023-03-17T1700,1.0,F6,863
1938,2023-03-17T1900,9.0,F3,866
1939,2023-03-17T2000,25.0,F0,460
1940,2023-03-17T2100,18.0,F0,44
1941,2023-03-18T0400,19.0,F5,45
1942,2023-03-19T1300,5.0,F6,246
1943,2023-03-20T0200,14.0,F0,566
1944,2023-03-20T0800,6.0,F6,574
1945,2023-03-20T1400,26.0,F0,240
1946,2023-03-21T1100,24.0,F5,350
1947,2023-03-21T2200,17.0,F6,391
1948,2023-03-21T2300,26.0,F0,391
1949,2023-03-22T0000,23.0,F0,155
1950,2023-03-22T0400,15.0,F0,32
1951,2023-03-22T0800,27.0,F0,79
1952,2023-03-22T1300,27.0,F0,111
1953,2023-03-22T1900,27.0,F5,168
1954,2023-03-23T0600,22.0,F0,144
1955,2023-03-24T0400,22.0,F6,315
1956,2023-03-25T0900,1.0,F6,607
1957,2023-03-25T1900,9.0,F6,693
1958,2023-03-25T2200,17.0,F0,474
1959,2023-03-27T0200,19.0,F5,347
1960,2023-03-28T0500,10.0,F6,530
1961,2023-03-29T1800,1.0,F6,991
1962,2023-03-31T1300,8.0,F3,1220
1963,2023-04-01T0700,13.0,F0,1116
1964,2023-04-01T2200,8.0,F6,828
1965,2023-04-02T0000,27.0,F0,412
1966,2023-04-02T0600,26.0,F0,217
1967,2023-04-02T0700,27.0,F0,106
1968,2023-04-03T0800,11.0,F5,309
1969,2023-04-03T2000,6.0,F6,342
1970,2023-04-04T0500,14.0,F0,456
1971,2023-04-05T1100,13.0,F5,511
1972,2023-04-06T1500,1.0,F6,751
1973,2023-04-07T0700,8.0,F6,704
1974,2023-04-07T1500,26.0,F0,539
1975,2023-04-08T1600,10.0,F0,467
1976,2023-04-09T0100,15.0,F0,430
1977,2023-04-09T0600,27.0,F0,418
1978,2023-04-09T1800,23.0,F0,201
1979,2023-04-10T0900,10.0,F0,253
1980,2023-04-10T1600,18.0,F6,383
1981,2023-04-11T1000,19.0,F1,385
1982,2023-04-13T0200,8.0,F3,650
1983,2023-04-13T2100,22.0,F0,853
1984,2023-04-14T0000,18.0,F0,708
1985,2023-04-14T1200,19.0,F7,346
1986,2023-04-15T0900,1.0,F6,238
1987,2023-04-15T1400,8.0,F6,408
1988,2023-04-16T0500,23.0,F5,446
1989,2023-04-16T1200,17.0,F0,271
1990,2023-04-16T1400,27.0,F0,286
1991,2023-04-17T0000,27.0,F5,168
1992,2023-04-17T2200,10.0,F5,306
1993,2023-04-19T0200,1.0,F6,556
1994,2023-04-20T0600,1.0,F6,901
1995,2023-04-20T1600,9.0,F3,675
1996,2023-04-21T0100,22.0,F5,498
1997,2023-04-21T1900,18.0,F0,265
1998,2023-04-22T0500,22.0,F5,367
1999,2023-04-23T1400,1.0,F6,547
2000,2023-04-23T2300,5.0,F6,531
2001,2023-04-24T0700,15.0,F0,531
2002,2023-04-24T2100,23.0,F5,324
2003,2023-04-25T0700,18.0,F0,304
2004,2023-04-25T0800,24.0,F0,304
2005,2023-04-25T0900,4.0,F0,144
2006,2023-04-25T1100,4.0,F0,30
2007,2023-04-25T1400,14.0,F0,51
2008,2023-04-25T1500,17.0,F0,67
2009,2023-04-26T1900,10.0,F1,306
2010,2023-04-27T1700,1.0,F3,360
2011,2023-04-28T0200,17.0,F6,621
2012,2023-04-28T2200,4.0,F6,514
2013,2023-04-29T0000,17.0,F6,357
2014,2023-04-29T0200,24.0,F0,274
2015,2023-04-29T0900,14.0,F0,77
2016,2023-04-30T0500,14.0,F5,210
2017,2023-04-30T2200,10.0,F0,452
2018,2023-05-02T0100,10.0,F5,719
2019,2023-05-03T0500,4.0,F3,746
2020,2023-05-03T0700,8.0,F6,675
2021,2023-05-03T1000,26.0,F0,379
2022,2023-05-03T2100,15.0,F5,118
2023,2023-05-04T1200,10.0,F5,331
2024,2023-05-05T0100,6.0,F6,331
2025,2023-05-05T0900,13.0,F6,348
2026,2023-05-05T1400,18.0,F6,294
2027,2023-05-06T0300,19.0,F5,283
2028,2023-05-07T0000,10.0,F0,360
2029,2023-05-07T2200,8.0,F6,425
2030,2023-05-08T1600,19.0,F5,647
2031,2023-05-08T1700,9.0,F3,480
2032,2023-05-08T2200,19.0,F5,266
2033,2023-05-10T0900,5.0,F6,400
2034,2023-05-10T1100,18.0,F0,497
2035,2023-05-10T1800,23.0,F5,468
2036,2023-05-12T1300,19.0,F5,542
2037,2023-05-13T1800,7.0,F6,957
2038,2023-05-13T1900,8.0,F6,875
2039,2023-05-13T2300,11.0,F0,364
2040,2023-05-14T1300,14.0,F0,80
2041,2023-05-14T2100,14.0,F0,241
2042,2023-05-15T0100,18.0,F0,303
2043,2023-05-15T1500,10.0,F5,210
2044,2023-05-15T1600,8.0,F6,217
2045,2023-05-15T1800,11.0,F0,195
2046,2023-05-16T2300,10.0,F5,125
2047,2023-05-17T0700,9.0,F6,403
2048,2023-05-17T1700,14.0,F5,535
2049,2023-05-18T1200,13.0,F0,268
2050,2023-05-19T0500,1.0,F6,419
2051,2023-05-21T0700,4.0,F6,957
2052,2023-05-22T0600,10.0,F0,1014
2053,2023-05-23T1500,1.0,F6,1157
2054,2023-05-24T2300,1.0,F6,960
2055,2023-05-25T0100,9.0,F6,793
2056,2023-05-25T0300,23.0,F0,413
2057,2023-05-27T0000,10.0,F7,475
2058,2023-05-27T2200,8.0,F6,731
2059,2023-05-28T1200,19.0,F5,963
2060,2023-05-28T1700,9.0,F6,439
2061,2023-05-29T0700,19.0,F5,316
2062,2023-05-30T0900,5.0,F6,349
2063,2023-05-30T1400,6.0,F6,515
2064,2023-05-31T1900,10.0,F5,663
2065,2023-06-01T0300,9.0,F6,470
2066,2023-06-01T0800,27.0,F0,444
2067,2023-06-02T1400,22.0,F5,500
2068,2023-06-02T1500,18.0,F0,422
2069,2023-06-03T0200,19.0,F5,428
2070,2023-06-03T1500,18.0,F0,175
2071,2023-06-03T1700,20.0,F0,299
2072,2023-06-04T0700,10.0,F0,230
2073,2023-06-04T2300,14.0,F5,375
2074,2023-06-06T0300,10.0,F1,564
2075,2023-06-07T0600,1.0,F3,789
2076,2023-06-08T0600,4.0,F3,851
2077,2023-06-09T0000,5.0,F6,730
2078,2023-06-09T0800,18.0,F0,532
2079,2023-06-09T1500,14.0,F0,376
2080,2023-06-10T1700,10.0,F5,492
2081,2023-06-12T0200,5.0,F3,722
2082,2023-06-12T0900,8.0,F6,713
2083,2023-06-12T1300,18.0,F0,481
2084,2023-06-12T2100,23.0,F7,184
2085,2023-06-13T1400,14.0,F5,330
2086,2023-06-14T0100,14.0,F0,323
2087,2023-06-14T0500,18.0,F0,348
2088,2023-06-14T0900,20.0,F0,191
2089,2023-06-14T1900,18.0,F5,204
2090,2023-06-15T1100,19.0,F0,189
2091,2023-06-16T1300,1.0,F3,438
2092,2023-06-16T1500,9.0,F6,525
2093,2023-06-17T0300,19.0,F5,373
2094,2023-06-17T0500,9.0,F3,181
2095,2023-06-17T1100,22.0,F0,176
2096,2023-06-18T1800,8.0,F6,147
2097,2023-06-18T2000,27.0,F0,468
2098,2023-06-19T1200,13.0,F5,432
2099,2023-06-20T0800,10.0,F5,374
2100,2023-06-20T1600,9.0,F6,510
2101,2023-06-21T1000,19.0,F1,558
2102,2023-06-21T1400,9.0,F3,324
2103,2023-06-21T2300,19.0,F1,295
2104,2023-06-23T1400,8.0,F3,344
2105,2023-06-24T0000,10.0,F0,598
2106,2023-06-25T0300,8.0,F6,780
2107,2023-06-25T1000,14.0,F0,463
2108,2023-06-26T0700,13.0,F5,592
2109,2023-06-26T1000,18.0,F6,339
2110,2023-06-26T1100,26.0,F0,290
2111,2023-06-26T1700,24.0,F5,84
2112,2023-06-26T2300,27.0,F0,87
2113,2023-06-27T2200,19.0,F7,325
2114,2023-06-29T0300,1.0,F6,606
2115,2023-06-29T2100,1.0,F6,747
2116,2023-06-30T0300,9.0,F6,613
2117,2023-06-30T1300,27.0,F0,309
2118,2023-07-01T0600,10.0,F0,201
2119,2023-07-02T0100,17.0,F6,432
2120,2023-07-02T1400,8.0,F0,447
2121,2023-07-02T1500,17.0,F0,393
2122,2023-07-02T1600,11.0,F0,172
2123,2023-07-02T1700,17.0,F0,27
2124,2023-07-02T2000,14.0,F0,36
2125,2023-07-03T0900,17.0,F0,77
2126,2023-07-03T1500,18.0,F0,229
2127,2023-07-04T0400,19.0,F5,282
2128,2023-07-05T2000,10.0,F5,630
2129,2023-07-06T1400,2.0,F6,792
2130,2023-07-07T0900,26.0,F0,816
2131,2023-07-08T0600,4.0,F6,530
2132,2023-07-08T1600,8.0,F6,484
2133,2023-07-08T1900,18.0,F0,380
2134,2023-07-08T2300,24.0,F0,160
2135,2023-07-09T1800,23.0,F7,271
2136,2023-07-10T1000,13.0,F0,350
2137,2023-07-11T0400,10.0,F0,541
2138,2023-07-11T0600,9.0,F6,423
2139,2023-07-11T0800,10.0,F0,250
2140,2023-07-11T1600,18.0,F5,116
2141,2023-07-11T1800,27.0,F0,130
2142,2023-07-11T1900,23.0,F0,127
2143,2023-07-11T2100,1.0,F0,49
2144,2023-07-11T2300,9.0,F0,55
2145,2023-07-12T0000,24.0,F0,53
2146,2023-07-12T0500,15.0,F0,55
2147,2023-07-12T1300,26.0,F5,162
2148,2023-07-13T0800,10.0,F0,235
2149,2023-07-14T0600,10.0,F0,462
2150,2023-07-15T0700,1.0,F3,649
2151,2023-07-16T2300,8.0,F3,941
2152,2023-07-17T0300,14.0,F0,786
2153,2023-07-17T0900,18.0,F0,594
2154,2023-07-17T1400,14.0,F0,137
2155,2023-07-17T1500,27.0,F0,132
2156,2023-07-17T2300,19.0,F5,117
2157,2023-07-18T0600,18.0,F6,143
2158,2023-07-18T2300,22.0,F5,309
2159,2023-07-19T1400,5.0,F0,352
2160,2023-07-19T1800,6.0,F0,396
2161,2023-07-19T2200,27.0,F0,244
2162,2023-07-20T0100,27.0,F0,109
2163,2023-07-20T1400,24.0,F5,194
2164,2023-07-21T0300,10.0,F0,245
2165,2023-07-21T0900,9.0,F6,315
2166,2023-07-21T1100,26.0,F7,256
2167,2023-07-22T0600,19.0,F5,187
2168,2023-07-22T0700,18.0,F0,252
2169,2023-07-22T1100,23.0,F0,248
2170,2023-07-23T0300,13.0,F5,207
2171,2023-07-24T0100,11.0,F0,433
2172,2023-07-24T2200,10.0,F5,626
2173,2023-07-26T1100,8.0,F3,866
2174,2023-07-26T1200,17.0,F0,706
2175,2023-07-27T0600,10.0,F5,563
2176,2023-07-27T0900,9.0,F6,240
2177,2023-07-27T1300,14.0,F0,263
2178,2023-07-28T0400,10.0,F5,152
2179,2023-07-28T0500,9.0,F6,238
2180,2023-07-28T1000,10.0,F0,229
2181,2023-07-29T0700,10.0,F0,134
2182,2023-07-29T1900,8.0,F0,334
2183,2023-07-30T0300,5.0,F0,413
2184,2023-07-30T1400,24.0,F5,334
2185,2023-07-30T1900,15.0,F0,240
2186,2023-07-31T0000,15.0,F0,204
2187,2023-07-31T1400,14.0,F0,129
2188,2023-08-01T1500,13.0,F7,534
2189,2023-08-02T0900,1.0,F6,594
2190,2023-08-03T1000,7.0,F6,610
2191,2023-08-04T0200,5.0,F6,575
2192,2023-08-04T1300,17.0,F0,496
2193,2023-08-04T1800,27.0,F0,333
2194,2023-08-05T0800,22.0,F0,225
2195,2023-08-05T1200,17.0,F0,238
2196,2023-08-05T1400,24.0,F0,226
2197,2023-08-06T1300,11.0,F5,297
2198,2023-08-06T1700,27.0,F0,315
2199,2023-08-07T0700,23.0,F5,442
2200,2023-08-07T1900,24.0,F0,327
2201,2023-08-09T0200,19.0,F5,628
2202,2023-08-09T1200,9.0,F6,526
2203,2023-08-09T1300,26.0,F0,504
2204,2023-08-10T1300,10.0,F5,215
2205,2023-08-10T1500,8.0,F6,312
2206,2023-08-11T0000,26.0,F0,342
2207,2023-08-11T0200,18.0,F0,140
2208,2023-08-11T0500,14.0,F0,143
2209,2023-08-11T1700,18.0,F5,170
2210,2023-08-11T2000,27.0,F0,181
2211,2023-08-13T0400,23.0,F7,426
2212,2023-08-13T1800,14.0,F0,567
2213,2023-08-13T2200,15.0,F0,573
2214,2023-08-14T0400,23.0,F5,268
2215,2023-08-14T1900,23.0,F5,274
2216,2023-08-15T1400,27.0,F0,252
2217,2023-08-15T1500,24.0,F0,420
2218,2023-08-16T1000,10.0,F5,289
2219,2023-08-16T1300,9.0,F6,273
2220,2023-08-16T1700,20.0,F5,303
2221,2023-08-16T2000,15.0,F0,102
2222,2023-08-18T0800,10.0,F1,392
2223,2023-08-20T1600,8.0,F3,484
2224,2023-08-20T1700,26.0,F7,1114
2225,2023-08-21T0200,11.0,F0,729
2226,2023-08-21T1400,14.0,F0,218
2227,2023-08-21T1500,18.0,F0,253
2228,2023-08-21T1900,11.0,F0,161
2229,2023-08-22T0400,14.0,F0,90
2230,2023-08-22T0700,27.0,F0,173
2231,2023-08-22T0900,24.0,F0,152
2232,2023-08-23T0000,23.0,F5,209
2233,2023-08-23T1200,18.0,F0,207
2234,2023-08-23T1400,27.0,F7,338
2235,2023-08-24T0300,19.0,F5,237
2236,2023-08-25T0900,13.0,F6,355
2237,2023-08-25T1400,9.0,F6,579
2238,2023-08-25T1900,22.0,F0,431
2239,2023-08-26T2300,26.0,F5,207
2240,2023-08-27T0500,23.0,F0,427
2241,2023-08-27T2100,13.0,F5,519
2242,2023-08-28T1200,14.0,F0,411
2243,2023-08-28T2000,14.0,F0,377
2244,2023-08-28T2300,18.0,F0,298
2245,2023-08-29T0500,23.0,F0,159
2246,2023-08-29T1400,27.0,F0,175
2247,2023-08-30T0200,10.0,F5,209
2248,2023-09-01T0600,1.0,F3,769
2249,2023-09-01T1700,9.0,F3,843
2250,2023-09-01T2000,23.0,F0,764
2251,2023-09-03T1600,13.0,F7,655
2252,2023-09-03T1900,9.0,F6,571
2253,2023-09-04T0100,23.0,F0,586
2254,2023-09-04T0200,27.0,F0,115
2255,2023-09-04T0500,14.0,F0,100
2256,2023-09-04T0800,8.0,F0,60
2257,2023-09-04T0900,14.0,F0,79
2258,2023-09-05T0900,10.0,F5,265
2259,2023-09-06T0900,5.0,F6,375
2260,2023-09-06T2100,14.0,F0,673
2261,2023-09-07T1100,17.0,F0,516
2262,2023-09-07T1600,18.0,F0,348
2263,2023-09-08T0800,19.0,F5,292
2264,2023-09-09T0600,1.0,F6,277
2265,2023-09-10T0400,8.0,F6,582
2266,2023-09-10T0800,14.0,F0,532
2267,2023-09-10T0900,18.0,F0,321
2268,2023-09-10T2100,14.0,F5,188
2269,2023-09-11T0100,15.0,F0,174
2270,2023-09-11T0500,27.0,F0,204
2271,2023-09-11T1000,27.0,F0,108
2272,2023-09-12T0200,19.0,F5,228
2273,2023-09-12T2100,1.0,F5,426
2274,2023-09-13T1000,8.0,F3,457
2275,2023-09-13T1800,26.0,F0,462
2276,2023-09-14T0000,27.0,F0,264
2277,2023-09-14T0300,23.0,F0,181
2278,2023-09-14T1100,18.0,F0,142
2279,2023-09-14T2100,22.0,F5,223
2280,2023-09-15T2200,6.0,F6,429
2281,2023-09-16T0700,14.0,F0,433
2282,2023-09-16T1800,18.0,F0,444
2283,2023-09-16T1900,27.0,F0,241
2284,2023-09-16T2200,19.0,F0,153
2285,2023-09-17T0000,18.0,F0,61
2286,2023-09-17T0900,23.0,F0,71
2287,2023-09-17T1500,17.0,F0,165
2288,2023-09-18T0200,24.0,F5,294
2289,2023-09-18T1800,10.0,F5,335
2290,2023-09-19T0800,18.0,F6,332
2291,2023-09-19T2100,19.0,F0,380
2292,2023-09-20T0100,9.0,F6,329
2293,2023-09-20T0200,26.0,F0,216
2294,2023-09-20T1700,10.0,F5,108
2295,2023-09-20T1900,18.0,F6,210
2296,2023-09-21T2200,19.0,F5,430
2297,2023-09-24T0500,8.0,F6,470
2298,2023-09-24T0800,26.0,F0,992
2299,2023-09-24T1900,18.0,F5,817
2300,2023-09-25T1300,10.0,F5,232
2301,2023-09-26T1000,4.0,F6,435
2302,2023-09-27T0000,5.0,F6,537
2303,2023-09-27T1600,11.0,F0,564
2304,2023-09-28T0000,18.0,F0,385
2305,2023-09-29T0200,19.0,F5,485
2306,2023-09-30T1000,5.0,F6,553
2307,2023-09-30T1200,17.0,F0,711
2308,2023-09-30T1300,27.0,F0,422
2309,2023-09-30T2300,10.0,F0,69
2310,2023-10-01T0300,9.0,F0,150
2311,2023-10-01T1600,19.0,F5,254
2312,2023-10-01T2200,18.0,F0,252
2313,2023-10-02T1500,19.0,F5,420
2314,2023-10-03T2200,1.0,F6,625
2315,2023-10-05T0600,4.0,F3,897
2316,2023-10-05T1300,18.0,F6,775
2317,2023-10-05T1600,24.0,F0,484
2318,2023-10-06T0700,26.0,F0,136
2319,2023-10-06T1200,15.0,F0,258
2320,2023-10-06T1400,2.0,F0,252
2321,2023-10-07T0300,10.0,F5,175
2322,2023-10-08T0200,9.0,F6,383
2323,2023-10-08T0400,27.0,F0,437
2324,2023-10-08T2100,10.0,F5,411
2325,2023-10-09T0000,9.0,F6,235
2326,2023-10-09T0100,21.0,F0,252
2327,2023-10-09T0700,2.0,F0,60
2328,2023-10-09T1900,10.0,F5,200
2329,2023-10-10T1200,9.0,F6,376
2330,2023-10-10T2200,23.0,F0,431
2331,2023-10-11T0200,18.0,F0,362
2332,2023-10-11T1000,19.0,F0,192
2333,2023-10-11T1500,18.0,F6,149
2334,2023-10-11T2300,19.0,F5,189
2335,2023-10-12T1700,9.0,F6,202
2336,2023-10-12T1900,26.0,F0,318
2337,2023-10-13T1500,23.0,F5,456
2338,2023-10-13T1600,8.0,F0,274
2339,2023-10-13T1700,1.0,F0,258
2340,2023-10-13T2000,18.0,F0,30
2341,2023-10-14T0700,10.0,F0,60
2342,2023-10-14T1500,18.0,F0,171
2343,2023-10-14T1700,23.0,F7,241
2344,2023-10-15T0600,10.0,F0,173
2345,2023-10-15T1100,9.0,F0,217
2346,2023-10-15T1600,15.0,F0,240
2347,2023-10-17T0000,19.0,F1,378
2348,2023-10-18T0400,8.0,F3,493
2349,2023-10-18T0800,17.0,F0,731
2350,2023-10-19T0000,23.0,F5,463
2351,2023-10-19T0100,9.0,F6,253
2352,2023-10-19T0600,10.0,F0,212
2353,2023-10-20T1600,10.0,F7,416
2354,2023-10-21T1500,9.0,F3,481
2355,2023-10-21T2200,26.0,F5,720
2356,2023-10-22T2300,17.0,F5,476
2357,2023-10-24T1300,19.0,F1,668
2358,2023-10-25T1400,8.0,F2,787
2359,2023-10-25T2100,23.0,F6,782
2360,2023-10-27T0400,10.0,F5,622
2361,2023-10-27T1600,9.0,F6,491
2362,2023-10-28T0000,23.0,F0,529
2363,2023-10-28T2300,14.0,F5,376
2364,2023-10-29T0800,18.0,F6,432
2365,2023-10-30T0100,10.0,F5,499
2366,2023-10-30T1100,6.0,F6,391
2367,2023-10-30T1700,27.0,F0,342
2368,2023-10-31T1000,23.0,F0,195
2369,2023-10-31T1300,18.0,F0,298
2370,2023-10-31T1600,27.0,F0,253
2371,2023-11-01T0400,10.0,F5,136
2372,2023-11-01T1200,18.0,F0,204
2373,2023-11-01T1400,24.0,F0,256
2374,2023-11-01T1800,14.0,F0,131
2375,2023-11-02T0700,10.0,F5,177
2376,2023-11-03T1400,1.0,F6,531
2377,2023-11-04T1500,8.0,F6,721
2378,2023-11-04T1800,17.0,F0,675
2379,2023-11-04T1900,27.0,F0,348
2380,2023-11-04T2100,17.0,F0,60
2381,2023-11-05T1100,10.0,F5,119
2382,2023-11-06T0900,5.0,F6,322
2383,2023-11-06T1700,14.0,F0,451
2384,2023-11-07T1800,15.0,F5,590
2385,2023-11-08T0600,10.0,F0,431
2386,2023-11-08T1800,9.0,F6,556
2387,2023-11-09T1600,19.0,F1,538
2388,2023-11-10T1200,5.0,F3,415
2389,2023-11-11T0100,17.0,F5,633
2390,2023-11-12T0600,14.0,F5,650
2391,2023-11-12T1200,17.0,F6,517
2392,2023-11-12T1300,23.0,F0,432
2393,2023-11-12T2300,10.0,F0,108
2394,2023-11-13T0100,8.0,F0,136
2395,2023-11-13T0300,15.0,F0,147
2396,2023-11-14T0500,10.0,F7,311
2397,2023-11-14T1200,9.0,F6,383
2398,2023-11-14T1300,27.0,F0,404
2399,2023-11-14T1500,27.0,F5,117
2400,2023-11-15T0500,10.0,F5,82
2401,2023-11-16T0600,10.0,F6,419
2402,2023-11-17T0300,1.0,F3,632
2403,2023-11-17T1500,9.0,F3,674
2404,2023-11-17T1700,27.0,F0,415
2405,2023-11-18T0600,22.0,F0,168
2406,2023-11-18T0700,26.0,F0,193
2407,2023-11-19T0000,10.0,F5,278
2408,2023-11-19T0700,8.0,F6,234
2409,2023-11-19T1100,27.0,F0,305
2410,2023-11-19T1800,27.0,F0,136
2411,2023-11-20T0800,19.0,F5,200
2412,2023-11-20T1500,6.0,F6,326
2413,2023-11-20T1600,27.0,F0,264
2414,2023-11-20T1700,14.0,F0,113
2415,2023-11-20T2200,4.0,F0,54
2416,2023-11-22T0700,10.0,F5,384
2417,2023-11-23T1100,1.0,F6,630
2418,2023-11-24T0500,5.0,F6,791
2419,2023-11-24T2100,10.0,F5,680
2420,2023-11-26T2100,4.0,F6,932
2421,2023-11-27T0200,18.0,F0,782
2422,2023-11-27T2100,19.0,F5,804
2423,2023-11-29T0400,1.0,F0,560
2424,2023-11-29T0600,8.0,F6,606
2425,2023-11-29T1000,26.0,F5,442
2426,2023-11-30T0400,10.0,F0,135
2427,2023-11-30T0600,18.0,F6,267
2428,2023-11-30T2100,22.0,F5,336
2429,2023-11-30T2200,17.0,F0,218
2430,2023-11-30T2300,14.0,F0,204
2431,2023-12-01T0000,17.0,F0,36
2432,2023-12-01T0100,18.0,F0,30
2433,2023-12-01T2300,10.0,F5,211
2434,2023-12-02T1900,9.0,F6,290
2435,2023-12-03T0500,22.0,F0,506
2436,2023-12-03T2200,18.0,F6,361
2437,2023-12-04T1500,19.0,F7,480
2438,2023-12-05T1600,9.0,F3,414
2439,2023-12-06T0400,19.0,F7,581
2440,2023-12-08T0200,8.0,F3,797
2441,2023-12-08T0800,17.0,F0,723
2442,2023-12-08T1100,27.0,F0,652
2443,2023-12-09T0700,19.0,F7,233
2444,2023-12-10T0700,4.0,F6,474
2445,2023-12-10T0800,8.0,F6,540
2446,2023-12-10T1400,10.0,F0,323
2447,2023-12-11T0000,15.0,F0,169
2448,2023-12-12T0000,22.0,F5,218
2449,2023-12-12T1700,9.0,F3,513
2450,2023-12-12T2300,14.0,F6,504
2451,2023-12-13T0200,18.0,F0,283
2452,2023-12-13T0700,26.0,F0,113
2453,2023-12-14T0800,10.0,F5,278
2454,2023-12-16T0300,4.0,F3,426
2455,2023-12-16T2200,8.0,F6,979
2456,2023-12-17T1600,14.0,F0,943
2457,2023-12-17T2300,6.0,F6,458
2458,2023-12-18T1300,22.0,F5,439
2459,2023-12-19T1200,10.0,F5,408
2460,2023-12-20T0500,5.0,F3,515
2461,2023-12-20T2200,10.0,F6,602
2462,2023-12-21T1200,9.0,F6,465
2463,2023-12-21T1400,27.0,F0,395
2464,2023-12-22T0100,11.0,F0,204
2465,2023-12-22T0600,14.0,F0,222
2466,2023-12-22T2300,11.0,F5,293
2467,2023-12-23T0200,9.0,F6,267
2468,2023-12-23T1200,23.0,F0,265
2469,2023-12-24T0500,14.0,F5,350
2470,2023-12-24T1400,5.0,F0,392
2471,2023-12-24T1700,18.0,F0,314
2472,2023-12-25T0700,19.0,F5,207
2473,2023-12-26T0300,4.0,F6,276
2474,2023-12-26T2300,10.0,F5,583
2475,2023-12-28T0500,1.0,F6,787
2476,2023-12-29T0300,1.0,F6,840
2477,2023-12-29T1600,9.0,F6,764
2478,2023-12-30T0500,26.0,F5,496
2479,2023-12-30T0800,18.0,F6,326
2480,2023-12-30T1100,20.0,F0,212
2481,2023-12-31T0300,10.0,F5,150
2482,2023-12-31T0400,18.0,F6,232
2483,2023-12-31T0500,26.0,F0,210
2484,2023-12-31T0600,9.0,F0,36
2485,2023-12-31T2100,10.0,F5,69
2486,2024-01-01T0900,8.0,F6,214
2487,2024-01-02T1200,10.0,F5,613
2488,2024-01-04T0100,1.0,F3,758
2489,2024-01-05T0200,8.0,F3,1003
2490,2024-01-05T0900,18.0,F6,772
2491,2024-01-05T1000,27.0,F0,385
2492,2024-01-05T2100,14.0,F5,152
2493,2024-01-06T0500,18.0,F6,169
2494,2024-01-06T1500,17.0,F0,255
2495,2024-01-07T1000,13.0,F0,333
2496,2024-01-07T1100,18.0,F0,350
2497,2024-01-07T1600,20.0,F5,277
2498,2024-01-07T1900,18.0,F0,84
2499,2024-01-07T2000,26.0,F0,110
2500,2024-01-07T2100,5.0,F0,60
2501,2024-01-07T2200,18.0,F0,29
2502,2024-01-08T1000,11.0,F5,82
2503,2024-01-09T0500,10.0,F5,266
2504,2024-01-10T1700,5.0,F3,756
2505,2024-01-11T0600,1.0,F6,735
2506,2024-01-11T1000,18.0,F6,591
2507,2024-01-11T1700,20.0,F1,262
2508,2024-01-13T0600,22.0,F1,484
2509,2024-01-14T2000,8.0,F3,544
2510,2024-01-15T0400,20.0,F0,946
2511,2024-01-15T1500,27.0,F5,670
2512,2024-01-15T1700,27.0,F0,239
2513,2024-01-16T0000,20.0,F0,176
2514,2024-01-16T0300,27.0,F0,109
2515,2024-01-16T1400,23.0,F7,196
2516,2024-01-16T1500,15.0,F0,176
2517,2024-01-17T0100,13.0,F5,223
2518,2024-01-17T2100,4.0,F6,325
2519,2024-01-18T1100,9.0,F6,483
2520,2024-01-19T0600,19.0,F5,523
2521,2024-01-19T1600,9.0,F3,408
2522,2024-01-19T1700,27.0,F0,362
2523,2024-01-20T1400,10.0,F5,170
2524,2024-01-20T1900,8.0,F3,277
2525,2024-01-21T0500,20.0,F0,337
2526,2024-01-21T1000,15.0,F0,195
2527,2024-01-21T1600,27.0,F0,228
2528,2024-01-23T0400,19.0,F1,501
2529,2024-01-23T0900,9.0,F6,508
2530,2024-01-23T1600,23.0,F5,556
2531,2024-01-24T1800,10.0,F5,369
2532,2024-01-25T0000,8.0,F6,432
2533,2024-01-25T0100,17.0,F0,396
2534,2024-01-25T0700,11.0,F0,138
2535,2024-01-25T1200,15.0,F0,137
2536,2024-01-26T0200,11.0,F0,195
2537,2024-01-27T0100,10.0,F5,446
2538,2024-01-27T2200,8.0,F3,540
2539,2024-01-28T0000,27.0,F0,534
2540,2024-01-28T0300,24.0,F0,285
2541,2024-01-28T1200,10.0,F0,87
2542,2024-01-29T0400,10.0,F0,272
2543,2024-01-29T0700,18.0,F0,301
2544,2024-01-29T0900,24.0,F5,242
2545,2024-01-29T1300,15.0,F0,81
2546,2024-01-29T1500,27.0,F0,94
2547,2024-01-30T0700,10.0,F5,212
2548,2024-01-31T1500,5.0,F3,552
2549,2024-01-31T2100,6.0,F0,611
2550,2024-02-01T1200,22.0,F0,511
2551,2024-02-02T0900,1.0,F0,400
2552,2024-02-03T0000,8.0,F6,490
2553,2024-02-03T0600,26.0,F0,437
2554,2024-02-03T1700,14.0,F5,362
2555,2024-02-03T1800,14.0,F0,213
2556,2024-02-04T1100,10.0,F5,300
2557,2024-02-04T1800,9.0,F0,224
2558,2024-02-05T0500,23.0,F5,343
2559,2024-02-05T1600,14.0,F0,319
2560,2024-02-06T0300,27.0,F0,336
2561,2024-02-07T0100,22.0,F5,426
2562,2024-02-07T1300,14.0,F0,430
2563,2024-02-07T1400,17.0,F0,430
2564,2024-02-07T1500,13.0,F0,169
2565,2024-02-08T1100,10.0,F5,254
2566,2024-02-08T1400,8.0,F3,271
2567,2024-02-08T2200,22.0,F5,351
2568,2024-02-09T0200,18.0,F0,139
2569,2024-02-09T2100,19.0,F1,341
2570,2024-02-10T2000,8.0,F3,442
2571,2024-02-11T1000,13.0,F0,600
2572,2024-02-11T1100,9.0,F6,454
2573,2024-02-11T1300,24.0,F0,195
2574,2024-02-12T1400,15.0,F5,249
2575,2024-02-13T0400,10.0,F0,366
2576,2024-02-14T0000,5.0,F3,626
2577,2024-02-14T2200,13.0,F0,583
2578,2024-02-15T0000,9.0,F3,506
2579,2024-02-15T0100,20.0,F0,295
2580,2024-02-16T1100,2.0,F0,287
2581,2024-02-16T1500,27.0,F0,456
2582,2024-02-17T2100,20.0,F5,741
2583,2024-02-19T1300,13.0,F0,821
2584,2024-02-20T0700,1.0,F6,989
2585,2024-02-20T0900,9.0,F6,701
2586,2024-02-20T1000,27.0,F0,244
2587,2024-02-20T1600,12.0,F5,80
2588,2024-02-20T2100,23.0,F0,100
2589,2024-02-21T0500,26.0,F0,159
2590,2024-02-21T2100,13.0,F5,241
2591,2024-02-22T1300,2.0,F6,442
2592,2024-02-22T1800,6.0,F6,393
2593,2024-02-22T2300,27.0,F0,282
2594,2024-02-23T1700,22.0,F5,327
2595,2024-02-23T2200,9.0,F6,304
2596,2024-02-24T0400,23.0,F0,291
2597,2024-02-25T0900,10.0,F5,401
2598,2024-02-26T1400,2.0,F6,719
2599,2024-02-27T1400,10.0,F1,841
2600,2024-02-28T0800,9.0,F2,662
2601,2024-02-28T2100,19.0,F1,615
2602,2024-02-28T2300,18.0,F3,373
2603,2024-02-29T0000,23.0,F5,188
2604,2024-02-29T0600,6.0,F0,53
2605,2024-02-29T0800,23.0,F0,93
2606,2024-03-01T0900,19.0,F5,226
2607,2024-03-01T1500,18.0,F6,376
2608,2024-03-01T1800,24.0,F0,383
2609,2024-03-02T0200,14.0,F0,143
2610,2024-03-03T0400,17.0,F5,276
2611,2024-03-03T0700,18.0,F0,412
2612,2024-03-03T1200,27.0,F0,354
2613,2024-03-05T0400,10.0,F1,550
2614,2024-03-06T0500,1.0,F2,731
2615,2024-03-06T2200,8.0,F3,819
2616,2024-03-07T1000,8.0,F3,542
2617,2024-03-07T2300,23.0,F5,437
2618,2024-03-08T1100,18.0,F6,312
2619,2024-03-09T0000,25.0,F5,354
2620,2024-03-10T0100,18.0,F6,323
2621,2024-03-10T1400,19.0,F5,566
2622,2024-03-11T0700,15.0,F6,586
2623,2024-03-11T2300,13.0,F5,507
2624,2024-03-13T0200,2.0,F3,616
2625,2024-03-13T1400,17.0,F6,593
2626,2024-03-13T1800,18.0,F6,468
2627,2024-03-13T2200,23.0,F0,218
2628,2024-03-15T0000,10.0,F5,356
2629,2024-03-15T0200,18.0,F6,366
2630,2024-03-15T1400,10.0,F1,422
2631,2024-03-16T1100,8.0,F3,230
2632,2024-03-17T0500,10.0,F5,543
2633,2024-03-17T0600,9.0,F3,470
2634,2024-03-17T0800,20.0,F5,244
2635,2024-03-18T0900,10.0,F5,295
2636,2024-03-19T1600,1.0,F6,678
2637,2024-03-19T2300,9.0,F3,689
2638,2024-03-20T0700,26.0,F5,534
2639,2024-03-21T0700,10.0,F5,392
2640,2024-03-22T0500,5.0,F2,540
2641,2024-03-22T0900,18.0,F6,565
2642,2024-03-23T0000,19.0,F5,463
2643,2024-03-23T2300,5.0,F3,438
2644,2024-03-24T0800,9.0,F6,524
2645,2024-03-25T0800,10.0,F5,642
2646,2024-03-25T1400,9.0,F3,414
2647,2024-03-26T0000,19.0,F5,432
2648,2024-03-28T0000,8.0,F3,650
2649,2024-03-28T2000,10.0,F0,875
2650,2024-03-29T2300,4.0,F6,1052
2651,2024-03-30T1900,8.0,F6,636
2652,2024-03-31T0200,14.0,F0,617
2653,2024-04-01T0300,19.0,F5,587
2654,2024-04-01T2000,10.0,F0,540
2655,2024-04-02T0200,18.0,F6,522
2656,2024-04-02T1800,19.0,F1,444
2657,2024-04-04T0300,8.0,F3,509
2658,2024-04-04T0700,17.0,F6,604
2659,2024-04-05T0200,19.0,F5,576
2660,2024-04-05T1500,5.0,F3,402
2661,2024-04-05T1900,27.0,F6,397
2662,2024-04-05T2300,27.0,F0,216
2663,2024-04-06T0200,14.0,F0,116
2664,2024-04-06T0300,24.0,F0,91
2665,2024-04-06T0400,1.0,F0,52
2666,2024-04-06T0500,18.0,F0,33
2667,2024-04-06T1000,13.0,F0,30
2668,2024-04-06T1600,18.0,F0,114
2669,2024-04-07T1000,19.0,F5,254
2670,2024-04-07T1600,9.0,F6,303
2671,2024-04-07T1800,23.0,F0,296
2672,2024-04-08T0700,15.0,F0,118
2673,2024-04-08T1900,19.0,F5,242
2674,2024-04-10T0100,1.0,F6,566
2675,2024-04-10T0200,8.0,F3,516
2676,2024-04-10T0300,14.0,F0,383
2677,2024-04-10T1200,6.0,F0,75
2678,2024-04-10T1600,15.0,F0,142
2679,2024-04-11T1100,10.0,F5,340
2680,2024-04-12T0300,6.0,F6,323
2681,2024-04-12T1200,23.0,F0,442
2682,2024-04-13T0500,10.0,F5,379
2683,2024-04-13T1900,9.0,F3,437
2684,2024-04-14T0600,19.0,F1,385
2685,2024-04-15T1400,8.0,F3,628
2686,2024-04-16T0700,1.0,F6,693
2687,2024-04-16T1400,9.0,F3,594
2688,2024-04-16T1700,23.0,F5,316
2689,2024-04-17T0900,19.0,F5,267
2690,2024-04-18T0000,10.0,F6,313
2691,2024-04-19T0100,2.0,F3,553
2692,2024-04-19T0600,15.0,F6,498
2693,2024-04-19T1800,13.0,F5,428
2694,2024-04-20T1500,5.0,F3,264
2695,2024-04-21T0800,10.0,F0,542
2696,2024-04-22T0300,6.0,F6,559
2697,2024-04-23T0300,10.0,F5,674
2698,2024-04-23T1600,8.0,F6,633
2699,2024-04-23T2000,17.0,F0,465
2700,2024-04-24T0400,24.0,F0,208
2701,2024-04-24T0800,23.0,F0,153
2702,2024-04-25T0400,19.0,F5,292
2703,2024-04-25T1000,9.0,F3,295
2704,2024-04-25T1100,23.0,F0,318
2705,2024-04-25T1200,5.0,F0,102
2706,2024-04-25T1500,15.0,F0,40
2707,2024-04-26T1100,10.0,F5,123
2708,2024-04-26T1300,9.0,F6,306
2709,2024-04-26T1400,24.0,F0,279
2710,2024-04-27T1200,10.0,F5,171
2711,2024-04-28T1100,4.0,F6,459
2712,2024-04-28T1800,8.0,F6,549
2713,2024-04-28T1900,26.0,F0,370
2714,2024-04-29T1400,10.0,F5,322
2715,2024-04-30T0700,1.0,F6,371
2716,2024-05-01T0100,10.0,F5,587
2717,2024-05-01T0700,9.0,F3,427
2718,2024-05-01T1800,19.0,F5,304
2719,2024-05-03T0700,1.0,F6,603
2720,2024-05-03T1200,18.0,F6,621
2721,2024-05-04T0600,10.0,F1,665
2722,2024-05-04T1200,8.0,F3,290
2723,2024-05-04T1300,26.0,F0,300
2724,2024-05-05T1400,11.0,F5,235
2725,2024-05-05T1900,26.0,F6,335
2726,2024-05-06T0700,18.0,F0,378
2727,2024-05-06T1200,24.0,F0,225
2728,2024-05-07T0100,23.0,F5,291
2729,2024-05-07T0300,9.0,F6,224
2730,2024-05-07T0400,13.0,F0,186
2731,2024-05-07T1300,11.0,F0,91
2732,2024-05-07T1400,6.0,F0,138
2733,2024-05-07T1700,2.0,F0,132
2734,2024-05-08T1300,10.0,F5,296
2735,2024-05-08T2000,9.0,F6,297
2736,2024-05-09T0500,10.0,F0,365
2737,2024-05-09T1000,9.0,F6,206
2738,2024-05-09T1200,24.0,F0,180
2739,2024-05-10T1300,10.0,F5,372
2740,2024-05-11T0500,1.0,F6,382
2741,2024-05-13T0200,5.0,F3,916
2742,2024-05-13T0700,9.0,F0,748
2743,2024-05-13T2200,19.0,F5,713
2744,2024-05-15T0100,4.0,F6,414
2745,2024-05-16T0400,10.0,F5,782
2746,2024-05-17T0700,8.0,F2,811
2747,2024-05-18T0000,13.0,F0,750
2748,2024-05-19T0300,8.0,F6,704
2749,2024-05-19T0600,27.0,F0,534
2750,2024-05-19T0700,27.0,F0,369
2751,2024-05-19T1200,15.0,F5,90
2752,2024-05-20T0300,10.0,F5,166
2753,2024-05-21T0900,10.0,F5,495
2754,2024-05-22T1500,8.0,F3,666
2755,2024-05-22T1800,9.0,F6,735
2756,2024-05-23T0600,23.0,F5,433
2757,2024-05-23T1300,18.0,F0,253
2758,2024-05-24T0200,19.0,F5,312
2759,2024-05-24T0600,9.0,F6,253
2760,2024-05-24T0900,23.0,F0,233
2761,2024-05-25T1500,10.0,F5,401
2762,2024-05-27T0200,8.0,F3,762
2763,2024-05-27T0500,27.0,F0,784
2764,2024-05-27T1300,24.0,F5,535
2765,2024-05-28T0000,10.0,F0,171
2766,2024-05-28T1900,10.0,F5,451
2767,2024-05-29T0800,5.0,F6,473
2768,2024-05-29T2300,22.0,F0,480
2769,2024-05-30T2300,10.0,F0,563
2770,2024-06-01T0200,10.0,F6,675
2771,2024-06-02T0800,17.0,F6,857
2772,2024-06-02T1100,18.0,F0,712
2773,2024-06-02T1800,11.0,F0,438
2774,2024-06-03T0100,18.0,F0,135
2775,2024-06-03T1900,19.0,F5,321
2776,2024-06-04T1400,8.0,F6,478
2777,2024-06-05T0800,19.0,F5,656
2778,2024-06-06T1400,8.0,F6,519
2779,2024-06-06T1600,14.0,F0,593
2780,2024-06-07T0400,11.0,F0,432
2781,2024-06-07T1600,17.0,F0,270
2782,2024-06-08T0700,19.0,F0,314
2783,2024-06-10T0500,8.0,F6,762
2784,2024-06-10T1500,15.0,F0,786
2785,2024-06-10T2100,23.0,F0,682
2786,2024-06-11T1900,19.0,F1,416
2787,2024-06-12T2000,1.0,F3,576
2788,2024-06-14T0200,16.0,F6,804
2789,2024-06-14T1600,18.0,F6,799
2790,2024-06-15T0000,20.0,F0,540
2791,2024-06-16T2100,13.0,F5,721
2792,2024-06-16T2200,9.0,F0,644
2793,2024-06-17T0100,20.0,F0,553
2794,2024-06-17T1700,20.0,F7,204
2795,2024-06-18T0100,15.0,F0,247
2796,2024-06-18T2100,22.0,F5,513
2797,2024-06-19T1400,5.0,F6,423
2798,2024-06-20T0000,14.0,F0,519
2799,2024-06-20T1400,11.0,F5,462
2800,2024-06-21T1800,13.0,F5,574
2801,2024-06-23T1000,4.0,F6,671
2802,2024-06-25T0000,10.0,F5,1230
2803,2024-06-26T0500,4.0,F3,1251
2804,2024-06-27T0900,4.0,F6,1113
2805,2024-06-28T0500,1.0,F6,747
2806,2024-06-29T0200,1.0,F6,756
2807,2024-06-30T0100,8.0,F6,607
2808,2024-06-30T0700,18.0,F0,580
2809,2024-07-01T0900,19.0,F5,576
2810,2024-07-03T1700,1.0,F6,978
2811,2024-07-03T1900,9.0,F6,984
2812,2024-07-03T2100,20.0,F7,720
2813,2024-07-04T0100,15.0,F0,97
2814,2024-07-04T1600,10.0,F5,225
2815,2024-07-05T0200,9.0,F3,301
2816,2024-07-05T1200,19.0,F1,327
2817,2024-07-07T0400,1.0,F6,664
2818,2024-07-08T0800,2.0,F3,856
2819,2024-07-08T1600,5.0,F3,828
2820,2024-07-08T1900,27.0,F6,438
2821,2024-07-09T1400,22.0,F7,363
2822,2024-07-09T1600,9.0,F6,277
2823,2024-07-10T0000,23.0,F5,285
2824,2024-07-10T0300,5.0,F0,133
2825,2024-07-10T1100,10.0,F5,157
2826,2024-07-11T0500,13.0,F5,328
2827,2024-07-11T1500,2.0,F6,402
2828,2024-07-12T1000,22.0,F5,461
2829,2024-07-13T2000,1.0,F5,712
2830,2024-07-13T2200,9.0,F6,665
2831,2024-07-14T1200,19.0,F5,557
2832,2024-07-14T2100,9.0,F6,222
2833,2024-07-15T1200,10.0,F5,417
2834,2024-07-15T2200,9.0,F3,288
2835,2024-07-16T0500,23.0,F5,373
2836,2024-07-16T1600,2.0,F6,246
2837,2024-07-17T0700,23.0,F6,327
2838,2024-07-18T0500,10.0,F0,428
2839,2024-07-18T1400,9.0,F6,542
2840,2024-07-19T0300,11.0,F5,436
2841,2024-07-20T0300,10.0,F0,463
2842,2024-07-20T1800,9.0,F3,567
2843,2024-07-20T2100,27.0,F0,478
2844,2024-07-21T1600,12.0,F5,336
2845,2024-07-21T1700,27.0,F0,276
2846,2024-07-21T2000,14.0,F0,254
2847,2024-07-22T0500,23.0,F5,106
2848,2024-07-22T1900,3.0,F6,265
2849,2024-07-23T0100,14.0,F0,287
2850,2024-07-24T0300,19.0,F5,467
2851,2024-07-24T1900,5.0,F6,522
2852,2024-07-25T1400,19.0,F5,734
2853,2024-07-26T1700,1.0,F5,707
2854,2024-07-27T1300,9.0,F3,560
2855,2024-07-27T1700,23.0,F7,576
2856,2024-07-28T1300,13.0,F0,329
2857,2024-07-28T1500,17.0,F6,289
2858,2024-07-28T1700,27.0,F0,271
2859,2024-07-29T1400,10.0,F5,289
2860,2024-07-30T0800,1.0,F6,400
2861,2024-07-30T1400,9.0,F3,471
2862,2024-07-30T1500,23.0,F0,300
2863,2024-07-30T1700,2.0,F0,104
2864,2024-07-30T2000,5.0,F0,74
2865,2024-07-31T1900,15.0,F5,322
2866,2024-08-01T0900,10.0,F0,431
2867,2024-08-01T1500,9.0,F3,492
2868,2024-08-01T2000,24.0,F5,273
2869,2024-08-02T1400,11.0,F0,161
2870,2024-08-03T0700,1.0,F5,410
2871,2024-08-03T1700,9.0,F3,487
2872,2024-08-03T2300,23.0,F5,373
2873,2024-08-04T1500,18.0,F0,234
2874,2024-08-05T1400,19.0,F1,448
2875,2024-08-07T0000,4.0,F2,807
2876,2024-08-07T0100,9.0,F3,687
2877,2024-08-07T1200,19.0,F7,534
2878,2024-08-08T0200,11.0,F5,268
2879,2024-08-09T0500,10.0,F5,552
2880,2024-08-10T1900,8.0,F3,607
2881,2024-08-11T0400,26.0,F0,881
2882,2024-08-11T0700,18.0,F0,573
2883,2024-08-11T1000,23.0,F0,172
2884,2024-08-12T1000,19.0,F1,328
2885,2024-08-13T0900,4.0,F3,380
2886,2024-08-13T1300,8.0,F6,580
2887,2024-08-14T0600,19.0,F5,380
2888,2024-08-15T1000,1.0,F6,558
2889,2024-08-15T1900,9.0,F3,618
2890,2024-08-16T0300,23.0,F0,467
2891,2024-08-17T1000,22.0,F5,402
2892,2024-08-17T1600,8.0,F6,480
2893,2024-08-17T1800,23.0,F0,454
2894,2024-08-18T0200,27.0,F0,138
2895,2024-08-18T0300,11.0,F0,131
2896,2024-08-18T0900,1.0,F0,120
2897,2024-08-18T1600,17.0,F0,129
2898,2024-08-19T1400,10.0,F5,373
2899,2024-08-20T1300,1.0,F6,532
2900,2024-08-21T0600,4.0,F3,578
2901,2024-08-22T0300,1.0,F6,648
2902,2024-08-22T1000,18.0,F6,456
2903,2024-08-22T1200,23.0,F7,347
2904,2024-08-23T0500,1.0,F0,154
2905,2024-08-24T0700,10.0,F5,424
2906,2024-08-25T2100,8.0,F3,695
2907,2024-08-26T0000,23.0,F0,797
2908,2024-08-28T0900,19.0,F1,1047
2909,2024-08-29T1900,8.0,F3,1086
2910,2024-08-30T0900,26.0,F0,1129
2911,2024-08-30T1400,27.0,F0,618
2912,2024-08-30T2100,10.0,F5,257
2913,2024-08-31T0900,8.0,F6,187
2914,2024-08-31T1000,27.0,F0,231
2915,2024-08-31T1600,11.0,F0,193
2916,2024-08-31T2200,17.0,F0,106
2917,2024-09-01T0100,27.0,F0,146
2918,2024-09-01T1700,19.0,F7,266
2919,2024-09-01T2200,9.0,F6,245
2920,2024-09-02T0600,10.0,F0,286
2921,2024-09-03T0600,10.0,F5,398
2922,2024-09-04T1200,1.0,F6,613
2923,2024-09-05T0300,5.0,F3,702
2924,2024-09-06T0100,4.0,F6,763
2925,2024-09-06T0800,9.0,F6,458
2926,2024-09-06T1200,27.0,F0,358
2927,2024-09-06T1400,24.0,F5,148
2928,2024-09-07T0200,19.0,F1,156
2929,2024-09-08T1500,8.0,F3,337
2930,2024-09-08T1800,18.0,F6,600
2931,2024-09-10T0300,19.0,F5,807
2932,2024-09-10T1900,9.0,F3,451
2933,2024-09-11T0100,27.0,F0,597
2934,2024-09-11T1600,11.0,F5,429
2935,2024-09-12T1100,10.0,F6,372
2936,2024-09-12T1900,9.0,F6,442
2937,2024-09-12T2100,27.0,F0,327
2938,2024-09-13T1400,24.0,F5,304
2939,2024-09-14T0500,10.0,F5,346
2940,2024-09-15T1500,8.0,F3,541
2941,2024-09-15T1600,27.0,F0,588
2942,2024-09-16T1100,19.0,F5,551
2943,2024-09-16T1400,9.0,F6,244
2944,2024-09-16T2200,19.0,F5,302
2945,2024-09-18T0100,10.0,F5,340
2946,2024-09-18T2100,8.0,F3,600
2947,2024-09-19T2000,19.0,F5,812
2948,2024-09-21T1100,8.0,F3,782
2949,2024-09-21T2100,17.0,F0,819
2950,2024-09-21T2300,18.0,F0,598
2951,2024-09-22T0100,24.0,F0,153
2952,2024-09-22T1700,11.0,F5,205
2953,2024-09-23T0900,10.0,F0,341
2954,2024-09-24T0700,17.0,F6,590
2955,2024-09-24T1500,14.0,F0,479
2956,2024-09-24T1700,27.0,F0,367
2957,2024-09-25T0600,19.0,F5,223
2958,2024-09-26T0400,1.0,F6,415
2959,2024-09-27T0200,10.0,F0,577
2960,2024-09-27T0300,8.0,F6,540
2961,2024-09-27T0400,1.0,F0,289
2962,2024-09-27T0800,9.0,F0,43
2963,2024-09-27T1100,23.0,F0,76
2964,2024-09-27T1400,27.0,F0,99
2965,2024-09-27T1800,22.0,F0,79
2966,2024-09-29T0100,14.0,F5,411
2967,2024-09-29T0500,17.0,F0,436
2968,2024-09-29T1300,23.0,F0,454
2969,2024-09-29T2300,14.0,F0,228
2970,2024-09-30T2000,10.0,F5,450
2971,2024-10-01T1300,9.0,F3,512
2972,2024-10-02T0300,10.0,F5,548
2973,2024-10-02T1900,9.0,F3,529
2974,2024-10-02T2100,26.0,F0,369
2975,2024-10-02T2300,27.0,F0,216
2976,2024-10-03T0000,18.0,F0,61
2977,2024-10-03T1200,11.0,F5,84
2978,2024-10-03T1800,14.0,F0,171
2979,2024-10-05T0100,19.0,F5,539
2980,2024-10-06T1000,8.0,F6,468
2981,2024-10-07T0900,10.0,F5,950
2982,2024-10-07T1600,5.0,F6,697
2983,2024-10-07T1800,27.0,F0,372
2984,2024-10-08T1300,10.0,F5,268
2985,2024-10-08T1800,6.0,F6,264
2986,2024-10-09T0100,26.0,F0,303
2987,2024-10-09T1200,6.0,F0,203
2988,2024-10-10T0500,10.0,F5,323
2989,2024-10-10T1700,9.0,F6,420
2990,2024-10-10T2300,20.0,F0,361
2991,2024-10-12T0300,10.0,F5,457
2992,2024-10-13T2100,8.0,F3,846
2993,2024-10-15T0000,19.0,F5,1151
2994,2024-10-15T1300,9.0,F3,894
2995,2024-10-15T1400,12.0,F0,492
2996,2024-10-15T1600,1.0,F0,181
2997,2024-10-15T2100,5.0,F6,63
2998,2024-10-15T2300,18.0,F6,88
2999,2024-10-16T0400,22.0,F5,122
3000,2024-10-16T1000,18.0,F0,123
3001,2024-10-16T1400,23.0,F0,153
3002,2024-10-17T2300,26.0,F5,403
3003,2024-10-18T1200,14.0,F0,533
3004,2024-10-18T1300,18.0,F6,562
3005,2024-10-18T2200,10.0,F5,237
3006,2024-10-19T2300,8.0,F6,348
3007,2024-10-20T0000,26.0,F0,424
3008,2024-10-20T0600,11.0,F0,349
3009,2024-10-21T0600,10.0,F5,306
3010,2024-10-22T0400,10.0,F5,582
3011,2024-10-22T0800,9.0,F6,581
3012,2024-10-22T1100,14.0,F0,332
3013,2024-10-22T1200,18.0,F0,90
3014,2024-10-22T1400,18.0,F0,70
3015,2024-10-23T0500,2.0,F5,143
3016,2024-10-23T2000,10.0,F5,363
3017,2024-10-25T0200,10.0,F5,664
3018,2024-10-25T1300,9.0,F6,606
3019,2024-10-25T1500,24.0,F0,510
3020,2024-10-26T0600,10.0,F5,256
3021,2024-10-28T0300,4.0,F6,690
3022,2024-10-28T0700,9.0,F0,750
3023,2024-10-29T1200,19.0,F1,820
3024,2024-10-29T1300,8.0,F3,414
3025,2024-10-29T2100,10.0,F5,434
3026,2024-11-01T1000,10.0,F6,746
3027,2024-11-01T1900,5.0,F6,882
3028,2024-11-01T2300,26.0,F0,842
3029,2024-11-02T1400,24.0,F5,197
3030,2024-11-02T1500,26.0,F0,238
3031,2024-11-03T0000,15.0,F0,214
3032,2024-11-03T1700,10.0,F5,307
3033,2024-11-04T1100,1.0,F6,432
3034,2024-11-04T1200,17.0,F6,421
3035,2024-11-04T1300,21.0,F5,244
3036,2024-11-05T0200,10.0,F5,130
3037,2024-11-05T2300,10.0,F6,343
3038,2024-11-06T0000,9.0,F6,418
3039,2024-11-06T1400,10.0,F1,340
3040,2024-11-06T1900,9.0,F2,191
3041,2024-11-06T2300,26.0,F0,251
3042,2024-11-07T1700,12.0,F5,194
3043,2024-11-07T2200,23.0,F0,303
3044,2024-11-08T1800,27.0,F0,281
3045,2024-11-08T2200,23.0,F7,320
3046,2024-11-09T2300,14.0,F5,519
3047,2024-11-10T2000,10.0,F5,581
3048,2024-11-11T0100,9.0,F3,566
3049,2024-11-11T0600,23.0,F5,346
3050,2024-11-11T1100,18.0,F0,120
3051,2024-11-11T1300,26.0,F0,134
3052,2024-11-11T1400,15.0,F0,87
3053,2024-11-12T0800,10.0,F1,243
3054,2024-11-13T1300,5.0,F2,298
3055,2024-11-13T2100,11.0,F6,603
3056,2024-11-14T1100,9.0,F3,448
3057,2024-11-14T1300,26.0,F7,275
3058,2024-11-15T0900,10.0,F5,320
3059,2024-11-16T0900,1.0,F3,419
3060,2024-11-17T0900,5.0,F3,735
3061,2024-11-17T1400,18.0,F6,577
3062,2024-11-18T0100,23.0,F7,445
3063,2024-11-18T1300,11.0,F0,264
3064,2024-11-18T1500,15.0,F6,287
3065,2024-11-18T1800,20.0,F0,179
3066,2024-11-18T2100,2.0,F0,78
3067,2024-11-18T2300,27.0,F0,75
3068,2024-11-19T0300,24.0,F0,66
3069,2024-11-19T1300,20.0,F5,194
3070,2024-11-19T1500,5.0,F0,181
3071,2024-11-19T2200,11.0,F5,194
3072,2024-11-20T0800,18.0,F0,115
3073,2024-11-20T2200,22.0,F5,295
3074,2024-11-21T0000,9.0,F6,304
3075,2024-11-21T0200,14.0,F0,208
3076,2024-11-21T0300,18.0,F0,55
3077,2024-11-21T1500,10.0,F5,133
3078,2024-11-24T0200,9.0,F3,164
3079,2024-11-24T1000,26.0,F7,860
3080,2024-11-24T2200,20.0,F5,876
3081,2024-11-25T1400,15.0,F6,376
3082,2024-11-26T0500,10.0,F5,439
3083,2024-11-26T0800,9.0,F3,389
3084,2024-11-26T1600,23.0,F5,261
3085,2024-11-26T2000,15.0,F6,141
3086,2024-11-26T2300,26.0,F0,151
3087,2024-11-28T0300,19.0,F5,341
3088,2024-11-29T0100,8.0,F3,457
3089,2024-11-29T2000,10.0,F0,772
3090,2024-11-30T1800,5.0,F6,672
3091,2024-11-30T2200,9.0,F0,512
3092,2024-12-01T0800,21.0,F5,371
3093,2024-12-02T0300,14.0,F5,378
3094,2024-12-02T1500,1.0,F0,466
3095,2024-12-02T1700,9.0,F6,386
3096,2024-12-02T2000,13.0,F0,179
3097,2024-12-02T2100,9.0,F0,63
3098,2024-12-02T2300,23.0,F0,66
3099,2024-12-03T0900,11.0,F5,80
3100,2024-12-03T1600,10.0,F0,210
3101,2024-12-04T1300,23.0,F5,416
3102,2024-12-04T1900,15.0,F0,382
3103,2024-12-05T1500,19.0,F1,421
3104,2024-12-06T1300,1.0,F3,401
3105,2024-12-07T0300,5.0,F3,596
3106,2024-12-07T1800,8.0,F6,465
3107,2024-12-08T0400,14.0,F0,384
3108,2024-12-08T1300,12.0,F0,371
3109,2024-12-09T0100,15.0,F0,359
3110,2024-12-09T1400,23.0,F5,384
3111,2024-12-09T1500,15.0,F6,312
3112,2024-12-10T0100,10.0,F5,241
3113,2024-12-10T0200,9.0,F3,137
3114,2024-12-10T0500,10.0,F0,149
3115,2024-12-10T1600,18.0,F5,165
3116,2024-12-10T2200,27.0,F0,194
3117,2024-12-12T0400,19.0,F5,493
3118,2024-12-13T1000,8.0,F3,694
3119,2024-12-14T0900,10.0,F0,905
3120,2024-12-15T0100,5.0,F6,778
3121,2024-12-16T0900,10.0,F5,751
3122,2024-12-16T1500,9.0,F6,622
3123,2024-12-16T2200,23.0,F0,497
3124,2024-12-17T0900,18.0,F0,175
3125,2024-12-17T1100,27.0,F0,217
3126,2024-12-17T1400,24.0,F0,171
3127,2024-12-17T1500,24.0,F0,71
3128,2024-12-18T1300,10.0,F5,237
3129,2024-12-18T1400,9.0,F3,279
3130,2024-12-18T1500,23.0,F0,289
3131,2024-12-18T1900,15.0,F0,63
3132,2024-12-19T0600,10.0,F5,149
3133,2024-12-19T1700,9.0,F3,283
3134,2024-12-20T0600,19.0,F5,302
3135,2024-12-20T0900,9.0,F3,306
3136,2024-12-20T1500,24.0,F5,231
3137,2024-12-21T1300,22.0,F5,308
3138,2024-12-22T1000,17.0,F6,530
3139,2024-12-22T1400,18.0,F0,523
3140,2024-12-23T0300,10.0,F5,449
3141,2024-12-23T1500,6.0,F6,300
3142,2024-12-23T2200,24.0,F0,363
3143,2024-12-25T0300,19.0,F5,471
3144,2024-12-26T2200,4.0,F3,806
3145,2024-12-27T1500,9.0,F6,997
3146,2024-12-28T0400,22.0,F0,748
3147,2024-12-29T1100,4.0,F6,586
3148,2024-12-30T0600,10.0,F0,674
3149,2024-12-30T1300,9.0,F6,677
3150,2024-12-30T1800,12.0,F0,341
3151,2024-12-30T2300,24.0,F0,172
3152,2024-12-31T0700,26.0,F0,150
3153,2024-12-31T2000,19.0,F5,246
3154,2025-01-01T1400,8.0,F6,413
3155,2025-01-02T2200,10.0,F5,736
3156,2025-01-03T1600,8.0,F6,727
3157,2025-01-04T0300,22.0,F0,639
3158,2025-01-04T2000,6.0,F6,502
3159,2025-01-05T0100,14.0,F0,349
3160,2025-01-05T0600,27.0,F0,273
3161,2025-01-05T0700,27.0,F0,130
3162,2025-01-05T2000,11.0,F5,159
3163,2025-01-07T0200,10.0,F5,511
3164,2025-01-08T1000,1.0,F6,864
3165,2025-01-08T1100,8.0,F3,756
3166,2025-01-08T1300,10.0,F0,404
3167,2025-01-08T1800,9.0,F0,61
3168,2025-01-08T2100,26.0,F5,123
3169,2025-01-09T0800,15.0,F5,148
3170,2025-01-09T1200,26.0,F0,174
3171,2025-01-09T1300,27.0,F0,184
3172,2025-01-09T1500,24.0,F0,73
3173,2025-01-09T1900,12.0,F0,49
3174,2025-01-09T2300,14.0,F0,88
3175,2025-01-10T1600,10.0,F5,239
3176,2025-01-10T1700,9.0,F6,259
3177,2025-01-11T0000,19.0,F0,227
3178,2025-01-11T2100,5.0,F6,151
3179,2025-01-12T0600,15.0,F0,346
3180,2025-01-12T1400,21.0,F0,405
3181,2025-01-12T2100,24.0,F0,220
3182,2025-01-13T0000,27.0,F0,200
3183,2025-01-13T0100,15.0,F0,126
3184,2025-01-13T1900,10.0,F5,211
3185,2025-01-14T2000,1.0,F6,406
3186,2025-01-15T1300,9.0,F3,516
3187,2025-01-16T0300,19.0,F4,636
3188,2025-01-16T1900,6.0,F6,516
3189,2025-01-17T2300,10.0,F5,658
3190,2025-01-18T2300,8.0,F3,638
3191,2025-01-19T0000,17.0,F6,627
3192,2025-01-19T0100,14.0,F0,316
3193,2025-01-19T1000,10.0,F5,95
3194,2025-01-19T1900,6.0,F0,143
3195,2025-01-19T2100,24.0,F0,239
3196,2025-01-20T0600,14.0,F1,176
3197,2025-01-20T1700,5.0,F3,143
3198,2025-01-21T1000,1.0,F6,342
3199,2025-01-22T0400,10.0,F6,439
3200,2025-01-23T1400,2.0,F6,788
3201,2025-01-24T0100,2.0,F6,651
3202,2025-01-24T0400,18.0,F6,568
3203,2025-01-24T2000,19.0,F5,341
3204,2025-01-25T1500,4.0,F6,397
3205,2025-01-26T0100,5.0,F6,462
3206,2025-01-26T0300,27.0,F0,362
3207,2025-01-26T0900,20.0,F0,161
3208,2025-01-26T1500,14.0,F0,102
3209,2025-01-26T2100,15.0,F0,186
3210,2025-01-27T1300,10.0,F5,269
3211,2025-01-28T1600,4.0,F3,582
3212,2025-01-29T0500,5.0,F6,588
3213,2025-01-29T1300,14.0,F6,517
3214,2025-01-29T1800,18.0,F0,274
3215,2025-01-30T1200,19.0,F5,287
3216,2025-01-31T1500,8.0,F3,531
3217,2025-01-31T1800,18.0,F0,551
3218,2025-02-01T1200,19.0,F5,550
3219,2025-02-01T2200,9.0,F6,262
3220,2025-02-03T0800,19.0,F7,673
3221,2025-02-04T0500,1.0,F3,697
3222,2025-02-05T1100,4.0,F3,866
3223,2025-02-05T1800,9.0,F6,656
3224,2025-02-06T0300,23.0,F0,510
3225,2025-02-06T1600,12.0,F5,297
3226,2025-02-07T0200,23.0,F0,309
3227,2025-02-07T1900,11.0,F0,430
3228,2025-02-08T1300,13.0,F0,347
3229,2025-02-09T1100,4.0,F6,600
3230,2025-02-10T0000,11.0,F0,610
3231,2025-02-10T0100,18.0,F6,423
3232,2025-02-10T0300,20.0,F0,177
3233,2025-02-10T1900,10.0,F5,167
3234,2025-02-11T0100,9.0,F6,243
3235,2025-02-11T0300,27.0,F0,276
3236,2025-02-11T0400,24.0,F0,103
3237,2025-02-11T1000,19.0,F0,59
3238,2025-02-12T0600,10.0,F5,200
3239,2025-02-13T0500,4.0,F6,511
3240,2025-02-13T2100,14.0,F6,654
3241,2025-02-14T2200,10.0,F0,719
3242,2025-02-15T0200,9.0,F6,503
3243,2025-02-15T0300,26.0,F0,361
3244,2025-02-17T1200,10.0,F5,660
3245,2025-02-17T1600,6.0,F6,723
3246,2025-02-17T2100,27.0,F0,768
3247,2025-02-18T0700,24.0,F0,119
3248,2025-02-18T1000,27.0,F0,201
3249,2025-02-18T1600,24.0,F5,209
3250,2025-02-18T2300,20.0,F0,145
3251,2025-02-20T1400,13.0,F5,631
3252,2025-02-20T1700,8.0,F6,564
3253,2025-02-21T0200,10.0,F0,544
3254,2025-02-21T1300,9.0,F0,156
3255,2025-02-21T1500,27.0,F0,249
3256,2025-02-22T0600,19.0,F5,227
3257,2025-02-23T0500,8.0,F3,287
3258,2025-02-23T0700,26.0,F0,470
3259,2025-02-23T0900,15.0,F0,311
3260,2025-02-23T2100,10.0,F5,150
3261,2025-02-24T0400,6.0,F0,214
3262,2025-02-24T0600,27.0,F0,235
3263,2025-02-24T1400,27.0,F5,150
3264,2025-02-25T2000,19.0,F1,427
3265,2025-02-26T1500,8.0,F2,481
3266,2025-02-27T0300,19.0,F5,652
3267,2025-02-27T1700,5.0,F3,468
3268,2025-02-28T1200,19.0,F1,501
3269,2025-03-01T1100,1.0,F6,596
3270,2025-03-01T2100,9.0,F3,533
3271,2025-03-02T0300,22.0,F5,457
3272,2025-03-02T1600,18.0,F6,333
3273,2025-03-03T0400,19.0,F5,249
3274,2025-03-04T1100,1.0,F3,565
3275,2025-03-06T0800,1.0,F3,1031
3276,2025-03-07T0900,4.0,F2,1115
3277,2025-03-07T1700,5.0,F3,910
3278,2025-03-08T1000,22.0,F5,498
3279,2025-03-09T0900,8.0,F6,356
3280,2025-03-10T0300,19.0,F5,649
3281,2025-03-10T1500,9.0,F3,568
3282,2025-03-11T0200,23.0,F5,478
3283,2025-03-12T0400,10.0,F5,562
3284,2025-03-12T1200,9.0,F3,479
3285,2025-03-12T1400,27.0,F0,414
3286,2025-03-12T2100,23.0,F0,133
3287,2025-03-13T0500,26.0,F5,169
3288,2025-03-14T0100,10.0,F5,333
3289,2025-03-15T0000,1.0,F6,512
3290,2025-03-16T1800,5.0,F3,946
3291,2025-03-16T1900,18.0,F0,786
3292,2025-03-17T0200,19.0,F5,565
3293,2025-03-17T1400,18.0,F6,216
3294,2025-03-17T1500,27.0,F0,230
3295,2025-03-18T0100,20.0,F5,213
3296,2025-03-18T2200,10.0,F6,291
3297,2025-03-20T0500,10.0,F6,684
3298,2025-03-21T1700,4.0,F3,1015
3299,2025-03-22T1400,8.0,F6,859
3300,2025-03-22T1800,17.0,F0,696
3301,2025-03-22T1900,27.0,F0,308
3302,2025-03-23T0200,11.0,F5,115
3303,2025-03-24T2000,10.0,F5,532
3304,2025-03-25T1400,5.0,F3,684
3305,2025-03-25T2300,14.0,F6,794
3306,2025-03-26T0700,27.0,F0,382
3307,2025-03-26T1300,27.0,F0,210
3308,2025-03-27T0000,19.0,F5,243
3309,2025-03-27T1100,5.0,F6,237
3310,2025-03-27T2000,11.0,F0,296
3311,2025-03-28T0300,14.0,F0,258
3312,2025-03-28T2200,19.0,F5,362
3313,2025-03-29T1000,9.0,F3,344
3314,2025-03-29T1900,19.0,F5,459
3315,2025-03-30T1600,2.0,F6,434
3316,2025-03-31T0800,10.0,F0,465
3317,2025-03-31T0900,9.0,F6,451
3318,2025-03-31T1000,24.0,F0,218
3319,2025-03-31T2300,10.0,F5,89
3320,2025-04-01T0200,9.0,F6,174
3321,2025-04-02T0100,19.0,F7,450
3322,2025-04-02T1400,9.0,F6,374
3323,2025-04-02T2100,20.0,F5,507
3324,2025-04-03T2100,19.0,F5,457
3325,2025-04-04T1400,5.0,F3,527
3326,2025-04-04T1600,8.0,F6,502
3327,2025-04-05T0300,13.0,F0,250
3328,2025-04-05T2300,1.0,F6,308
3329,2025-04-06T0800,5.0,F6,402
3330,2025-04-07T1100,19.0,F5,624
3331,2025-04-08T1000,4.0,F3,471
3332,2025-04-08T1100,9.0,F3,600
3333,2025-04-08T1400,24.0,F5,314
3334,2025-04-09T0700,10.0,F5,185
3335,2025-04-10T0600,1.0,F3,412
3336,2025-04-11T0300,4.0,F3,600
3337,2025-04-12T0100,1.0,F6,748
3338,2025-04-12T1400,9.0,F3,540
3339,2025-04-13T0100,22.0,F5,558
3340,2025-04-14T0200,2.0,F5,512
3341,2025-04-14T1600,5.0,F6,586
3342,2025-04-14T1800,27.0,F6,470
3343,2025-04-14T2200,27.0,F0,206
3344,2025-04-15T0100,24.0,F0,99
3345,2025-04-15T1400,20.0,F5,237
3346,2025-04-16T1000,10.0,F0,324
3347,2025-04-17T1400,4.0,F6,486
3348,2025-04-17T1600,9.0,F6,583
3349,2025-04-18T0200,22.0,F5,388
3350,2025-04-19T0200,5.0,F6,312
3351,2025-04-19T1600,10.0,F0,570
3352,2025-04-20T1900,1.0,F6,690
3353,2025-04-21T1300,10.0,F5,661
3354,2025-04-21T1400,9.0,F3,542
3355,2025-04-21T1600,20.0,F0,234
3356,2025-04-22T0200,5.0,F0,49
3357,2025-04-23T1000,19.0,F1,508
3358,2025-04-24T1500,5.0,F3,777
3359,2025-04-25T0300,14.0,F6,854
3360,2025-04-25T0700,27.0,F0,492
3361,2025-04-25T2200,19.0,F7,287
3362,2025-04-26T2200,8.0,F6,417
3363,2025-04-27T0300,14.0,F0,507
3364,2025-04-27T1800,23.0,F5,469
3365,2025-04-27T2300,6.0,F0,285
3366,2025-04-28T0500,24.0,F0,271
3367,2025-04-28T1500,23.0,F5,225
3368,2025-04-28T2200,15.0,F0,208
3369,2025-04-29T0400,23.0,F0,249
3370,2025-04-29T0800,15.0,F0,176
3371,2025-04-29T1500,26.0,F5,200
3372,2025-04-29T1700,18.0,F0,156
3373,2025-04-29T2100,24.0,F0,125
3374,2025-04-30T0500,11.0,F0,98
3375,2025-04-30T0600,27.0,F0,146
3376,2025-04-30T0900,20.0,F0,129
3377,2025-04-30T1200,15.0,F0,80
3378,2025-04-30T2100,10.0,F0,96
3379,2025-05-01T2200,10.0,F5,362
3380,2025-05-02T1400,9.0,F6,427
3381,2025-05-02T1800,19.0,F0,503
3382,2025-05-03T1900,10.0,F5,520
3383,2025-05-03T2300,8.0,F6,378
3384,2025-05-04T1900,10.0,F5,571
3385,2025-05-04T2300,9.0,F0,313
3386,2025-05-05T0700,20.0,F5,325
3387,2025-05-05T1100,18.0,F0,144
3388,2025-05-05T1300,26.0,F0,178
3389,2025-05-05T1400,27.0,F0,84
3390,2025-05-05T1700,21.0,F5,57
3391,2025-05-06T1000,12.0,F5,116
3392,2025-05-06T1500,24.0,F0,286
3393,2025-05-07T1300,10.0,F5,385
3394,2025-05-08T0100,9.0,F6,402
3395,2025-05-08T1400,22.0,F5,527
3396,2025-05-08T1500,9.0,F6,302
3397,2025-05-09T0400,10.0,F5,244
3398,2025-05-10T2300,9.0,F3,323
3399,2025-05-11T0600,23.0,F4,676
3400,2025-05-11T1000,18.0,F0,623
3401,2025-05-11T1400,26.0,F0,157
3402,2025-05-12T0800,27.0,F5,200
3403,2025-05-12T1100,27.0,F0,274
3404,2025-05-13T0500,10.0,F5,345
3405,2025-05-14T0100,4.0,F6,429
3406,2025-05-15T0000,5.0,F6,653
3407,2025-05-15T0100,18.0,F0,525
3408,2025-05-15T1500,10.0,F5,453
3409,2025-05-16T0800,1.0,F6,319
3410,2025-05-16T1600,9.0,F6,376
3411,2025-05-16T1700,27.0,F0,301
3412,2025-05-17T1900,19.0,F7,214
3413,2025-05-18T2000,1.0,F6,587
3414,2025-05-18T2200,18.0,F6,612
3415,2025-05-19T0200,20.0,F7,349
3416,2025-05-19T1500,14.0,F0,127
3417,2025-05-20T0700,14.0,F6,340
3418,2025-05-20T1900,6.0,F6,429
3419,2025-05-21T0800,10.0,F5,473
3420,2025-05-21T1400,18.0,F6,321
3421,2025-05-21T1800,20.0,F5,261
3422,2025-05-21T1900,27.0,F0,120
3423,2025-05-22T1000,19.0,F5,166
3424,2025-05-24T0400,1.0,F3,645
3425,2025-05-24T2300,8.0,F6,770
3426,2025-05-25T1700,22.0,F0,930
3427,2025-05-26T1400,10.0,F5,613
3428,2025-05-27T0800,5.0,F6,604
3429,2025-05-27T2100,18.0,F0,532
3430,2025-05-29T0000,19.0,F5,648
3431,2025-05-29T1500,6.0,F6,616
3432,2025-05-30T0500,19.0,F5,623
3433,2025-05-30T0700,9.0,F6,355
3434,2025-05-30T0900,23.0,F5,224
3435,2025-05-30T1600,15.0,F0,93
3436,2025-05-31T0600,10.0,F5,241
3437,2025-06-01T0900,4.0,F6,444
3438,2025-06-01T1400,8.0,F6,501
3439,2025-06-02T0400,10.0,F5,496
3440,2025-06-02T2000,14.0,F6,348
3441,2025-06-03T0700,10.0,F0,432
3442,2025-06-03T1400,9.0,F6,344
3443,2025-06-03T2100,11.0,F0,232
3444,2025-06-05T0300,13.0,F5,373
3445,2025-06-05T0600,9.0,F0,466
3446,2025-06-05T0900,27.0,F0,406
3447,2025-06-05T1600,24.0,F0,122
3448,2025-06-06T0400,19.0,F5,179
3449,2025-06-07T0900,4.0,F6,363
3450,2025-06-07T1000,8.0,F6,492
3451,2025-06-07T2300,10.0,F5,483
3452,2025-06-08T1500,2.0,F6,303
3453,2025-06-08T2300,23.0,F0,430
3454,2025-06-09T0900,27.0,F0,340
3455,2025-06-10T0500,19.0,F5,366
3456,2025-06-10T2300,9.0,F3,486
3457,2025-06-11T0100,26.0,F0,466
3458,2025-06-12T1600,19.0,F5,678
3459,2025-06-12T2000,9.0,F6,513
3460,2025-06-13T0800,19.0,F5,578
3461,2025-06-14T0800,8.0,F6,394
3462,2025-06-14T2100,14.0,F0,578
3463,2025-06-15T0900,11.0,F0,552
3464,2025-06-15T1400,18.0,F0,306
3465,2025-06-15T2000,27.0,F0,214
3466,2025-06-16T0100,24.0,F0,146
3467,2025-06-16T2300,19.0,F5,385
3468,2025-06-18T0000,1.0,F6,541
3469,2025-06-18T1800,9.0,F6,632
3470,2025-06-18T2000,27.0,F0,528
3471,2025-06-19T1300,10.0,F5,297
3472,2025-06-19T2200,5.0,F6,277
3473,2025-06-20T1400,12.0,F0,439
3474,2025-06-21T0600,10.0,F0,343
3475,2025-06-21T1800,9.0,F6,438
3476,2025-06-22T0400,22.0,F5,405
3477,2025-06-22T1300,18.0,F6,292
3478,2025-06-22T2300,10.0,F5,315
3479,2025-06-24T0900,10.0,F6,510
3480,2025-06-25T1100,9.0,F3,583
3481,2025-06-25T1600,26.0,F5,757
3482,2025-06-27T0400,27.0,F0,769
3483,2025-06-27T0700,27.0,F0,532
3484,2025-06-27T1600,23.0,F5,550
3485,2025-06-27T1800,27.0,F0,150
3486,2025-06-27T2000,27.0,F0,140
3487,2025-06-28T1400,10.0,F5,191
3488,2025-06-28T1500,9.0,F0,240
3489,2025-06-28T1900,23.0,F0,239
3490,2025-06-29T0000,15.0,F0,75
3491,2025-06-29T0100,14.0,F0,119
3492,2025-06-29T0800,6.0,F0,84
3493,2025-06-29T1600,11.0,F0,142
3494,2025-06-29T2300,15.0,F0,240
3495,2025-06-30T0600,24.0,F0,199
3496,2025-07-02T0200,10.0,F5,687
3497,2025-07-03T0100,1.0,F6,796
3498,2025-07-03T1000,9.0,F3,825
3499,2025-07-03T1100,27.0,F0,384
3500,2025-07-04T2300,19.0,F5,509
3501,2025-07-06T0500,8.0,F6,510
3502,2025-07-06T0600,27.0,F0,793
3503,2025-07-06T0800,20.0,F0,375
3504,2025-07-06T1200,15.0,F0,57
3505,2025-07-07T0600,19.0,F5,186
3506,2025-07-08T0500,1.0,F6,507
3507,2025-07-09T0200,4.0,F6,597
3508,2025-07-09T1100,9.0,F6,557
3509,2025-07-10T0800,19.0,F5,467
3510,2025-07-10T1600,9.0,F6,428
3511,2025-07-11T1200,19.0,F1,559
3512,2025-07-13T0400,8.0,F3,386
3513,2025-07-14T1400,10.0,F5,1051
3514,2025-07-15T1700,1.0,F6,1187
3515,2025-07-16T2300,4.0,F3,1068
3516,2025-07-17T1500,8.0,F6,846
3517,2025-07-18T0800,20.0,F0,628
3518,2025-07-19T0200,10.0,F0,546
3519,2025-07-19T1800,8.0,F6,524
3520,2025-07-19T1900,27.0,F0,422
3521,2025-07-19T2000,24.0,F0,217
3522,2025-07-20T0000,14.0,F0,41
3523,2025-07-20T2100,11.0,F5,252
3524,2025-07-21T0400,14.0,F0,315
3525,2025-07-21T1200,23.0,F0,378
3526,2025-07-21T1300,27.0,F0,180
3527,2025-07-21T1500,23.0,F5,129
3528,2025-07-22T0600,10.0,F5,159
3529,2025-07-23T0200,1.0,F6,411
3530,2025-07-23T2200,1.0,F6,564
3531,2025-07-24T0500,6.0,F6,546
3532,2025-07-24T0800,27.0,F0,349
3533,2025-07-24T2200,23.0,F5,206
3534,2025-07-25T1300,10.0,F5,322
3535,2025-07-25T1400,9.0,F6,355
3536,2025-07-25T1600,11.0,F0,203
3537,2025-07-26T2100,10.0,F5,369
3538,2025-07-27T1500,9.0,F6,410
3539,2025-07-28T0700,19.0,F5,703
3540,2025-07-29T0300,1.0,F0,546
3541,2025-07-29T1400,5.0,F6,489
3542,2025-07-30T0200,10.0,F0,403
3543,2025-07-30T1200,5.0,F6,358
3544,2025-07-30T1400,27.0,F0,266
3545,2025-07-30T1700,20.0,F0,156
3546,2025-07-31T0000,12.0,F0,85
3547,2025-07-31T1400,23.0,F5,207
3548,2025-08-01T1200,10.0,F5,475
3549,2025-08-01T1300,9.0,F6,446
3550,2025-08-01T1400,11.0,F0,288
3551,2025-08-01T1800,3.0,F0,30
3552,2025-08-02T0200,13.0,F5,118
3553,2025-08-02T1700,9.0,F0,176
3554,2025-08-02T2200,19.0,F0,302
3555,2025-08-04T0500,10.0,F5,564
3556,2025-08-04T1500,8.0,F6,534
3557,2025-08-04T2000,23.0,F0,519
3558,2025-08-04T2100,27.0,F0,180
3559,2025-08-05T0000,20.0,F0,96
3560,2025-08-05T2300,10.0,F5,225
3561,2025-08-07T0100,4.0,F6,543
3562,2025-08-07T1000,18.0,F0,635
3563,2025-08-08T0200,19.0,F5,595
3564,2025-08-09T0800,5.0,F6,465
3565,2025-08-09T1500,14.0,F0,580
3566,2025-08-10T0200,15.0,F0,521
3567,2025-08-10T2000,10.0,F0,233
3568,2025-08-10T2300,9.0,F6,352
3569,2025-08-11T1100,19.0,F5,292
3570,2025-08-12T1200,1.0,F6,310
3571,2025-08-13T0400,4.0,F6,550
3572,2025-08-13T0800,9.0,F6,514
3573,2025-08-14T0500,10.0,F5,438
3574,2025-08-15T0200,1.0,F6,460
3575,2025-08-15T1400,9.0,F3,561
3576,2025-08-15T2200,23.0,F0,421
3577,2025-08-17T0000,5.0,F6,286
3578,2025-08-17T0200,18.0,F0,421
3579,2025-08-17T1700,19.0,F5,478
3580,2025-08-18T1400,10.0,F5,402
3581,2025-08-19T0300,2.0,F6,531
3582,2025-08-19T1100,14.0,F6,421
3583,2025-08-19T1400,18.0,F0,282
3584,2025-08-20T0300,19.0,F5,271
3585,2025-08-21T0600,5.0,F6,468
3586,2025-08-22T0100,10.0,F0,643
3587,2025-08-22T1200,5.0,F6,569
3588,2025-08-22T1400,27.0,F0,366
3589,2025-08-23T0300,19.0,F5,207
3590,2025-08-25T1400,13.0,F6,667
3591,2025-08-25T2000,9.0,F6,892
3592,2025-08-26T0500,23.0,F5,840
3593,2025-08-27T0800,10.0,F6,398
3594,2025-08-27T1300,18.0,F0,441
3595,2025-08-27T2200,23.0,F0,402
3596,2025-08-28T0400,18.0,F0,198
3597,2025-08-28T1500,22.0,F5,292
3598,2025-08-30T0000,10.0,F5,564
3599,2025-08-30T0100,9.0,F3,532
3600,2025-08-30T0200,10.0,F0,419
3601,2025-08-31T0900,1.0,F5,311
3602,2025-08-31T1600,5.0,F6,433
3603,2025-08-31T2300,15.0,F0,533
3604,2025-09-01T0700,12.0,F0,243
3605,2025-09-01T2100,11.0,F0,210
3606,2025-09-02T0100,15.0,F6,272
3607,2025-09-02T1200,23.0,F5,310
3608,2025-09-02T1300,15.0,F0,189
3609,2025-09-03T0200,10.0,F5,281
3610,2025-09-03T1400,9.0,F6,232
3611,2025-09-03T2200,22.0,F0,346
3612,2025-09-04T2100,10.0,F5,448
3613,2025-09-05T1500,2.0,F6,563
3614,2025-09-06T1300,17.0,F6,524
3615,2025-09-06T1500,27.0,F0,492
3616,2025-09-07T0100,19.0,F0,304
3617,2025-09-07T2300,10.0,F5,413
3618,2025-09-08T0800,6.0,F6,424
3619,2025-09-08T2000,10.0,F5,460
3620,2025-09-09T0600,6.0,F6,328
3621,2025-09-09T1400,24.0,F0,283
3622,2025-09-10T0400,10.0,F0,238
3623,2025-09-11T0200,10.0,F6,381
3624,2025-09-11T0300,9.0,F6,438
3625,2025-09-11T0600,10.0,F5,321
3626,2025-09-11T2200,18.0,F5,126
3627,2025-09-12T0700,19.0,F0,261
3628,2025-09-12T1800,9.0,F6,361
3629,2025-09-13T0100,23.0,F0,263
3630,2025-09-14T0100,14.0,F5,404
3631,2025-09-14T0200,17.0,F0,386
3632,2025-09-14T0900,11.0,F0,327
3633,2025-09-14T1200,15.0,F0,103
3634,2025-09-14T2100,24.0,F0,152
3635,2025-09-15T0000,18.0,F0,153
3636,2025-09-15T0400,27.0,F0,159
3637,2025-09-15T0800,21.0,F0,109
3638,2025-09-15T1800,10.0,F5,164
3639,2025-09-16T1300,14.0,F0,315
3640,2025-09-16T1500,15.0,F0,358
3641,2025-09-17T0400,10.0,F5,394
3642,2025-09-17T0500,9.0,F6,190
3643,2025-09-17T0900,10.0,F0,196
3644,2025-09-17T2300,10.0,F5,177
3645,2025-09-18T2000,13.0,F0,447
3646,2025-09-20T0100,10.0,F0,708
3647,2025-09-21T0100,8.0,F6,774
3648,2025-09-21T0600,26.0,F0,652
3649,2025-09-21T1500,27.0,F0,372
3650,2025-09-22T2000,19.0,F5,348
3651,2025-09-23T1800,8.0,F6,674
3652,2025-09-24T0100,27.0,F0,643
3653,2025-09-24T0300,27.0,F0,355
3654,2025-09-24T0400,23.0,F0,122
3655,2025-09-25T0000,10.0,F5,200
3656,2025-09-26T0300,1.0,F6,468
3657,2025-09-28T1100,8.0,F3,749
3658,2025-09-28T1300,27.0,F0,1017
3659,2025-09-29T1100,10.0,F5,933
3660,2025-09-29T1300,9.0,F6,313
3661,2025-09-30T0200,19.0,F7,430
3662,2025-09-30T2000,2.0,F6,276
3663,2025-10-02T0500,10.0,F5,709
3664,2025-10-02T1800,9.0,F6,622
3665,2025-10-02T2200,23.0,F0,566
3666,2025-10-03T1500,18.0,F5,327
3667,2025-10-04T0100,19.0,F0,271
3668,2025-10-05T0200,9.0,F6,539
3669,2025-10-05T1000,20.0,F0,453
3670,2025-10-06T0100,18.0,F6,478
3671,2025-10-06T2300,19.0,F5,491
3672,2025-10-08T0200,10.0,F0,677
3673,2025-10-08T0300,8.0,F6,593
3674,2025-10-08T0400,11.0,F0,350
3675,2025-10-09T0200,11.0,F5,192
3676,2025-10-09T1200,6.0,F6,358
3677,2025-10-09T1400,27.0,F0,392
3678,2025-10-09T2200,19.0,F5,180
3679,2025-10-10T1500,18.0,F6,307
3680,2025-10-11T1000,19.0,F1,376
3681,2025-10-13T0800,7.0,F2,912
3682,2025-10-13T2000,8.0,F6,821
3683,2025-10-13T2300,27.0,F0,697
3684,2025-10-14T1600,19.0,F5,355
3685,2025-10-15T1100,9.0,F3,366
3686,2025-10-16T0200,22.0,F0,507
3687,2025-10-16T1500,18.0,F6,528
3688,2025-10-17T0200,19.0,F5,402
3689,2025-10-17T0600,9.0,F6,311
3690,2025-10-17T1500,19.0,F5,232
3691,2025-10-19T0600,4.0,F3,168
3692,2025-10-19T0900,9.0,F6,617
3693,2025-10-20T0000,10.0,F5,603
3694,2025-10-20T0300,9.0,F6,222
3695,2025-10-20T1600,19.0,F5,370
3696,2025-10-21T1400,3.0,F6,359
3697,2025-10-21T2200,2.0,F6,451
3698,2025-10-22T1400,13.0,F5,516
3699,2025-10-22T2100,9.0,F6,301
3700,2025-10-23T0000,26.0,F0,278
3701,2025-10-23T2100,19.0,F7,336
3702,2025-10-24T0000,9.0,F6,296
3703,2025-10-24T1200,22.0,F5,438
3704,2025-10-25T0400,5.0,F6,209
3705,2025-10-25T1500,14.0,F0,441
3706,2025-10-26T0900,9.0,F0,337
3707,2025-10-27T0900,19.0,F5,613
3708,2025-10-28T1000,5.0,F3,755
3709,2025-10-28T1900,15.0,F0,640
3710,2025-10-29T0700,10.0,F5,485
3711,2025-10-29T1500,9.0,F6,329
3712,2025-10-30T0700,19.0,F5,402
3713,2025-10-30T1200,9.0,F6,291
3714,2025-10-30T2200,19.0,F5,344
3715,2025-10-31T1800,1.0,F6,385
3716,2025-11-01T0300,9.0,F6,366
3717,2025-11-01T1300,23.0,F0,361
3718,2025-11-01T1600,18.0,F0,236
3719,2025-11-01T2100,27.0,F0,165
3720,2025-11-02T0400,15.0,F0,107
3721,2025-11-02T1400,10.0,F5,241
3722,2025-11-03T1400,10.0,F5,455
3723,2025-11-03T1500,9.0,F6,409
3724,2025-11-03T1900,10.0,F5,313
3725,2025-11-04T0500,18.0,F6,68
3726,2025-11-05T0200,10.0,F5,367
3727,2025-11-06T0500,4.0,F3,590
3728,2025-11-07T0200,1.0,F6,716
3729,2025-11-07T1000,9.0,F6,614
3730,2025-11-07T1600,23.0,F0,383
3731,2025-11-08T0500,10.0,F5,241
3732,2025-11-08T2200,8.0,F6,339
3733,2025-11-09T0000,18.0,F0,378
3734,2025-11-09T0800,10.0,F0,269
3735,2025-11-09T0900,9.0,F0,136
3736,2025-11-09T1100,15.0,F0,124
3737,2025-11-10T1000,10.0,F5,206
3738,2025-11-12T0300,1.0,F3,727
3739,2025-11-12T1600,6.0,F6,880
3740,2025-11-13T0300,26.0,F0,689
3741,2025-11-13T1500,21.0,F0,341
3742,2025-11-14T1600,10.0,F5,536
3743,2025-11-14T2000,9.0,F3,451
3744,2025-11-14T2200,22.0,F0,356
3745,2025-11-16T0000,11.0,F0,137
3746,2025-11-16T0200,17.0,F0,357
3747,2025-11-16T1400,11.0,F5,431
3748,2025-11-17T0000,14.0,F5,277
3749,2025-11-17T1300,5.0,F6,365
3750,2025-11-18T0900,10.0,F5,465
3751,2025-11-19T0400,5.0,F3,486
3752,2025-11-19T1400,14.0,F6,490
3753,2025-11-19T1500,18.0,F0,363
3754,2025-11-19T2300,11.0,F5,193
3755,2025-11-20T1300,4.0,F6,181
3756,2025-11-21T1400,10.0,F1,545
3757,2025-11-24T0000,4.0,F2,1140
3758,2025-11-24T1700,9.0,F6,1174
3759,2025-11-25T0300,22.0,F0,946
3760,2025-11-25T2300,13.0,F6,466
3761,2025-11-26T0900,18.0,F0,392
3762,2025-11-26T1600,24.0,F0,400
3763,2025-11-27T1100,10.0,F5,414
3764,2025-11-28T1300,8.0,F3,340
3765,2025-11-28T1600,15.0,F0,558
3766,2025-11-29T1400,10.0,F0,368
3767,2025-11-30T2100,4.0,F6,580
3768,2025-12-01T1900,10.0,F5,861
3769,2025-12-03T0900,1.0,F3,1060
3770,2025-12-06T0200,4.0,F2,1388
3771,2025-12-07T1000,8.0,F6,1383
3772,2025-12-07T1200,27.0,F0,1165
3773,2025-12-07T1300,23.0,F0,417
3774,2025-12-07T1600,12.0,F0,54
3775,2025-12-08T1400,19.0,F5,253
3776,2025-12-09T1100,4.0,F6,483
3777,2025-12-10T0100,10.0,F6,589
3778,2025-12-11T1800,4.0,F6,875
3779,2025-12-12T1300,1.0,F6,702
3780,2025-12-13T0600,1.0,F6,764
3781,2025-12-14T1000,9.0,F6,488
3782,2025-12-15T0100,19.0,F5,702
3783,2025-12-15T1400,6.0,F6,532
3784,2025-12-16T0500,10.0,F0,391
3785,2025-12-17T0400,4.0,F3,467
3786,2025-12-17T1300,6.0,F6,473
3787,2025-12-17T1700,11.0,F0,409
3788,2025-12-18T0300,26.0,F0,182
3789,2025-12-18T1800,21.0,F5,300
3790,2025-12-19T0400,26.0,F0,324
3791,2025-12-19T1700,23.0,F5,435
3792,2025-12-19T2200,5.0,F6,282
3793,2025-12-20T0100,17.0,F0,225
3794,2025-12-20T0400,27.0,F0,108
3795,2025-12-20T0500,23.0,F7,92
3796,2025-12-21T0900,18.0,F5,148
3797,2025-12-21T1300,24.0,F0,358
3798,2025-12-21T1900,20.0,F0,394
3799,2025-12-21T2000,27.0,F0,130
3800,2025-12-21T2300,15.0,F0,106
3801,2025-12-22T1700,19.0,F5,210
3802,2025-12-23T1600,10.0,F5,515
3803,2025-12-23T1700,8.0,F6,505
3804,2025-12-23T1800,20.0,F0,300
3805,2025-12-24T0500,2.0,F0,57
3806,2025-12-24T1100,26.0,F0,199
3807,2025-12-25T0900,13.0,F5,344
3808,2025-12-25T1500,18.0,F0,355
3809,2025-12-25T2200,23.0,F0,345
3810,2025-12-26T0200,15.0,F0,188
3811,2025-12-26T1400,11.0,F5,197
3812,2025-12-27T0600,1.0,F6,207
3813,2025-12-28T1700,8.0,F6,728
3814,2025-12-28T2300,6.0,F0,661
3815,2025-12-29T1000,20.0,F5,559
3816,2025-12-30T0600,13.0,F6,231
3817,2025-12-31T0400,1.0,F0,496
3818,2025-12-31T1000,9.0,F6,515
3819,2025-12-31T1400,24.0,F0,385
3820,2026-01-01T0900,10.0,F5,200
3821,2026-01-03T0000,1.0,F6,663
3822,2026-01-03T0100,8.0,F6,699
3823,2026-01-03T0400,23.0,F5,516
3824,2026-01-03T2000,11.0,F0,90
3825,2026-01-04T1200,10.0,F5,349
3826,2026-01-05T0000,9.0,F6,469
3827,2026-01-05T1300,19.0,F0,355
3828,2026-01-05T1400,9.0,F6,319
3829,2026-01-05T2300,10.0,F5,245
3830,2026-01-06T2300,2.0,F6,348
3831,2026-01-07T0000,18.0,F6,407
3832,2026-01-08T0000,10.0,F5,531
3833,2026-01-08T0600,9.0,F6,317
3834,2026-01-08T1500,23.0,F5,465
3835,2026-01-09T0800,5.0,F5,306
3836,2026-01-09T1500,6.0,F6,322
3837,2026-01-09T2000,11.0,F0,294
3838,2026-01-10T0100,18.0,F0,157
3839,2026-01-10T0400,27.0,F0,136
3840,2026-01-10T0700,14.0,F0,107
3841,2026-01-10T1700,11.0,F0,117
3842,2026-01-11T0100,11.0,F0,217
3843,2026-01-11T1900,11.0,F5,402
3844,2026-01-12T0000,15.0,F0,360
3845,2026-01-12T0800,20.0,F0,316
3846,2026-01-12T1600,15.0,F0,232
3847,2026-01-12T2200,27.0,F0,198
3848,2026-01-13T0500,27.0,F0,168
3849,2026-01-14T0600,19.0,F5,362
3850,2026-01-14T1500,9.0,F3,391
3851,2026-01-15T0000,23.0,F5,470
3852,2026-01-16T0900,10.0,F5,462
3853,2026-01-16T1000,9.0,F6,505
3854,2026-01-16T2000,20.0,F5,477
3855,2026-01-17T2200,5.0,F0,361
3856,2026-01-18T0900,5.0,F6,470
3857,2026-01-18T1400,18.0,F0,507
3858,2026-01-18T1600,26.0,F0,204
3859,2026-01-18T2300,18.0,F5,166
3860,2026-01-19T1100,10.0,F0,120
3861,2026-01-20T0400,9.0,F6,299
3862,2026-01-21T0300,19.0,F5,570
3863,2026-01-21T1700,9.0,F3,627
3864,2026-01-21T1900,27.0,F0,447
3865,2026-01-22T1300,22.0,F0,202
3866,2026-01-23T0100,2.0,F6,270
3867,2026-01-23T0800,18.0,F6,399
3868,2026-01-23T1500,23.0,F5,315
3869,2026-01-23T2300,10.0,F0,199
3870,2026-01-24T0400,17.0,F6,201
3871,2026-01-24T0700,27.0,F0,173
3872,2026-01-25T1400,19.0,F5,405
3873,2026-01-25T1500,9.0,F0,408
3874,2026-01-26T0200,19.0,F5,480
3875,2026-01-27T0800,4.0,F6,458
3876,2026-01-27T1900,5.0,F6,609
3877,2026-01-28T0800,13.0,F0,517
3878,2026-01-28T0900,9.0,F6,304
3879,2026-01-28T1600,10.0,F5,224
3880,2026-01-28T1700,9.0,F6,98
3881,2026-01-28T1800,20.0,F0,106
3882,2026-01-30T0800,10.0,F1,404
3883,2026-01-31T0900,8.0,F3,610
3884,2026-02-01T0300,10.0,F5,872
3885,2026-02-01T2100,9.0,F3,602
3886,2026-02-01T2200,26.0,F5,443
3887,2026-02-02T0400,15.0,F0,259
3888,2026-02-02T0700,23.0,F0,103
3889,2026-02-03T0500,22.0,F5,212
3890,2026-02-03T0700,8.0,F6,313
3891,2026-02-03T0900,15.0,F0,307
3892,2026-02-04T0300,10.0,F5,168
3893,2026-02-04T1300,9.0,F3,248
3894,2026-02-05T1000,10.0,F5,532
3895,2026-02-05T1100,9.0,F3,378
3896,2026-02-06T0300,19.0,F1,423
3897,2026-02-07T0600,4.0,F3,445
3898,2026-02-07T2000,8.0,F2,531
3899,2026-02-08T0000,17.0,F6,502
3900,2026-02-08T0700,24.0,F0,224
3901,2026-02-08T2100,10.0,F5,216
3902,2026-02-09T1700,2.0,F6,458
3903,2026-02-10T0300,17.0,F6,445
3904,2026-02-10T1600,19.0,F5,500
3905,2026-02-10T2200,9.0,F6,296
3906,2026-02-11T0000,27.0,F0,243
3907,2026-02-11T0300,24.0,F0,108
3908,2026-02-11T1800,19.0,F5,206
3909,2026-02-12T1600,6.0,F6,456
3910,2026-02-13T0200,11.0,F6,474
3911,2026-02-14T0400,10.0,F6,558
3912,2026-02-14T0800,9.0,F3,458
3913,2026-02-14T1300,20.0,F5,407
3914,2026-02-15T0700,18.0,F0,112
3915,2026-02-15T1100,26.0,F5,289
3916,2026-02-16T0800,10.0,F5,361
3917,2026-02-16T1500,6.0,F6,360
3918,2026-02-16T2100,24.0,F0,344
3919,2026-02-17T0800,27.0,F5,218
3920,2026-02-17T2000,19.0,F5,294
3921,2026-02-18T0000,9.0,F6,284
3922,2026-02-18T0300,23.0,F0,210
3923,2026-02-18T1300,11.0,F5,149
3924,2026-02-19T0200,19.0,F0,235
3925,2026-02-19T1300,18.0,F6,330
3926,2026-02-19T1800,27.0,F0,307
3927,2026-02-20T1300,10.0,F5,385
3928,2026-02-20T1800,6.0,F6,296
3929,2026-02-20T1900,26.0,F0,294
3930,2026-02-20T2000,1.0,F0,90
3931,2026-02-21T0300,11.0,F0,61
3932,2026-02-21T1000,6.0,F0,104
3933,2026-02-21T2000,23.0,F5,236
3934,2026-02-23T0900,10.0,F5,561
3935,2026-02-23T1700,9.0,F6,576
3936,2026-02-24T1100,19.0,F5,688
3937,2026-02-26T0100,10.0,F5,727
3938,2026-02-27T0500,8.0,F2,863
3939,2026-02-27T1000,9.0,F6,844
3940,2026-02-28T0000,19.0,F5,546
3941,2026-02-28T0600,9.0,F6,231
3942,2026-02-28T1300,19.0,F0,251
3943,2026-03-01T0900,10.0,F5,312
3944,2026-03-02T0300,5.0,F3,489
3945,2026-03-02T0900,17.0,F0,463
3946,2026-03-02T1100,17.0,F0,318
3947,2026-03-02T1200,27.0,F0,105
3948,2026-03-02T1400,15.0,F0,60
3949,2026-03-03T0300,10.0,F5,69
3950,2026-03-03T1700,5.0,F3,321
3951,2026-03-04T0300,18.0,F6,343
3952,2026-03-04T0600,14.0,F0,295
3953,2026-03-04T2300,19.0,F1,316
3954,2026-03-07T0100,1.0,F3,752
3955,2026-03-08T0400,9.0,F3,830
3956,2026-03-08T0500,26.0,F5,935
3957,2026-03-08T1800,11.0,F5,401
3958,2026-03-08T1900,18.0,F6,177
3959,2026-03-08T2200,18.0,F0,187
3960,2026-03-09T0300,11.0,F0,52
3961,2026-03-09T2300,19.0,F7,294
3962,2026-03-10T0000,9.0,F6,311
3963,2026-03-10T1300,10.0,F5,365
3964,2026-03-10T1400,9.0,F3,183
3965,2026-03-10T1800,14.0,F0,181
3966,2026-03-11T1400,2.0,F5,277
3967,2026-03-12T0000,14.0,F6,329
3968,2026-03-12T1000,23.0,F0,425
3969,2026-03-13T1600,10.0,F5,581
3970,2026-03-14T1800,7.0,F6,656
3971,2026-03-15T1600,1.0,F6,856
3972,2026-03-15T2100,9.0,F6,579
3973,2026-03-16T1400,19.0,F5,524
3974,2026-03-16T2200,9.0,F6,272
3975,2026-03-17T0400,23.0,F5,343
3976,2026-03-17T1900,23.0,F5,286
3977,2026-03-17T2300,27.0,F0,254
3978,2026-03-19T0300,19.0,F5,482
3979,2026-03-19T0700,9.0,F3,387
3980,2026-03-19T0900,23.0,F0,388
3981,2026-03-19T1100,5.0,F0,82
3982,2026-03-19T1700,13.0,F5,105
3983,2026-03-20T1300,10.0,F5,278
3984,2026-03-20T2100,5.0,F6,367
3985,2026-03-21T1500,10.0,F5,542
3986,2026-03-22T1500,10.0,F5,562
3987,2026-03-22T2000,9.0,F6,507
3988,2026-03-23T0200,23.0,F0,364
3989,2026-03-24T0100,10.0,F5,278
3990,2026-03-24T1000,8.0,F3,400
3991,2026-03-24T1100,26.0,F0,385
3992,2026-03-25T0000,10.0,F7,201
3993,2026-03-25T1500,14.0,F6,307
3994,2026-03-27T0000,10.0,F5,665
3995,2026-03-27T0800,9.0,F6,602
3996,2026-03-27T2200,19.0,F5,616
3997,2026-03-29T1000,5.0,F3,472
3998,2026-03-29T1100,8.0,F6,607
3999,2026-03-29T1400,13.0,F0,453
4000,2026-03-30T0200,21.0,F5,153
4001,2026-03-30T1700,23.0,F5,316
4002,2026-03-31T0100,6.0,F6,352
4003,2026-03-31T0800,15.0,F0,282
4004,2026-03-31T1600,14.0,F0,203
4005,2026-04-01T1200,10.0,F5,362
4006,2026-04-02T1500,1.0,F6,643
4007,2026-04-05T0000,8.0,F6,1142
4008,2026-04-05T1500,5.0,F0,1083
4009,2026-04-06T1700,10.0,F5,1173
4010,2026-04-07T1900,4.0,F3,757
4011,2026-04-08T1300,10.0,F5,843
4012,2026-04-09T1500,5.0,F3,676
4013,2026-04-10T0200,1.0,F6,615
4014,2026-04-10T1300,5.0,F6,514
4015,2026-04-11T0000,22.0,F5,354
4016,2026-04-11T1800,9.0,F6,422
4017,2026-04-12T0000,23.0,F0,361
4018,2026-04-12T1900,10.0,F5,474
4019,2026-04-14T1000,1.0,F6,733
4020,2026-04-15T1900,8.0,F3,957
4021,2026-04-16T0800,14.0,F0,907
4022,2026-04-16T1900,15.0,F0,623
4023,2026-04-17T0200,26.0,F0,300
4024,2026-04-17T0700,27.0,F0,222
4025,2026-04-17T2300,19.0,F5,256
4026,2026-04-19T1100,1.0,F6,640
4027,2026-04-19T1800,9.0,F6,652
4028,2026-04-20T0400,26.0,F5,588
4029,2026-04-21T0300,10.0,F5,400
4030,2026-04-21T0800,9.0,F6,396
4031,2026-04-21T1300,23.0,F0,345
4032,2026-04-22T0000,24.0,F5,201
4033,2026-04-22T2000,19.0,F5,385
4034,2026-04-23T2200,4.0,F6,633
4035,2026-04-24T0400,8.0,F6,600
4036,2026-04-24T1200,27.0,F0,445
4037,2026-04-24T1700,27.0,F0,182
4038,2026-04-25T0800,23.0,F5,223
4039,2026-04-25T1600,14.0,F0,270
4040,2026-04-25T2200,27.0,F0,283
4041,2026-04-27T0500,20.0,F5,492
4042,2026-04-28T0000,1.0,F0,618
4043,2026-04-28T1100,9.0,F6,608
4044,2026-04-28T1900,22.0,F5,404
4045,2026-04-29T1400,10.0,F5,413
4046,2026-04-30T0700,13.0,F0,374
4047,2026-05-01T2100,10.0,F5,803
4048,2026-05-02T2200,9.0,F6,660
4049,2026-05-03T0000,26.0,F4,767
4050,2026-05-03T1100,20.0,F5,401
4051,2026-05-04T0000,11.0,F0,291
4052,2026-05-04T0100,18.0,F0,292
4053,2026-05-04T1000,19.0,F5,207
4054,2026-05-04T1600,5.0,F6,125
4055,2026-05-04T2300,26.0,F0,202
4056,2026-05-05T0100,18.0,F0,163
4057,2026-05-05T1000,19.0,F5,163
4058,2026-05-05T1100,9.0,F0,132
4059,2026-05-05T2100,19.0,F7,240
4060,2026-05-06T0900,3.0,F6,177
4061,2026-05-06T1400,24.0,F0,292
4062,2026-05-08T0700,19.0,F5,649
4063,2026-05-10T0100,4.0,F6,978
4064,2026-05-10T1300,9.0,F6,996
4065,2026-05-10T2000,23.0,F5,706
4066,2026-05-10T2200,15.0,F0,238
4067,2026-05-11T0300,2.0,F0,123
4068,2026-05-11T1500,17.0,F5,222
4069,2026-05-12T0100,11.0,F0,246
4070,2026-05-12T2000,10.0,F5,454
4071,2026-05-13T1100,9.0,F6,504
4072,2026-05-14T0100,19.0,F0,470
4073,2026-05-14T0300,9.0,F6,348
4074,2026-05-14T0400,23.0,F0,203
4075,2026-05-15T0300,10.0,F5,193
4076,2026-05-16T0300,1.0,F6,420
4077,2026-05-16T0600,9.0,F6,568
4078,2026-05-16T1500,19.0,F5,377
4079,2026-05-17T2300,9.0,F6,377
4080,2026-05-18T1200,22.0,F0,578
4081,2026-05-18T1400,9.0,F6,549
4082,2026-05-18T1900,23.0,F0,198
4083,2026-05-19T1400,2.0,F0,148
4084,2026-05-19T1700,14.0,F0,297
4085,2026-05-20T2300,13.0,F5,531
4086,2026-05-21T0000,9.0,F0,399
4087,2026-05-21T0600,23.0,F5,421
4088,2026-05-21T2000,11.0,F0,176
4089,2026-05-22T0600,18.0,F0,339
4090,2026-05-23T1300,19.0,F5,598
4091,2026-05-24T1400,1.0,F6,749
4092,2026-05-25T0100,8.0,F6,765
4093,2026-05-25T1300,26.0,F0,534
4094,2026-05-25T1400,9.0,F0,280
4095,2026-05-25T1800,10.0,F0,170
4096,2026-05-26T1100,10.0,F5,173
4097,2026-05-26T1500,18.0,F0,293
4098,2026-05-27T0700,19.0,F5,414
4099,2026-05-27T1300,9.0,F6,304
4100,2026-05-28T1100,19.0,F5,444
4101,2026-05-29T1400,8.0,F3,468
4102,2026-05-29T1500,27.0,F0,593
4103,2026-05-31T0700,10.0,F5,364
4104,2026-05-31T2200,5.0,F6,607
4105,2026-05-31T2300,18.0,F0,672
4106,2026-06-01T0000,5.0,F0,199
4107,2026-06-01T0100,9.0,F0,30
4108,2026-06-03T0200,10.0,F1,581
4109,2026-06-03T0300,8.0,F3,603
4110,2026-06-03T0400,23.0,F0,610
4111,2026-06-03T1900,3.0,F0,55
4112,2026-06-04T0600,19.0,F1,276
4113,2026-06-04T1000,9.0,F3,315
4114,2026-06-04T1200,24.0,F5,200
4115,2026-06-05T0500,11.0,F0,98
4116,2026-06-05T0900,10.0,F6,244
4117,2026-06-05T1100,9.0,F6,255
4118,2026-06-05T2100,19.0,F1,171
4119,2026-06-07T1500,17.0,F6,573
4120,2026-06-07T2300,18.0,F0,681
4121,2026-06-08T1700,22.0,F5,796
4122,2026-06-10T0100,10.0,F0,596
4123,2026-06-10T0200,9.0,F6,600
4124,2026-06-10T0700,20.0,F7,435
4125,2026-06-10T2200,11.0,F0,178
4126,2026-06-11T0000,27.0,F0,244
4127,2026-06-11T1600,19.0,F5,342
4128,2026-06-11T1700,9.0,F6,233
4129,2026-06-12T0300,10.0,F5,234
4130,2026-06-12T1700,5.0,F6,175
4131,2026-06-12T1800,27.0,F0,289
4132,2026-06-13T1000,20.0,F5,214
4133,2026-06-14T0400,10.0,F5,344
4134,2026-06-14T2100,6.0,F6,575
4135,2026-06-15T2000,10.0,F5,647
4136,2026-06-17T0500,4.0,F3,702
4137,2026-06-17T0600,9.0,F6,673
4138,2026-06-17T1500,20.0,F7,471
4139,2026-06-17T1900,6.0,F6,137
4140,2026-06-18T0800,10.0,F5,277
4141,2026-06-18T1500,18.0,F6,205
4142,2026-06-19T0000,22.0,F7,269
4143,2026-06-20T1300,4.0,F6,542
4144,2026-06-20T1400,9.0,F0,566
4145,2026-06-21T0700,10.0,F5,631
4146,2026-06-22T0200,2.0,F6,417
4147,2026-06-22T0300,27.0,F0,432
4148,2026-06-22T0500,23.0,F0,252
4149,2026-06-22T1900,10.0,F5,144
4150,2026-06-23T2000,10.0,F0,353
4151,2026-06-24T1300,9.0,F6,657
4152,2026-06-24T2300,10.0,F0,561
4153,2026-06-25T1300,9.0,F6,428
4154,2026-06-25T2300,10.0,F0,299
4155,2026-06-26T0200,9.0,F3,294
4156,2026-06-26T0300,24.0,F5,168
4157,2026-06-27T1900,1.0,F7,487
4158,2026-06-28T1100,8.0,F3,617
4159,2026-06-28T1300,8.0,F6,690
4160,2026-06-29T0300,10.0,F5,374
4161,2026-06-29T1400,15.0,F0,302
4162,2026-06-29T1600,27.0,F0,303
4163,2026-06-30T0100,23.0,F0,174
4164,2026-06-30T2200,10.0,F5,301
4165,2026-07-01T1200,5.0,F6,441
4166,2026-07-01T1300,27.0,F0,429
4167,2026-07-02T0700,10.0,F5,292
4168,2026-07-02T0900,9.0,F3,237
4169,2026-07-02T2000,19.0,F5,303
4170,2026-07-03T1300,9.0,F6,211
4171,2026-07-03T1500,23.0,F0,361
4172,2026-07-03T1700,14.0,F0,236
4173,2026-07-03T1900,16.0,F0,79
4174,2026-07-03T2000,18.0,F0,49
4175,2026-07-04T0200,10.0,F5,50
4176,2026-07-04T1700,18.0,F6,137
4177,2026-07-05T0000,23.0,F0,262
4178,2026-07-05T2100,11.0,F5,380
4179,2026-07-06T0600,10.0,F0,363
4180,2026-07-06T1600,12.0,F0,451
4181,2026-07-07T0300,26.0,F0,290
4182,2026-07-07T1500,27.0,F0,391
4183,2026-07-07T2100,23.0,F0,298
4184,2026-07-08T1900,10.0,F5,437
4185,2026-07-10T1400,1.0,F6,850
4186,2026-07-12T1400,8.0,F3,1265
4187,2026-07-12T2200,9.0,F0,1102
4188,2026-07-13T2300,19.0,F5,916
4189,2026-07-15T0300,1.0,F6,676
4190,2026-07-15T1500,9.0,F3,689
4191,2026-07-15T1600,27.0,F0,490
4192,2026-07-16T1600,10.0,F5,404
4193,2026-07-16T1700,9.0,F6,300
4194,2026-07-17T1300,19.0,F7,549
4195,2026-07-19T0500,1.0,F6,697
4196,2026-07-20T0200,8.0,F6,877
4197,2026-07-20T0500,18.0,F0,741
4198,2026-07-20T1100,24.0,F5,307
4199,2026-07-21T1700,10.0,F5,433
4200,2026-07-22T2300,5.0,F3,671
4201,2026-07-23T0100,9.0,F6,737
4202,2026-07-23T2100,10.0,F5,587
4203,2026-07-24T1200,6.0,F6,387
4204,2026-07-25T0200,19.0,F0,448
4205,2026-07-27T0800,1.0,F6,973
4206,2026-07-28T1200,1.0,F6,1021
4207,2026-07-29T1500,4.0,F6,1247
4208,2026-07-30T0300,14.0,F6,733
4209,2026-07-30T0600,26.0,F0,471
4210,2026-07-30T0800,27.0,F0,199
4211,2026-07-30T2300,10.0,F5,129
4212,2026-08-01T0100,10.0,F6,386
4213,2026-08-01T1800,8.0,F6,587
4214,2026-08-01T2200,23.0,F0,522
4215,2026-08-02T1200,22.0,F5,336
4216,2026-08-02T1800,18.0,F0,235
4217,2026-08-03T0100,23.0,F0,290
4218,2026-08-03T1300,20.0,F5,246
4219,2026-08-04T0700,1.0,F5,417
4220,2026-08-04T1400,9.0,F6,399
4221,2026-08-05T0000,19.0,F5,411
4222,2026-08-05T0200,9.0,F0,216
4223,2026-08-05T0300,27.0,F0,146
4224,2026-08-05T1400,26.0,F5,163
4225,2026-08-06T0000,22.0,F0,220
4226,2026-08-06T0800,9.0,F0,280
4227,2026-08-06T0900,27.0,F0,226
4228,2026-08-07T0800,10.0,F5,346
4229,2026-08-07T2300,1.0,F0,347
4230,2026-08-08T1700,9.0,F6,471
4231,2026-08-08T1800,26.0,F0,403
4232,2026-08-09T1100,10.0,F5,339
4233,2026-08-09T2300,14.0,F0,350
4234,2026-08-10T0600,18.0,F0,368
4235,2026-08-10T0900,24.0,F0,247
4236,2026-08-11T0300,10.0,F5,215
4237,2026-08-11T1500,9.0,F6,362
4238,2026-08-12T0000,23.0,F0,410
4239,2026-08-12T1500,14.0,F5,402
4240,2026-08-13T0200,26.0,F0,341
4241,2026-08-13T1500,11.0,F0,351
4242,2026-08-13T2300,1.0,F0,308
4243,2026-08-14T0400,8.0,F6,289
4244,2026-08-14T1600,19.0,F5,287
4245,2026-08-16T0500,8.0,F0,220
4246,2026-08-16T1500,17.0,F0,645
4247,2026-08-16T2100,24.0,F0,582
4248,2026-08-17T0200,24.0,F0,212
4249,2026-08-18T0200,19.0,F5,328
4250,2026-08-18T1500,9.0,F6,366
4251,2026-08-18T2100,26.0,F0,456
4252,2026-08-19T1200,24.0,F5,338
4253,2026-08-20T0600,10.0,F1,369
4254,2026-08-20T0800,9.0,F2,399
4255,2026-08-20T1800,19.0,F7,358
4256,2026-08-21T0100,9.0,F3,156
4257,2026-08-21T1400,19.0,F1,299
4258,2026-08-23T1100,8.0,F3,711
4259,2026-08-24T0300,23.0,F0,821
4260,2026-08-24T1000,5.0,F6,754
4261,2026-08-25T0800,19.0,F5,476
4262,2026-08-26T0600,4.0,F6,505
4263,2026-08-26T0800,9.0,F6,529
4264,2026-08-26T2000,19.0,F7,372
4265,2026-08-28T0200,10.0,F5,522
4266,2026-08-29T0500,1.0,F6,677
4267,2026-08-30T2200,4.0,F3,1115
4268,2026-08-31T0800,5.0,F6,837
4269,2026-08-31T1300,18.0,F6,625
4270,2026-08-31T1400,27.0,F0,190
4271,2026-09-01T0100,10.0,F5,134
