zc2,zc3,side,pic,match,move
2020-03-29 18:00:00,2020-03-30 03:00:00,숏,9,제자리,조금감
2020-03-30 03:00:00,2020-03-31 04:00:00,롱,22,깨고하락,크게감
2020-03-31 04:00:00,2020-04-01 20:00:00,숏,10,깨고하락,조금감
2020-04-01 20:00:00,2020-04-02 21:00:00,롱,4,섞임,크게감
2020-04-02 21:00:00,2020-04-03 09:00:00,숏,10,깨고하락,제자리
2020-04-03 09:00:00,2020-04-03 13:00:00,롱,9,제자리,제자리
2020-04-03 13:00:00,2020-04-04 09:00:00,숏,27,크게감,크게감
2020-04-04 09:00:00,2020-04-04 13:00:00,롱,19,깨고하락,제자리
2020-04-04 13:00:00,2020-04-04 16:00:00,숏,9,제자리,제자리
2020-04-04 16:00:00,2020-04-05 05:00:00,롱,27,크게감,크게감
2020-04-05 05:00:00,2020-04-06 00:00:00,숏,25,섞임,조금감
2020-04-06 00:00:00,2020-04-07 04:00:00,롱,18,섞임,크게감
2020-04-07 04:00:00,2020-04-08 04:00:00,숏,19,깨고하락,깨고하락
2020-04-08 04:00:00,2020-04-08 10:00:00,롱,8,제자리,제자리
2020-04-08 10:00:00,2020-04-08 17:00:00,숏,27,크게감,제자리
2020-04-08 17:00:00,2020-04-09 03:00:00,롱,23,크게감,조금감
2020-04-09 03:00:00,2020-04-09 22:00:00,숏,24,크게감,크게감
2020-04-09 22:00:00,2020-04-09 23:00:00,롱,20,섞임,제자리
2020-04-09 23:00:00,2020-04-10 00:00:00,숏,17,크게감,제자리
2020-04-10 00:00:00,2020-04-10 01:00:00,롱,10,깨고하락,제자리
2020-04-10 01:00:00,2020-04-10 19:00:00,숏,18,제자리,크게감
2020-04-10 19:00:00,2020-04-11 17:00:00,롱,10,깨고하락,제자리
2020-04-11 17:00:00,2020-04-11 21:00:00,숏,9,제자리,제자리
2020-04-11 21:00:00,2020-04-13 00:00:00,롱,27,크게감,깨고하락
2020-04-13 00:00:00,2020-04-13 15:00:00,숏,11,깨고하락,제자리
2020-04-13 15:00:00,2020-04-14 10:00:00,롱,13,섞임,조금감
2020-04-14 10:00:00,2020-04-14 13:00:00,숏,1,깨고하락,제자리
2020-04-14 13:00:00,2020-04-14 21:00:00,롱,9,제자리,조금감
2020-04-14 21:00:00,2020-04-16 06:00:00,숏,20,깨고하락,크게감
2020-04-16 06:00:00,2020-04-17 02:00:00,롱,10,깨고하락,크게감
2020-04-17 02:00:00,2020-04-18 05:00:00,숏,1,깨고하락,제자리
2020-04-18 05:00:00,2020-04-18 10:00:00,롱,8,제자리,제자리
2020-04-18 10:00:00,2020-04-18 12:00:00,숏,17,크게감,깨고하락
2020-04-18 12:00:00,2020-04-19 02:00:00,롱,18,섞임,크게감
2020-04-19 02:00:00,2020-04-19 21:00:00,숏,19,깨고하락,크게감
2020-04-19 21:00:00,2020-04-19 23:00:00,롱,1,깨고하락,제자리
2020-04-19 23:00:00,2020-04-20 00:00:00,숏,8,제자리,제자리
2020-04-20 00:00:00,2020-04-20 09:00:00,롱,11,섞임,크게감
2020-04-20 09:00:00,2020-04-21 05:00:00,숏,1,섞임,크게감
2020-04-21 05:00:00,2020-04-23 04:00:00,롱,10,깨고하락,크게감
2020-04-23 04:00:00,2020-04-23 13:00:00,숏,1,깨고하락,깨고하락
2020-04-23 13:00:00,2020-04-24 01:00:00,롱,9,제자리,크게감
2020-04-24 01:00:00,2020-04-25 06:00:00,숏,19,깨고하락,제자리
2020-04-25 06:00:00,2020-04-25 11:00:00,롱,8,제자리,제자리
2020-04-25 11:00:00,2020-04-25 13:00:00,숏,26,크게감,제자리
2020-04-25 13:00:00,2020-04-25 15:00:00,롱,15,제자리,깨고하락
2020-04-25 15:00:00,2020-04-26 10:00:00,숏,17,섞임,조금감
2020-04-26 10:00:00,2020-04-26 16:00:00,롱,18,섞임,조금감
2020-04-26 16:00:00,2020-04-26 19:00:00,숏,26,섞임,제자리
2020-04-26 19:00:00,2020-04-26 22:00:00,롱,27,크게감,제자리
2020-04-26 22:00:00,2020-04-26 23:00:00,숏,26,크게감,깨고하락
2020-04-26 23:00:00,2020-04-27 07:00:00,롱,15,섞임,크게감
2020-04-27 07:00:00,2020-04-27 22:00:00,숏,13,깨고하락,조금감
2020-04-27 22:00:00,2020-04-28 02:00:00,롱,18,크게감,제자리
2020-04-28 02:00:00,2020-04-28 10:00:00,숏,26,크게감,조금감
2020-04-28 10:00:00,2020-04-28 14:00:00,롱,27,크게감,제자리
2020-04-28 14:00:00,2020-04-28 23:00:00,숏,27,크게감,깨고하락
2020-04-28 23:00:00,2020-04-30 09:00:00,롱,24,크게감,크게감
2020-04-30 09:00:00,2020-05-01 09:00:00,숏,19,깨고하락,제자리
2020-05-01 09:00:00,2020-05-01 15:00:00,롱,4,제자리,제자리
2020-05-01 15:00:00,2020-05-02 00:00:00,숏,5,섞임,제자리
2020-05-02 00:00:00,2020-05-02 07:00:00,롱,14,섞임,제자리
2020-05-02 07:00:00,2020-05-02 11:00:00,숏,26,크게감,깨고하락
2020-05-02 11:00:00,2020-05-03 07:00:00,롱,15,섞임,크게감
2020-05-03 07:00:00,2020-05-04 12:00:00,숏,19,깨고하락,크게감
2020-05-04 12:00:00,2020-05-05 11:00:00,롱,10,깨고하락,크게감
2020-05-05 11:00:00,2020-05-05 22:00:00,숏,1,깨고하락,제자리
2020-05-05 22:00:00,2020-05-06 23:00:00,롱,9,크게감,크게감
2020-05-06 23:00:00,2020-05-07 13:00:00,숏,19,깨고하락,깨고하락
2020-05-07 13:00:00,2020-05-08 05:00:00,롱,6,제자리,크게감
2020-05-08 05:00:00,2020-05-09 17:00:00,숏,19,깨고하락,조금감
2020-05-09 17:00:00,2020-05-09 21:00:00,롱,4,제자리,제자리
2020-05-09 21:00:00,2020-05-10 12:00:00,숏,18,제자리,크게감
2020-05-10 12:00:00,2020-05-10 16:00:00,롱,19,깨고하락,제자리
2020-05-10 16:00:00,2020-05-10 18:00:00,숏,9,제자리,제자리
2020-05-10 18:00:00,2020-05-11 18:00:00,롱,19,깨고하락,깨고복귀
2020-05-11 18:00:00,2020-05-11 19:00:00,숏,11,섞임,제자리
2020-05-11 19:00:00,2020-05-11 20:00:00,롱,27,크게감,제자리
2020-05-11 20:00:00,2020-05-12 03:00:00,숏,26,크게감,조금감
2020-05-12 03:00:00,2020-05-12 22:00:00,롱,5,제자리,크게감
2020-05-12 22:00:00,2020-05-13 00:00:00,숏,10,깨고하락,제자리
2020-05-13 00:00:00,2020-05-13 07:00:00,롱,9,크게감,제자리
2020-05-13 07:00:00,2020-05-13 10:00:00,숏,19,깨고하락,제자리
2020-05-13 10:00:00,2020-05-14 17:00:00,롱,6,섞임,크게감
2020-05-14 17:00:00,2020-05-16 04:00:00,숏,19,깨고하락,조금감
2020-05-16 04:00:00,2020-05-16 17:00:00,롱,4,제자리,제자리
2020-05-16 17:00:00,2020-05-16 22:00:00,숏,8,제자리,제자리
2020-05-16 22:00:00,2020-05-17 22:00:00,롱,26,크게감,크게감
2020-05-17 22:00:00,2020-05-18 01:00:00,숏,19,깨고하락,깨고하락
2020-05-18 01:00:00,2020-05-18 06:00:00,롱,9,제자리,제자리
2020-05-18 06:00:00,2020-05-18 23:00:00,숏,23,크게감,크게감
2020-05-18 23:00:00,2020-05-19 00:00:00,롱,10,깨고하락,제자리
2020-05-19 00:00:00,2020-05-19 08:00:00,숏,9,제자리,깨고하락
2020-05-19 08:00:00,2020-05-19 19:00:00,롱,21,깨고하락,조금감
2020-05-19 19:00:00,2020-05-19 22:00:00,숏,10,깨고하락,제자리
2020-05-19 22:00:00,2020-05-20 15:00:00,롱,18,크게감,깨고하락
2020-05-20 15:00:00,2020-05-21 23:00:00,숏,18,섞임,크게감
2020-05-21 23:00:00,2020-05-23 09:00:00,롱,10,깨고하락,조금감
2020-05-23 09:00:00,2020-05-23 20:00:00,숏,8,제자리,제자리
2020-05-23 20:00:00,2020-05-24 01:00:00,롱,17,제자리,제자리
2020-05-24 01:00:00,2020-05-24 02:00:00,숏,23,섞임,제자리
2020-05-24 02:00:00,2020-05-24 11:00:00,롱,17,제자리,깨고하락
2020-05-24 11:00:00,2020-05-25 08:00:00,숏,12,섞임,크게감
2020-05-25 08:00:00,2020-05-25 09:00:00,롱,10,깨고하락,제자리
2020-05-25 09:00:00,2020-05-25 12:00:00,숏,9,제자리,제자리
2020-05-25 12:00:00,2020-05-26 12:00:00,롱,22,깨고하락,크게감
2020-05-26 12:00:00,2020-05-26 21:00:00,숏,10,깨고하락,조금감
2020-05-26 21:00:00,2020-05-27 22:00:00,롱,5,섞임,크게감
2020-05-27 22:00:00,2020-05-28 00:00:00,숏,10,깨고하락,깨고하락
2020-05-28 00:00:00,2020-05-28 03:00:00,롱,9,제자리,제자리
2020-05-28 03:00:00,2020-05-28 12:00:00,숏,23,크게감,깨고하락
2020-05-28 12:00:00,2020-05-29 02:00:00,롱,18,섞임,크게감
2020-05-29 02:00:00,2020-05-30 04:00:00,숏,19,깨고하락,조금감
2020-05-30 04:00:00,2020-05-30 17:00:00,롱,5,섞임,조금감
2020-05-30 17:00:00,2020-05-30 22:00:00,숏,1,깨고하락,깨고하락
2020-05-30 22:00:00,2020-05-31 04:00:00,롱,6,섞임,제자리
2020-05-31 04:00:00,2020-06-01 02:00:00,숏,10,깨고하락,조금감
2020-06-01 02:00:00,2020-06-02 12:00:00,롱,13,섞임,크게감
2020-06-02 12:00:00,2020-06-03 07:00:00,숏,10,깨고하락,크게감
2020-06-03 07:00:00,2020-06-04 09:00:00,롱,1,깨고하락,제자리
2020-06-04 09:00:00,2020-06-04 13:00:00,숏,8,제자리,깨고하락
2020-06-04 13:00:00,2020-06-05 03:00:00,롱,6,제자리,조금감
2020-06-05 03:00:00,2020-06-06 09:00:00,숏,22,깨고하락,크게감
2020-06-06 09:00:00,2020-06-07 09:00:00,롱,1,깨고하락,제자리
2020-06-07 09:00:00,2020-06-07 19:00:00,숏,5,제자리,깨고하락
2020-06-07 19:00:00,2020-06-08 12:00:00,롱,15,깨고하락,제자리
2020-06-08 12:00:00,2020-06-08 23:00:00,숏,1,깨고하락,제자리
2020-06-08 23:00:00,2020-06-09 00:00:00,롱,8,제자리,깨고하락
2020-06-09 00:00:00,2020-06-09 12:00:00,숏,14,섞임,조금감
2020-06-09 12:00:00,2020-06-10 07:00:00,롱,13,섞임,조금감
2020-06-10 07:00:00,2020-06-10 17:00:00,숏,8,제자리,제자리
2020-06-10 17:00:00,2020-06-11 06:00:00,롱,14,제자리,깨고복귀
2020-06-11 06:00:00,2020-06-12 03:00:00,숏,10,깨고하락,크게감
2020-06-12 03:00:00,2020-06-13 20:00:00,롱,10,깨고하락,조금감
2020-06-13 20:00:00,2020-06-13 21:00:00,숏,8,제자리,제자리
2020-06-13 21:00:00,2020-06-14 06:00:00,롱,17,크게감,조금감
2020-06-14 06:00:00,2020-06-15 14:00:00,숏,23,섞임,크게감
2020-06-15 14:00:00,2020-06-16 14:00:00,롱,10,깨고하락,크게감
2020-06-16 14:00:00,2020-06-17 23:00:00,숏,4,깨고하락,조금감
2020-06-17 23:00:00,2020-06-18 15:00:00,롱,4,섞임,제자리
2020-06-18 15:00:00,2020-06-19 09:00:00,숏,18,제자리,조금감
2020-06-19 09:00:00,2020-06-19 19:00:00,롱,19,깨고하락,조금감
2020-06-19 19:00:00,2020-06-20 03:00:00,숏,5,섞임,조금감
2020-06-20 03:00:00,2020-06-20 08:00:00,롱,26,크게감,제자리
2020-06-20 08:00:00,2020-06-20 11:00:00,숏,27,섞임,깨고하락
2020-06-20 11:00:00,2020-06-20 14:00:00,롱,26,크게감,제자리
2020-06-20 14:00:00,2020-06-20 18:00:00,숏,26,섞임,조금감
2020-06-20 18:00:00,2020-06-21 11:00:00,롱,26,섞임,크게감
2020-06-21 11:00:00,2020-06-22 02:00:00,숏,10,깨고하락,조금감
2020-06-22 02:00:00,2020-06-23 04:00:00,롱,6,섞임,크게감
2020-06-23 04:00:00,2020-06-25 01:00:00,숏,19,깨고하락,크게감
2020-06-25 01:00:00,2020-06-25 03:00:00,롱,1,깨고하락,깨고하락
2020-06-25 03:00:00,2020-06-25 08:00:00,숏,9,제자리,깨고하락
2020-06-25 08:00:00,2020-06-26 06:00:00,롱,20,깨고하락,제자리
2020-06-26 06:00:00,2020-06-26 20:00:00,숏,14,섞임,조금감
2020-06-26 20:00:00,2020-06-27 16:00:00,롱,23,섞임,제자리
2020-06-27 16:00:00,2020-06-28 06:00:00,숏,18,섞임,크게감
2020-06-28 06:00:00,2020-06-29 04:00:00,롱,19,깨고하락,조금감
2020-06-29 04:00:00,2020-06-29 17:00:00,숏,1,깨고하락,조금감
2020-06-29 17:00:00,2020-06-30 05:00:00,롱,9,제자리,조금감
2020-06-30 05:00:00,2020-07-01 08:00:00,숏,23,섞임,조금감
2020-07-01 08:00:00,2020-07-02 00:00:00,롱,14,섞임,크게감
2020-07-02 00:00:00,2020-07-03 03:00:00,숏,10,깨고하락,크게감
2020-07-03 03:00:00,2020-07-04 11:00:00,롱,10,깨고하락,제자리
2020-07-04 11:00:00,2020-07-04 13:00:00,숏,8,제자리,제자리
2020-07-04 13:00:00,2020-07-05 05:00:00,롱,27,크게감,크게감
2020-07-05 05:00:00,2020-07-05 22:00:00,숏,20,깨고하락,크게감
2020-07-05 22:00:00,2020-07-06 22:00:00,롱,10,섞임,크게감
2020-07-06 22:00:00,2020-07-06 23:00:00,숏,10,깨고하락,깨고하락
2020-07-06 23:00:00,2020-07-07 01:00:00,롱,9,제자리,제자리
2020-07-07 01:00:00,2020-07-08 02:00:00,숏,19,깨고하락,크게감
2020-07-08 02:00:00,2020-07-09 01:00:00,롱,10,깨고하락,크게감
2020-07-09 01:00:00,2020-07-10 10:00:00,숏,10,깨고하락,크게감
2020-07-10 10:00:00,2020-07-11 09:00:00,롱,1,깨고하락,조금감
2020-07-11 09:00:00,2020-07-11 23:00:00,숏,5,제자리,제자리
2020-07-11 23:00:00,2020-07-12 13:00:00,롱,4,섞임,크게감
2020-07-12 13:00:00,2020-07-12 22:00:00,숏,11,섞임,조금감
2020-07-12 22:00:00,2020-07-13 18:00:00,롱,14,섞임,조금감
2020-07-13 18:00:00,2020-07-14 12:00:00,숏,25,크게감,크게감
2020-07-14 12:00:00,2020-07-15 06:00:00,롱,10,깨고하락,조금감
2020-07-15 06:00:00,2020-07-16 01:00:00,숏,8,섞임,조금감
2020-07-16 01:00:00,2020-07-16 03:00:00,롱,13,섞임,제자리
2020-07-16 03:00:00,2020-07-16 17:00:00,숏,8,제자리,크게감
2020-07-16 17:00:00,2020-07-18 02:00:00,롱,19,깨고하락,조금감
2020-07-18 02:00:00,2020-07-18 09:00:00,숏,5,제자리,깨고하락
2020-07-18 09:00:00,2020-07-18 23:00:00,롱,18,제자리,조금감
2020-07-18 23:00:00,2020-07-19 00:00:00,숏,25,크게감,제자리
2020-07-19 00:00:00,2020-07-19 01:00:00,롱,26,크게감,깨고하락
2020-07-19 01:00:00,2020-07-19 17:00:00,숏,12,섞임,크게감
2020-07-19 17:00:00,2020-07-20 10:00:00,롱,10,깨고하락,크게감
2020-07-20 10:00:00,2020-07-21 02:00:00,숏,14,섞임,제자리
2020-07-21 02:00:00,2020-07-21 21:00:00,롱,5,섞임,크게감
2020-07-21 21:00:00,2020-07-22 20:00:00,숏,10,깨고하락,조금감
2020-07-22 20:00:00,2020-07-23 10:00:00,롱,8,제자리,크게감
2020-07-23 10:00:00,2020-07-23 16:00:00,숏,19,깨고하락,깨고하락
2020-07-23 16:00:00,2020-07-24 00:00:00,롱,9,제자리,제자리
2020-07-24 00:00:00,2020-07-24 18:00:00,숏,22,깨고하락,조금감
2020-07-24 18:00:00,2020-07-24 23:00:00,롱,2,섞임,조금감
2020-07-24 23:00:00,2020-07-25 04:00:00,숏,14,섞임,제자리
2020-07-25 04:00:00,2020-07-25 10:00:00,롱,27,크게감,조금감
2020-07-25 10:00:00,2020-07-25 16:00:00,숏,26,크게감,깨고하락
2020-07-25 16:00:00,2020-07-26 04:00:00,롱,27,크게감,크게감
2020-07-26 04:00:00,2020-07-26 08:00:00,숏,19,깨고하락,깨고하락
2020-07-26 08:00:00,2020-07-26 19:00:00,롱,9,제자리,크게감
2020-07-26 19:00:00,2020-07-27 01:00:00,숏,19,깨고하락,제자리
2020-07-27 01:00:00,2020-07-28 04:00:00,롱,9,제자리,크게감
2020-07-28 04:00:00,2020-07-29 08:00:00,숏,19,깨고하락,조금감
2020-07-29 08:00:00,2020-07-29 23:00:00,롱,8,제자리,제자리
2020-07-29 23:00:00,2020-07-30 17:00:00,숏,23,섞임,조금감
2020-07-30 17:00:00,2020-07-31 02:00:00,롱,4,깨고하락,조금감
2020-07-31 02:00:00,2020-07-31 06:00:00,숏,8,섞임,제자리
2020-07-31 06:00:00,2020-08-01 00:00:00,롱,27,크게감,크게감
2020-08-01 00:00:00,2020-08-01 04:00:00,숏,19,깨고하락,제자리
2020-08-01 04:00:00,2020-08-01 14:00:00,롱,8,제자리,크게감
2020-08-01 14:00:00,2020-08-01 19:00:00,숏,10,깨고하락,깨고하락
2020-08-01 19:00:00,2020-08-02 00:00:00,롱,9,제자리,제자리
2020-08-02 00:00:00,2020-08-02 01:00:00,숏,22,깨고하락,깨고하락
2020-08-02 01:00:00,2020-08-02 04:00:00,롱,9,제자리,깨고하락
2020-08-02 04:00:00,2020-08-03 00:00:00,숏,18,제자리,제자리
2020-08-03 00:00:00,2020-08-03 23:00:00,롱,10,깨고하락,조금감
2020-08-03 23:00:00,2020-08-04 00:00:00,숏,8,제자리,제자리
2020-08-04 00:00:00,2020-08-04 02:00:00,롱,9,크게감,제자리
2020-08-04 02:00:00,2020-08-04 19:00:00,숏,10,깨고하락,크게감
2020-08-04 19:00:00,2020-08-05 01:00:00,롱,10,깨고하락,제자리
2020-08-05 01:00:00,2020-08-05 03:00:00,숏,8,제자리,제자리
2020-08-05 03:00:00,2020-08-06 02:00:00,롱,27,크게감,크게감
2020-08-06 02:00:00,2020-08-06 13:00:00,숏,19,깨고하락,깨고하락
2020-08-06 13:00:00,2020-08-06 21:00:00,롱,9,제자리,제자리
2020-08-06 21:00:00,2020-08-08 02:00:00,숏,26,크게감,깨고복귀
2020-08-08 02:00:00,2020-08-08 03:00:00,롱,10,깨고하락,제자리
2020-08-08 03:00:00,2020-08-08 05:00:00,숏,8,제자리,제자리
2020-08-08 05:00:00,2020-08-09 02:00:00,롱,20,깨고하락,크게감
2020-08-09 02:00:00,2020-08-09 21:00:00,숏,10,깨고하락,크게감
2020-08-09 21:00:00,2020-08-10 10:00:00,롱,1,섞임,깨고복귀
2020-08-10 10:00:00,2020-08-12 06:00:00,숏,11,깨고하락,크게감
2020-08-12 06:00:00,2020-08-13 07:00:00,롱,1,깨고하락,조금감
2020-08-13 07:00:00,2020-08-13 17:00:00,숏,4,제자리,조금감
2020-08-13 17:00:00,2020-08-13 18:00:00,롱,5,섞임,제자리
2020-08-13 18:00:00,2020-08-13 19:00:00,숏,17,크게감,제자리
2020-08-13 19:00:00,2020-08-14 08:00:00,롱,10,섞임,크게감
2020-08-14 08:00:00,2020-08-14 17:00:00,숏,10,깨고하락,깨고하락
2020-08-14 17:00:00,2020-08-14 20:00:00,롱,9,제자리,제자리
2020-08-14 20:00:00,2020-08-15 00:00:00,숏,27,크게감,깨고하락
2020-08-15 00:00:00,2020-08-15 08:00:00,롱,18,섞임,제자리
2020-08-15 08:00:00,2020-08-16 03:00:00,숏,10,깨고하락,깨고하락
2020-08-16 03:00:00,2020-08-16 07:00:00,롱,5,섞임,제자리
2020-08-16 07:00:00,2020-08-16 21:00:00,숏,17,섞임,크게감
2020-08-16 21:00:00,2020-08-17 04:00:00,롱,11,섞임,조금감
2020-08-17 04:00:00,2020-08-17 09:00:00,숏,14,섞임,제자리
2020-08-17 09:00:00,2020-08-18 03:00:00,롱,17,섞임,크게감
2020-08-18 03:00:00,2020-08-19 12:00:00,숏,19,깨고하락,크게감
2020-08-19 12:00:00,2020-08-19 19:00:00,롱,1,깨고하락,제자리
2020-08-19 19:00:00,2020-08-19 21:00:00,숏,9,제자리,제자리
2020-08-19 21:00:00,2020-08-21 02:00:00,롱,26,크게감,조금감
2020-08-21 02:00:00,2020-08-21 03:00:00,숏,13,깨고하락,제자리
2020-08-21 03:00:00,2020-08-21 08:00:00,롱,9,제자리,제자리
2020-08-21 08:00:00,2020-08-22 07:00:00,숏,10,깨고하락,크게감
2020-08-22 07:00:00,2020-08-23 06:00:00,롱,10,깨고하락,조금감
2020-08-23 06:00:00,2020-08-23 15:00:00,숏,8,제자리,제자리
2020-08-23 15:00:00,2020-08-24 17:00:00,롱,15,크게감,크게감
2020-08-24 17:00:00,2020-08-26 02:00:00,숏,19,깨고하락,크게감
2020-08-26 02:00:00,2020-08-27 02:00:00,롱,10,깨고하락,조금감
2020-08-27 02:00:00,2020-08-27 23:00:00,숏,8,제자리,깨고복귀
2020-08-27 23:00:00,2020-08-29 01:00:00,롱,13,섞임,조금감
2020-08-29 01:00:00,2020-08-29 07:00:00,숏,10,깨고하락,깨고하락
2020-08-29 07:00:00,2020-08-29 10:00:00,롱,9,제자리,깨고하락
2020-08-29 10:00:00,2020-08-30 01:00:00,숏,24,크게감,깨고하락
2020-08-30 01:00:00,2020-08-30 10:00:00,롱,15,섞임,제자리
2020-08-30 10:00:00,2020-08-30 11:00:00,숏,10,깨고하락,제자리
2020-08-30 11:00:00,2020-08-30 21:00:00,롱,8,제자리,크게감
2020-08-30 21:00:00,2020-08-30 23:00:00,숏,10,깨고하락,깨고하락
2020-08-30 23:00:00,2020-08-31 04:00:00,롱,9,제자리,제자리
2020-08-31 04:00:00,2020-08-31 13:00:00,숏,23,섞임,깨고하락
2020-08-31 13:00:00,2020-08-31 20:00:00,롱,15,섞임,제자리
2020-08-31 20:00:00,2020-09-01 05:00:00,숏,27,크게감,깨고하락
2020-09-01 05:00:00,2020-09-01 23:00:00,롱,12,섞임,크게감
2020-09-01 23:00:00,2020-09-02 23:00:00,숏,10,깨고하락,크게감
2020-09-02 23:00:00,2020-09-03 12:00:00,롱,10,깨고하락,깨고하락
2020-09-03 12:00:00,2020-09-04 07:00:00,숏,9,제자리,크게감
2020-09-04 07:00:00,2020-09-05 09:00:00,롱,19,깨고하락,깨고복귀
2020-09-05 09:00:00,2020-09-06 00:00:00,숏,8,제자리,조금감
2020-09-06 00:00:00,2020-09-07 04:00:00,롱,10,섞임,제자리
2020-09-07 04:00:00,2020-09-07 16:00:00,숏,5,섞임,크게감
2020-09-07 16:00:00,2020-09-08 08:00:00,롱,11,섞임,크게감
2020-09-08 08:00:00,2020-09-08 23:00:00,숏,14,섞임,크게감
2020-09-08 23:00:00,2020-09-10 07:00:00,롱,13,깨고하락,조금감
2020-09-10 07:00:00,2020-09-10 13:00:00,숏,4,깨고하락,깨고하락
2020-09-10 13:00:00,2020-09-10 16:00:00,롱,9,제자리,제자리
2020-09-10 16:00:00,2020-09-11 15:00:00,숏,23,크게감,조금감
2020-09-11 15:00:00,2020-09-12 07:00:00,롱,10,깨고하락,조금감
2020-09-12 07:00:00,2020-09-12 17:00:00,숏,4,섞임,조금감
2020-09-12 17:00:00,2020-09-13 10:00:00,롱,15,제자리,크게감
2020-09-13 10:00:00,2020-09-14 02:00:00,숏,22,깨고하락,크게감
2020-09-14 02:00:00,2020-09-15 06:00:00,롱,1,깨고하락,크게감
2020-09-15 06:00:00,2020-09-15 12:00:00,숏,10,깨고하락,깨고하락
2020-09-15 12:00:00,2020-09-15 14:00:00,롱,9,제자리,제자리
2020-09-15 14:00:00,2020-09-16 07:00:00,숏,24,크게감,깨고하락
2020-09-16 07:00:00,2020-09-16 23:00:00,롱,21,섞임,크게감
2020-09-16 23:00:00,2020-09-17 19:00:00,숏,19,깨고하락,조금감
2020-09-17 19:00:00,2020-09-18 14:00:00,롱,1,깨고하락,조금감
2020-09-18 14:00:00,2020-09-19 00:00:00,숏,5,섞임,조금감
2020-09-19 00:00:00,2020-09-19 07:00:00,롱,15,섞임,제자리
2020-09-19 07:00:00,2020-09-19 10:00:00,숏,17,크게감,깨고하락
2020-09-19 10:00:00,2020-09-19 22:00:00,롱,15,섞임,크게감
2020-09-19 22:00:00,2020-09-20 23:00:00,숏,19,깨고하락,크게감
2020-09-20 23:00:00,2020-09-21 09:00:00,롱,10,깨고하락,깨고하락
2020-09-21 09:00:00,2020-09-22 00:00:00,숏,9,제자리,크게감
2020-09-22 00:00:00,2020-09-23 06:00:00,롱,19,깨고하락,제자리
2020-09-23 06:00:00,2020-09-23 10:00:00,숏,8,제자리,제자리
2020-09-23 10:00:00,2020-09-23 18:00:00,롱,5,섞임,제자리
2020-09-23 18:00:00,2020-09-24 06:00:00,숏,27,크게감,크게감
2020-09-24 06:00:00,2020-09-25 05:00:00,롱,19,깨고하락,크게감
2020-09-25 05:00:00,2020-09-25 20:00:00,숏,10,깨고하락,제자리
2020-09-25 20:00:00,2020-09-25 23:00:00,롱,8,제자리,제자리
2020-09-25 23:00:00,2020-09-27 00:00:00,숏,27,크게감,깨고하락
2020-09-27 00:00:00,2020-09-27 06:00:00,롱,27,크게감,깨고하락
2020-09-27 06:00:00,2020-09-27 16:00:00,숏,24,크게감,조금감
2020-09-27 16:00:00,2020-09-28 13:00:00,롱,10,깨고하락,크게감
2020-09-28 13:00:00,2020-09-29 11:00:00,숏,13,섞임,크게감
2020-09-29 11:00:00,2020-09-29 17:00:00,롱,1,깨고하락,제자리
2020-09-29 17:00:00,2020-09-29 18:00:00,숏,9,제자리,제자리
2020-09-29 18:00:00,2020-09-30 05:00:00,롱,27,크게감,크게감
2020-09-30 05:00:00,2020-09-30 14:00:00,숏,20,깨고하락,제자리
2020-09-30 14:00:00,2020-09-30 20:00:00,롱,5,섞임,조금감
2020-09-30 20:00:00,2020-09-30 23:00:00,숏,24,크게감,제자리
2020-09-30 23:00:00,2020-10-01 15:00:00,롱,27,크게감,크게감
2020-10-01 15:00:00,2020-10-02 13:00:00,숏,23,깨고하락,크게감
2020-10-02 13:00:00,2020-10-04 01:00:00,롱,10,깨고하락,제자리
2020-10-04 01:00:00,2020-10-04 04:00:00,숏,8,제자리,제자리
2020-10-04 04:00:00,2020-10-05 06:00:00,롱,8,섞임,크게감
2020-10-05 06:00:00,2020-10-05 13:00:00,숏,19,깨고하락,제자리
2020-10-05 13:00:00,2020-10-05 18:00:00,롱,9,제자리,조금감
2020-10-05 18:00:00,2020-10-05 19:00:00,숏,26,크게감,제자리
2020-10-05 19:00:00,2020-10-06 05:00:00,롱,27,크게감,크게감
2020-10-06 05:00:00,2020-10-07 06:00:00,숏,19,깨고하락,크게감
2020-10-07 06:00:00,2020-10-08 05:00:00,롱,10,깨고하락,제자리
2020-10-08 05:00:00,2020-10-08 13:00:00,숏,8,제자리,깨고하락
2020-10-08 13:00:00,2020-10-09 04:00:00,롱,15,섞임,크게감
2020-10-09 04:00:00,2020-10-09 11:00:00,숏,19,깨고하락,깨고하락
2020-10-09 11:00:00,2020-10-09 19:00:00,롱,9,제자리,제자리
2020-10-09 19:00:00,2020-10-10 02:00:00,숏,22,크게감,깨고하락
2020-10-10 02:00:00,2020-10-10 11:00:00,롱,18,크게감,조금감
2020-10-10 11:00:00,2020-10-12 14:00:00,숏,19,깨고하락,깨고하락
2020-10-12 14:00:00,2020-10-13 01:00:00,롱,9,크게감,크게감
2020-10-13 01:00:00,2020-10-14 00:00:00,숏,23,크게감,조금감
2020-10-14 00:00:00,2020-10-14 04:00:00,롱,14,섞임,제자리
2020-10-14 04:00:00,2020-10-14 06:00:00,숏,17,제자리,제자리
2020-10-14 06:00:00,2020-10-14 07:00:00,롱,27,크게감,제자리
2020-10-14 07:00:00,2020-10-14 08:00:00,숏,26,크게감,깨고하락
2020-10-14 08:00:00,2020-10-14 10:00:00,롱,12,섞임,깨고하락
2020-10-14 10:00:00,2020-10-14 13:00:00,숏,18,섞임,깨고하락
2020-10-14 13:00:00,2020-10-14 15:00:00,롱,27,크게감,깨고하락
2020-10-14 15:00:00,2020-10-14 22:00:00,숏,15,섞임,제자리
2020-10-14 22:00:00,2020-10-15 09:00:00,롱,26,크게감,깨고하락
2020-10-15 09:00:00,2020-10-15 13:00:00,숏,18,섞임,제자리
2020-10-15 13:00:00,2020-10-16 04:00:00,롱,27,크게감,깨고하락
2020-10-16 04:00:00,2020-10-16 18:00:00,숏,24,섞임,제자리
2020-10-16 18:00:00,2020-10-16 19:00:00,롱,13,깨고하락,제자리
2020-10-16 19:00:00,2020-10-16 22:00:00,숏,8,섞임,제자리
2020-10-16 22:00:00,2020-10-17 00:00:00,롱,10,깨고하락,깨고하락
2020-10-17 00:00:00,2020-10-17 01:00:00,숏,18,제자리,제자리
2020-10-17 01:00:00,2020-10-18 20:00:00,롱,24,크게감,깨고복귀
2020-10-18 20:00:00,2020-10-18 23:00:00,숏,10,깨고하락,깨고하락
2020-10-18 23:00:00,2020-10-19 02:00:00,롱,9,제자리,제자리
2020-10-19 02:00:00,2020-10-19 11:00:00,숏,23,크게감,조금감
2020-10-19 11:00:00,2020-10-20 02:00:00,롱,14,섞임,크게감
2020-10-20 02:00:00,2020-10-20 12:00:00,숏,19,깨고하락,깨고하락
2020-10-20 12:00:00,2020-10-20 20:00:00,롱,9,제자리,조금감
2020-10-20 20:00:00,2020-10-21 02:00:00,숏,19,깨고하락,깨고하락
2020-10-21 02:00:00,2020-10-22 02:00:00,롱,9,제자리,크게감
2020-10-22 02:00:00,2020-10-22 21:00:00,숏,19,깨고하락,제자리
2020-10-22 21:00:00,2020-10-22 22:00:00,롱,9,제자리,제자리
2020-10-22 22:00:00,2020-10-24 01:00:00,숏,27,크게감,크게감
2020-10-24 01:00:00,2020-10-24 08:00:00,롱,10,깨고하락,제자리
2020-10-24 08:00:00,2020-10-24 10:00:00,숏,8,섞임,제자리
2020-10-24 10:00:00,2020-10-25 05:00:00,롱,18,크게감,깨고하락
2020-10-25 05:00:00,2020-10-25 22:00:00,숏,20,깨고하락,제자리
2020-10-25 22:00:00,2020-10-26 15:00:00,롱,1,깨고하락,깨고하락
2020-10-26 15:00:00,2020-10-27 00:00:00,숏,5,제자리,조금감
2020-10-27 00:00:00,2020-10-28 05:00:00,롱,1,깨고하락,크게감
2020-10-28 05:00:00,2020-10-29 01:00:00,숏,10,깨고하락,크게감
2020-10-29 01:00:00,2020-10-29 08:00:00,롱,1,깨고하락,제자리
2020-10-29 08:00:00,2020-10-29 09:00:00,숏,8,제자리,제자리
2020-10-29 09:00:00,2020-10-29 10:00:00,롱,27,크게감,깨고하락
2020-10-29 10:00:00,2020-10-29 13:00:00,숏,5,섞임,깨고하락
2020-10-29 13:00:00,2020-10-30 04:00:00,롱,15,섞임,크게감
2020-10-30 04:00:00,2020-10-30 15:00:00,숏,10,깨고하락,조금감
2020-10-30 15:00:00,2020-10-31 04:00:00,롱,6,섞임,조금감
2020-10-31 04:00:00,2020-10-31 08:00:00,숏,10,깨고하락,깨고하락
2020-10-31 08:00:00,2020-10-31 18:00:00,롱,18,크게감,크게감
2020-10-31 18:00:00,2020-11-01 15:00:00,숏,19,깨고하락,제자리
2020-11-01 15:00:00,2020-11-01 22:00:00,롱,17,섞임,제자리
2020-11-01 22:00:00,2020-11-02 19:00:00,숏,27,크게감,크게감
2020-11-02 19:00:00,2020-11-03 03:00:00,롱,10,깨고하락,조금감
2020-11-03 03:00:00,2020-11-03 08:00:00,숏,5,제자리,제자리
2020-11-03 08:00:00,2020-11-04 06:00:00,롱,27,크게감,크게감
2020-11-04 06:00:00,2020-11-04 15:00:00,숏,10,깨고하락,조금감
2020-11-04 15:00:00,2020-11-06 06:00:00,롱,5,제자리,크게감
2020-11-06 06:00:00,2020-11-08 04:00:00,숏,19,깨고하락,크게감
2020-11-08 04:00:00,2020-11-09 05:00:00,롱,4,제자리,조금감
2020-11-09 05:00:00,2020-11-09 11:00:00,숏,4,섞임,깨고하락
2020-11-09 11:00:00,2020-11-09 13:00:00,롱,9,제자리,제자리
2020-11-09 13:00:00,2020-11-10 01:00:00,숏,24,크게감,크게감
2020-11-10 01:00:00,2020-11-10 07:00:00,롱,10,깨고하락,제자리
2020-11-10 07:00:00,2020-11-10 08:00:00,숏,8,섞임,깨고하락
2020-11-10 08:00:00,2020-11-10 11:00:00,롱,18,크게감,깨고하락
2020-11-10 11:00:00,2020-11-10 21:00:00,숏,14,섞임,크게감
2020-11-10 21:00:00,2020-11-12 00:00:00,롱,14,섞임,크게감
2020-11-12 00:00:00,2020-11-12 09:00:00,숏,10,깨고하락,깨고하락
2020-11-12 09:00:00,2020-11-12 11:00:00,롱,9,제자리,제자리
2020-11-12 11:00:00,2020-11-12 12:00:00,숏,23,크게감,제자리
2020-11-12 12:00:00,2020-11-13 06:00:00,롱,27,크게감,크게감
2020-11-13 06:00:00,2020-11-14 20:00:00,숏,19,깨고하락,크게감
2020-11-14 20:00:00,2020-11-15 17:00:00,롱,1,깨고하락,조금감
2020-11-15 17:00:00,2020-11-16 01:00:00,숏,5,제자리,제자리
2020-11-16 01:00:00,2020-11-17 03:00:00,롱,14,섞임,크게감
2020-11-17 03:00:00,2020-11-17 12:00:00,숏,10,깨고하락,깨고하락
2020-11-17 12:00:00,2020-11-18 06:00:00,롱,9,제자리,크게감
2020-11-18 06:00:00,2020-11-18 08:00:00,숏,19,깨고하락,제자리
2020-11-18 08:00:00,2020-11-18 12:00:00,롱,9,제자리,제자리
2020-11-18 12:00:00,2020-11-19 14:00:00,숏,26,크게감,크게감
2020-11-19 14:00:00,2020-11-19 23:00:00,롱,11,깨고하락,제자리
2020-11-19 23:00:00,2020-11-20 04:00:00,숏,18,크게감,깨고하락
2020-11-20 04:00:00,2020-11-21 03:00:00,롱,27,크게감,크게감
2020-11-21 03:00:00,2020-11-22 17:00:00,숏,19,깨고하락,크게감
2020-11-22 17:00:00,2020-11-23 01:00:00,롱,1,섞임,제자리
2020-11-23 01:00:00,2020-11-23 04:00:00,숏,18,크게감,제자리
2020-11-23 04:00:00,2020-11-23 15:00:00,롱,27,크게감,조금감
2020-11-23 15:00:00,2020-11-24 08:00:00,숏,24,크게감,조금감
2020-11-24 08:00:00,2020-11-24 21:00:00,롱,11,섞임,크게감
2020-11-24 21:00:00,2020-11-25 10:00:00,숏,10,깨고하락,조금감
2020-11-25 10:00:00,2020-11-25 16:00:00,롱,9,제자리,조금감
2020-11-25 16:00:00,2020-11-26 20:00:00,숏,27,크게감,크게감
2020-11-26 20:00:00,2020-11-29 06:00:00,롱,19,깨고하락,조금감
2020-11-29 06:00:00,2020-11-29 08:00:00,숏,4,제자리,깨고하락
2020-11-29 08:00:00,2020-11-29 14:00:00,롱,9,제자리,제자리
2020-11-29 14:00:00,2020-11-30 00:00:00,숏,19,깨고하락,깨고하락
2020-11-30 00:00:00,2020-11-30 08:00:00,롱,9,제자리,조금감
2020-11-30 08:00:00,2020-11-30 12:00:00,숏,19,깨고하락,깨고하락
2020-11-30 12:00:00,2020-12-01 03:00:00,롱,6,제자리,크게감
2020-12-01 03:00:00,2020-12-02 07:00:00,숏,19,깨고하락,깨고복귀
2020-12-02 07:00:00,2020-12-03 05:00:00,롱,1,깨고하락,제자리
2020-12-03 05:00:00,2020-12-03 08:00:00,숏,8,제자리,깨고하락
2020-12-03 08:00:00,2020-12-04 01:00:00,롱,18,제자리,조금감
2020-12-04 01:00:00,2020-12-05 04:00:00,숏,22,섞임,크게감
2020-12-05 04:00:00,2020-12-06 08:00:00,롱,10,깨고하락,조금감
2020-12-06 08:00:00,2020-12-06 19:00:00,숏,4,섞임,제자리
2020-12-06 19:00:00,2020-12-07 09:00:00,롱,1,섞임,크게감
2020-12-07 09:00:00,2020-12-08 00:00:00,숏,13,섞임,크게감
2020-12-08 00:00:00,2020-12-08 08:00:00,롱,11,섞임,제자리
2020-12-08 08:00:00,2020-12-09 11:00:00,숏,15,크게감,크게감
2020-12-09 11:00:00,2020-12-10 09:00:00,롱,10,깨고하락,조금감
2020-12-10 09:00:00,2020-12-10 19:00:00,숏,8,제자리,조금감
2020-12-10 19:00:00,2020-12-11 00:00:00,롱,11,깨고하락,제자리
2020-12-11 00:00:00,2020-12-11 14:00:00,숏,18,크게감,크게감
2020-12-11 14:00:00,2020-12-12 16:00:00,롱,10,깨고하락,크게감
2020-12-12 16:00:00,2020-12-12 17:00:00,숏,10,깨고하락,제자리
2020-12-12 17:00:00,2020-12-13 17:00:00,롱,8,제자리,크게감
2020-12-13 17:00:00,2020-12-14 22:00:00,숏,19,깨고하락,조금감
2020-12-14 22:00:00,2020-12-15 05:00:00,롱,8,제자리,조금감
2020-12-15 05:00:00,2020-12-15 14:00:00,숏,14,섞임,제자리
2020-12-15 14:00:00,2020-12-16 00:00:00,롱,18,크게감,조금감
2020-12-16 00:00:00,2020-12-16 09:00:00,숏,23,크게감,제자리
2020-12-16 09:00:00,2020-12-17 18:00:00,롱,15,섞임,크게감
2020-12-17 18:00:00,2020-12-19 01:00:00,숏,19,깨고하락,제자리
2020-12-19 01:00:00,2020-12-19 06:00:00,롱,8,제자리,제자리
2020-12-19 06:00:00,2020-12-19 13:00:00,숏,17,섞임,제자리
2020-12-19 13:00:00,2020-12-20 01:00:00,롱,27,크게감,크게감
2020-12-20 01:00:00,2020-12-20 17:00:00,숏,19,깨고하락,조금감
2020-12-20 17:00:00,2020-12-20 22:00:00,롱,6,제자리,조금감
2020-12-20 22:00:00,2020-12-21 03:00:00,숏,23,크게감,제자리
2020-12-21 03:00:00,2020-12-21 08:00:00,롱,27,크게감,제자리
2020-12-21 08:00:00,2020-12-21 22:00:00,숏,27,크게감,크게감
2020-12-21 22:00:00,2020-12-22 00:00:00,롱,10,깨고하락,제자리
2020-12-22 00:00:00,2020-12-22 02:00:00,숏,9,제자리,제자리
2020-12-22 02:00:00,2020-12-23 05:00:00,롱,27,크게감,깨고복귀
2020-12-23 05:00:00,2020-12-24 08:00:00,숏,10,깨고하락,깨고복귀
2020-12-24 08:00:00,2020-12-26 07:00:00,롱,5,섞임,크게감
2020-12-26 07:00:00,2020-12-26 14:00:00,숏,10,깨고하락,깨고하락
2020-12-26 14:00:00,2020-12-27 13:00:00,롱,9,제자리,크게감
2020-12-27 13:00:00,2020-12-28 14:00:00,숏,19,깨고하락,조금감
2020-12-28 14:00:00,2020-12-28 15:00:00,롱,5,제자리,제자리
2020-12-28 15:00:00,2020-12-28 17:00:00,숏,18,크게감,제자리
2020-12-28 17:00:00,2020-12-28 18:00:00,롱,10,깨고하락,제자리
2020-12-28 18:00:00,2020-12-29 11:00:00,숏,17,섞임,크게감
2020-12-29 11:00:00,2020-12-29 16:00:00,롱,10,깨고하락,제자리
2020-12-29 16:00:00,2020-12-29 19:00:00,숏,9,제자리,제자리
2020-12-29 19:00:00,2020-12-30 12:00:00,롱,24,크게감,크게감
2020-12-30 12:00:00,2020-12-30 18:00:00,숏,19,깨고하락,제자리
2020-12-30 18:00:00,2020-12-31 05:00:00,롱,9,제자리,조금감
2020-12-31 05:00:00,2021-01-01 01:00:00,숏,19,깨고하락,깨고하락
2021-01-01 01:00:00,2021-01-01 07:00:00,롱,3,섞임,제자리
2021-01-01 07:00:00,2021-01-01 13:00:00,숏,17,섞임,깨고하락
2021-01-01 13:00:00,2021-01-01 15:00:00,롱,18,크게감,제자리
2021-01-01 15:00:00,2021-01-02 05:00:00,숏,26,크게감,깨고하락
2021-01-02 05:00:00,2021-01-03 13:00:00,롱,15,섞임,크게감
2021-01-03 13:00:00,2021-01-04 22:00:00,숏,19,깨고하락,크게감
2021-01-04 22:00:00,2021-01-05 05:00:00,롱,1,깨고하락,조금감
2021-01-05 05:00:00,2021-01-05 09:00:00,숏,8,제자리,제자리
2021-01-05 09:00:00,2021-01-06 09:00:00,롱,27,크게감,크게감
2021-01-06 09:00:00,2021-01-06 20:00:00,숏,10,깨고하락,깨고하락
2021-01-06 20:00:00,2021-01-07 08:00:00,롱,9,제자리,조금감
2021-01-07 08:00:00,2021-01-07 13:00:00,숏,19,깨고하락,깨고하락
2021-01-07 13:00:00,2021-01-08 00:00:00,롱,9,제자리,크게감
2021-01-08 00:00:00,2021-01-08 10:00:00,숏,22,깨고하락,깨고하락
2021-01-08 10:00:00,2021-01-08 18:00:00,롱,15,섞임,조금감
2021-01-08 18:00:00,2021-01-09 12:00:00,숏,14,섞임,조금감
2021-01-09 12:00:00,2021-01-09 16:00:00,롱,2,섞임,제자리
2021-01-09 16:00:00,2021-01-10 02:00:00,숏,18,크게감,제자리
2021-01-10 02:00:00,2021-01-10 03:00:00,롱,24,크게감,제자리
2021-01-10 03:00:00,2021-01-10 07:00:00,숏,27,크게감,제자리
2021-01-10 07:00:00,2021-01-10 09:00:00,롱,11,깨고하락,제자리
2021-01-10 09:00:00,2021-01-11 20:00:00,숏,17,크게감,크게감
2021-01-11 20:00:00,2021-01-12 13:00:00,롱,10,깨고하락,조금감
2021-01-12 13:00:00,2021-01-12 18:00:00,숏,5,제자리,제자리
2021-01-12 18:00:00,2021-01-12 20:00:00,롱,5,섞임,제자리
2021-01-12 20:00:00,2021-01-12 21:00:00,숏,18,크게감,제자리
2021-01-12 21:00:00,2021-01-12 22:00:00,롱,23,섞임,깨고하락
2021-01-12 22:00:00,2021-01-13 07:00:00,숏,15,섞임,깨고하락
2021-01-13 07:00:00,2021-01-14 20:00:00,롱,11,깨고하락,크게감
2021-01-14 20:00:00,2021-01-16 00:00:00,숏,10,깨고하락,크게감
2021-01-16 00:00:00,2021-01-16 19:00:00,롱,1,깨고하락,제자리
2021-01-16 19:00:00,2021-01-17 15:00:00,숏,8,제자리,조금감
2021-01-17 15:00:00,2021-01-18 04:00:00,롱,22,섞임,조금감
2021-01-18 04:00:00,2021-01-18 07:00:00,숏,2,깨고하락,제자리
2021-01-18 07:00:00,2021-01-18 17:00:00,롱,18,크게감,크게감
2021-01-18 17:00:00,2021-01-18 23:00:00,숏,10,깨고하락,제자리
2021-01-18 23:00:00,2021-01-19 05:00:00,롱,9,섞임,조금감
2021-01-19 05:00:00,2021-01-19 07:00:00,숏,23,크게감,제자리
2021-01-19 07:00:00,2021-01-19 18:00:00,롱,27,크게감,크게감
2021-01-19 18:00:00,2021-01-20 18:00:00,숏,20,깨고하락,크게감
2021-01-20 18:00:00,2021-01-21 08:00:00,롱,10,깨고하락,깨고하락
2021-01-21 08:00:00,2021-01-22 04:00:00,숏,9,제자리,크게감
2021-01-22 04:00:00,2021-01-23 03:00:00,롱,19,깨고하락,조금감
2021-01-23 03:00:00,2021-01-23 05:00:00,숏,4,섞임,제자리
2021-01-23 05:00:00,2021-01-23 09:00:00,롱,9,제자리,제자리
2021-01-23 09:00:00,2021-01-23 21:00:00,숏,23,섞임,크게감
2021-01-23 21:00:00,2021-01-24 00:00:00,롱,10,깨고하락,제자리
2021-01-24 00:00:00,2021-01-24 03:00:00,숏,9,크게감,제자리
2021-01-24 03:00:00,2021-01-24 13:00:00,롱,24,섞임,크게감
2021-01-24 13:00:00,2021-01-25 00:00:00,숏,20,깨고하락,크게감
2021-01-25 00:00:00,2021-01-25 19:00:00,롱,11,섞임,크게감
2021-01-25 19:00:00,2021-01-26 16:00:00,숏,10,깨고하락,크게감
2021-01-26 16:00:00,2021-01-27 05:00:00,롱,1,깨고하락,조금감
2021-01-27 05:00:00,2021-01-27 20:00:00,숏,5,제자리,크게감
2021-01-27 20:00:00,2021-01-29 06:00:00,롱,20,깨고하락,크게감
2021-01-29 06:00:00,2021-01-29 08:00:00,숏,10,깨고하락,깨고하락
2021-01-29 08:00:00,2021-01-29 18:00:00,롱,9,제자리,조금감
2021-01-29 18:00:00,2021-01-30 15:00:00,숏,10,깨고하락,조금감
2021-01-30 15:00:00,2021-01-31 02:00:00,롱,4,섞임,제자리
2021-01-31 02:00:00,2021-02-01 01:00:00,숏,8,제자리,조금감
2021-02-01 01:00:00,2021-02-01 15:00:00,롱,10,깨고하락,크게감
2021-02-01 15:00:00,2021-02-02 05:00:00,숏,1,깨고하락,제자리
2021-02-02 05:00:00,2021-02-03 08:00:00,롱,9,크게감,크게감
2021-02-03 08:00:00,2021-02-03 16:00:00,숏,19,깨고하락,깨고하락
2021-02-03 16:00:00,2021-02-04 05:00:00,롱,9,제자리,조금감
2021-02-04 05:00:00,2021-02-05 07:00:00,숏,22,깨고하락,깨고하락
2021-02-05 07:00:00,2021-02-05 19:00:00,롱,14,섞임,조금감
2021-02-05 19:00:00,2021-02-05 23:00:00,숏,14,섞임,제자리
2021-02-05 23:00:00,2021-02-06 19:00:00,롱,27,크게감,크게감
2021-02-06 19:00:00,2021-02-07 22:00:00,숏,19,깨고하락,크게감
2021-02-07 22:00:00,2021-02-09 09:00:00,롱,1,깨고하락,크게감
2021-02-09 09:00:00,2021-02-11 07:00:00,숏,10,깨고하락,조금감
2021-02-11 07:00:00,2021-02-12 04:00:00,롱,4,제자리,조금감
2021-02-12 04:00:00,2021-02-13 03:00:00,숏,1,깨고하락,조금감
2021-02-13 03:00:00,2021-02-13 07:00:00,롱,8,제자리,제자리
2021-02-13 07:00:00,2021-02-13 22:00:00,숏,27,크게감,조금감
2021-02-13 22:00:00,2021-02-14 17:00:00,롱,19,깨고하락,크게감
2021-02-14 17:00:00,2021-02-15 12:00:00,숏,10,깨고하락,크게감
2021-02-15 12:00:00,2021-02-16 15:00:00,롱,1,섞임,크게감
2021-02-16 15:00:00,2021-02-17 01:00:00,숏,13,섞임,조금감
2021-02-17 01:00:00,2021-02-18 02:00:00,롱,5,섞임,크게감
2021-02-18 02:00:00,2021-02-19 08:00:00,숏,10,깨고하락,조금감
2021-02-19 08:00:00,2021-02-20 05:00:00,롱,5,제자리,크게감
2021-02-20 05:00:00,2021-02-20 13:00:00,숏,10,깨고하락,깨고하락
2021-02-20 13:00:00,2021-02-20 14:00:00,롱,9,제자리,제자리
2021-02-20 14:00:00,2021-02-21 10:00:00,숏,27,크게감,깨고하락
2021-02-21 10:00:00,2021-02-21 22:00:00,롱,11,섞임,조금감
2021-02-21 22:00:00,2021-02-22 21:00:00,숏,14,섞임,크게감
2021-02-22 21:00:00,2021-02-23 02:00:00,롱,10,깨고하락,제자리
2021-02-23 02:00:00,2021-02-23 18:00:00,숏,9,제자리,크게감
2021-02-23 18:00:00,2021-02-23 19:00:00,롱,19,깨고하락,제자리
2021-02-23 19:00:00,2021-02-23 20:00:00,숏,9,제자리,깨고하락
2021-02-23 20:00:00,2021-02-24 16:00:00,롱,27,크게감,크게감
2021-02-24 16:00:00,2021-02-24 17:00:00,숏,10,깨고하락,제자리
2021-02-24 17:00:00,2021-02-24 18:00:00,롱,8,제자리,제자리
2021-02-24 18:00:00,2021-02-25 00:00:00,숏,1,깨고하락,깨고하락
2021-02-25 00:00:00,2021-02-25 09:00:00,롱,12,섞임,제자리
2021-02-25 09:00:00,2021-02-25 12:00:00,숏,15,크게감,깨고하락
2021-02-25 12:00:00,2021-02-25 17:00:00,롱,24,크게감,제자리
2021-02-25 17:00:00,2021-02-26 12:00:00,숏,24,크게감,크게감
2021-02-26 12:00:00,2021-02-26 22:00:00,롱,10,깨고하락,조금감
2021-02-26 22:00:00,2021-02-26 23:00:00,숏,5,제자리,제자리
2021-02-26 23:00:00,2021-02-27 16:00:00,롱,27,크게감,크게감
2021-02-27 16:00:00,2021-02-27 17:00:00,숏,19,깨고하락,제자리
2021-02-27 17:00:00,2021-02-27 22:00:00,롱,18,크게감,깨고하락
2021-02-27 22:00:00,2021-02-28 20:00:00,숏,27,섞임,크게감
2021-02-28 20:00:00,2021-03-02 03:00:00,롱,19,깨고하락,크게감
2021-03-02 03:00:00,2021-03-03 01:00:00,숏,1,깨고하락,조금감
2021-03-03 01:00:00,2021-03-03 19:00:00,롱,5,제자리,크게감
2021-03-03 19:00:00,2021-03-05 09:00:00,숏,10,깨고하락,크게감
2021-03-05 09:00:00,2021-03-06 09:00:00,롱,1,깨고하락,조금감
2021-03-06 09:00:00,2021-03-06 19:00:00,숏,4,제자리,조금감
2021-03-06 19:00:00,2021-03-07 19:00:00,롱,5,섞임,크게감
2021-03-07 19:00:00,2021-03-08 01:00:00,숏,10,깨고하락,깨고하락
2021-03-08 01:00:00,2021-03-08 02:00:00,롱,9,제자리,제자리
2021-03-08 02:00:00,2021-03-08 15:00:00,숏,27,크게감,크게감
2021-03-08 15:00:00,2021-03-09 15:00:00,롱,19,깨고하락,크게감
2021-03-09 15:00:00,2021-03-10 00:00:00,숏,10,깨고하락,깨고하락
2021-03-10 00:00:00,2021-03-10 01:00:00,롱,9,제자리,제자리
2021-03-10 01:00:00,2021-03-10 12:00:00,숏,23,크게감,크게감
2021-03-10 12:00:00,2021-03-10 23:00:00,롱,11,깨고하락,크게감
2021-03-10 23:00:00,2021-03-11 13:00:00,숏,13,깨고하락,조금감
2021-03-11 13:00:00,2021-03-12 02:00:00,롱,2,깨고하락,조금감
2021-03-12 02:00:00,2021-03-12 18:00:00,숏,22,섞임,크게감
2021-03-12 18:00:00,2021-03-12 20:00:00,롱,14,섞임,제자리
2021-03-12 20:00:00,2021-03-12 22:00:00,숏,27,크게감,제자리
2021-03-12 22:00:00,2021-03-13 00:00:00,롱,24,크게감,조금감
2021-03-13 00:00:00,2021-03-13 07:00:00,숏,23,크게감,조금감
2021-03-13 07:00:00,2021-03-14 03:00:00,롱,11,깨고하락,크게감
2021-03-14 03:00:00,2021-03-15 21:00:00,숏,19,깨고하락,크게감
2021-03-15 21:00:00,2021-03-16 00:00:00,롱,1,깨고하락,깨고하락
2021-03-16 00:00:00,2021-03-16 07:00:00,숏,9,제자리,제자리
2021-03-16 07:00:00,2021-03-17 09:00:00,롱,20,깨고하락,크게감
2021-03-17 09:00:00,2021-03-17 18:00:00,숏,14,섞임,깨고하락
2021-03-17 18:00:00,2021-03-18 08:00:00,롱,15,섞임,크게감
2021-03-18 08:00:00,2021-03-19 08:00:00,숏,10,깨고하락,깨고하락
2021-03-19 08:00:00,2021-03-19 21:00:00,롱,5,섞임,조금감
2021-03-19 21:00:00,2021-03-20 10:00:00,숏,13,섞임,조금감
2021-03-20 10:00:00,2021-03-20 20:00:00,롱,9,크게감,크게감
2021-03-20 20:00:00,2021-03-21 15:00:00,숏,23,섞임,크게감
2021-03-21 15:00:00,2021-03-22 14:00:00,롱,10,깨고하락,조금감
2021-03-22 14:00:00,2021-03-23 09:00:00,숏,8,제자리,크게감
2021-03-23 09:00:00,2021-03-24 00:00:00,롱,19,깨고하락,조금감
2021-03-24 00:00:00,2021-03-24 03:00:00,숏,5,제자리,제자리
2021-03-24 03:00:00,2021-03-24 04:00:00,롱,14,크게감,제자리
2021-03-24 04:00:00,2021-03-24 06:00:00,숏,18,크게감,깨고하락
2021-03-24 06:00:00,2021-03-24 18:00:00,롱,27,크게감,크게감
2021-03-24 18:00:00,2021-03-25 10:00:00,숏,10,깨고하락,크게감
2021-03-25 10:00:00,2021-03-25 12:00:00,롱,1,깨고하락,깨고하락
2021-03-25 12:00:00,2021-03-25 18:00:00,숏,9,제자리,제자리
2021-03-25 18:00:00,2021-03-27 09:00:00,롱,23,깨고하락,크게감
2021-03-27 09:00:00,2021-03-27 16:00:00,숏,10,깨고하락,깨고하락
2021-03-27 16:00:00,2021-03-28 02:00:00,롱,9,제자리,제자리
2021-03-28 02:00:00,2021-03-29 07:00:00,숏,10,깨고하락,조금감
2021-03-29 07:00:00,2021-03-29 20:00:00,롱,5,섞임,크게감
2021-03-29 20:00:00,2021-03-30 09:00:00,숏,10,깨고하락,깨고하락
2021-03-30 09:00:00,2021-03-30 16:00:00,롱,9,제자리,제자리
2021-03-30 16:00:00,2021-03-31 15:00:00,숏,19,깨고하락,깨고하락
2021-03-31 15:00:00,2021-04-01 04:00:00,롱,18,섞임,제자리
2021-04-01 04:00:00,2021-04-01 22:00:00,숏,26,섞임,조금감
2021-04-01 22:00:00,2021-04-01 23:00:00,롱,14,섞임,제자리
2021-04-01 23:00:00,2021-04-02 02:00:00,숏,17,섞임,깨고하락
2021-04-02 02:00:00,2021-04-02 13:00:00,롱,18,제자리,제자리
2021-04-02 13:00:00,2021-04-03 04:00:00,숏,10,깨고하락,조금감
2021-04-03 04:00:00,2021-04-03 08:00:00,롱,5,섞임,조금감
2021-04-03 08:00:00,2021-04-03 09:00:00,숏,14,섞임,제자리
2021-04-03 09:00:00,2021-04-03 15:00:00,롱,18,크게감,조금감
2021-04-03 15:00:00,2021-04-04 07:00:00,숏,15,제자리,크게감
2021-04-04 07:00:00,2021-04-05 03:00:00,롱,10,깨고하락,조금감
2021-04-05 03:00:00,2021-04-05 11:00:00,숏,5,제자리,조금감
2021-04-05 11:00:00,2021-04-06 03:00:00,롱,14,섞임,크게감
2021-04-06 03:00:00,2021-04-07 06:00:00,숏,19,깨고하락,크게감
2021-04-07 06:00:00,2021-04-07 09:00:00,롱,1,깨고하락,깨고하락
2021-04-07 09:00:00,2021-04-08 00:00:00,숏,18,제자리,크게감
2021-04-08 00:00:00,2021-04-09 06:00:00,롱,19,깨고하락,크게감
2021-04-09 06:00:00,2021-04-09 10:00:00,숏,1,깨고하락,깨고하락
2021-04-09 10:00:00,2021-04-09 15:00:00,롱,9,제자리,제자리
2021-04-09 15:00:00,2021-04-10 03:00:00,숏,10,깨고하락,깨고하락
2021-04-10 03:00:00,2021-04-10 15:00:00,롱,18,크게감,크게감
2021-04-10 15:00:00,2021-04-11 22:00:00,숏,19,깨고하락,크게감
2021-04-11 22:00:00,2021-04-12 14:00:00,롱,2,제자리,조금감
2021-04-12 14:00:00,2021-04-13 01:00:00,숏,14,섞임,제자리
2021-04-13 01:00:00,2021-04-13 21:00:00,롱,5,섞임,크게감
2021-04-13 21:00:00,2021-04-14 05:00:00,숏,19,깨고하락,깨고하락
2021-04-14 05:00:00,2021-04-14 08:00:00,롱,9,제자리,제자리
2021-04-14 08:00:00,2021-04-15 15:00:00,숏,26,크게감,크게감
2021-04-15 15:00:00,2021-04-16 04:00:00,롱,19,깨고하락,조금감
2021-04-16 04:00:00,2021-04-16 16:00:00,숏,9,제자리,조금감
2021-04-16 16:00:00,2021-04-17 11:00:00,롱,10,깨고하락,조금감
2021-04-17 11:00:00,2021-04-18 15:00:00,숏,6,섞임,크게감
2021-04-18 15:00:00,2021-04-19 14:00:00,롱,19,깨고하락,제자리
2021-04-19 14:00:00,2021-04-19 21:00:00,숏,8,제자리,제자리
2021-04-19 21:00:00,2021-04-20 00:00:00,롱,2,깨고하락,제자리
2021-04-20 00:00:00,2021-04-20 09:00:00,숏,18,크게감,크게감
2021-04-20 09:00:00,2021-04-21 03:00:00,롱,19,깨고하락,크게감
2021-04-21 03:00:00,2021-04-21 14:00:00,숏,14,섞임,조금감
2021-04-21 14:00:00,2021-04-21 20:00:00,롱,2,섞임,제자리
2021-04-21 20:00:00,2021-04-22 09:00:00,숏,15,크게감,크게감
2021-04-22 09:00:00,2021-04-22 18:00:00,롱,19,깨고하락,조금감
2021-04-22 18:00:00,2021-04-23 12:00:00,숏,5,섞임,크게감
2021-04-23 12:00:00,2021-04-24 10:00:00,롱,19,깨고하락,조금감
2021-04-24 10:00:00,2021-04-24 15:00:00,숏,9,제자리,제자리
2021-04-24 15:00:00,2021-04-25 03:00:00,롱,27,크게감,조금감
2021-04-25 03:00:00,2021-04-25 14:00:00,숏,10,깨고하락,조금감
2021-04-25 14:00:00,2021-04-25 19:00:00,롱,5,섞임,제자리
2021-04-25 19:00:00,2021-04-26 00:00:00,숏,15,섞임,깨고하락
2021-04-26 00:00:00,2021-04-26 20:00:00,롱,21,섞임,크게감
2021-04-26 20:00:00,2021-04-27 11:00:00,숏,10,깨고하락,깨고하락
2021-04-27 11:00:00,2021-04-27 13:00:00,롱,9,제자리,제자리
2021-04-27 13:00:00,2021-04-28 19:00:00,숏,26,크게감,깨고하락
2021-04-28 19:00:00,2021-04-28 20:00:00,롱,24,섞임,크게감
2021-04-28 20:00:00,2021-04-29 12:00:00,숏,24,섞임,조금감
2021-04-29 12:00:00,2021-04-29 13:00:00,롱,10,깨고하락,제자리
2021-04-29 13:00:00,2021-04-30 00:00:00,숏,9,제자리,조금감
2021-04-30 00:00:00,2021-05-01 07:00:00,롱,10,깨고하락,크게감
2021-05-01 07:00:00,2021-05-02 20:00:00,숏,10,깨고하락,조금감
2021-05-02 20:00:00,2021-05-02 22:00:00,롱,4,제자리,제자리
2021-05-02 22:00:00,2021-05-03 00:00:00,숏,9,제자리,깨고하락
2021-05-03 00:00:00,2021-05-03 14:00:00,롱,27,크게감,크게감
2021-05-03 14:00:00,2021-05-04 10:00:00,숏,10,깨고하락,크게감
2021-05-04 10:00:00,2021-05-04 14:00:00,롱,10,깨고하락,깨고하락
2021-05-04 14:00:00,2021-05-05 01:00:00,숏,9,제자리,크게감
2021-05-05 01:00:00,2021-05-06 03:00:00,롱,22,깨고하락,크게감
2021-05-06 03:00:00,2021-05-06 10:00:00,숏,10,깨고하락,깨고하락
2021-05-06 10:00:00,2021-05-06 14:00:00,롱,9,제자리,제자리
2021-05-06 14:00:00,2021-05-07 10:00:00,숏,23,섞임,크게감
2021-05-07 10:00:00,2021-05-08 15:00:00,롱,10,깨고하락,크게감
2021-05-08 15:00:00,2021-05-09 21:00:00,숏,10,깨고하락,깨고하락
2021-05-09 21:00:00,2021-05-10 09:00:00,롱,1,깨고하락,조금감
2021-05-10 09:00:00,2021-05-11 07:00:00,숏,14,섞임,크게감
2021-05-11 07:00:00,2021-05-12 10:00:00,롱,10,깨고하락,조금감
2021-05-12 10:00:00,2021-05-13 12:00:00,숏,5,제자리,크게감
2021-05-13 12:00:00,2021-05-13 18:00:00,롱,10,깨고하락,제자리
2021-05-13 18:00:00,2021-05-13 19:00:00,숏,9,제자리,제자리
2021-05-13 19:00:00,2021-05-14 20:00:00,롱,26,크게감,크게감
2021-05-14 20:00:00,2021-05-15 14:00:00,숏,10,깨고하락,조금감
2021-05-15 14:00:00,2021-05-15 16:00:00,롱,4,섞임,깨고하락
2021-05-15 16:00:00,2021-05-16 02:00:00,숏,9,제자리,조금감
2021-05-16 02:00:00,2021-05-16 15:00:00,롱,19,깨고하락,크게감
2021-05-16 15:00:00,2021-05-17 08:00:00,숏,14,섞임,크게감
2021-05-17 08:00:00,2021-05-17 16:00:00,롱,10,깨고하락,제자리
2021-05-17 16:00:00,2021-05-17 19:00:00,숏,9,제자리,제자리
2021-05-17 19:00:00,2021-05-18 13:00:00,롱,27,크게감,조금감
2021-05-18 13:00:00,2021-05-19 17:00:00,숏,11,깨고하락,크게감
2021-05-19 17:00:00,2021-05-20 20:00:00,롱,10,깨고하락,제자리
2021-05-20 20:00:00,2021-05-20 21:00:00,숏,17,제자리,제자리
2021-05-20 21:00:00,2021-05-21 04:00:00,롱,17,제자리,깨고하락
2021-05-21 04:00:00,2021-05-21 13:00:00,숏,11,깨고하락,조금감
2021-05-21 13:00:00,2021-05-21 14:00:00,롱,14,섞임,깨고하락
2021-05-21 14:00:00,2021-05-22 02:00:00,숏,18,크게감,크게감
2021-05-22 02:00:00,2021-05-22 05:00:00,롱,10,깨고하락,제자리
2021-05-22 05:00:00,2021-05-22 06:00:00,숏,9,크게감,제자리
2021-05-22 06:00:00,2021-05-23 04:00:00,롱,26,크게감,크게감
2021-05-23 04:00:00,2021-05-23 21:00:00,숏,19,깨고하락,크게감
2021-05-23 21:00:00,2021-05-25 02:00:00,롱,10,깨고하락,크게감
2021-05-25 02:00:00,2021-05-25 23:00:00,숏,1,깨고하락,제자리
2021-05-25 23:00:00,2021-05-26 13:00:00,롱,5,제자리,조금감
2021-05-26 13:00:00,2021-05-27 09:00:00,숏,14,섞임,조금감
2021-05-27 09:00:00,2021-05-27 19:00:00,롱,1,깨고하락,조금감
2021-05-27 19:00:00,2021-05-29 00:00:00,숏,5,섞임,크게감
2021-05-29 00:00:00,2021-05-29 12:00:00,롱,10,깨고하락,깨고하락
2021-05-29 12:00:00,2021-05-29 22:00:00,숏,6,제자리,조금감
2021-05-29 22:00:00,2021-05-30 01:00:00,롱,22,깨고하락,깨고하락
2021-05-30 01:00:00,2021-05-30 02:00:00,숏,18,크게감,제자리
2021-05-30 02:00:00,2021-05-31 00:00:00,롱,27,크게감,크게감
2021-05-31 00:00:00,2021-05-31 08:00:00,숏,10,깨고하락,조금감
2021-05-31 08:00:00,2021-06-01 03:00:00,롱,6,섞임,크게감
2021-06-01 03:00:00,2021-06-02 03:00:00,숏,13,깨고하락,조금감
2021-06-02 03:00:00,2021-06-02 22:00:00,롱,4,섞임,크게감
2021-06-02 22:00:00,2021-06-03 05:00:00,숏,10,깨고하락,깨고하락
2021-06-03 05:00:00,2021-06-03 14:00:00,롱,9,제자리,조금감
2021-06-03 14:00:00,2021-06-04 17:00:00,숏,19,깨고하락,크게감
2021-06-04 17:00:00,2021-06-05 09:00:00,롱,10,깨고하락,조금감
2021-06-05 09:00:00,2021-06-06 01:00:00,숏,8,제자리,조금감
2021-06-06 01:00:00,2021-06-06 22:00:00,롱,10,깨고하락,제자리
2021-06-06 22:00:00,2021-06-07 00:00:00,숏,8,섞임,제자리
2021-06-07 00:00:00,2021-06-07 15:00:00,롱,12,섞임,조금감
2021-06-07 15:00:00,2021-06-08 11:00:00,숏,11,섞임,크게감
2021-06-08 11:00:00,2021-06-08 14:00:00,롱,10,깨고하락,깨고하락
2021-06-08 14:00:00,2021-06-08 17:00:00,숏,9,제자리,제자리
2021-06-08 17:00:00,2021-06-10 04:00:00,롱,20,섞임,크게감
2021-06-10 04:00:00,2021-06-11 09:00:00,숏,10,깨고하락,깨고하락
2021-06-11 09:00:00,2021-06-11 15:00:00,롱,8,제자리,제자리
2021-06-11 15:00:00,2021-06-12 13:00:00,숏,17,섞임,크게감
2021-06-12 13:00:00,2021-06-13 03:00:00,롱,10,깨고하락,제자리
2021-06-13 03:00:00,2021-06-13 08:00:00,숏,9,제자리,제자리
2021-06-13 08:00:00,2021-06-14 09:00:00,롱,23,섞임,크게감
2021-06-14 09:00:00,2021-06-14 14:00:00,숏,10,깨고하락,깨고하락
2021-06-14 14:00:00,2021-06-14 17:00:00,롱,9,제자리,제자리
2021-06-14 17:00:00,2021-06-17 03:00:00,숏,27,크게감,깨고복귀
2021-06-17 03:00:00,2021-06-17 17:00:00,롱,19,깨고하락,깨고하락
2021-06-17 17:00:00,2021-06-18 07:00:00,숏,9,제자리,제자리
2021-06-18 07:00:00,2021-06-18 14:00:00,롱,22,깨고하락,깨고하락
2021-06-18 14:00:00,2021-06-19 01:00:00,숏,9,제자리,크게감
2021-06-19 01:00:00,2021-06-19 02:00:00,롱,19,깨고하락,제자리
2021-06-19 02:00:00,2021-06-19 05:00:00,숏,8,제자리,조금감
2021-06-19 05:00:00,2021-06-20 09:00:00,롱,10,깨고하락,크게감
2021-06-20 09:00:00,2021-06-20 18:00:00,숏,2,섞임,크게감
2021-06-20 18:00:00,2021-06-21 04:00:00,롱,11,깨고하락,조금감
2021-06-21 04:00:00,2021-06-21 20:00:00,숏,14,섞임,크게감
2021-06-21 20:00:00,2021-06-21 21:00:00,롱,19,깨고하락,깨고하락
2021-06-21 21:00:00,2021-06-22 01:00:00,숏,9,제자리,깨고하락
2021-06-22 01:00:00,2021-06-22 11:00:00,롱,20,깨고하락,깨고하락
2021-06-22 11:00:00,2021-06-22 16:00:00,숏,12,섞임,크게감
2021-06-22 16:00:00,2021-06-23 15:00:00,롱,21,섞임,크게감
2021-06-23 15:00:00,2021-06-24 09:00:00,숏,22,깨고하락,제자리
2021-06-24 09:00:00,2021-06-25 05:00:00,롱,4,섞임,크게감
2021-06-25 05:00:00,2021-06-26 03:00:00,숏,10,깨고하락,크게감
2021-06-26 03:00:00,2021-06-26 07:00:00,롱,1,깨고하락,깨고하락
2021-06-26 07:00:00,2021-06-26 11:00:00,숏,9,제자리,제자리
2021-06-26 11:00:00,2021-06-27 17:00:00,롱,20,깨고하락,크게감
2021-06-27 17:00:00,2021-06-27 22:00:00,숏,10,깨고하락,깨고하락
2021-06-27 22:00:00,2021-06-28 10:00:00,롱,9,제자리,조금감
2021-06-28 10:00:00,2021-06-29 06:00:00,숏,10,깨고하락,깨고하락
2021-06-29 06:00:00,2021-06-29 22:00:00,롱,9,섞임,크게감
2021-06-29 22:00:00,2021-06-30 21:00:00,숏,19,깨고하락,크게감
2021-06-30 21:00:00,2021-07-01 03:00:00,롱,1,깨고하락,제자리
2021-07-01 03:00:00,2021-07-01 18:00:00,숏,9,제자리,크게감
2021-07-01 18:00:00,2021-07-02 06:00:00,롱,19,깨고하락,깨고하락
2021-07-02 06:00:00,2021-07-02 07:00:00,숏,9,제자리,제자리
2021-07-02 07:00:00,2021-07-03 21:00:00,롱,27,크게감,크게감
2021-07-03 21:00:00,2021-07-04 06:00:00,숏,19,깨고하락,깨고하락
2021-07-04 06:00:00,2021-07-04 15:00:00,롱,9,제자리,제자리
2021-07-04 15:00:00,2021-07-05 19:00:00,숏,25,크게감,깨고복귀
2021-07-05 19:00:00,2021-07-06 14:00:00,롱,10,깨고하락,조금감
2021-07-06 14:00:00,2021-07-07 00:00:00,숏,5,제자리,조금감
2021-07-07 00:00:00,2021-07-07 16:00:00,롱,17,섞임,크게감
2021-07-07 16:00:00,2021-07-08 15:00:00,숏,22,섞임,크게감
2021-07-08 15:00:00,2021-07-10 05:00:00,롱,10,깨고하락,조금감
2021-07-10 05:00:00,2021-07-11 09:00:00,숏,4,섞임,조금감
2021-07-11 09:00:00,2021-07-12 09:00:00,롱,8,제자리,조금감
2021-07-12 09:00:00,2021-07-13 03:00:00,숏,22,깨고하락,크게감
2021-07-13 03:00:00,2021-07-13 12:00:00,롱,1,깨고하락,깨고하락
2021-07-13 12:00:00,2021-07-13 17:00:00,숏,9,제자리,제자리
2021-07-13 17:00:00,2021-07-13 18:00:00,롱,19,깨고하락,제자리
2021-07-13 18:00:00,2021-07-13 22:00:00,숏,18,크게감,조금감
2021-07-13 22:00:00,2021-07-14 03:00:00,롱,19,깨고하락,깨고하락
2021-07-14 03:00:00,2021-07-14 10:00:00,숏,18,크게감,조금감
2021-07-14 10:00:00,2021-07-15 04:00:00,롱,23,섞임,크게감
2021-07-15 04:00:00,2021-07-15 23:00:00,숏,13,깨고하락,크게감
2021-07-15 23:00:00,2021-07-16 10:00:00,롱,10,깨고하락,제자리
2021-07-16 10:00:00,2021-07-16 13:00:00,숏,9,제자리,제자리
2021-07-16 13:00:00,2021-07-16 23:00:00,롱,27,크게감,조금감
2021-07-16 23:00:00,2021-07-17 08:00:00,숏,24,크게감,제자리
2021-07-17 08:00:00,2021-07-17 11:00:00,롱,23,크게감,제자리
2021-07-17 11:00:00,2021-07-17 12:00:00,숏,14,섞임,제자리
2021-07-17 12:00:00,2021-07-18 08:00:00,롱,27,크게감,크게감
2021-07-18 08:00:00,2021-07-18 23:00:00,숏,19,깨고하락,크게감
2021-07-18 23:00:00,2021-07-19 01:00:00,롱,14,섞임,제자리
2021-07-19 01:00:00,2021-07-19 04:00:00,숏,14,제자리,제자리
2021-07-19 04:00:00,2021-07-19 09:00:00,롱,15,크게감,깨고하락
2021-07-19 09:00:00,2021-07-19 23:00:00,숏,12,섞임,크게감
2021-07-19 23:00:00,2021-07-20 02:00:00,롱,19,깨고하락,깨고하락
2021-07-20 02:00:00,2021-07-20 14:00:00,숏,9,제자리,크게감
2021-07-20 14:00:00,2021-07-22 01:00:00,롱,19,깨고하락,크게감
2021-07-22 01:00:00,2021-07-23 02:00:00,숏,1,깨고하락,제자리
2021-07-23 02:00:00,2021-07-23 06:00:00,롱,9,제자리,제자리
2021-07-23 06:00:00,2021-07-23 22:00:00,숏,26,크게감,깨고하락
2021-07-23 22:00:00,2021-07-24 13:00:00,롱,24,섞임,크게감
2021-07-24 13:00:00,2021-07-24 16:00:00,숏,19,깨고하락,깨고하락
2021-07-24 16:00:00,2021-07-24 19:00:00,롱,9,제자리,제자리
2021-07-24 19:00:00,2021-07-25 07:00:00,숏,20,깨고하락,깨고하락
2021-07-25 07:00:00,2021-07-25 10:00:00,롱,6,섞임,제자리
2021-07-25 10:00:00,2021-07-25 23:00:00,숏,26,크게감,깨고하락
2021-07-25 23:00:00,2021-07-26 14:00:00,롱,15,섞임,크게감
2021-07-26 14:00:00,2021-07-27 12:00:00,숏,19,깨고하락,깨고하락
2021-07-27 12:00:00,2021-07-27 19:00:00,롱,5,제자리,제자리
2021-07-27 19:00:00,2021-07-27 20:00:00,숏,17,크게감,제자리
2021-07-27 20:00:00,2021-07-28 13:00:00,롱,26,크게감,크게감
2021-07-28 13:00:00,2021-07-30 01:00:00,숏,10,깨고하락,조금감
2021-07-30 01:00:00,2021-07-30 05:00:00,롱,8,제자리,제자리
2021-07-30 05:00:00,2021-07-30 19:00:00,숏,26,크게감,크게감
2021-07-30 19:00:00,2021-07-31 11:00:00,롱,20,깨고하락,크게감
2021-07-31 11:00:00,2021-08-01 03:00:00,숏,10,깨고하락,깨고하락
2021-08-01 03:00:00,2021-08-01 05:00:00,롱,9,제자리,제자리
2021-08-01 05:00:00,2021-08-02 14:00:00,숏,23,섞임,크게감
2021-08-02 14:00:00,2021-08-02 20:00:00,롱,10,깨고하락,깨고하락
2021-08-02 20:00:00,2021-08-02 21:00:00,숏,9,제자리,제자리
2021-08-02 21:00:00,2021-08-03 02:00:00,롱,26,크게감,조금감
2021-08-03 02:00:00,2021-08-03 09:00:00,숏,11,섞임,크게감
2021-08-03 09:00:00,2021-08-04 08:00:00,롱,23,섞임,깨고하락
2021-08-04 08:00:00,2021-08-04 09:00:00,숏,18,제자리,제자리
2021-08-04 09:00:00,2021-08-05 03:00:00,롱,26,크게감,크게감
2021-08-05 03:00:00,2021-08-05 16:00:00,숏,10,깨고하락,크게감
2021-08-05 16:00:00,2021-08-06 04:00:00,롱,2,섞임,크게감
2021-08-06 04:00:00,2021-08-06 06:00:00,숏,10,깨고하락,제자리
2021-08-06 06:00:00,2021-08-06 09:00:00,롱,9,제자리,제자리
2021-08-06 09:00:00,2021-08-06 15:00:00,숏,23,크게감,깨고하락
2021-08-06 15:00:00,2021-08-07 06:00:00,롱,18,제자리,크게감
2021-08-07 06:00:00,2021-08-08 00:00:00,숏,10,깨고하락,깨고하락
2021-08-08 00:00:00,2021-08-08 01:00:00,롱,9,제자리,제자리
2021-08-08 01:00:00,2021-08-08 06:00:00,숏,27,크게감,깨고하락
2021-08-08 06:00:00,2021-08-08 08:00:00,롱,15,섞임,제자리
2021-08-08 08:00:00,2021-08-09 09:00:00,숏,24,크게감,크게감
2021-08-09 09:00:00,2021-08-10 02:00:00,롱,20,깨고하락,크게감
2021-08-10 02:00:00,2021-08-11 01:00:00,숏,10,깨고하락,조금감
2021-08-11 01:00:00,2021-08-11 02:00:00,롱,5,섞임,제자리
2021-08-11 02:00:00,2021-08-11 04:00:00,숏,18,크게감,제자리
2021-08-11 04:00:00,2021-08-11 21:00:00,롱,10,섞임,크게감
2021-08-11 21:00:00,2021-08-13 00:00:00,숏,10,깨고하락,크게감
2021-08-13 00:00:00,2021-08-14 05:00:00,롱,10,깨고하락,크게감
2021-08-14 05:00:00,2021-08-15 01:00:00,숏,1,깨고하락,깨고복귀
2021-08-15 01:00:00,2021-08-15 03:00:00,롱,8,제자리,제자리
2021-08-15 03:00:00,2021-08-15 18:00:00,숏,17,제자리,크게감
2021-08-15 18:00:00,2021-08-16 12:00:00,롱,10,깨고하락,크게감
2021-08-16 12:00:00,2021-08-17 04:00:00,숏,1,깨고하락,크게감
2021-08-17 04:00:00,2021-08-17 06:00:00,롱,1,깨고하락,제자리
2021-08-17 06:00:00,2021-08-17 09:00:00,숏,9,크게감,깨고하락
2021-08-17 09:00:00,2021-08-17 15:00:00,롱,24,크게감,조금감
2021-08-17 15:00:00,2021-08-18 05:00:00,숏,24,섞임,크게감
2021-08-18 05:00:00,2021-08-18 20:00:00,롱,22,깨고하락,제자리
2021-08-18 20:00:00,2021-08-19 08:00:00,숏,6,제자리,조금감
2021-08-19 08:00:00,2021-08-19 11:00:00,롱,23,크게감,제자리
2021-08-19 11:00:00,2021-08-19 12:00:00,숏,18,크게감,제자리
2021-08-19 12:00:00,2021-08-20 08:00:00,롱,27,크게감,크게감
2021-08-20 08:00:00,2021-08-20 14:00:00,숏,10,깨고하락,깨고하락
2021-08-20 14:00:00,2021-08-21 02:00:00,롱,9,제자리,조금감
2021-08-21 02:00:00,2021-08-22 22:00:00,숏,19,깨고하락,깨고하락
2021-08-22 22:00:00,2021-08-23 14:00:00,롱,5,제자리,크게감
2021-08-23 14:00:00,2021-08-24 07:00:00,숏,10,깨고하락,조금감
2021-08-24 07:00:00,2021-08-24 10:00:00,롱,1,깨고하락,제자리
2021-08-24 10:00:00,2021-08-25 05:00:00,숏,18,크게감,크게감
2021-08-25 05:00:00,2021-08-25 08:00:00,롱,19,깨고하락,깨고하락
2021-08-25 08:00:00,2021-08-25 14:00:00,숏,9,제자리,제자리
2021-08-25 14:00:00,2021-08-26 03:00:00,롱,15,깨고하락,크게감
2021-08-26 03:00:00,2021-08-26 18:00:00,숏,11,깨고하락,크게감
2021-08-26 18:00:00,2021-08-28 07:00:00,롱,1,깨고하락,크게감
2021-08-28 07:00:00,2021-08-29 00:00:00,숏,1,깨고하락,깨고하락
2021-08-29 00:00:00,2021-08-29 02:00:00,롱,9,제자리,제자리
2021-08-29 02:00:00,2021-08-29 17:00:00,숏,15,섞임,크게감
2021-08-29 17:00:00,2021-08-30 01:00:00,롱,10,깨고하락,조금감
2021-08-30 01:00:00,2021-08-30 16:00:00,숏,5,섞임,크게감
2021-08-30 16:00:00,2021-08-30 23:00:00,롱,23,크게감,깨고하락
2021-08-30 23:00:00,2021-08-31 08:00:00,숏,15,섞임,제자리
2021-08-31 08:00:00,2021-08-31 20:00:00,롱,23,크게감,조금감
2021-08-31 20:00:00,2021-09-01 04:00:00,숏,27,크게감,조금감
2021-09-01 04:00:00,2021-09-02 14:00:00,롱,23,섞임,크게감
2021-09-02 14:00:00,2021-09-03 09:00:00,숏,10,깨고하락,조금감
2021-09-03 09:00:00,2021-09-03 20:00:00,롱,5,제자리,조금감
2021-09-03 20:00:00,2021-09-05 02:00:00,숏,23,크게감,조금감
2021-09-05 02:00:00,2021-09-05 03:00:00,롱,1,섞임,제자리
2021-09-05 03:00:00,2021-09-05 09:00:00,숏,18,크게감,제자리
2021-09-05 09:00:00,2021-09-06 10:00:00,롱,11,섞임,크게감
2021-09-06 10:00:00,2021-09-06 22:00:00,숏,19,깨고하락,깨고하락
2021-09-06 22:00:00,2021-09-07 06:00:00,롱,9,제자리,제자리
2021-09-07 06:00:00,2021-09-08 03:00:00,숏,22,섞임,크게감
2021-09-08 03:00:00,2021-09-08 06:00:00,롱,10,깨고하락,제자리
2021-09-08 06:00:00,2021-09-08 09:00:00,숏,9,제자리,제자리
2021-09-08 09:00:00,2021-09-09 23:00:00,롱,20,크게감,조금감
2021-09-09 23:00:00,2021-09-10 01:00:00,숏,14,섞임,제자리
2021-09-10 01:00:00,2021-09-10 06:00:00,롱,9,제자리,제자리
2021-09-10 06:00:00,2021-09-11 03:00:00,숏,24,섞임,크게감
2021-09-11 03:00:00,2021-09-11 22:00:00,롱,10,깨고하락,조금감
2021-09-11 22:00:00,2021-09-12 05:00:00,숏,8,제자리,제자리
2021-09-12 05:00:00,2021-09-12 20:00:00,롱,14,섞임,크게감
2021-09-12 20:00:00,2021-09-13 00:00:00,숏,24,깨고하락,깨고하락
2021-09-13 00:00:00,2021-09-13 01:00:00,롱,5,섞임,제자리
2021-09-13 01:00:00,2021-09-13 13:00:00,숏,27,크게감,깨고하락
2021-09-13 13:00:00,2021-09-13 14:00:00,롱,20,깨고하락,깨고하락
2021-09-13 14:00:00,2021-09-13 19:00:00,숏,6,섞임,제자리
2021-09-13 19:00:00,2021-09-15 04:00:00,롱,1,깨고하락,크게감
2021-09-15 04:00:00,2021-09-15 13:00:00,숏,19,깨고하락,깨고하락
2021-09-15 13:00:00,2021-09-15 23:00:00,롱,9,제자리,조금감
2021-09-15 23:00:00,2021-09-17 03:00:00,숏,19,깨고하락,크게감
2021-09-17 03:00:00,2021-09-17 10:00:00,롱,1,깨고하락,제자리
2021-09-17 10:00:00,2021-09-18 01:00:00,숏,9,섞임,조금감
2021-09-18 01:00:00,2021-09-18 16:00:00,롱,23,깨고하락,크게감
2021-09-18 16:00:00,2021-09-20 20:00:00,숏,10,깨고하락,크게감
2021-09-20 20:00:00,2021-09-21 00:00:00,롱,10,깨고하락,깨고하락
2021-09-21 00:00:00,2021-09-21 03:00:00,숏,9,제자리,제자리
2021-09-21 03:00:00,2021-09-21 19:00:00,롱,20,섞임,조금감
2021-09-21 19:00:00,2021-09-22 02:00:00,숏,27,크게감,크게감
2021-09-22 02:00:00,2021-09-23 10:00:00,롱,20,섞임,크게감
2021-09-23 10:00:00,2021-09-23 17:00:00,숏,13,깨고하락,깨고하락
2021-09-23 17:00:00,2021-09-24 01:00:00,롱,9,제자리,제자리
2021-09-24 01:00:00,2021-09-24 21:00:00,숏,10,깨고하락,깨고복귀
2021-09-24 21:00:00,2021-09-26 02:00:00,롱,10,깨고하락,제자리
2021-09-26 02:00:00,2021-09-26 09:00:00,숏,9,제자리,깨고하락
2021-09-26 09:00:00,2021-09-27 08:00:00,롱,24,섞임,조금감
2021-09-27 08:00:00,2021-09-28 20:00:00,숏,10,깨고하락,크게감
2021-09-28 20:00:00,2021-09-29 16:00:00,롱,1,깨고하락,깨고하락
2021-09-29 16:00:00,2021-09-30 00:00:00,숏,8,제자리,제자리
2021-09-30 00:00:00,2021-09-30 14:00:00,롱,24,섞임,크게감
2021-09-30 14:00:00,2021-09-30 18:00:00,숏,10,깨고하락,깨고하락
2021-09-30 18:00:00,2021-10-01 02:00:00,롱,9,제자리,제자리
2021-10-01 02:00:00,2021-10-01 07:00:00,숏,23,섞임,깨고하락
2021-10-01 07:00:00,2021-10-02 00:00:00,롱,18,제자리,크게감
2021-10-02 00:00:00,2021-10-03 17:00:00,숏,19,깨고하락,깨고하락
2021-10-03 17:00:00,2021-10-03 22:00:00,롱,9,제자리,제자리
2021-10-03 22:00:00,2021-10-04 13:00:00,숏,14,섞임,조금감
2021-10-04 13:00:00,2021-10-04 14:00:00,롱,27,크게감,제자리
2021-10-04 14:00:00,2021-10-04 16:00:00,숏,15,섞임,깨고하락
2021-10-04 16:00:00,2021-10-05 15:00:00,롱,15,섞임,크게감
2021-10-05 15:00:00,2021-10-05 18:00:00,숏,10,깨고하락,깨고하락
2021-10-05 18:00:00,2021-10-06 05:00:00,롱,9,제자리,조금감
2021-10-06 05:00:00,2021-10-06 13:00:00,숏,19,깨고하락,깨고하락
2021-10-06 13:00:00,2021-10-07 01:00:00,롱,18,제자리,조금감
2021-10-07 01:00:00,2021-10-08 07:00:00,숏,22,깨고하락,조금감
2021-10-08 07:00:00,2021-10-08 14:00:00,롱,8,제자리,조금감
2021-10-08 14:00:00,2021-10-09 04:00:00,숏,10,섞임,조금감
2021-10-09 04:00:00,2021-10-09 19:00:00,롱,18,크게감,조금감
2021-10-09 19:00:00,2021-10-10 04:00:00,숏,23,섞임,깨고하락
2021-10-10 04:00:00,2021-10-10 10:00:00,롱,15,섞임,제자리
2021-10-10 10:00:00,2021-10-11 02:00:00,숏,23,섞임,깨고하락
2021-10-11 02:00:00,2021-10-11 21:00:00,롱,27,크게감,크게감
2021-10-11 21:00:00,2021-10-13 02:00:00,숏,19,깨고하락,크게감
2021-10-13 02:00:00,2021-10-13 05:00:00,롱,1,섞임,제자리
2021-10-13 05:00:00,2021-10-13 14:00:00,숏,18,제자리,제자리
2021-10-13 14:00:00,2021-10-14 08:00:00,롱,20,깨고하락,크게감
2021-10-14 08:00:00,2021-10-15 02:00:00,숏,10,깨고하락,깨고하락
2021-10-15 02:00:00,2021-10-16 01:00:00,롱,9,제자리,크게감
2021-10-16 01:00:00,2021-10-17 10:00:00,숏,10,깨고하락,제자리
2021-10-17 10:00:00,2021-10-17 12:00:00,롱,8,제자리,제자리
2021-10-17 12:00:00,2021-10-17 13:00:00,숏,18,제자리,제자리
2021-10-17 13:00:00,2021-10-17 15:00:00,롱,26,크게감,깨고하락
2021-10-17 15:00:00,2021-10-17 16:00:00,숏,14,섞임,제자리
2021-10-17 16:00:00,2021-10-17 19:00:00,롱,14,섞임,깨고하락
2021-10-17 19:00:00,2021-10-17 23:00:00,숏,15,섞임,깨고하락
2021-10-17 23:00:00,2021-10-18 09:00:00,롱,15,섞임,조금감
2021-10-18 09:00:00,2021-10-18 23:00:00,숏,26,크게감,조금감
2021-10-18 23:00:00,2021-10-19 02:00:00,롱,14,섞임,제자리
2021-10-19 02:00:00,2021-10-19 03:00:00,숏,26,크게감,깨고하락
2021-10-19 03:00:00,2021-10-19 11:00:00,롱,27,크게감,제자리
2021-10-19 11:00:00,2021-10-19 13:00:00,숏,10,깨고하락,깨고하락
2021-10-19 13:00:00,2021-10-20 04:00:00,롱,18,크게감,깨고복귀
2021-10-20 04:00:00,2021-10-20 13:00:00,숏,10,깨고하락,깨고하락
2021-10-20 13:00:00,2021-10-20 22:00:00,롱,9,제자리,조금감
2021-10-20 22:00:00,2021-10-22 03:00:00,숏,19,깨고하락,크게감
2021-10-22 03:00:00,2021-10-22 14:00:00,롱,10,깨고하락,깨고하락
2021-10-22 14:00:00,2021-10-23 01:00:00,숏,9,제자리,조금감
2021-10-23 01:00:00,2021-10-24 06:00:00,롱,22,깨고하락,깨고하락
2021-10-24 06:00:00,2021-10-24 20:00:00,숏,18,제자리,조금감
2021-10-24 20:00:00,2021-10-25 19:00:00,롱,20,섞임,크게감
2021-10-25 19:00:00,2021-10-27 19:00:00,숏,10,깨고하락,크게감
2021-10-27 19:00:00,2021-10-28 22:00:00,롱,1,깨고하락,깨고복귀
2021-10-28 22:00:00,2021-10-29 01:00:00,숏,4,제자리,제자리
2021-10-29 01:00:00,2021-10-29 05:00:00,롱,8,제자리,제자리
2021-10-29 05:00:00,2021-10-29 15:00:00,숏,27,크게감,깨고하락
2021-10-29 15:00:00,2021-10-30 00:00:00,롱,15,섞임,조금감
2021-10-30 00:00:00,2021-10-30 23:00:00,숏,10,깨고하락,조금감
2021-10-30 23:00:00,2021-10-31 05:00:00,롱,13,섞임,조금감
2021-10-31 05:00:00,2021-10-31 20:00:00,숏,5,섞임,크게감
2021-10-31 20:00:00,2021-11-01 03:00:00,롱,22,깨고하락,깨고하락
2021-11-01 03:00:00,2021-11-01 07:00:00,숏,6,섞임,깨고하락
2021-11-01 07:00:00,2021-11-01 16:00:00,롱,27,크게감,제자리
2021-11-01 16:00:00,2021-11-02 04:00:00,숏,23,깨고하락,조금감
2021-11-02 04:00:00,2021-11-02 21:00:00,롱,17,섞임,크게감
2021-11-02 21:00:00,2021-11-03 21:00:00,숏,10,깨고하락,크게감
2021-11-03 21:00:00,2021-11-04 01:00:00,롱,5,제자리,제자리
2021-11-04 01:00:00,2021-11-04 23:00:00,숏,17,섞임,크게감
2021-11-04 23:00:00,2021-11-05 00:00:00,롱,10,깨고하락,제자리
2021-11-05 00:00:00,2021-11-05 01:00:00,숏,8,제자리,깨고하락
2021-11-05 01:00:00,2021-11-05 14:00:00,롱,12,섞임,크게감
2021-11-05 14:00:00,2021-11-06 01:00:00,숏,1,깨고하락,조금감
2021-11-06 01:00:00,2021-11-06 10:00:00,롱,4,깨고하락,깨고하락
2021-11-06 10:00:00,2021-11-06 17:00:00,숏,9,제자리,조금감
2021-11-06 17:00:00,2021-11-07 13:00:00,롱,22,섞임,크게감
2021-11-07 13:00:00,2021-11-07 17:00:00,숏,10,깨고하락,깨고하락
2021-11-07 17:00:00,2021-11-08 13:00:00,롱,9,제자리,크게감
2021-11-08 13:00:00,2021-11-09 00:00:00,숏,19,깨고하락,깨고하락
2021-11-09 00:00:00,2021-11-09 08:00:00,롱,9,제자리,제자리
2021-11-09 08:00:00,2021-11-10 13:00:00,숏,26,크게감,크게감
2021-11-10 13:00:00,2021-11-10 20:00:00,롱,14,섞임,깨고하락
2021-11-10 20:00:00,2021-11-11 09:00:00,숏,5,섞임,크게감
2021-11-11 09:00:00,2021-11-12 09:00:00,롱,10,섞임,제자리
2021-11-12 09:00:00,2021-11-12 19:00:00,숏,18,제자리,조금감
2021-11-12 19:00:00,2021-11-14 08:00:00,롱,19,깨고하락,조금감
2021-11-14 08:00:00,2021-11-14 23:00:00,숏,5,섞임,깨고하락
2021-11-14 23:00:00,2021-11-15 13:00:00,롱,6,제자리,조금감
2021-11-15 13:00:00,2021-11-16 14:00:00,숏,10,깨고하락,크게감
2021-11-16 14:00:00,2021-11-18 05:00:00,롱,10,깨고하락,깨고하락
2021-11-18 05:00:00,2021-11-19 08:00:00,숏,8,제자리,크게감
2021-11-19 08:00:00,2021-11-20 13:00:00,롱,19,깨고하락,조금감
2021-11-20 13:00:00,2021-11-20 19:00:00,숏,1,깨고하락,깨고하락
2021-11-20 19:00:00,2021-11-21 03:00:00,롱,9,제자리,제자리
2021-11-21 03:00:00,2021-11-21 16:00:00,숏,27,크게감,깨고하락
2021-11-21 16:00:00,2021-11-21 22:00:00,롱,24,크게감,제자리
2021-11-21 22:00:00,2021-11-22 13:00:00,숏,23,크게감,크게감
2021-11-22 13:00:00,2021-11-22 18:00:00,롱,10,깨고하락,깨고하락
2021-11-22 18:00:00,2021-11-23 02:00:00,숏,6,제자리,조금감
2021-11-23 02:00:00,2021-11-24 02:00:00,롱,14,섞임,깨고하락
2021-11-24 02:00:00,2021-11-24 18:00:00,숏,15,섞임,제자리
2021-11-24 18:00:00,2021-11-25 23:00:00,롱,14,섞임,크게감
2021-11-25 23:00:00,2021-11-27 00:00:00,숏,10,깨고하락,크게감
2021-11-27 00:00:00,2021-11-28 02:00:00,롱,1,깨고하락,제자리
2021-11-28 02:00:00,2021-11-28 07:00:00,숏,8,제자리,제자리
2021-11-28 07:00:00,2021-11-28 16:00:00,롱,9,크게감,조금감
2021-11-28 16:00:00,2021-11-28 19:00:00,숏,27,크게감,크게감
2021-11-28 19:00:00,2021-11-29 10:00:00,롱,27,크게감,크게감
2021-11-29 10:00:00,2021-11-29 17:00:00,숏,10,깨고하락,깨고하락
2021-11-29 17:00:00,2021-11-29 22:00:00,롱,9,제자리,제자리
2021-11-29 22:00:00,2021-11-30 13:00:00,숏,19,깨고하락,크게감
2021-11-30 13:00:00,2021-11-30 16:00:00,롱,11,깨고하락,조금감
2021-11-30 16:00:00,2021-11-30 18:00:00,숏,15,크게감,제자리
2021-11-30 18:00:00,2021-11-30 21:00:00,롱,27,크게감,제자리
2021-11-30 21:00:00,2021-12-01 13:00:00,숏,23,크게감,조금감
2021-12-01 13:00:00,2021-12-01 20:00:00,롱,14,섞임,깨고하락
2021-12-01 20:00:00,2021-12-02 14:00:00,숏,11,깨고하락,조금감
2021-12-02 14:00:00,2021-12-02 16:00:00,롱,14,섞임,제자리
2021-12-02 16:00:00,2021-12-02 18:00:00,숏,5,제자리,제자리
2021-12-02 18:00:00,2021-12-03 02:00:00,롱,17,크게감,조금감
2021-12-03 02:00:00,2021-12-03 04:00:00,숏,24,크게감,제자리
2021-12-03 04:00:00,2021-12-03 15:00:00,롱,17,크게감,깨고하락
2021-12-03 15:00:00,2021-12-04 15:00:00,숏,15,섞임,크게감
2021-12-04 15:00:00,2021-12-06 06:00:00,롱,19,깨고하락,제자리
2021-12-06 06:00:00,2021-12-06 15:00:00,숏,8,제자리,제자리
2021-12-06 15:00:00,2021-12-07 13:00:00,롱,5,섞임,크게감
2021-12-07 13:00:00,2021-12-07 15:00:00,숏,10,깨고하락,깨고하락
2021-12-07 15:00:00,2021-12-07 16:00:00,롱,9,제자리,제자리
2021-12-07 16:00:00,2021-12-08 15:00:00,숏,26,크게감,크게감
2021-12-08 15:00:00,2021-12-09 02:00:00,롱,10,깨고하락,제자리
2021-12-09 02:00:00,2021-12-10 01:00:00,숏,9,크게감,크게감
2021-12-10 01:00:00,2021-12-10 17:00:00,롱,19,깨고하락,깨고하락
2021-12-10 17:00:00,2021-12-10 20:00:00,숏,2,제자리,제자리
2021-12-10 20:00:00,2021-12-10 22:00:00,롱,27,크게감,제자리
2021-12-10 22:00:00,2021-12-11 02:00:00,숏,27,크게감,크게감
2021-12-11 02:00:00,2021-12-12 08:00:00,롱,24,크게감,크게감
2021-12-12 08:00:00,2021-12-12 13:00:00,숏,19,깨고하락,깨고하락
2021-12-12 13:00:00,2021-12-13 00:00:00,롱,9,제자리,조금감
2021-12-13 00:00:00,2021-12-14 03:00:00,숏,23,섞임,크게감
2021-12-14 03:00:00,2021-12-15 12:00:00,롱,10,깨고하락,조금감
2021-12-15 12:00:00,2021-12-15 20:00:00,숏,8,제자리,깨고하락
2021-12-15 20:00:00,2021-12-16 07:00:00,롱,6,제자리,제자리
2021-12-16 07:00:00,2021-12-16 10:00:00,숏,26,크게감,제자리
2021-12-16 10:00:00,2021-12-16 12:00:00,롱,18,크게감,조금감
2021-12-16 12:00:00,2021-12-17 19:00:00,숏,24,크게감,크게감
2021-12-17 19:00:00,2021-12-17 20:00:00,롱,10,깨고하락,제자리
2021-12-17 20:00:00,2021-12-17 21:00:00,숏,9,제자리,깨고하락
2021-12-17 21:00:00,2021-12-17 23:00:00,롱,23,섞임,깨고하락
2021-12-17 23:00:00,2021-12-18 04:00:00,숏,5,섞임,조금감
2021-12-18 04:00:00,2021-12-19 11:00:00,롱,14,섞임,크게감
2021-12-19 11:00:00,2021-12-19 13:00:00,숏,10,깨고하락,제자리
2021-12-19 13:00:00,2021-12-19 15:00:00,롱,9,제자리,조금감
2021-12-19 15:00:00,2021-12-20 17:00:00,숏,23,크게감,크게감
2021-12-20 17:00:00,2021-12-21 17:00:00,롱,10,깨고하락,크게감
2021-12-21 17:00:00,2021-12-23 13:00:00,숏,10,깨고하락,깨고복귀
2021-12-23 13:00:00,2021-12-24 07:00:00,롱,8,제자리,크게감
2021-12-24 07:00:00,2021-12-25 21:00:00,숏,10,깨고하락,깨고복귀
2021-12-25 21:00:00,2021-12-25 22:00:00,롱,8,제자리,제자리
2021-12-25 22:00:00,2021-12-26 15:00:00,숏,18,섞임,크게감
2021-12-26 15:00:00,2021-12-27 11:00:00,롱,10,깨고하락,크게감
2021-12-27 11:00:00,2021-12-27 12:00:00,숏,1,깨고하락,제자리
2021-12-27 12:00:00,2021-12-27 21:00:00,롱,9,제자리,크게감
2021-12-27 21:00:00,2021-12-29 02:00:00,숏,10,깨고하락,크게감
2021-12-29 02:00:00,2021-12-29 23:00:00,롱,10,깨고하락,깨고하락
2021-12-29 23:00:00,2021-12-30 06:00:00,숏,9,제자리,제자리
2021-12-30 06:00:00,2021-12-31 00:00:00,롱,22,섞임,조금감
2021-12-31 00:00:00,2021-12-31 04:00:00,숏,14,섞임,제자리
2021-12-31 04:00:00,2021-12-31 17:00:00,롱,18,크게감,크게감
2021-12-31 17:00:00,2022-01-01 05:00:00,숏,11,깨고하락,크게감
2022-01-01 05:00:00,2022-01-02 04:00:00,롱,11,섞임,조금감
2022-01-02 04:00:00,2022-01-02 16:00:00,숏,5,섞임,제자리
2022-01-02 16:00:00,2022-01-02 18:00:00,롱,6,제자리,깨고하락
2022-01-02 18:00:00,2022-01-03 10:00:00,숏,15,섞임,조금감
2022-01-03 10:00:00,2022-01-03 15:00:00,롱,13,섞임,깨고하락
2022-01-03 15:00:00,2022-01-04 06:00:00,숏,6,섞임,크게감
2022-01-04 06:00:00,2022-01-04 18:00:00,롱,19,깨고하락,깨고하락
2022-01-04 18:00:00,2022-01-05 03:00:00,숏,3,섞임,제자리
2022-01-05 03:00:00,2022-01-05 17:00:00,롱,14,섞임,조금감
2022-01-05 17:00:00,2022-01-06 11:00:00,숏,15,섞임,크게감
2022-01-06 11:00:00,2022-01-07 04:00:00,롱,19,깨고하락,깨고하락
2022-01-07 04:00:00,2022-01-07 09:00:00,숏,9,제자리,제자리
2022-01-07 09:00:00,2022-01-07 15:00:00,롱,27,크게감,깨고하락
2022-01-07 15:00:00,2022-01-07 16:00:00,숏,27,크게감,제자리
2022-01-07 16:00:00,2022-01-08 16:00:00,롱,26,섞임,제자리
2022-01-08 16:00:00,2022-01-08 22:00:00,숏,14,섞임,조금감
2022-01-08 22:00:00,2022-01-09 13:00:00,롱,15,섞임,제자리
2022-01-09 13:00:00,2022-01-09 16:00:00,숏,27,크게감,조금감
2022-01-09 16:00:00,2022-01-10 00:00:00,롱,24,크게감,크게감
2022-01-10 00:00:00,2022-01-10 20:00:00,숏,11,깨고하락,크게감
2022-01-10 20:00:00,2022-01-11 10:00:00,롱,11,섞임,조금감
2022-01-11 10:00:00,2022-01-11 16:00:00,숏,14,섞임,깨고하락
2022-01-11 16:00:00,2022-01-12 03:00:00,롱,9,섞임,조금감
2022-01-12 03:00:00,2022-01-12 12:00:00,숏,10,깨고하락,깨고하락
2022-01-12 12:00:00,2022-01-13 00:00:00,롱,9,크게감,크게감
2022-01-13 00:00:00,2022-01-14 14:00:00,숏,19,깨고하락,크게감
2022-01-14 14:00:00,2022-01-15 11:00:00,롱,1,깨고하락,조금감
2022-01-15 11:00:00,2022-01-15 15:00:00,숏,4,섞임,제자리
2022-01-15 15:00:00,2022-01-15 23:00:00,롱,9,제자리,조금감
2022-01-15 23:00:00,2022-01-16 14:00:00,숏,23,크게감,조금감
2022-01-16 14:00:00,2022-01-16 19:00:00,롱,14,섞임,제자리
2022-01-16 19:00:00,2022-01-18 01:00:00,숏,18,크게감,크게감
2022-01-18 01:00:00,2022-01-18 08:00:00,롱,19,깨고하락,제자리
2022-01-18 08:00:00,2022-01-18 19:00:00,숏,9,제자리,조금감
2022-01-18 19:00:00,2022-01-19 06:00:00,롱,19,깨고하락,크게감
2022-01-19 06:00:00,2022-01-19 12:00:00,숏,11,깨고하락,조금감
2022-01-19 12:00:00,2022-01-19 20:00:00,롱,18,크게감,조금감
2022-01-19 20:00:00,2022-01-20 03:00:00,숏,24,크게감,제자리
2022-01-20 03:00:00,2022-01-20 21:00:00,롱,26,크게감,깨고하락
2022-01-20 21:00:00,2022-01-21 16:00:00,숏,21,깨고하락,크게감
2022-01-21 16:00:00,2022-01-21 21:00:00,롱,10,깨고하락,깨고하락
2022-01-21 21:00:00,2022-01-22 11:00:00,숏,9,제자리,조금감
2022-01-22 11:00:00,2022-01-23 18:00:00,롱,19,깨고하락,제자리
2022-01-23 18:00:00,2022-01-23 22:00:00,숏,8,제자리,제자리
2022-01-23 22:00:00,2022-01-24 04:00:00,롱,26,섞임,크게감
2022-01-24 04:00:00,2022-01-24 17:00:00,숏,14,섞임,크게감
2022-01-24 17:00:00,2022-01-25 07:00:00,롱,11,깨고하락,크게감
2022-01-25 07:00:00,2022-01-25 10:00:00,숏,10,깨고하락,제자리
2022-01-25 10:00:00,2022-01-25 14:00:00,롱,9,제자리,조금감
2022-01-25 14:00:00,2022-01-25 16:00:00,숏,23,크게감,조금감
2022-01-25 16:00:00,2022-01-25 21:00:00,롱,15,제자리,크게감
2022-01-25 21:00:00,2022-01-26 04:00:00,숏,20,섞임,깨고하락
2022-01-26 04:00:00,2022-01-26 18:00:00,롱,18,크게감,조금감
2022-01-26 18:00:00,2022-01-27 11:00:00,숏,22,크게감,깨고복귀
2022-01-27 11:00:00,2022-01-27 20:00:00,롱,10,깨고하락,제자리
2022-01-27 20:00:00,2022-01-27 22:00:00,숏,9,제자리,제자리
2022-01-27 22:00:00,2022-01-28 09:00:00,롱,24,크게감,조금감
2022-01-28 09:00:00,2022-01-28 15:00:00,숏,10,깨고하락,제자리
2022-01-28 15:00:00,2022-01-29 09:00:00,롱,9,크게감,조금감
2022-01-29 09:00:00,2022-01-29 13:00:00,숏,19,깨고하락,깨고하락
2022-01-29 13:00:00,2022-01-29 14:00:00,롱,9,제자리,깨고하락
2022-01-29 14:00:00,2022-01-29 20:00:00,숏,24,크게감,깨고하락
2022-01-29 20:00:00,2022-01-30 00:00:00,롱,14,섞임,조금감
2022-01-30 00:00:00,2022-01-31 10:00:00,숏,14,섞임,크게감
2022-01-31 10:00:00,2022-02-01 07:00:00,롱,10,깨고하락,크게감
2022-02-01 07:00:00,2022-02-01 13:00:00,숏,1,깨고하락,깨고하락
2022-02-01 13:00:00,2022-02-01 14:00:00,롱,9,제자리,제자리
2022-02-01 14:00:00,2022-02-01 16:00:00,숏,26,크게감,깨고하락
2022-02-01 16:00:00,2022-02-01 18:00:00,롱,15,섞임,제자리
2022-02-01 18:00:00,2022-02-03 07:00:00,숏,14,섞임,크게감
2022-02-03 07:00:00,2022-02-03 10:00:00,롱,10,깨고하락,깨고하락
2022-02-03 10:00:00,2022-02-03 11:00:00,숏,9,제자리,제자리
2022-02-03 11:00:00,2022-02-05 07:00:00,롱,24,크게감,크게감
2022-02-05 07:00:00,2022-02-06 23:00:00,숏,10,깨고하락,깨고하락
2022-02-06 23:00:00,2022-02-08 00:00:00,롱,8,제자리,조금감
2022-02-08 00:00:00,2022-02-08 05:00:00,숏,19,깨고하락,깨고하락
2022-02-08 05:00:00,2022-02-08 08:00:00,롱,9,제자리,제자리
2022-02-08 08:00:00,2022-02-08 22:00:00,숏,24,크게감,크게감
2022-02-08 22:00:00,2022-02-09 02:00:00,롱,10,깨고하락,제자리
2022-02-09 02:00:00,2022-02-09 12:00:00,숏,18,크게감,깨고하락
2022-02-09 12:00:00,2022-02-10 02:00:00,롱,21,섞임,크게감
2022-02-10 02:00:00,2022-02-10 10:00:00,숏,11,깨고하락,제자리
2022-02-10 10:00:00,2022-02-10 20:00:00,롱,15,섞임,깨고하락
2022-02-10 20:00:00,2022-02-11 12:00:00,숏,23,섞임,크게감
2022-02-11 12:00:00,2022-02-11 18:00:00,롱,22,섞임,제자리
2022-02-11 18:00:00,2022-02-12 09:00:00,숏,9,제자리,조금감
2022-02-12 09:00:00,2022-02-13 18:00:00,롱,10,깨고하락,깨고하락
2022-02-13 18:00:00,2022-02-14 07:00:00,숏,6,섞임,조금감
2022-02-14 07:00:00,2022-02-14 20:00:00,롱,23,섞임,조금감
2022-02-14 20:00:00,2022-02-14 22:00:00,숏,17,섞임,제자리
2022-02-14 22:00:00,2022-02-15 17:00:00,롱,27,크게감,크게감
2022-02-15 17:00:00,2022-02-16 21:00:00,숏,19,깨고하락,깨고하락
2022-02-16 21:00:00,2022-02-16 23:00:00,롱,8,제자리,제자리
2022-02-16 23:00:00,2022-02-17 00:00:00,숏,17,크게감,제자리
2022-02-17 00:00:00,2022-02-17 03:00:00,롱,24,크게감,깨고하락
2022-02-17 03:00:00,2022-02-18 06:00:00,숏,9,제자리,크게감
2022-02-18 06:00:00,2022-02-20 04:00:00,롱,10,깨고하락,깨고하락
2022-02-20 04:00:00,2022-02-20 18:00:00,숏,9,제자리,조금감
2022-02-20 18:00:00,2022-02-21 11:00:00,롱,22,깨고하락,깨고하락
2022-02-21 11:00:00,2022-02-21 16:00:00,숏,6,제자리,제자리
2022-02-21 16:00:00,2022-02-21 18:00:00,롱,18,크게감,제자리
2022-02-21 18:00:00,2022-02-22 09:00:00,숏,27,크게감,크게감
2022-02-22 09:00:00,2022-02-23 17:00:00,롱,19,깨고하락,크게감
2022-02-23 17:00:00,2022-02-24 13:00:00,숏,1,깨고하락,크게감
2022-02-24 13:00:00,2022-02-25 17:00:00,롱,1,깨고하락,크게감
2022-02-25 17:00:00,2022-02-27 09:00:00,숏,1,깨고하락,깨고하락
2022-02-27 09:00:00,2022-02-27 18:00:00,롱,8,제자리,제자리
2022-02-27 18:00:00,2022-02-28 07:00:00,숏,14,섞임,크게감
2022-02-28 07:00:00,2022-03-01 09:00:00,롱,10,깨고하락,크게감
2022-03-01 09:00:00,2022-03-03 13:00:00,숏,10,깨고하락,깨고하락
2022-03-03 13:00:00,2022-03-03 15:00:00,롱,8,제자리,깨고하락
2022-03-03 15:00:00,2022-03-04 09:00:00,숏,27,섞임,크게감
2022-03-04 09:00:00,2022-03-04 15:00:00,롱,19,깨고하락,깨고하락
2022-03-04 15:00:00,2022-03-05 06:00:00,숏,9,제자리,크게감
2022-03-05 06:00:00,2022-03-06 09:00:00,롱,19,깨고하락,조금감
2022-03-06 09:00:00,2022-03-06 16:00:00,숏,8,제자리,조금감
2022-03-06 16:00:00,2022-03-07 00:00:00,롱,14,섞임,깨고하락
2022-03-07 00:00:00,2022-03-07 11:00:00,숏,18,크게감,크게감
2022-03-07 11:00:00,2022-03-07 19:00:00,롱,23,크게감,깨고하락
2022-03-07 19:00:00,2022-03-08 01:00:00,숏,12,섞임,제자리
2022-03-08 01:00:00,2022-03-08 16:00:00,롱,23,크게감,조금감
2022-03-08 16:00:00,2022-03-08 17:00:00,숏,23,섞임,제자리
2022-03-08 17:00:00,2022-03-08 20:00:00,롱,6,섞임,조금감
2022-03-08 20:00:00,2022-03-09 01:00:00,숏,1,깨고하락,제자리
2022-03-09 01:00:00,2022-03-09 18:00:00,롱,6,크게감,크게감
2022-03-09 18:00:00,2022-03-10 19:00:00,숏,19,깨고하락,크게감
2022-03-10 19:00:00,2022-03-11 02:00:00,롱,1,깨고하락,깨고하락
2022-03-11 02:00:00,2022-03-11 06:00:00,숏,9,제자리,제자리
2022-03-11 06:00:00,2022-03-11 18:00:00,롱,27,크게감,크게감
2022-03-11 18:00:00,2022-03-12 00:00:00,숏,20,섞임,제자리
2022-03-12 00:00:00,2022-03-12 23:00:00,롱,18,크게감,제자리
2022-03-12 23:00:00,2022-03-13 02:00:00,숏,14,섞임,제자리
2022-03-13 02:00:00,2022-03-13 09:00:00,롱,5,섞임,조금감
2022-03-13 09:00:00,2022-03-13 18:00:00,숏,17,섞임,크게감
2022-03-13 18:00:00,2022-03-13 20:00:00,롱,20,섞임,제자리
2022-03-13 20:00:00,2022-03-14 05:00:00,숏,18,크게감,크게감
2022-03-14 05:00:00,2022-03-14 20:00:00,롱,19,깨고하락,크게감
2022-03-14 20:00:00,2022-03-14 22:00:00,숏,14,섞임,깨고하락
2022-03-14 22:00:00,2022-03-15 03:00:00,롱,18,제자리,깨고하락
2022-03-15 03:00:00,2022-03-15 14:00:00,숏,11,깨고하락,조금감
2022-03-15 14:00:00,2022-03-16 05:00:00,롱,14,섞임,크게감
2022-03-16 05:00:00,2022-03-16 08:00:00,숏,10,섞임,제자리
2022-03-16 08:00:00,2022-03-16 18:00:00,롱,18,크게감,조금감
2022-03-16 18:00:00,2022-03-16 19:00:00,숏,19,깨고하락,제자리
2022-03-16 19:00:00,2022-03-17 03:00:00,롱,6,섞임,조금감
2022-03-17 03:00:00,2022-03-17 04:00:00,숏,19,깨고하락,제자리
2022-03-17 04:00:00,2022-03-17 05:00:00,롱,8,제자리,제자리
2022-03-17 05:00:00,2022-03-18 15:00:00,숏,17,섞임,크게감
2022-03-18 15:00:00,2022-03-19 06:00:00,롱,10,깨고하락,크게감
2022-03-19 06:00:00,2022-03-19 20:00:00,숏,10,깨고하락,깨고하락
2022-03-19 20:00:00,2022-03-19 22:00:00,롱,9,제자리,제자리
2022-03-19 22:00:00,2022-03-21 09:00:00,숏,26,크게감,크게감
2022-03-21 09:00:00,2022-03-22 17:00:00,롱,10,깨고하락,크게감
2022-03-22 17:00:00,2022-03-23 15:00:00,숏,1,깨고하락,조금감
2022-03-23 15:00:00,2022-03-23 18:00:00,롱,8,제자리,제자리
2022-03-23 18:00:00,2022-03-23 21:00:00,숏,18,섞임,제자리
2022-03-23 21:00:00,2022-03-24 12:00:00,롱,27,크게감,크게감
2022-03-24 12:00:00,2022-03-24 14:00:00,숏,19,깨고하락,깨고하락
2022-03-24 14:00:00,2022-03-25 02:00:00,롱,9,제자리,크게감
2022-03-25 02:00:00,2022-03-25 12:00:00,숏,19,깨고하락,깨고하락
2022-03-25 12:00:00,2022-03-25 16:00:00,롱,9,제자리,제자리
2022-03-25 16:00:00,2022-03-27 00:00:00,숏,24,크게감,제자리
2022-03-27 00:00:00,2022-03-27 09:00:00,롱,27,크게감,조금감
2022-03-27 09:00:00,2022-03-27 15:00:00,숏,23,섞임,제자리
2022-03-27 15:00:00,2022-03-28 11:00:00,롱,18,크게감,크게감
2022-03-28 11:00:00,2022-03-28 13:00:00,숏,10,깨고하락,제자리
2022-03-28 13:00:00,2022-03-28 14:00:00,롱,9,제자리,제자리
2022-03-28 14:00:00,2022-03-30 17:00:00,숏,19,깨고하락,깨고하락
2022-03-30 17:00:00,2022-03-30 19:00:00,롱,11,섞임,제자리
2022-03-30 19:00:00,2022-03-31 01:00:00,숏,17,제자리,제자리
2022-03-31 01:00:00,2022-03-31 04:00:00,롱,27,크게감,제자리
2022-03-31 04:00:00,2022-03-31 07:00:00,숏,24,크게감,제자리
2022-03-31 07:00:00,2022-03-31 14:00:00,롱,26,크게감,깨고하락
2022-03-31 14:00:00,2022-04-01 08:00:00,숏,27,크게감,크게감
2022-04-01 08:00:00,2022-04-02 11:00:00,롱,19,깨고하락,크게감
2022-04-02 11:00:00,2022-04-03 06:00:00,숏,1,깨고하락,조금감
2022-04-03 06:00:00,2022-04-04 00:00:00,롱,5,제자리,조금감
2022-04-04 00:00:00,2022-04-04 20:00:00,숏,15,섞임,조금감
2022-04-04 20:00:00,2022-04-05 13:00:00,롱,14,섞임,조금감
2022-04-05 13:00:00,2022-04-07 04:00:00,숏,10,깨고하락,크게감
2022-04-07 04:00:00,2022-04-08 12:00:00,롱,10,깨고하락,제자리
2022-04-08 12:00:00,2022-04-08 15:00:00,숏,8,제자리,제자리
2022-04-08 15:00:00,2022-04-08 17:00:00,롱,24,크게감,제자리
2022-04-08 17:00:00,2022-04-09 07:00:00,숏,27,크게감,크게감
2022-04-09 07:00:00,2022-04-10 13:00:00,롱,19,깨고하락,조금감
2022-04-10 13:00:00,2022-04-10 14:00:00,숏,8,제자리,제자리
2022-04-10 14:00:00,2022-04-10 22:00:00,롱,17,제자리,깨고하락
2022-04-10 22:00:00,2022-04-12 04:00:00,숏,24,섞임,크게감
2022-04-12 04:00:00,2022-04-12 19:00:00,롱,10,깨고하락,제자리
2022-04-12 19:00:00,2022-04-12 22:00:00,숏,8,제자리,제자리
2022-04-12 22:00:00,2022-04-13 12:00:00,롱,26,크게감,조금감
2022-04-13 12:00:00,2022-04-13 13:00:00,숏,23,섞임,깨고하락
2022-04-13 13:00:00,2022-04-14 06:00:00,롱,18,크게감,크게감
2022-04-14 06:00:00,2022-04-15 03:00:00,숏,10,깨고하락,크게감
2022-04-15 03:00:00,2022-04-16 07:00:00,롱,1,깨고하락,조금감
2022-04-16 07:00:00,2022-04-16 22:00:00,숏,7,제자리,조금감
2022-04-16 22:00:00,2022-04-17 02:00:00,롱,5,제자리,제자리
2022-04-17 02:00:00,2022-04-17 06:00:00,숏,27,크게감,제자리
2022-04-17 06:00:00,2022-04-17 07:00:00,롱,23,크게감,제자리
2022-04-17 07:00:00,2022-04-17 08:00:00,숏,27,크게감,깨고하락
2022-04-17 08:00:00,2022-04-17 16:00:00,롱,24,크게감,깨고하락
2022-04-17 16:00:00,2022-04-18 13:00:00,숏,15,섞임,크게감
2022-04-18 13:00:00,2022-04-19 09:00:00,롱,10,깨고하락,크게감
2022-04-19 09:00:00,2022-04-19 13:00:00,숏,1,깨고하락,깨고하락
2022-04-19 13:00:00,2022-04-19 21:00:00,롱,9,제자리,제자리
2022-04-19 21:00:00,2022-04-20 11:00:00,숏,22,깨고하락,깨고하락
2022-04-20 11:00:00,2022-04-20 14:00:00,롱,9,제자리,제자리
2022-04-20 14:00:00,2022-04-21 03:00:00,숏,27,크게감,크게감
2022-04-21 03:00:00,2022-04-21 05:00:00,롱,23,크게감,제자리
2022-04-21 05:00:00,2022-04-21 07:00:00,숏,27,크게감,깨고하락
2022-04-21 07:00:00,2022-04-21 17:00:00,롱,18,섞임,크게감
2022-04-21 17:00:00,2022-04-22 11:00:00,숏,11,깨고하락,크게감
2022-04-22 11:00:00,2022-04-22 14:00:00,롱,10,깨고하락,제자리
2022-04-22 14:00:00,2022-04-22 22:00:00,숏,9,제자리,조금감
2022-04-22 22:00:00,2022-04-24 01:00:00,롱,19,깨고하락,조금감
2022-04-24 01:00:00,2022-04-24 03:00:00,숏,8,섞임,제자리
2022-04-24 03:00:00,2022-04-24 16:00:00,롱,18,크게감,깨고하락
2022-04-24 16:00:00,2022-04-24 19:00:00,숏,17,섞임,조금감
2022-04-24 19:00:00,2022-04-24 20:00:00,롱,23,섞임,제자리
2022-04-24 20:00:00,2022-04-25 14:00:00,숏,18,크게감,크게감
2022-04-25 14:00:00,2022-04-26 09:00:00,롱,10,깨고하락,크게감
2022-04-26 09:00:00,2022-04-27 05:00:00,숏,1,깨고하락,크게감
2022-04-27 05:00:00,2022-04-28 13:00:00,롱,1,깨고하락,조금감
2022-04-28 13:00:00,2022-04-28 16:00:00,숏,4,섞임,깨고하락
2022-04-28 16:00:00,2022-04-28 23:00:00,롱,6,제자리,조금감
2022-04-28 23:00:00,2022-04-30 01:00:00,숏,13,깨고하락,크게감
2022-04-30 01:00:00,2022-04-30 17:00:00,롱,10,깨고하락,깨고하락
2022-04-30 17:00:00,2022-04-30 19:00:00,숏,9,제자리,제자리
2022-04-30 19:00:00,2022-04-30 23:00:00,롱,26,크게감,깨고하락
2022-04-30 23:00:00,2022-05-01 06:00:00,숏,27,크게감,조금감
2022-05-01 06:00:00,2022-05-02 11:00:00,롱,22,깨고하락,크게감
2022-05-02 11:00:00,2022-05-04 03:00:00,숏,22,깨고하락,깨고복귀
2022-05-04 03:00:00,2022-05-05 05:00:00,롱,1,깨고하락,크게감
2022-05-05 05:00:00,2022-05-06 05:00:00,숏,1,깨고하락,크게감
2022-05-06 05:00:00,2022-05-07 21:00:00,롱,1,깨고하락,깨고하락
2022-05-07 21:00:00,2022-05-08 11:00:00,숏,9,제자리,제자리
2022-05-08 11:00:00,2022-05-08 17:00:00,롱,19,깨고하락,깨고하락
2022-05-08 17:00:00,2022-05-08 18:00:00,숏,9,제자리,제자리
2022-05-08 18:00:00,2022-05-09 02:00:00,롱,23,크게감,깨고하락
2022-05-09 02:00:00,2022-05-10 03:00:00,숏,24,섞임,크게감
2022-05-10 03:00:00,2022-05-10 21:00:00,롱,10,깨고하락,조금감
2022-05-10 21:00:00,2022-05-11 02:00:00,숏,6,제자리,제자리
2022-05-11 02:00:00,2022-05-11 07:00:00,롱,27,크게감,제자리
2022-05-11 07:00:00,2022-05-11 08:00:00,숏,14,섞임,제자리
2022-05-11 08:00:00,2022-05-11 12:00:00,롱,27,크게감,깨고하락
2022-05-11 12:00:00,2022-05-11 14:00:00,숏,15,섞임,제자리
2022-05-11 14:00:00,2022-05-11 16:00:00,롱,2,섞임,제자리
2022-05-11 16:00:00,2022-05-12 10:00:00,숏,18,크게감,크게감
2022-05-12 10:00:00,2022-05-13 16:00:00,롱,19,깨고하락,조금감
2022-05-13 16:00:00,2022-05-14 17:00:00,숏,1,깨고하락,조금감
2022-05-14 17:00:00,2022-05-16 03:00:00,롱,4,제자리,크게감
2022-05-16 03:00:00,2022-05-16 21:00:00,숏,1,깨고하락,조금감
2022-05-16 21:00:00,2022-05-17 14:00:00,롱,5,섞임,조금감
2022-05-17 14:00:00,2022-05-17 23:00:00,숏,5,섞임,조금감
2022-05-17 23:00:00,2022-05-18 01:00:00,롱,2,섞임,제자리
2022-05-18 01:00:00,2022-05-19 03:00:00,숏,18,크게감,크게감
2022-05-19 03:00:00,2022-05-20 04:00:00,롱,10,깨고하락,크게감
2022-05-20 04:00:00,2022-05-21 05:00:00,숏,1,깨고하락,크게감
2022-05-21 05:00:00,2022-05-22 04:00:00,롱,1,깨고하락,제자리
2022-05-22 04:00:00,2022-05-22 07:00:00,숏,8,제자리,제자리
2022-05-22 07:00:00,2022-05-23 04:00:00,롱,17,섞임,크게감
2022-05-23 04:00:00,2022-05-23 06:00:00,숏,19,깨고하락,깨고하락
2022-05-23 06:00:00,2022-05-23 12:00:00,롱,9,제자리,제자리
2022-05-23 12:00:00,2022-05-24 09:00:00,숏,23,섞임,크게감
2022-05-24 09:00:00,2022-05-24 14:00:00,롱,10,깨고하락,깨고하락
2022-05-24 14:00:00,2022-05-24 15:00:00,숏,8,제자리,깨고하락
2022-05-24 15:00:00,2022-05-25 11:00:00,롱,27,크게감,크게감
2022-05-25 11:00:00,2022-05-25 22:00:00,숏,19,깨고하락,제자리
2022-05-25 22:00:00,2022-05-25 23:00:00,롱,8,제자리,제자리
2022-05-25 23:00:00,2022-05-26 03:00:00,숏,27,크게감,깨고하락
2022-05-26 03:00:00,2022-05-26 05:00:00,롱,24,섞임,제자리
2022-05-26 05:00:00,2022-05-26 17:00:00,숏,27,크게감,크게감
2022-05-26 17:00:00,2022-05-27 00:00:00,롱,11,섞임,제자리
2022-05-27 00:00:00,2022-05-27 12:00:00,숏,18,크게감,조금감
2022-05-27 12:00:00,2022-05-27 16:00:00,롱,23,크게감,제자리
2022-05-27 16:00:00,2022-05-27 22:00:00,숏,6,섞임,크게감
2022-05-27 22:00:00,2022-05-29 02:00:00,롱,23,크게감,조금감
2022-05-29 02:00:00,2022-05-29 03:00:00,숏,13,섞임,제자리
2022-05-29 03:00:00,2022-05-29 04:00:00,롱,17,제자리,제자리
2022-05-29 04:00:00,2022-05-29 05:00:00,숏,23,섞임,깨고하락
2022-05-29 05:00:00,2022-05-29 19:00:00,롱,9,제자리,크게감
2022-05-29 19:00:00,2022-05-29 22:00:00,숏,10,깨고하락,깨고하락
2022-05-29 22:00:00,2022-05-30 14:00:00,롱,9,제자리,크게감
2022-05-30 14:00:00,2022-05-30 20:00:00,숏,19,깨고하락,깨고하락
2022-05-30 20:00:00,2022-05-31 06:00:00,롱,9,제자리,조금감
2022-05-31 06:00:00,2022-06-02 06:00:00,숏,19,깨고하락,깨고복귀
2022-06-02 06:00:00,2022-06-03 10:00:00,롱,1,깨고하락,조금감
2022-06-03 10:00:00,2022-06-03 22:00:00,숏,8,제자리,제자리
2022-06-03 22:00:00,2022-06-05 07:00:00,롱,13,깨고하락,제자리
2022-06-05 07:00:00,2022-06-05 14:00:00,숏,8,크게감,제자리
2022-06-05 14:00:00,2022-06-06 16:00:00,롱,26,섞임,크게감
2022-06-06 16:00:00,2022-06-07 15:00:00,숏,10,깨고하락,크게감
2022-06-07 15:00:00,2022-06-08 04:00:00,롱,1,깨고하락,크게감
2022-06-08 04:00:00,2022-06-09 05:00:00,숏,2,섞임,제자리
2022-06-09 05:00:00,2022-06-09 13:00:00,롱,18,크게감,조금감
2022-06-09 13:00:00,2022-06-09 17:00:00,숏,23,크게감,제자리
2022-06-09 17:00:00,2022-06-09 18:00:00,롱,27,크게감,제자리
2022-06-09 18:00:00,2022-06-10 05:00:00,숏,27,크게감,크게감
2022-06-10 05:00:00,2022-06-10 09:00:00,롱,19,깨고하락,제자리
2022-06-10 09:00:00,2022-06-10 11:00:00,숏,18,크게감,제자리
2022-06-10 11:00:00,2022-06-10 12:00:00,롱,23,크게감,깨고하락
2022-06-10 12:00:00,2022-06-11 01:00:00,숏,18,크게감,크게감
2022-06-11 01:00:00,2022-06-11 11:00:00,롱,10,깨고하락,깨고하락
2022-06-11 11:00:00,2022-06-11 21:00:00,숏,9,제자리,조금감
2022-06-11 21:00:00,2022-06-12 02:00:00,롱,19,깨고하락,깨고하락
2022-06-12 02:00:00,2022-06-12 13:00:00,숏,9,제자리,제자리
2022-06-12 13:00:00,2022-06-12 22:00:00,롱,19,깨고하락,깨고하락
2022-06-12 22:00:00,2022-06-13 19:00:00,숏,3,섞임,크게감
2022-06-13 19:00:00,2022-06-14 00:00:00,롱,19,깨고하락,깨고하락
2022-06-14 00:00:00,2022-06-14 05:00:00,숏,9,제자리,제자리
2022-06-14 05:00:00,2022-06-15 04:00:00,롱,20,크게감,제자리
2022-06-15 04:00:00,2022-06-15 12:00:00,숏,15,섞임,조금감
2022-06-15 12:00:00,2022-06-16 07:00:00,롱,23,크게감,크게감
2022-06-16 07:00:00,2022-06-17 05:00:00,숏,10,섞임,크게감
2022-06-17 05:00:00,2022-06-17 18:00:00,롱,10,깨고하락,조금감
2022-06-17 18:00:00,2022-06-17 20:00:00,숏,5,제자리,제자리
2022-06-17 20:00:00,2022-06-17 22:00:00,롱,17,크게감,깨고하락
2022-06-17 22:00:00,2022-06-18 00:00:00,숏,15,섞임,깨고하락
2022-06-18 00:00:00,2022-06-18 01:00:00,롱,23,크게감,제자리
2022-06-18 01:00:00,2022-06-18 02:00:00,숏,12,섞임,조금감
2022-06-18 02:00:00,2022-06-18 06:00:00,롱,13,섞임,깨고하락
2022-06-18 06:00:00,2022-06-18 22:00:00,숏,18,제자리,크게감
2022-06-18 22:00:00,2022-06-20 03:00:00,롱,10,깨고하락,크게감
2022-06-20 03:00:00,2022-06-20 09:00:00,숏,1,깨고하락,깨고하락
2022-06-20 09:00:00,2022-06-20 16:00:00,롱,9,제자리,제자리
2022-06-20 16:00:00,2022-06-21 05:00:00,숏,27,크게감,조금감
2022-06-21 05:00:00,2022-06-21 18:00:00,롱,11,깨고하락,크게감
2022-06-21 18:00:00,2022-06-22 13:00:00,숏,13,깨고하락,크게감
2022-06-22 13:00:00,2022-06-22 17:00:00,롱,1,깨고하락,깨고하락
2022-06-22 17:00:00,2022-06-23 00:00:00,숏,5,제자리,조금감
2022-06-23 00:00:00,2022-06-23 16:00:00,롱,14,섞임,조금감
2022-06-23 16:00:00,2022-06-23 19:00:00,숏,10,깨고하락,깨고하락
2022-06-23 19:00:00,2022-06-24 07:00:00,롱,9,크게감,조금감
2022-06-24 07:00:00,2022-06-24 12:00:00,숏,19,깨고하락,깨고하락
2022-06-24 12:00:00,2022-06-24 15:00:00,롱,9,크게감,제자리
2022-06-24 15:00:00,2022-06-24 21:00:00,숏,27,크게감,제자리
2022-06-24 21:00:00,2022-06-25 00:00:00,롱,15,크게감,조금감
2022-06-25 00:00:00,2022-06-25 01:00:00,숏,26,크게감,제자리
2022-06-25 01:00:00,2022-06-25 02:00:00,롱,18,크게감,제자리
2022-06-25 02:00:00,2022-06-25 07:00:00,숏,14,섞임,깨고하락
2022-06-25 07:00:00,2022-06-25 11:00:00,롱,9,섞임,제자리
2022-06-25 11:00:00,2022-06-25 21:00:00,숏,23,깨고하락,크게감
2022-06-25 21:00:00,2022-06-26 09:00:00,롱,11,깨고하락,제자리
2022-06-26 09:00:00,2022-06-26 11:00:00,숏,4,섞임,깨고하락
2022-06-26 11:00:00,2022-06-26 13:00:00,롱,9,섞임,깨고하락
2022-06-26 13:00:00,2022-06-27 07:00:00,숏,11,섞임,크게감
2022-06-27 07:00:00,2022-06-27 13:00:00,롱,14,섞임,깨고하락
2022-06-27 13:00:00,2022-06-28 05:00:00,숏,18,섞임,조금감
2022-06-28 05:00:00,2022-06-28 16:00:00,롱,19,깨고하락,조금감
2022-06-28 16:00:00,2022-06-29 13:00:00,숏,5,섞임,크게감
2022-06-29 13:00:00,2022-06-30 06:00:00,롱,22,깨고하락,깨고하락
2022-06-30 06:00:00,2022-06-30 23:00:00,숏,9,제자리,크게감
2022-06-30 23:00:00,2022-07-01 10:00:00,롱,20,깨고하락,크게감
2022-07-01 10:00:00,2022-07-01 17:00:00,숏,2,깨고하락,제자리
2022-07-01 17:00:00,2022-07-01 23:00:00,롱,17,섞임,제자리
2022-07-01 23:00:00,2022-07-02 10:00:00,숏,14,섞임,조금감
2022-07-02 10:00:00,2022-07-03 05:00:00,롱,23,섞임,깨고하락
2022-07-03 05:00:00,2022-07-03 16:00:00,숏,15,섞임,제자리
2022-07-03 16:00:00,2022-07-04 02:00:00,롱,14,섞임,크게감
2022-07-04 02:00:00,2022-07-04 09:00:00,숏,2,깨고하락,제자리
2022-07-04 09:00:00,2022-07-05 08:00:00,롱,18,섞임,크게감
2022-07-05 08:00:00,2022-07-05 19:00:00,숏,10,깨고하락,깨고하락
2022-07-05 19:00:00,2022-07-06 02:00:00,롱,2,깨고하락,조금감
2022-07-06 02:00:00,2022-07-06 09:00:00,숏,15,크게감,제자리
2022-07-06 09:00:00,2022-07-06 10:00:00,롱,27,크게감,제자리
2022-07-06 10:00:00,2022-07-06 16:00:00,숏,26,크게감,깨고하락
2022-07-06 16:00:00,2022-07-07 04:00:00,롱,15,섞임,크게감
2022-07-07 04:00:00,2022-07-07 14:00:00,숏,10,깨고하락,깨고하락
2022-07-07 14:00:00,2022-07-08 07:00:00,롱,9,제자리,크게감
2022-07-08 07:00:00,2022-07-09 17:00:00,숏,19,깨고하락,조금감
2022-07-09 17:00:00,2022-07-09 22:00:00,롱,8,제자리,제자리
2022-07-09 22:00:00,2022-07-11 10:00:00,숏,17,섞임,크게감
2022-07-11 10:00:00,2022-07-11 22:00:00,롱,10,깨고하락,깨고하락
2022-07-11 22:00:00,2022-07-12 12:00:00,숏,9,제자리,조금감
2022-07-12 12:00:00,2022-07-12 20:00:00,롱,22,깨고하락,깨고하락
2022-07-12 20:00:00,2022-07-13 02:00:00,숏,9,제자리,조금감
2022-07-13 02:00:00,2022-07-14 08:00:00,롱,26,크게감,깨고복귀
2022-07-14 08:00:00,2022-07-14 15:00:00,숏,19,깨고하락,깨고하락
2022-07-14 15:00:00,2022-07-15 04:00:00,롱,9,제자리,조금감
2022-07-15 04:00:00,2022-07-15 05:00:00,숏,10,깨고하락,제자리
2022-07-15 05:00:00,2022-07-15 06:00:00,롱,8,제자리,제자리
2022-07-15 06:00:00,2022-07-15 07:00:00,숏,10,깨고하락,깨고하락
2022-07-15 07:00:00,2022-07-15 15:00:00,롱,18,제자리,크게감
2022-07-15 15:00:00,2022-07-15 19:00:00,숏,10,깨고하락,깨고하락
2022-07-15 19:00:00,2022-07-15 20:00:00,롱,6,섞임,제자리
2022-07-15 20:00:00,2022-07-16 14:00:00,숏,27,크게감,크게감
2022-07-16 14:00:00,2022-07-17 10:00:00,롱,10,깨고하락,크게감
2022-07-17 10:00:00,2022-07-18 03:00:00,숏,10,깨고하락,크게감
2022-07-18 03:00:00,2022-07-18 18:00:00,롱,2,섞임,크게감
2022-07-18 18:00:00,2022-07-19 13:00:00,숏,10,깨고하락,깨고하락
2022-07-19 13:00:00,2022-07-20 03:00:00,롱,9,크게감,크게감
2022-07-20 03:00:00,2022-07-20 06:00:00,숏,19,깨고하락,제자리
2022-07-20 06:00:00,2022-07-20 07:00:00,롱,9,제자리,제자리
2022-07-20 07:00:00,2022-07-20 14:00:00,숏,24,크게감,깨고하락
2022-07-20 14:00:00,2022-07-20 16:00:00,롱,6,섞임,제자리
2022-07-20 16:00:00,2022-07-21 17:00:00,숏,23,크게감,크게감
2022-07-21 17:00:00,2022-07-22 17:00:00,롱,10,깨고하락,조금감
2022-07-22 17:00:00,2022-07-23 21:00:00,숏,8,섞임,크게감
2022-07-23 21:00:00,2022-07-24 23:00:00,롱,19,깨고하락,조금감
2022-07-24 23:00:00,2022-07-25 16:00:00,숏,4,섞임,크게감
2022-07-25 16:00:00,2022-07-25 23:00:00,롱,10,깨고하락,깨고하락
2022-07-25 23:00:00,2022-07-26 11:00:00,숏,9,제자리,조금감
2022-07-26 11:00:00,2022-07-28 08:00:00,롱,22,깨고하락,깨고복귀
2022-07-28 08:00:00,2022-07-28 16:00:00,숏,10,깨고하락,깨고하락
2022-07-28 16:00:00,2022-07-29 00:00:00,롱,9,제자리,제자리
2022-07-29 00:00:00,2022-07-30 12:00:00,숏,26,크게감,깨고하락
2022-07-30 12:00:00,2022-07-30 20:00:00,롱,15,섞임,조금감
2022-07-30 20:00:00,2022-07-31 15:00:00,숏,23,깨고하락,조금감
2022-07-31 15:00:00,2022-07-31 22:00:00,롱,26,크게감,깨고하락
2022-07-31 22:00:00,2022-08-01 14:00:00,숏,15,제자리,조금감
2022-08-01 14:00:00,2022-08-01 17:00:00,롱,23,섞임,깨고하락
2022-08-01 17:00:00,2022-08-01 22:00:00,숏,9,섞임,제자리
2022-08-01 22:00:00,2022-08-02 03:00:00,롱,23,깨고하락,깨고하락
2022-08-02 03:00:00,2022-08-02 11:00:00,숏,15,섞임,조금감
2022-08-02 11:00:00,2022-08-02 12:00:00,롱,26,크게감,제자리
2022-08-02 12:00:00,2022-08-02 13:00:00,숏,18,크게감,제자리
2022-08-02 13:00:00,2022-08-03 01:00:00,롱,13,섞임,깨고복귀
2022-08-03 01:00:00,2022-08-03 06:00:00,숏,11,깨고하락,제자리
2022-08-03 06:00:00,2022-08-03 22:00:00,롱,18,크게감,크게감
2022-08-03 22:00:00,2022-08-05 01:00:00,숏,20,깨고하락,크게감
2022-08-05 01:00:00,2022-08-05 16:00:00,롱,10,깨고하락,조금감
2022-08-05 16:00:00,2022-08-05 22:00:00,숏,1,깨고하락,조금감
2022-08-05 22:00:00,2022-08-06 08:00:00,롱,9,크게감,제자리
2022-08-06 08:00:00,2022-08-07 11:00:00,숏,23,크게감,조금감
2022-08-07 11:00:00,2022-08-08 18:00:00,롱,10,깨고하락,크게감
2022-08-08 18:00:00,2022-08-10 06:00:00,숏,10,깨고하락,크게감
2022-08-10 06:00:00,2022-08-11 14:00:00,롱,1,깨고하락,크게감
2022-08-11 14:00:00,2022-08-12 16:00:00,숏,1,깨고하락,조금감
2022-08-12 16:00:00,2022-08-13 10:00:00,롱,4,깨고하락,조금감
2022-08-13 10:00:00,2022-08-14 06:00:00,숏,1,깨고하락,제자리
2022-08-14 06:00:00,2022-08-14 11:00:00,롱,8,제자리,조금감
2022-08-14 11:00:00,2022-08-15 01:00:00,숏,23,섞임,크게감
2022-08-15 01:00:00,2022-08-15 07:00:00,롱,14,섞임,깨고하락
2022-08-15 07:00:00,2022-08-16 00:00:00,숏,15,섞임,조금감
2022-08-16 00:00:00,2022-08-16 14:00:00,롱,26,크게감,깨고하락
2022-08-16 14:00:00,2022-08-16 19:00:00,숏,18,크게감,제자리
2022-08-16 19:00:00,2022-08-17 09:00:00,롱,23,크게감,깨고하락
2022-08-17 09:00:00,2022-08-18 01:00:00,숏,11,섞임,크게감
2022-08-18 01:00:00,2022-08-18 18:00:00,롱,13,깨고하락,제자리
2022-08-18 18:00:00,2022-08-18 20:00:00,숏,9,제자리,제자리
2022-08-18 20:00:00,2022-08-18 23:00:00,롱,27,크게감,깨고하락
2022-08-18 23:00:00,2022-08-19 20:00:00,숏,27,크게감,크게감
2022-08-19 20:00:00,2022-08-19 21:00:00,롱,19,깨고하락,깨고하락
2022-08-19 21:00:00,2022-08-20 01:00:00,숏,8,제자리,제자리
2022-08-20 01:00:00,2022-08-22 02:00:00,롱,19,깨고하락,깨고복귀
2022-08-22 02:00:00,2022-08-22 23:00:00,숏,10,깨고하락,크게감
2022-08-22 23:00:00,2022-08-23 05:00:00,롱,5,섞임,제자리
2022-08-23 05:00:00,2022-08-23 07:00:00,숏,6,제자리,제자리
2022-08-23 07:00:00,2022-08-24 00:00:00,롱,11,섞임,크게감
2022-08-24 00:00:00,2022-08-24 12:00:00,숏,10,깨고하락,조금감
2022-08-24 12:00:00,2022-08-24 23:00:00,롱,2,섞임,크게감
2022-08-24 23:00:00,2022-08-25 06:00:00,숏,14,섞임,제자리
2022-08-25 06:00:00,2022-08-25 15:00:00,롱,18,크게감,조금감
2022-08-25 15:00:00,2022-08-26 13:00:00,숏,23,섞임,깨고하락
2022-08-26 13:00:00,2022-08-26 14:00:00,롱,14,섞임,제자리
2022-08-26 14:00:00,2022-08-27 08:00:00,숏,18,크게감,크게감
2022-08-27 08:00:00,2022-08-28 23:00:00,롱,19,깨고하락,깨고하락
2022-08-28 23:00:00,2022-08-29 06:00:00,숏,9,제자리,제자리
2022-08-29 06:00:00,2022-08-30 12:00:00,롱,23,크게감,크게감
2022-08-30 12:00:00,2022-08-31 01:00:00,숏,10,깨고하락,크게감
2022-08-31 01:00:00,2022-08-31 14:00:00,롱,1,깨고하락,조금감
2022-08-31 14:00:00,2022-09-01 20:00:00,숏,5,섞임,크게감
2022-09-01 20:00:00,2022-09-02 17:00:00,롱,1,깨고하락,조금감
2022-09-02 17:00:00,2022-09-03 22:00:00,숏,2,섞임,제자리
2022-09-03 22:00:00,2022-09-04 07:00:00,롱,4,깨고하락,깨고하락
2022-09-04 07:00:00,2022-09-04 09:00:00,숏,9,제자리,제자리
2022-09-04 09:00:00,2022-09-05 05:00:00,롱,27,크게감,크게감
2022-09-05 05:00:00,2022-09-05 15:00:00,숏,20,섞임,조금감
2022-09-05 15:00:00,2022-09-05 19:00:00,롱,14,섞임,제자리
2022-09-05 19:00:00,2022-09-05 22:00:00,숏,18,크게감,제자리
2022-09-05 22:00:00,2022-09-06 05:00:00,롱,27,크게감,깨고하락
2022-09-06 05:00:00,2022-09-06 06:00:00,숏,20,섞임,제자리
2022-09-06 06:00:00,2022-09-06 13:00:00,롱,18,크게감,깨고하락
2022-09-06 13:00:00,2022-09-07 08:00:00,숏,20,깨고하락,크게감
2022-09-07 08:00:00,2022-09-08 12:00:00,롱,10,깨고하락,조금감
2022-09-08 12:00:00,2022-09-08 20:00:00,숏,4,제자리,제자리
2022-09-08 20:00:00,2022-09-09 21:00:00,롱,5,제자리,크게감
2022-09-09 21:00:00,2022-09-10 22:00:00,숏,19,깨고하락,깨고하락
2022-09-10 22:00:00,2022-09-11 00:00:00,롱,9,제자리,제자리
2022-09-11 00:00:00,2022-09-12 01:00:00,숏,26,크게감,깨고하락
2022-09-12 01:00:00,2022-09-12 22:00:00,롱,27,섞임,조금감
2022-09-12 22:00:00,2022-09-13 11:00:00,숏,10,깨고하락,깨고하락
2022-09-13 11:00:00,2022-09-13 12:00:00,롱,9,제자리,깨고하락
2022-09-13 12:00:00,2022-09-14 04:00:00,숏,27,크게감,크게감
2022-09-14 04:00:00,2022-09-15 14:00:00,롱,19,깨고하락,깨고하락
2022-09-15 14:00:00,2022-09-16 02:00:00,숏,9,제자리,제자리
2022-09-16 02:00:00,2022-09-16 16:00:00,롱,22,깨고하락,깨고하락
2022-09-16 16:00:00,2022-09-16 20:00:00,숏,9,제자리,조금감
2022-09-16 20:00:00,2022-09-18 01:00:00,롱,24,섞임,크게감
2022-09-18 01:00:00,2022-09-19 12:00:00,숏,10,깨고하락,크게감
2022-09-19 12:00:00,2022-09-20 08:00:00,롱,10,깨고하락,조금감
2022-09-20 08:00:00,2022-09-21 03:00:00,숏,4,제자리,조금감
2022-09-21 03:00:00,2022-09-21 21:00:00,롱,1,깨고하락,깨고하락
2022-09-21 21:00:00,2022-09-22 07:00:00,숏,18,제자리,제자리
2022-09-22 07:00:00,2022-09-23 07:00:00,롱,23,섞임,조금감
2022-09-23 07:00:00,2022-09-23 22:00:00,숏,13,깨고하락,조금감
2022-09-23 22:00:00,2022-09-24 10:00:00,롱,2,깨고하락,제자리
2022-09-24 10:00:00,2022-09-24 12:00:00,숏,14,섞임,제자리
2022-09-24 12:00:00,2022-09-24 21:00:00,롱,27,크게감,깨고하락
2022-09-24 21:00:00,2022-09-25 07:00:00,숏,24,섞임,조금감
2022-09-25 07:00:00,2022-09-25 14:00:00,롱,11,깨고하락,조금감
2022-09-25 14:00:00,2022-09-26 08:00:00,숏,6,크게감,깨고하락
2022-09-26 08:00:00,2022-09-27 15:00:00,롱,24,크게감,크게감
2022-09-27 15:00:00,2022-09-28 11:00:00,숏,10,깨고하락,크게감
2022-09-28 11:00:00,2022-09-29 06:00:00,롱,1,깨고하락,조금감
2022-09-29 06:00:00,2022-09-29 20:00:00,숏,4,섞임,조금감
2022-09-29 20:00:00,2022-09-30 05:00:00,롱,2,섞임,조금감
2022-09-30 05:00:00,2022-09-30 07:00:00,숏,17,섞임,제자리
2022-09-30 07:00:00,2022-09-30 11:00:00,롱,18,크게감,깨고하락
2022-09-30 11:00:00,2022-09-30 14:00:00,숏,20,깨고하락,깨고하락
2022-09-30 14:00:00,2022-09-30 20:00:00,롱,18,섞임,조금감
2022-09-30 20:00:00,2022-10-01 22:00:00,숏,20,섞임,조금감
2022-10-01 22:00:00,2022-10-02 10:00:00,롱,26,크게감,깨고하락
2022-10-02 10:00:00,2022-10-02 18:00:00,숏,18,제자리,제자리
2022-10-02 18:00:00,2022-10-02 23:00:00,롱,20,섞임,깨고하락
2022-10-02 23:00:00,2022-10-03 01:00:00,숏,18,크게감,조금감
2022-10-03 01:00:00,2022-10-03 04:00:00,롱,23,섞임,제자리
2022-10-03 04:00:00,2022-10-03 05:00:00,숏,14,섞임,깨고하락
2022-10-03 05:00:00,2022-10-05 01:00:00,롱,15,섞임,크게감
2022-10-05 01:00:00,2022-10-06 00:00:00,숏,10,깨고하락,조금감
2022-10-06 00:00:00,2022-10-06 07:00:00,롱,8,제자리,제자리
2022-10-06 07:00:00,2022-10-07 09:00:00,숏,14,섞임,크게감
2022-10-07 09:00:00,2022-10-07 12:00:00,롱,22,깨고하락,깨고하락
2022-10-07 12:00:00,2022-10-08 00:00:00,숏,18,제자리,조금감
2022-10-08 00:00:00,2022-10-08 21:00:00,롱,10,깨고하락,깨고하락
2022-10-08 21:00:00,2022-10-09 01:00:00,숏,9,제자리,제자리
2022-10-09 01:00:00,2022-10-09 23:00:00,롱,26,크게감,조금감
2022-10-09 23:00:00,2022-10-10 00:00:00,숏,14,섞임,제자리
2022-10-10 00:00:00,2022-10-10 05:00:00,롱,27,크게감,제자리
2022-10-10 05:00:00,2022-10-11 08:00:00,숏,24,크게감,크게감
2022-10-11 08:00:00,2022-10-13 02:00:00,롱,10,깨고하락,깨고하락
2022-10-13 02:00:00,2022-10-13 17:00:00,숏,8,제자리,크게감
2022-10-13 17:00:00,2022-10-14 10:00:00,롱,11,섞임,크게감
2022-10-14 10:00:00,2022-10-15 12:00:00,숏,13,섞임,조금감
2022-10-15 12:00:00,2022-10-17 03:00:00,롱,1,깨고하락,깨고복귀
2022-10-17 03:00:00,2022-10-17 04:00:00,숏,8,제자리,제자리
2022-10-17 04:00:00,2022-10-17 23:00:00,롱,17,제자리,크게감
2022-10-17 23:00:00,2022-10-18 00:00:00,숏,19,깨고하락,제자리
2022-10-18 00:00:00,2022-10-18 01:00:00,롱,9,제자리,제자리
2022-10-18 01:00:00,2022-10-18 07:00:00,숏,23,섞임,깨고하락
2022-10-18 07:00:00,2022-10-18 08:00:00,롱,6,섞임,제자리
2022-10-18 08:00:00,2022-10-19 15:00:00,숏,27,크게감,크게감
2022-10-19 15:00:00,2022-10-20 00:00:00,롱,10,깨고하락,깨고하락
2022-10-20 00:00:00,2022-10-20 04:00:00,숏,9,제자리,제자리
2022-10-20 04:00:00,2022-10-20 18:00:00,롱,23,섞임,조금감
2022-10-20 18:00:00,2022-10-21 15:00:00,숏,11,섞임,크게감
2022-10-21 15:00:00,2022-10-22 09:00:00,롱,14,섞임,제자리
2022-10-22 09:00:00,2022-10-22 11:00:00,숏,13,섞임,제자리
2022-10-22 11:00:00,2022-10-22 17:00:00,롱,8,제자리,조금감
2022-10-22 17:00:00,2022-10-22 21:00:00,숏,23,섞임,제자리
2022-10-22 21:00:00,2022-10-22 22:00:00,롱,14,섞임,제자리
2022-10-22 22:00:00,2022-10-23 17:00:00,숏,27,크게감,깨고하락
2022-10-23 17:00:00,2022-10-24 03:00:00,롱,27,섞임,크게감
2022-10-24 03:00:00,2022-10-25 13:00:00,숏,10,깨고하락,조금감
2022-10-25 13:00:00,2022-10-26 06:00:00,롱,5,섞임,크게감
2022-10-26 06:00:00,2022-10-26 08:00:00,숏,10,깨고하락,깨고하락
2022-10-26 08:00:00,2022-10-26 18:00:00,롱,9,제자리,조금감
2022-10-26 18:00:00,2022-10-28 13:00:00,숏,19,깨고하락,크게감
2022-10-28 13:00:00,2022-10-29 13:00:00,롱,1,깨고하락,크게감
2022-10-29 13:00:00,2022-10-29 15:00:00,숏,1,깨고하락,제자리
2022-10-29 15:00:00,2022-10-29 17:00:00,롱,9,제자리,제자리
2022-10-29 17:00:00,2022-10-31 09:00:00,숏,26,섞임,크게감
2022-10-31 09:00:00,2022-10-31 14:00:00,롱,10,깨고하락,깨고하락
2022-10-31 14:00:00,2022-10-31 23:00:00,숏,6,제자리,제자리
2022-10-31 23:00:00,2022-11-01 14:00:00,롱,27,크게감,조금감
2022-11-01 14:00:00,2022-11-01 23:00:00,숏,24,크게감,제자리
2022-11-01 23:00:00,2022-11-02 07:00:00,롱,27,크게감,조금감
2022-11-02 07:00:00,2022-11-02 08:00:00,숏,24,크게감,제자리
2022-11-02 08:00:00,2022-11-02 09:00:00,롱,23,섞임,제자리
2022-11-02 09:00:00,2022-11-02 16:00:00,숏,13,섞임,깨고하락
2022-11-02 16:00:00,2022-11-02 19:00:00,롱,5,섞임,깨고하락
2022-11-02 19:00:00,2022-11-03 04:00:00,숏,15,섞임,조금감
2022-11-03 04:00:00,2022-11-03 11:00:00,롱,14,깨고하락,깨고하락
2022-11-03 11:00:00,2022-11-03 15:00:00,숏,9,크게감,제자리
2022-11-03 15:00:00,2022-11-05 08:00:00,롱,23,크게감,크게감
2022-11-05 08:00:00,2022-11-07 17:00:00,숏,19,깨고하락,조금감
2022-11-07 17:00:00,2022-11-07 22:00:00,롱,4,제자리,깨고하락
2022-11-07 22:00:00,2022-11-08 16:00:00,숏,9,제자리,크게감
2022-11-08 16:00:00,2022-11-08 18:00:00,롱,19,깨고하락,깨고하락
2022-11-08 18:00:00,2022-11-09 05:00:00,숏,6,제자리,크게감
2022-11-09 05:00:00,2022-11-09 10:00:00,롱,22,섞임,제자리
2022-11-09 10:00:00,2022-11-10 03:00:00,숏,9,제자리,크게감
2022-11-10 03:00:00,2022-11-11 03:00:00,롱,19,깨고하락,크게감
2022-11-11 03:00:00,2022-11-12 03:00:00,숏,1,깨고하락,조금감
2022-11-12 03:00:00,2022-11-12 04:00:00,롱,8,제자리,제자리
2022-11-12 04:00:00,2022-11-12 08:00:00,숏,17,제자리,제자리
2022-11-12 08:00:00,2022-11-13 06:00:00,롱,19,깨고하락,크게감
2022-11-13 06:00:00,2022-11-14 07:00:00,숏,15,섞임,크게감
2022-11-14 07:00:00,2022-11-14 19:00:00,롱,11,깨고하락,조금감
2022-11-14 19:00:00,2022-11-15 01:00:00,숏,15,크게감,제자리
2022-11-15 01:00:00,2022-11-15 18:00:00,롱,14,섞임,조금감
2022-11-15 18:00:00,2022-11-16 23:00:00,숏,13,깨고하락,조금감
2022-11-16 23:00:00,2022-11-18 08:00:00,롱,1,깨고하락,조금감
2022-11-18 08:00:00,2022-11-19 11:00:00,숏,5,섞임,조금감
2022-11-19 11:00:00,2022-11-20 08:00:00,롱,17,섞임,깨고하락
2022-11-20 08:00:00,2022-11-21 12:00:00,숏,14,제자리,크게감
2022-11-21 12:00:00,2022-11-21 19:00:00,롱,10,깨고하락,깨고하락
2022-11-21 19:00:00,2022-11-22 02:00:00,숏,9,제자리,깨고하락
2022-11-22 02:00:00,2022-11-23 13:00:00,롱,23,섞임,크게감
2022-11-23 13:00:00,2022-11-24 01:00:00,숏,10,깨고하락,깨고하락
2022-11-24 01:00:00,2022-11-24 07:00:00,롱,9,제자리,제자리
2022-11-24 07:00:00,2022-11-25 12:00:00,숏,23,섞임,크게감
2022-11-25 12:00:00,2022-11-26 11:00:00,롱,10,깨고하락,조금감
2022-11-26 11:00:00,2022-11-27 04:00:00,숏,5,섞임,크게감
2022-11-27 04:00:00,2022-11-27 23:00:00,롱,11,섞임,제자리
2022-11-27 23:00:00,2022-11-28 14:00:00,숏,18,섞임,크게감
2022-11-28 14:00:00,2022-11-28 15:00:00,롱,10,깨고하락,제자리
2022-11-28 15:00:00,2022-11-28 16:00:00,숏,8,제자리,깨고하락
2022-11-28 16:00:00,2022-11-29 15:00:00,롱,18,섞임,크게감
2022-11-29 15:00:00,2022-11-29 22:00:00,숏,10,깨고하락,제자리
2022-11-29 22:00:00,2022-11-29 23:00:00,롱,9,제자리,제자리
2022-11-29 23:00:00,2022-11-30 00:00:00,숏,26,크게감,깨고하락
2022-11-30 00:00:00,2022-11-30 12:00:00,롱,18,제자리,크게감
2022-11-30 12:00:00,2022-11-30 20:00:00,숏,10,깨고하락,깨고하락
2022-11-30 20:00:00,2022-12-01 04:00:00,롱,9,제자리,조금감
2022-12-01 04:00:00,2022-12-02 10:00:00,숏,26,크게감,깨고복귀
2022-12-02 10:00:00,2022-12-02 14:00:00,롱,13,깨고하락,깨고하락
2022-12-02 14:00:00,2022-12-02 19:00:00,숏,17,제자리,제자리
2022-12-02 19:00:00,2022-12-03 06:00:00,롱,27,크게감,크게감
2022-12-03 06:00:00,2022-12-04 02:00:00,숏,20,섞임,조금감
2022-12-04 02:00:00,2022-12-04 12:00:00,롱,14,섞임,조금감
2022-12-04 12:00:00,2022-12-04 15:00:00,숏,14,섞임,제자리
2022-12-04 15:00:00,2022-12-05 12:00:00,롱,27,크게감,크게감
2022-12-05 12:00:00,2022-12-06 08:00:00,숏,19,깨고하락,크게감
2022-12-06 08:00:00,2022-12-06 10:00:00,롱,1,깨고하락,제자리
2022-12-06 10:00:00,2022-12-06 11:00:00,숏,8,제자리,제자리
2022-12-06 11:00:00,2022-12-07 07:00:00,롱,26,크게감,깨고하락
2022-12-07 07:00:00,2022-12-07 21:00:00,숏,24,섞임,조금감
2022-12-07 21:00:00,2022-12-09 07:00:00,롱,22,섞임,크게감
2022-12-09 07:00:00,2022-12-10 15:00:00,숏,10,깨고하락,깨고복귀
2022-12-10 15:00:00,2022-12-10 20:00:00,롱,8,제자리,제자리
2022-12-10 20:00:00,2022-12-11 05:00:00,숏,17,섞임,조금감
2022-12-11 05:00:00,2022-12-11 13:00:00,롱,14,섞임,제자리
2022-12-11 13:00:00,2022-12-11 18:00:00,숏,17,크게감,깨고하락
2022-12-11 18:00:00,2022-12-11 20:00:00,롱,15,섞임,깨고하락
2022-12-11 20:00:00,2022-12-12 11:00:00,숏,24,크게감,크게감
2022-12-12 11:00:00,2022-12-14 01:00:00,롱,19,깨고하락,크게감
2022-12-14 01:00:00,2022-12-14 15:00:00,숏,10,깨고하락,깨고하락
2022-12-14 15:00:00,2022-12-14 19:00:00,롱,9,제자리,깨고하락
2022-12-14 19:00:00,2022-12-16 02:00:00,숏,27,크게감,크게감
2022-12-16 02:00:00,2022-12-16 09:00:00,롱,10,깨고하락,깨고하락
2022-12-16 09:00:00,2022-12-17 04:00:00,숏,9,제자리,조금감
2022-12-17 04:00:00,2022-12-19 04:00:00,롱,19,깨고하락,조금감
2022-12-19 04:00:00,2022-12-19 08:00:00,숏,8,제자리,제자리
2022-12-19 08:00:00,2022-12-19 13:00:00,롱,18,크게감,제자리
2022-12-19 13:00:00,2022-12-20 02:00:00,숏,23,크게감,깨고하락
2022-12-20 02:00:00,2022-12-21 00:00:00,롱,14,섞임,조금감
2022-12-21 00:00:00,2022-12-22 02:00:00,숏,13,섞임,제자리
2022-12-22 02:00:00,2022-12-22 13:00:00,롱,8,제자리,제자리
2022-12-22 13:00:00,2022-12-22 21:00:00,숏,9,제자리,크게감
2022-12-22 21:00:00,2022-12-23 14:00:00,롱,11,깨고하락,크게감
2022-12-23 14:00:00,2022-12-24 15:00:00,숏,17,크게감,제자리
2022-12-24 15:00:00,2022-12-24 21:00:00,롱,17,섞임,제자리
2022-12-24 21:00:00,2022-12-25 01:00:00,숏,26,크게감,제자리
2022-12-25 01:00:00,2022-12-25 02:00:00,롱,14,섞임,제자리
2022-12-25 02:00:00,2022-12-25 23:00:00,숏,27,크게감,깨고하락
2022-12-25 23:00:00,2022-12-26 13:00:00,롱,11,깨고하락,크게감
2022-12-26 13:00:00,2022-12-26 23:00:00,숏,14,섞임,깨고하락
2022-12-26 23:00:00,2022-12-27 08:00:00,롱,18,섞임,조금감
2022-12-27 08:00:00,2022-12-28 09:00:00,숏,11,섞임,크게감
2022-12-28 09:00:00,2022-12-28 21:00:00,롱,10,깨고하락,깨고하락
2022-12-28 21:00:00,2022-12-29 04:00:00,숏,6,제자리,제자리
2022-12-29 04:00:00,2022-12-30 05:00:00,롱,26,크게감,조금감
2022-12-30 05:00:00,2022-12-30 16:00:00,숏,14,섞임,크게감
2022-12-30 16:00:00,2022-12-31 09:00:00,롱,10,깨고하락,크게감
2022-12-31 09:00:00,2022-12-31 10:00:00,숏,17,크게감,제자리
2022-12-31 10:00:00,2022-12-31 20:00:00,롱,26,제자리,조금감
2022-12-31 20:00:00,2023-01-01 11:00:00,숏,19,깨고하락,크게감
2023-01-01 11:00:00,2023-01-02 17:00:00,롱,17,섞임,크게감
2023-01-02 17:00:00,2023-01-02 21:00:00,숏,10,깨고하락,깨고하락
2023-01-02 21:00:00,2023-01-02 22:00:00,롱,9,제자리,깨고하락
2023-01-02 22:00:00,2023-01-04 01:00:00,숏,27,크게감,크게감
2023-01-04 01:00:00,2023-01-04 16:00:00,롱,10,깨고하락,크게감
2023-01-04 16:00:00,2023-01-04 17:00:00,숏,10,깨고하락,깨고하락
2023-01-04 17:00:00,2023-01-04 20:00:00,롱,8,제자리,깨고하락
2023-01-04 20:00:00,2023-01-05 19:00:00,숏,27,섞임,조금감
2023-01-05 19:00:00,2023-01-06 01:00:00,롱,26,크게감,제자리
2023-01-06 01:00:00,2023-01-06 16:00:00,숏,26,크게감,크게감
2023-01-06 16:00:00,2023-01-07 08:00:00,롱,14,깨고하락,크게감
2023-01-07 08:00:00,2023-01-08 15:00:00,숏,13,섞임,제자리
2023-01-08 15:00:00,2023-01-08 17:00:00,롱,9,제자리,제자리
2023-01-08 17:00:00,2023-01-08 21:00:00,숏,24,크게감,제자리
2023-01-08 21:00:00,2023-01-09 20:00:00,롱,27,크게감,크게감
2023-01-09 20:00:00,2023-01-10 15:00:00,숏,19,깨고하락,제자리
2023-01-10 15:00:00,2023-01-11 04:00:00,롱,8,제자리,조금감
2023-01-11 04:00:00,2023-01-11 19:00:00,숏,22,깨고하락,깨고하락
2023-01-11 19:00:00,2023-01-12 14:00:00,롱,9,제자리,크게감
2023-01-12 14:00:00,2023-01-12 17:00:00,숏,19,깨고하락,깨고하락
2023-01-12 17:00:00,2023-01-13 03:00:00,롱,9,제자리,조금감
2023-01-13 03:00:00,2023-01-13 17:00:00,숏,10,깨고하락,깨고하락
2023-01-13 17:00:00,2023-01-14 10:00:00,롱,9,제자리,크게감
2023-01-14 10:00:00,2023-01-16 01:00:00,숏,19,깨고하락,제자리
2023-01-16 01:00:00,2023-01-16 08:00:00,롱,9,제자리,제자리
2023-01-16 08:00:00,2023-01-16 18:00:00,숏,24,크게감,제자리
2023-01-16 18:00:00,2023-01-17 01:00:00,롱,15,섞임,조금감
2023-01-17 01:00:00,2023-01-17 12:00:00,숏,14,크게감,제자리
2023-01-17 12:00:00,2023-01-17 16:00:00,롱,18,크게감,크게감
2023-01-17 16:00:00,2023-01-17 18:00:00,숏,23,크게감,제자리
2023-01-17 18:00:00,2023-01-17 22:00:00,롱,27,크게감,제자리
2023-01-17 22:00:00,2023-01-18 13:00:00,숏,23,섞임,깨고하락
2023-01-18 13:00:00,2023-01-18 15:00:00,롱,18,섞임,깨고하락
2023-01-18 15:00:00,2023-01-19 06:00:00,숏,18,섞임,크게감
2023-01-19 06:00:00,2023-01-20 06:00:00,롱,10,깨고하락,조금감
2023-01-20 06:00:00,2023-01-20 13:00:00,숏,8,제자리,제자리
2023-01-20 13:00:00,2023-01-21 13:00:00,롱,17,제자리,크게감
2023-01-21 13:00:00,2023-01-23 09:00:00,숏,19,깨고하락,깨고복귀
2023-01-23 09:00:00,2023-01-24 09:00:00,롱,8,제자리,제자리
2023-01-24 09:00:00,2023-01-24 20:00:00,숏,14,섞임,제자리
2023-01-24 20:00:00,2023-01-24 21:00:00,롱,5,제자리,제자리
2023-01-24 21:00:00,2023-01-25 12:00:00,숏,27,크게감,크게감
2023-01-25 12:00:00,2023-01-25 14:00:00,롱,19,깨고하락,제자리
2023-01-25 14:00:00,2023-01-25 16:00:00,숏,9,제자리,제자리
2023-01-25 16:00:00,2023-01-26 08:00:00,롱,23,크게감,크게감
2023-01-26 08:00:00,2023-01-27 07:00:00,숏,19,깨고하락,조금감
2023-01-27 07:00:00,2023-01-27 13:00:00,롱,17,제자리,제자리
2023-01-27 13:00:00,2023-01-27 14:00:00,숏,17,크게감,제자리
2023-01-27 14:00:00,2023-01-28 04:00:00,롱,27,크게감,크게감
2023-01-28 04:00:00,2023-01-28 19:00:00,숏,10,깨고하락,조금감
2023-01-28 19:00:00,2023-01-28 20:00:00,롱,8,섞임,제자리
2023-01-28 20:00:00,2023-01-28 23:00:00,숏,8,섞임,제자리
2023-01-28 23:00:00,2023-01-30 01:00:00,롱,2,깨고하락,크게감
2023-01-30 01:00:00,2023-01-31 06:00:00,숏,10,깨고하락,크게감
2023-01-31 06:00:00,2023-02-01 07:00:00,롱,1,깨고하락,조금감
2023-02-01 07:00:00,2023-02-01 19:00:00,숏,4,제자리,깨고하락
2023-02-01 19:00:00,2023-02-02 08:00:00,롱,9,제자리,크게감
2023-02-02 08:00:00,2023-02-03 15:00:00,숏,19,깨고하락,조금감
2023-02-03 15:00:00,2023-02-03 19:00:00,롱,5,섞임,제자리
2023-02-03 19:00:00,2023-02-04 02:00:00,숏,18,제자리,제자리
2023-02-04 02:00:00,2023-02-04 03:00:00,롱,26,크게감,제자리
2023-02-04 03:00:00,2023-02-04 09:00:00,숏,17,제자리,조금감
2023-02-04 09:00:00,2023-02-04 23:00:00,롱,10,깨고하락,크게감
2023-02-04 23:00:00,2023-02-05 06:00:00,숏,11,깨고하락,조금감
2023-02-05 06:00:00,2023-02-05 12:00:00,롱,14,섞임,깨고하락
2023-02-05 12:00:00,2023-02-06 08:00:00,숏,18,크게감,크게감
2023-02-06 08:00:00,2023-02-07 00:00:00,롱,19,깨고하락,조금감
2023-02-07 00:00:00,2023-02-07 04:00:00,숏,5,제자리,제자리
2023-02-07 04:00:00,2023-02-08 07:00:00,롱,27,크게감,크게감
2023-02-08 07:00:00,2023-02-09 12:00:00,숏,19,깨고하락,크게감
2023-02-09 12:00:00,2023-02-09 16:00:00,롱,10,깨고하락,제자리
2023-02-09 16:00:00,2023-02-10 07:00:00,숏,9,제자리,크게감
2023-02-10 07:00:00,2023-02-12 21:00:00,롱,19,깨고하락,깨고하락
2023-02-12 21:00:00,2023-02-13 20:00:00,숏,8,제자리,조금감
2023-02-13 20:00:00,2023-02-15 02:00:00,롱,10,깨고하락,크게감
2023-02-15 02:00:00,2023-02-15 11:00:00,숏,1,깨고하락,깨고하락
2023-02-15 11:00:00,2023-02-16 09:00:00,롱,9,제자리,크게감
2023-02-16 09:00:00,2023-02-17 15:00:00,숏,19,깨고하락,깨고복귀
2023-02-17 15:00:00,2023-02-18 08:00:00,롱,5,제자리,조금감
2023-02-18 08:00:00,2023-02-19 15:00:00,숏,1,깨고하락,깨고하락
2023-02-19 15:00:00,2023-02-19 17:00:00,롱,9,제자리,깨고하락
2023-02-19 17:00:00,2023-02-20 06:00:00,숏,24,크게감,크게감
2023-02-20 06:00:00,2023-02-20 21:00:00,롱,10,섞임,조금감
2023-02-20 21:00:00,2023-02-21 03:00:00,숏,13,섞임,제자리
2023-02-21 03:00:00,2023-02-21 04:00:00,롱,9,제자리,제자리
2023-02-21 04:00:00,2023-02-21 05:00:00,숏,26,크게감,제자리
2023-02-21 05:00:00,2023-02-21 08:00:00,롱,5,섞임,깨고하락
2023-02-21 08:00:00,2023-02-22 11:00:00,숏,18,섞임,크게감
2023-02-22 11:00:00,2023-02-22 15:00:00,롱,10,깨고하락,깨고하락
2023-02-22 15:00:00,2023-02-22 22:00:00,숏,9,제자리,제자리
2023-02-22 22:00:00,2023-02-23 11:00:00,롱,24,크게감,크게감
2023-02-23 11:00:00,2023-02-24 01:00:00,숏,11,깨고하락,제자리
2023-02-24 01:00:00,2023-02-24 13:00:00,롱,4,깨고하락,제자리
2023-02-24 13:00:00,2023-02-25 04:00:00,숏,9,섞임,크게감
2023-02-25 04:00:00,2023-02-27 05:00:00,롱,19,깨고하락,깨고복귀
2023-02-27 05:00:00,2023-02-27 14:00:00,숏,4,섞임,깨고하락
2023-02-27 14:00:00,2023-02-27 16:00:00,롱,9,제자리,깨고하락
2023-02-27 16:00:00,2023-02-28 12:00:00,숏,27,크게감,조금감
2023-02-28 12:00:00,2023-02-28 20:00:00,롱,23,크게감,제자리
2023-02-28 20:00:00,2023-03-01 03:00:00,숏,6,섞임,조금감
2023-03-01 03:00:00,2023-03-01 17:00:00,롱,27,크게감,크게감
2023-03-01 17:00:00,2023-03-02 19:00:00,숏,19,깨고하락,크게감
2023-03-02 19:00:00,2023-03-03 01:00:00,롱,4,깨고하락,깨고하락
2023-03-03 01:00:00,2023-03-03 14:00:00,숏,18,제자리,제자리
2023-03-03 14:00:00,2023-03-06 01:00:00,롱,19,깨고하락,제자리
2023-03-06 01:00:00,2023-03-06 13:00:00,숏,8,제자리,제자리
2023-03-06 13:00:00,2023-03-06 20:00:00,롱,26,섞임,조금감
2023-03-06 20:00:00,2023-03-07 02:00:00,숏,14,섞임,제자리
2023-03-07 02:00:00,2023-03-07 07:00:00,롱,18,크게감,제자리
2023-03-07 07:00:00,2023-03-08 11:00:00,숏,27,크게감,크게감
2023-03-08 11:00:00,2023-03-08 22:00:00,롱,19,깨고하락,깨고하락
2023-03-08 22:00:00,2023-03-09 13:00:00,숏,9,제자리,조금감
2023-03-09 13:00:00,2023-03-09 16:00:00,롱,22,깨고하락,깨고하락
2023-03-09 16:00:00,2023-03-10 11:00:00,숏,6,제자리,크게감
2023-03-10 11:00:00,2023-03-11 12:00:00,롱,10,깨고하락,조금감
2023-03-11 12:00:00,2023-03-11 14:00:00,숏,4,제자리,제자리
2023-03-11 14:00:00,2023-03-12 13:00:00,롱,8,제자리,깨고복귀
2023-03-12 13:00:00,2023-03-12 17:00:00,숏,10,깨고하락,깨고하락
2023-03-12 17:00:00,2023-03-13 09:00:00,롱,9,제자리,크게감
2023-03-13 09:00:00,2023-03-13 14:00:00,숏,19,깨고하락,깨고하락
2023-03-13 14:00:00,2023-03-14 02:00:00,롱,9,제자리,조금감
2023-03-14 02:00:00,2023-03-14 12:00:00,숏,19,깨고하락,깨고하락
2023-03-14 12:00:00,2023-03-14 18:00:00,롱,9,제자리,제자리
2023-03-14 18:00:00,2023-03-16 06:00:00,숏,20,깨고하락,조금감
2023-03-16 06:00:00,2023-03-17 17:00:00,롱,1,깨고하락,크게감
2023-03-17 17:00:00,2023-03-17 19:00:00,숏,1,깨고하락,제자리
2023-03-17 19:00:00,2023-03-17 20:00:00,롱,9,제자리,제자리
2023-03-17 20:00:00,2023-03-17 21:00:00,숏,25,크게감,깨고하락
2023-03-17 21:00:00,2023-03-18 04:00:00,롱,18,제자리,크게감
2023-03-18 04:00:00,2023-03-19 13:00:00,숏,19,깨고하락,크게감
2023-03-19 13:00:00,2023-03-20 02:00:00,롱,5,제자리,크게감
2023-03-20 02:00:00,2023-03-20 08:00:00,숏,14,깨고하락,깨고하락
2023-03-20 08:00:00,2023-03-20 14:00:00,롱,6,크게감,제자리
2023-03-20 14:00:00,2023-03-21 11:00:00,숏,26,크게감,크게감
2023-03-21 11:00:00,2023-03-21 22:00:00,롱,24,크게감,조금감
2023-03-21 22:00:00,2023-03-21 23:00:00,숏,17,크게감,제자리
2023-03-21 23:00:00,2023-03-22 00:00:00,롱,26,크게감,제자리
2023-03-22 00:00:00,2023-03-22 04:00:00,숏,23,섞임,깨고하락
2023-03-22 04:00:00,2023-03-22 08:00:00,롱,15,섞임,조금감
2023-03-22 08:00:00,2023-03-22 13:00:00,숏,27,크게감,깨고하락
2023-03-22 13:00:00,2023-03-22 19:00:00,롱,27,크게감,깨고하락
2023-03-22 19:00:00,2023-03-23 06:00:00,숏,27,크게감,제자리
2023-03-23 06:00:00,2023-03-24 04:00:00,롱,22,깨고하락,조금감
2023-03-24 04:00:00,2023-03-25 09:00:00,숏,22,섞임,크게감
2023-03-25 09:00:00,2023-03-25 19:00:00,롱,1,깨고하락,제자리
2023-03-25 19:00:00,2023-03-25 22:00:00,숏,9,제자리,제자리
2023-03-25 22:00:00,2023-03-27 02:00:00,롱,17,섞임,크게감
2023-03-27 02:00:00,2023-03-28 05:00:00,숏,19,깨고하락,크게감
2023-03-28 05:00:00,2023-03-29 18:00:00,롱,10,깨고하락,크게감
2023-03-29 18:00:00,2023-03-31 13:00:00,숏,1,깨고하락,깨고하락
2023-03-31 13:00:00,2023-04-01 07:00:00,롱,8,제자리,제자리
2023-04-01 07:00:00,2023-04-01 22:00:00,숏,13,섞임,제자리
2023-04-01 22:00:00,2023-04-02 00:00:00,롱,8,섞임,제자리
2023-04-02 00:00:00,2023-04-02 06:00:00,숏,27,크게감,제자리
2023-04-02 06:00:00,2023-04-02 07:00:00,롱,26,크게감,제자리
2023-04-02 07:00:00,2023-04-03 08:00:00,숏,27,크게감,크게감
2023-04-03 08:00:00,2023-04-03 20:00:00,롱,11,깨고하락,깨고하락
2023-04-03 20:00:00,2023-04-04 05:00:00,숏,6,섞임,조금감
2023-04-04 05:00:00,2023-04-05 11:00:00,롱,14,섞임,크게감
2023-04-05 11:00:00,2023-04-06 15:00:00,숏,13,깨고하락,크게감
2023-04-06 15:00:00,2023-04-07 07:00:00,롱,1,깨고하락,제자리
2023-04-07 07:00:00,2023-04-07 15:00:00,숏,8,제자리,제자리
2023-04-07 15:00:00,2023-04-08 16:00:00,롱,26,크게감,크게감
2023-04-08 16:00:00,2023-04-09 01:00:00,숏,10,섞임,조금감
2023-04-09 01:00:00,2023-04-09 06:00:00,롱,15,섞임,깨고하락
2023-04-09 06:00:00,2023-04-09 18:00:00,숏,27,크게감,조금감
2023-04-09 18:00:00,2023-04-10 09:00:00,롱,23,섞임,크게감
2023-04-10 09:00:00,2023-04-10 16:00:00,숏,10,깨고하락,깨고하락
2023-04-10 16:00:00,2023-04-11 10:00:00,롱,18,제자리,크게감
2023-04-11 10:00:00,2023-04-13 02:00:00,숏,19,깨고하락,깨고복귀
2023-04-13 02:00:00,2023-04-13 21:00:00,롱,8,제자리,조금감
2023-04-13 21:00:00,2023-04-14 00:00:00,숏,22,섞임,깨고하락
2023-04-14 00:00:00,2023-04-14 12:00:00,롱,18,제자리,조금감
2023-04-14 12:00:00,2023-04-15 09:00:00,숏,19,깨고하락,크게감
2023-04-15 09:00:00,2023-04-15 14:00:00,롱,1,깨고하락,제자리
2023-04-15 14:00:00,2023-04-16 05:00:00,숏,8,제자리,조금감
2023-04-16 05:00:00,2023-04-16 12:00:00,롱,23,크게감,조금감
2023-04-16 12:00:00,2023-04-16 14:00:00,숏,17,섞임,조금감
2023-04-16 14:00:00,2023-04-17 00:00:00,롱,27,크게감,깨고하락
2023-04-17 00:00:00,2023-04-17 22:00:00,숏,27,섞임,크게감
2023-04-17 22:00:00,2023-04-19 02:00:00,롱,10,깨고하락,깨고복귀
2023-04-19 02:00:00,2023-04-20 06:00:00,숏,1,깨고하락,크게감
2023-04-20 06:00:00,2023-04-20 16:00:00,롱,1,깨고하락,깨고하락
2023-04-20 16:00:00,2023-04-21 01:00:00,숏,9,제자리,조금감
2023-04-21 01:00:00,2023-04-21 19:00:00,롱,22,크게감,깨고하락
2023-04-21 19:00:00,2023-04-22 05:00:00,숏,18,제자리,제자리
2023-04-22 05:00:00,2023-04-23 14:00:00,롱,22,깨고하락,조금감
2023-04-23 14:00:00,2023-04-23 23:00:00,숏,1,깨고하락,조금감
2023-04-23 23:00:00,2023-04-24 07:00:00,롱,5,제자리,크게감
2023-04-24 07:00:00,2023-04-24 21:00:00,숏,15,섞임,크게감
2023-04-24 21:00:00,2023-04-25 07:00:00,롱,23,섞임,제자리
2023-04-25 07:00:00,2023-04-25 08:00:00,숏,18,크게감,제자리
2023-04-25 08:00:00,2023-04-25 09:00:00,롱,24,크게감,제자리
2023-04-25 09:00:00,2023-04-25 11:00:00,숏,4,섞임,제자리
2023-04-25 11:00:00,2023-04-25 14:00:00,롱,4,제자리,깨고하락
2023-04-25 14:00:00,2023-04-25 15:00:00,숏,14,섞임,제자리
2023-04-25 15:00:00,2023-04-26 19:00:00,롱,17,크게감,크게감
2023-04-26 19:00:00,2023-04-27 17:00:00,숏,10,깨고하락,조금감
2023-04-27 17:00:00,2023-04-28 02:00:00,롱,1,제자리,조금감
2023-04-28 02:00:00,2023-04-28 22:00:00,숏,17,섞임,제자리
2023-04-28 22:00:00,2023-04-29 00:00:00,롱,4,섞임,제자리
2023-04-29 00:00:00,2023-04-29 02:00:00,숏,17,섞임,제자리
2023-04-29 02:00:00,2023-04-29 09:00:00,롱,24,크게감,조금감
2023-04-29 09:00:00,2023-04-30 05:00:00,숏,14,섞임,크게감
2023-04-30 05:00:00,2023-04-30 22:00:00,롱,14,섞임,크게감
2023-04-30 22:00:00,2023-05-02 01:00:00,숏,10,섞임,크게감
2023-05-02 01:00:00,2023-05-03 05:00:00,롱,10,깨고하락,조금감
2023-05-03 05:00:00,2023-05-03 07:00:00,숏,4,섞임,제자리
2023-05-03 07:00:00,2023-05-03 10:00:00,롱,8,제자리,제자리
2023-05-03 10:00:00,2023-05-03 21:00:00,숏,26,크게감,깨고하락
2023-05-03 21:00:00,2023-05-04 12:00:00,롱,15,섞임,조금감
2023-05-04 12:00:00,2023-05-05 01:00:00,숏,10,깨고하락,조금감
2023-05-05 01:00:00,2023-05-05 09:00:00,롱,6,섞임,조금감
2023-05-05 09:00:00,2023-05-05 14:00:00,숏,13,섞임,조금감
2023-05-05 14:00:00,2023-05-06 03:00:00,롱,18,크게감,크게감
2023-05-06 03:00:00,2023-05-07 00:00:00,숏,19,깨고하락,크게감
2023-05-07 00:00:00,2023-05-07 22:00:00,롱,10,깨고하락,제자리
2023-05-07 22:00:00,2023-05-08 16:00:00,숏,8,제자리,크게감
2023-05-08 16:00:00,2023-05-08 17:00:00,롱,19,깨고하락,깨고하락
2023-05-08 17:00:00,2023-05-08 22:00:00,숏,9,제자리,제자리
2023-05-08 22:00:00,2023-05-10 09:00:00,롱,19,깨고하락,조금감
2023-05-10 09:00:00,2023-05-10 11:00:00,숏,5,섞임,제자리
2023-05-10 11:00:00,2023-05-10 18:00:00,롱,18,크게감,깨고하락
2023-05-10 18:00:00,2023-05-12 13:00:00,숏,23,섞임,크게감
2023-05-12 13:00:00,2023-05-13 18:00:00,롱,19,깨고하락,깨고복귀
2023-05-13 18:00:00,2023-05-13 19:00:00,숏,7,제자리,제자리
2023-05-13 19:00:00,2023-05-13 23:00:00,롱,8,제자리,깨고하락
2023-05-13 23:00:00,2023-05-14 13:00:00,숏,11,깨고하락,크게감
2023-05-14 13:00:00,2023-05-14 21:00:00,롱,14,섞임,크게감
2023-05-14 21:00:00,2023-05-15 01:00:00,숏,14,섞임,깨고하락
2023-05-15 01:00:00,2023-05-15 15:00:00,롱,18,섞임,크게감
2023-05-15 15:00:00,2023-05-15 16:00:00,숏,10,깨고하락,깨고하락
2023-05-15 16:00:00,2023-05-15 18:00:00,롱,8,제자리,조금감
2023-05-15 18:00:00,2023-05-16 23:00:00,숏,11,섞임,크게감
2023-05-16 23:00:00,2023-05-17 07:00:00,롱,10,깨고하락,깨고하락
2023-05-17 07:00:00,2023-05-17 17:00:00,숏,9,제자리,조금감
2023-05-17 17:00:00,2023-05-18 12:00:00,롱,14,섞임,크게감
2023-05-18 12:00:00,2023-05-19 05:00:00,숏,13,깨고하락,크게감
2023-05-19 05:00:00,2023-05-21 07:00:00,롱,1,깨고하락,조금감
2023-05-21 07:00:00,2023-05-22 06:00:00,숏,4,제자리,조금감
2023-05-22 06:00:00,2023-05-23 15:00:00,롱,10,깨고하락,크게감
2023-05-23 15:00:00,2023-05-24 23:00:00,숏,1,깨고하락,크게감
2023-05-24 23:00:00,2023-05-25 01:00:00,롱,1,깨고하락,깨고하락
2023-05-25 01:00:00,2023-05-25 03:00:00,숏,9,제자리,제자리
2023-05-25 03:00:00,2023-05-27 00:00:00,롱,23,섞임,크게감
2023-05-27 00:00:00,2023-05-27 22:00:00,숏,10,깨고하락,제자리
2023-05-27 22:00:00,2023-05-28 12:00:00,롱,8,제자리,크게감
2023-05-28 12:00:00,2023-05-28 17:00:00,숏,19,깨고하락,깨고하락
2023-05-28 17:00:00,2023-05-29 07:00:00,롱,9,제자리,크게감
2023-05-29 07:00:00,2023-05-30 09:00:00,숏,19,깨고하락,조금감
2023-05-30 09:00:00,2023-05-30 14:00:00,롱,5,제자리,제자리
2023-05-30 14:00:00,2023-05-31 19:00:00,숏,6,섞임,크게감
2023-05-31 19:00:00,2023-06-01 03:00:00,롱,10,깨고하락,깨고하락
2023-06-01 03:00:00,2023-06-01 08:00:00,숏,9,제자리,제자리
2023-06-01 08:00:00,2023-06-02 14:00:00,롱,27,크게감,깨고복귀
2023-06-02 14:00:00,2023-06-02 15:00:00,숏,22,섞임,제자리
2023-06-02 15:00:00,2023-06-03 02:00:00,롱,18,크게감,조금감
2023-06-03 02:00:00,2023-06-03 15:00:00,숏,19,깨고하락,깨고하락
2023-06-03 15:00:00,2023-06-03 17:00:00,롱,18,제자리,제자리
2023-06-03 17:00:00,2023-06-04 07:00:00,숏,20,섞임,크게감
2023-06-04 07:00:00,2023-06-04 23:00:00,롱,10,깨고하락,크게감
2023-06-04 23:00:00,2023-06-06 03:00:00,숏,14,섞임,크게감
2023-06-06 03:00:00,2023-06-07 06:00:00,롱,10,깨고하락,깨고복귀
2023-06-07 06:00:00,2023-06-08 06:00:00,숏,1,깨고하락,조금감
2023-06-08 06:00:00,2023-06-09 00:00:00,롱,4,제자리,제자리
2023-06-09 00:00:00,2023-06-09 08:00:00,숏,5,제자리,조금감
2023-06-09 08:00:00,2023-06-09 15:00:00,롱,18,제자리,조금감
2023-06-09 15:00:00,2023-06-10 17:00:00,숏,14,섞임,크게감
2023-06-10 17:00:00,2023-06-12 02:00:00,롱,10,깨고하락,깨고하락
2023-06-12 02:00:00,2023-06-12 09:00:00,숏,5,제자리,제자리
2023-06-12 09:00:00,2023-06-12 13:00:00,롱,8,제자리,제자리
2023-06-12 13:00:00,2023-06-12 21:00:00,숏,18,크게감,조금감
2023-06-12 21:00:00,2023-06-13 14:00:00,롱,23,섞임,크게감
2023-06-13 14:00:00,2023-06-14 01:00:00,숏,14,섞임,조금감
2023-06-14 01:00:00,2023-06-14 05:00:00,롱,14,섞임,제자리
2023-06-14 05:00:00,2023-06-14 09:00:00,숏,18,크게감,제자리
2023-06-14 09:00:00,2023-06-14 19:00:00,롱,20,섞임,깨고하락
2023-06-14 19:00:00,2023-06-15 11:00:00,숏,18,제자리,크게감
2023-06-15 11:00:00,2023-06-16 13:00:00,롱,19,깨고하락,크게감
2023-06-16 13:00:00,2023-06-16 15:00:00,숏,1,제자리,깨고하락
2023-06-16 15:00:00,2023-06-17 03:00:00,롱,9,제자리,크게감
2023-06-17 03:00:00,2023-06-17 05:00:00,숏,19,깨고하락,깨고하락
2023-06-17 05:00:00,2023-06-17 11:00:00,롱,9,제자리,제자리
2023-06-17 11:00:00,2023-06-18 18:00:00,숏,22,깨고하락,조금감
2023-06-18 18:00:00,2023-06-18 20:00:00,롱,8,제자리,제자리
2023-06-18 20:00:00,2023-06-19 12:00:00,숏,27,크게감,크게감
2023-06-19 12:00:00,2023-06-20 08:00:00,롱,13,깨고하락,크게감
2023-06-20 08:00:00,2023-06-20 16:00:00,숏,10,깨고하락,깨고하락
2023-06-20 16:00:00,2023-06-21 10:00:00,롱,9,제자리,크게감
2023-06-21 10:00:00,2023-06-21 14:00:00,숏,19,깨고하락,깨고하락
2023-06-21 14:00:00,2023-06-21 23:00:00,롱,9,제자리,조금감
2023-06-21 23:00:00,2023-06-23 14:00:00,숏,19,깨고하락,조금감
2023-06-23 14:00:00,2023-06-24 00:00:00,롱,8,제자리,크게감
2023-06-24 00:00:00,2023-06-25 03:00:00,숏,10,깨고하락,제자리
2023-06-25 03:00:00,2023-06-25 10:00:00,롱,8,제자리,조금감
2023-06-25 10:00:00,2023-06-26 07:00:00,숏,14,섞임,크게감
2023-06-26 07:00:00,2023-06-26 10:00:00,롱,13,깨고하락,제자리
2023-06-26 10:00:00,2023-06-26 11:00:00,숏,18,크게감,제자리
2023-06-26 11:00:00,2023-06-26 17:00:00,롱,26,크게감,깨고하락
2023-06-26 17:00:00,2023-06-26 23:00:00,숏,24,섞임,제자리
2023-06-26 23:00:00,2023-06-27 22:00:00,롱,27,크게감,크게감
2023-06-27 22:00:00,2023-06-29 03:00:00,숏,19,깨고하락,크게감
2023-06-29 03:00:00,2023-06-29 21:00:00,롱,1,깨고하락,크게감
2023-06-29 21:00:00,2023-06-30 03:00:00,숏,1,깨고하락,깨고하락
2023-06-30 03:00:00,2023-06-30 13:00:00,롱,9,제자리,깨고하락
2023-06-30 13:00:00,2023-07-01 06:00:00,숏,27,섞임,제자리
2023-07-01 06:00:00,2023-07-02 01:00:00,롱,10,섞임,제자리
2023-07-02 01:00:00,2023-07-02 14:00:00,숏,17,제자리,제자리
2023-07-02 14:00:00,2023-07-02 15:00:00,롱,8,제자리,깨고하락
2023-07-02 15:00:00,2023-07-02 16:00:00,숏,17,제자리,깨고하락
2023-07-02 16:00:00,2023-07-02 17:00:00,롱,11,섞임,제자리
2023-07-02 17:00:00,2023-07-02 20:00:00,숏,17,섞임,제자리
2023-07-02 20:00:00,2023-07-03 09:00:00,롱,14,섞임,크게감
2023-07-03 09:00:00,2023-07-03 15:00:00,숏,17,섞임,깨고하락
2023-07-03 15:00:00,2023-07-04 04:00:00,롱,18,제자리,조금감
2023-07-04 04:00:00,2023-07-05 20:00:00,숏,19,깨고하락,크게감
2023-07-05 20:00:00,2023-07-06 14:00:00,롱,10,깨고하락,깨고하락
2023-07-06 14:00:00,2023-07-07 09:00:00,숏,2,섞임,조금감
2023-07-07 09:00:00,2023-07-08 06:00:00,롱,26,크게감,제자리
2023-07-08 06:00:00,2023-07-08 16:00:00,숏,4,섞임,제자리
2023-07-08 16:00:00,2023-07-08 19:00:00,롱,8,제자리,깨고하락
2023-07-08 19:00:00,2023-07-08 23:00:00,숏,18,섞임,제자리
2023-07-08 23:00:00,2023-07-09 18:00:00,롱,24,섞임,크게감
2023-07-09 18:00:00,2023-07-10 10:00:00,숏,23,섞임,크게감
2023-07-10 10:00:00,2023-07-11 04:00:00,롱,13,섞임,크게감
2023-07-11 04:00:00,2023-07-11 06:00:00,숏,10,섞임,제자리
2023-07-11 06:00:00,2023-07-11 08:00:00,롱,9,제자리,제자리
2023-07-11 08:00:00,2023-07-11 16:00:00,숏,10,깨고하락,깨고하락
2023-07-11 16:00:00,2023-07-11 18:00:00,롱,18,섞임,제자리
2023-07-11 18:00:00,2023-07-11 19:00:00,숏,27,크게감,제자리
2023-07-11 19:00:00,2023-07-11 21:00:00,롱,23,섞임,제자리
2023-07-11 21:00:00,2023-07-11 23:00:00,숏,1,깨고하락,깨고하락
2023-07-11 23:00:00,2023-07-12 00:00:00,롱,9,제자리,제자리
2023-07-12 00:00:00,2023-07-12 05:00:00,숏,24,크게감,깨고하락
2023-07-12 05:00:00,2023-07-12 13:00:00,롱,15,섞임,깨고복귀
2023-07-12 13:00:00,2023-07-13 08:00:00,숏,26,섞임,크게감
2023-07-13 08:00:00,2023-07-14 06:00:00,롱,10,깨고하락,크게감
2023-07-14 06:00:00,2023-07-15 07:00:00,숏,10,깨고하락,크게감
2023-07-15 07:00:00,2023-07-16 23:00:00,롱,1,깨고하락,제자리
2023-07-16 23:00:00,2023-07-17 03:00:00,숏,8,제자리,제자리
2023-07-17 03:00:00,2023-07-17 09:00:00,롱,14,섞임,제자리
2023-07-17 09:00:00,2023-07-17 14:00:00,숏,18,제자리,크게감
2023-07-17 14:00:00,2023-07-17 15:00:00,롱,14,섞임,제자리
2023-07-17 15:00:00,2023-07-17 23:00:00,숏,27,크게감,크게감
2023-07-17 23:00:00,2023-07-18 06:00:00,롱,19,깨고하락,제자리
2023-07-18 06:00:00,2023-07-18 23:00:00,숏,18,크게감,크게감
2023-07-18 23:00:00,2023-07-19 14:00:00,롱,22,섞임,조금감
2023-07-19 14:00:00,2023-07-19 18:00:00,숏,5,섞임,제자리
2023-07-19 18:00:00,2023-07-19 22:00:00,롱,6,섞임,제자리
2023-07-19 22:00:00,2023-07-20 01:00:00,숏,27,크게감,제자리
2023-07-20 01:00:00,2023-07-20 14:00:00,롱,27,크게감,깨고하락
2023-07-20 14:00:00,2023-07-21 03:00:00,숏,24,섞임,조금감
2023-07-21 03:00:00,2023-07-21 09:00:00,롱,10,깨고하락,제자리
2023-07-21 09:00:00,2023-07-21 11:00:00,숏,9,크게감,제자리
2023-07-21 11:00:00,2023-07-22 06:00:00,롱,26,크게감,크게감
2023-07-22 06:00:00,2023-07-22 07:00:00,숏,19,깨고하락,제자리
2023-07-22 07:00:00,2023-07-22 11:00:00,롱,18,제자리,제자리
2023-07-22 11:00:00,2023-07-23 03:00:00,숏,23,섞임,크게감
2023-07-23 03:00:00,2023-07-24 01:00:00,롱,13,섞임,크게감
2023-07-24 01:00:00,2023-07-24 22:00:00,숏,11,섞임,크게감
2023-07-24 22:00:00,2023-07-26 11:00:00,롱,10,깨고하락,제자리
2023-07-26 11:00:00,2023-07-26 12:00:00,숏,8,제자리,제자리
2023-07-26 12:00:00,2023-07-27 06:00:00,롱,17,제자리,크게감
2023-07-27 06:00:00,2023-07-27 09:00:00,숏,10,깨고하락,제자리
2023-07-27 09:00:00,2023-07-27 13:00:00,롱,9,제자리,제자리
2023-07-27 13:00:00,2023-07-28 04:00:00,숏,14,크게감,크게감
2023-07-28 04:00:00,2023-07-28 05:00:00,롱,10,깨고하락,제자리
2023-07-28 05:00:00,2023-07-28 10:00:00,숏,9,제자리,제자리
2023-07-28 10:00:00,2023-07-29 07:00:00,롱,10,깨고하락,크게감
2023-07-29 07:00:00,2023-07-29 19:00:00,숏,10,섞임,제자리
2023-07-29 19:00:00,2023-07-30 03:00:00,롱,8,제자리,제자리
2023-07-30 03:00:00,2023-07-30 14:00:00,숏,5,섞임,깨고하락
2023-07-30 14:00:00,2023-07-30 19:00:00,롱,24,크게감,깨고하락
2023-07-30 19:00:00,2023-07-31 00:00:00,숏,15,섞임,깨고하락
2023-07-31 00:00:00,2023-07-31 14:00:00,롱,15,섞임,제자리
2023-07-31 14:00:00,2023-08-01 15:00:00,숏,14,섞임,크게감
2023-08-01 15:00:00,2023-08-02 09:00:00,롱,13,깨고하락,크게감
2023-08-02 09:00:00,2023-08-03 10:00:00,숏,1,깨고하락,조금감
2023-08-03 10:00:00,2023-08-04 02:00:00,롱,7,섞임,제자리
2023-08-04 02:00:00,2023-08-04 13:00:00,숏,5,제자리,제자리
2023-08-04 13:00:00,2023-08-04 18:00:00,롱,17,섞임,깨고하락
2023-08-04 18:00:00,2023-08-05 08:00:00,숏,27,크게감,크게감
2023-08-05 08:00:00,2023-08-05 12:00:00,롱,22,섞임,제자리
2023-08-05 12:00:00,2023-08-05 14:00:00,숏,17,제자리,제자리
2023-08-05 14:00:00,2023-08-06 13:00:00,롱,24,섞임,크게감
2023-08-06 13:00:00,2023-08-06 17:00:00,숏,11,섞임,제자리
2023-08-06 17:00:00,2023-08-07 07:00:00,롱,27,크게감,크게감
2023-08-07 07:00:00,2023-08-07 19:00:00,숏,23,크게감,크게감
2023-08-07 19:00:00,2023-08-09 02:00:00,롱,24,크게감,크게감
2023-08-09 02:00:00,2023-08-09 12:00:00,숏,19,깨고하락,제자리
2023-08-09 12:00:00,2023-08-09 13:00:00,롱,9,제자리,제자리
2023-08-09 13:00:00,2023-08-10 13:00:00,숏,26,크게감,크게감
2023-08-10 13:00:00,2023-08-10 15:00:00,롱,10,깨고하락,제자리
2023-08-10 15:00:00,2023-08-11 00:00:00,숏,8,제자리,제자리
2023-08-11 00:00:00,2023-08-11 02:00:00,롱,26,크게감,제자리
2023-08-11 02:00:00,2023-08-11 05:00:00,숏,18,섞임,제자리
2023-08-11 05:00:00,2023-08-11 17:00:00,롱,14,섞임,깨고하락
2023-08-11 17:00:00,2023-08-11 20:00:00,숏,18,섞임,제자리
2023-08-11 20:00:00,2023-08-13 04:00:00,롱,27,크게감,제자리
2023-08-13 04:00:00,2023-08-13 18:00:00,숏,23,크게감,조금감
2023-08-13 18:00:00,2023-08-13 22:00:00,롱,14,섞임,깨고하락
2023-08-13 22:00:00,2023-08-14 04:00:00,숏,15,섞임,크게감
2023-08-14 04:00:00,2023-08-14 19:00:00,롱,23,크게감,크게감
2023-08-14 19:00:00,2023-08-15 14:00:00,숏,23,크게감,제자리
2023-08-15 14:00:00,2023-08-15 15:00:00,롱,27,크게감,깨고하락
2023-08-15 15:00:00,2023-08-16 10:00:00,숏,24,섞임,크게감
2023-08-16 10:00:00,2023-08-16 13:00:00,롱,10,깨고하락,깨고하락
2023-08-16 13:00:00,2023-08-16 17:00:00,숏,9,제자리,조금감
2023-08-16 17:00:00,2023-08-16 20:00:00,롱,20,섞임,깨고하락
2023-08-16 20:00:00,2023-08-18 08:00:00,숏,15,섞임,크게감
2023-08-18 08:00:00,2023-08-20 16:00:00,롱,10,깨고하락,제자리
2023-08-20 16:00:00,2023-08-20 17:00:00,숏,8,제자리,제자리
2023-08-20 17:00:00,2023-08-21 02:00:00,롱,26,크게감,제자리
2023-08-21 02:00:00,2023-08-21 14:00:00,숏,11,깨고하락,크게감
2023-08-21 14:00:00,2023-08-21 15:00:00,롱,14,섞임,깨고하락
2023-08-21 15:00:00,2023-08-21 19:00:00,숏,18,크게감,제자리
2023-08-21 19:00:00,2023-08-22 04:00:00,롱,11,섞임,조금감
2023-08-22 04:00:00,2023-08-22 07:00:00,숏,14,섞임,제자리
2023-08-22 07:00:00,2023-08-22 09:00:00,롱,27,크게감,제자리
2023-08-22 09:00:00,2023-08-23 00:00:00,숏,24,크게감,깨고복귀
2023-08-23 00:00:00,2023-08-23 12:00:00,롱,23,섞임,제자리
2023-08-23 12:00:00,2023-08-23 14:00:00,숏,18,크게감,제자리
2023-08-23 14:00:00,2023-08-24 03:00:00,롱,27,크게감,크게감
2023-08-24 03:00:00,2023-08-25 09:00:00,숏,19,깨고하락,크게감
2023-08-25 09:00:00,2023-08-25 14:00:00,롱,13,섞임,깨고하락
2023-08-25 14:00:00,2023-08-25 19:00:00,숏,9,제자리,제자리
2023-08-25 19:00:00,2023-08-26 23:00:00,롱,22,섞임,조금감
2023-08-26 23:00:00,2023-08-27 05:00:00,숏,26,크게감,제자리
2023-08-27 05:00:00,2023-08-27 21:00:00,롱,23,섞임,크게감
2023-08-27 21:00:00,2023-08-28 12:00:00,숏,13,깨고하락,깨고하락
2023-08-28 12:00:00,2023-08-28 20:00:00,롱,14,섞임,제자리
2023-08-28 20:00:00,2023-08-28 23:00:00,숏,14,섞임,제자리
2023-08-28 23:00:00,2023-08-29 05:00:00,롱,18,크게감,조금감
2023-08-29 05:00:00,2023-08-29 14:00:00,숏,23,크게감,깨고하락
2023-08-29 14:00:00,2023-08-30 02:00:00,롱,27,크게감,조금감
2023-08-30 02:00:00,2023-09-01 06:00:00,숏,10,깨고하락,크게감
2023-09-01 06:00:00,2023-09-01 17:00:00,롱,1,깨고하락,깨고하락
2023-09-01 17:00:00,2023-09-01 20:00:00,숏,9,제자리,제자리
2023-09-01 20:00:00,2023-09-03 16:00:00,롱,23,섞임,조금감
2023-09-03 16:00:00,2023-09-03 19:00:00,숏,13,섞임,제자리
2023-09-03 19:00:00,2023-09-04 01:00:00,롱,9,제자리,조금감
2023-09-04 01:00:00,2023-09-04 02:00:00,숏,23,크게감,제자리
2023-09-04 02:00:00,2023-09-04 05:00:00,롱,27,크게감,조금감
2023-09-04 05:00:00,2023-09-04 08:00:00,숏,14,깨고하락,제자리
2023-09-04 08:00:00,2023-09-04 09:00:00,롱,8,제자리,제자리
2023-09-04 09:00:00,2023-09-05 09:00:00,숏,14,섞임,크게감
2023-09-05 09:00:00,2023-09-06 09:00:00,롱,10,깨고하락,조금감
2023-09-06 09:00:00,2023-09-06 21:00:00,숏,5,제자리,깨고복귀
2023-09-06 21:00:00,2023-09-07 11:00:00,롱,14,섞임,제자리
2023-09-07 11:00:00,2023-09-07 16:00:00,숏,17,섞임,깨고하락
2023-09-07 16:00:00,2023-09-08 08:00:00,롱,18,섞임,크게감
2023-09-08 08:00:00,2023-09-09 06:00:00,숏,19,깨고하락,크게감
2023-09-09 06:00:00,2023-09-10 04:00:00,롱,1,깨고하락,제자리
2023-09-10 04:00:00,2023-09-10 08:00:00,숏,8,제자리,제자리
2023-09-10 08:00:00,2023-09-10 09:00:00,롱,14,섞임,제자리
2023-09-10 09:00:00,2023-09-10 21:00:00,숏,18,크게감,깨고하락
2023-09-10 21:00:00,2023-09-11 01:00:00,롱,14,섞임,조금감
2023-09-11 01:00:00,2023-09-11 05:00:00,숏,15,섞임,제자리
2023-09-11 05:00:00,2023-09-11 10:00:00,롱,27,크게감,깨고하락
2023-09-11 10:00:00,2023-09-12 02:00:00,숏,27,크게감,크게감
2023-09-12 02:00:00,2023-09-12 21:00:00,롱,19,깨고하락,크게감
2023-09-12 21:00:00,2023-09-13 10:00:00,숏,1,깨고하락,조금감
2023-09-13 10:00:00,2023-09-13 18:00:00,롱,8,제자리,제자리
2023-09-13 18:00:00,2023-09-14 00:00:00,숏,26,크게감,깨고하락
2023-09-14 00:00:00,2023-09-14 03:00:00,롱,27,크게감,제자리
2023-09-14 03:00:00,2023-09-14 11:00:00,숏,23,섞임,조금감
2023-09-14 11:00:00,2023-09-14 21:00:00,롱,18,섞임,크게감
2023-09-14 21:00:00,2023-09-15 22:00:00,숏,22,깨고하락,조금감
2023-09-15 22:00:00,2023-09-16 07:00:00,롱,6,섞임,제자리
2023-09-16 07:00:00,2023-09-16 18:00:00,숏,14,섞임,제자리
2023-09-16 18:00:00,2023-09-16 19:00:00,롱,18,크게감,제자리
2023-09-16 19:00:00,2023-09-16 22:00:00,숏,27,크게감,제자리
2023-09-16 22:00:00,2023-09-17 00:00:00,롱,19,깨고하락,깨고하락
2023-09-17 00:00:00,2023-09-17 09:00:00,숏,18,크게감,깨고하락
2023-09-17 09:00:00,2023-09-17 15:00:00,롱,23,섞임,조금감
2023-09-17 15:00:00,2023-09-18 02:00:00,숏,17,크게감,깨고하락
2023-09-18 02:00:00,2023-09-18 18:00:00,롱,24,섞임,크게감
2023-09-18 18:00:00,2023-09-19 08:00:00,숏,10,깨고하락,제자리
2023-09-19 08:00:00,2023-09-19 21:00:00,롱,18,크게감,조금감
2023-09-19 21:00:00,2023-09-20 01:00:00,숏,19,깨고하락,제자리
2023-09-20 01:00:00,2023-09-20 02:00:00,롱,9,제자리,제자리
2023-09-20 02:00:00,2023-09-20 17:00:00,숏,26,크게감,크게감
2023-09-20 17:00:00,2023-09-20 19:00:00,롱,10,깨고하락,깨고하락
2023-09-20 19:00:00,2023-09-21 22:00:00,숏,18,크게감,크게감
2023-09-21 22:00:00,2023-09-24 05:00:00,롱,19,깨고하락,제자리
2023-09-24 05:00:00,2023-09-24 08:00:00,숏,8,제자리,제자리
2023-09-24 08:00:00,2023-09-24 19:00:00,롱,26,크게감,깨고하락
2023-09-24 19:00:00,2023-09-25 13:00:00,숏,18,섞임,크게감
2023-09-25 13:00:00,2023-09-26 10:00:00,롱,10,깨고하락,조금감
2023-09-26 10:00:00,2023-09-27 00:00:00,숏,4,제자리,조금감
2023-09-27 00:00:00,2023-09-27 16:00:00,롱,5,섞임,크게감
2023-09-27 16:00:00,2023-09-28 00:00:00,숏,11,섞임,제자리
2023-09-28 00:00:00,2023-09-29 02:00:00,롱,18,크게감,크게감
2023-09-29 02:00:00,2023-09-30 10:00:00,숏,19,깨고하락,제자리
2023-09-30 10:00:00,2023-09-30 12:00:00,롱,5,제자리,제자리
2023-09-30 12:00:00,2023-09-30 13:00:00,숏,17,제자리,제자리
2023-09-30 13:00:00,2023-09-30 23:00:00,롱,27,크게감,크게감
2023-09-30 23:00:00,2023-10-01 03:00:00,숏,10,깨고하락,제자리
2023-10-01 03:00:00,2023-10-01 16:00:00,롱,9,제자리,크게감
2023-10-01 16:00:00,2023-10-01 22:00:00,숏,19,깨고하락,깨고하락
2023-10-01 22:00:00,2023-10-02 15:00:00,롱,18,제자리,조금감
2023-10-02 15:00:00,2023-10-03 22:00:00,숏,19,깨고하락,크게감
2023-10-03 22:00:00,2023-10-05 06:00:00,롱,1,깨고하락,조금감
2023-10-05 06:00:00,2023-10-05 13:00:00,숏,4,섞임,깨고하락
2023-10-05 13:00:00,2023-10-05 16:00:00,롱,18,제자리,깨고하락
2023-10-05 16:00:00,2023-10-06 07:00:00,숏,24,크게감,제자리
2023-10-06 07:00:00,2023-10-06 12:00:00,롱,26,크게감,깨고하락
2023-10-06 12:00:00,2023-10-06 14:00:00,숏,15,섞임,제자리
2023-10-06 14:00:00,2023-10-07 03:00:00,롱,2,깨고하락,크게감
2023-10-07 03:00:00,2023-10-08 02:00:00,숏,10,깨고하락,제자리
2023-10-08 02:00:00,2023-10-08 04:00:00,롱,9,제자리,제자리
2023-10-08 04:00:00,2023-10-08 21:00:00,숏,27,크게감,크게감
2023-10-08 21:00:00,2023-10-09 00:00:00,롱,10,깨고하락,제자리
2023-10-09 00:00:00,2023-10-09 01:00:00,숏,9,섞임,제자리
2023-10-09 01:00:00,2023-10-09 07:00:00,롱,21,섞임,제자리
2023-10-09 07:00:00,2023-10-09 19:00:00,숏,2,깨고하락,크게감
2023-10-09 19:00:00,2023-10-10 12:00:00,롱,10,깨고하락,제자리
2023-10-10 12:00:00,2023-10-10 22:00:00,숏,9,섞임,제자리
2023-10-10 22:00:00,2023-10-11 02:00:00,롱,23,크게감,깨고하락
2023-10-11 02:00:00,2023-10-11 10:00:00,숏,18,제자리,조금감
2023-10-11 10:00:00,2023-10-11 15:00:00,롱,19,깨고하락,깨고하락
2023-10-11 15:00:00,2023-10-11 23:00:00,숏,18,크게감,조금감
2023-10-11 23:00:00,2023-10-12 17:00:00,롱,19,깨고하락,제자리
2023-10-12 17:00:00,2023-10-12 19:00:00,숏,9,크게감,제자리
2023-10-12 19:00:00,2023-10-13 15:00:00,롱,26,크게감,크게감
2023-10-13 15:00:00,2023-10-13 16:00:00,숏,23,깨고하락,제자리
2023-10-13 16:00:00,2023-10-13 17:00:00,롱,8,크게감,제자리
2023-10-13 17:00:00,2023-10-13 20:00:00,숏,1,깨고하락,깨고하락
2023-10-13 20:00:00,2023-10-14 07:00:00,롱,18,섞임,조금감
2023-10-14 07:00:00,2023-10-14 15:00:00,숏,10,섞임,제자리
2023-10-14 15:00:00,2023-10-14 17:00:00,롱,18,제자리,제자리
2023-10-14 17:00:00,2023-10-15 06:00:00,숏,23,섞임,크게감
2023-10-15 06:00:00,2023-10-15 11:00:00,롱,10,깨고하락,조금감
2023-10-15 11:00:00,2023-10-15 16:00:00,숏,9,크게감,깨고하락
2023-10-15 16:00:00,2023-10-17 00:00:00,롱,15,섞임,크게감
2023-10-17 00:00:00,2023-10-18 04:00:00,숏,19,깨고하락,제자리
2023-10-18 04:00:00,2023-10-18 08:00:00,롱,8,제자리,제자리
2023-10-18 08:00:00,2023-10-19 00:00:00,숏,17,크게감,조금감
2023-10-19 00:00:00,2023-10-19 01:00:00,롱,23,섞임,깨고하락
2023-10-19 01:00:00,2023-10-19 06:00:00,숏,9,제자리,제자리
2023-10-19 06:00:00,2023-10-20 16:00:00,롱,10,섞임,크게감
2023-10-20 16:00:00,2023-10-21 15:00:00,숏,10,깨고하락,제자리
2023-10-21 15:00:00,2023-10-21 22:00:00,롱,9,제자리,조금감
2023-10-21 22:00:00,2023-10-22 23:00:00,숏,26,크게감,조금감
2023-10-22 23:00:00,2023-10-24 13:00:00,롱,17,섞임,크게감
2023-10-24 13:00:00,2023-10-25 14:00:00,숏,19,깨고하락,제자리
2023-10-25 14:00:00,2023-10-25 21:00:00,롱,8,제자리,제자리
2023-10-25 21:00:00,2023-10-27 04:00:00,숏,23,크게감,조금감
2023-10-27 04:00:00,2023-10-27 16:00:00,롱,10,깨고하락,제자리
2023-10-27 16:00:00,2023-10-28 00:00:00,숏,9,제자리,조금감
2023-10-28 00:00:00,2023-10-28 23:00:00,롱,23,섞임,크게감
2023-10-28 23:00:00,2023-10-29 08:00:00,숏,14,섞임,제자리
2023-10-29 08:00:00,2023-10-30 01:00:00,롱,18,섞임,크게감
2023-10-30 01:00:00,2023-10-30 11:00:00,숏,10,깨고하락,조금감
2023-10-30 11:00:00,2023-10-30 17:00:00,롱,6,제자리,깨고하락
2023-10-30 17:00:00,2023-10-31 10:00:00,숏,27,크게감,조금감
2023-10-31 10:00:00,2023-10-31 13:00:00,롱,23,크게감,제자리
2023-10-31 13:00:00,2023-10-31 16:00:00,숏,18,크게감,제자리
2023-10-31 16:00:00,2023-11-01 04:00:00,롱,27,크게감,크게감
2023-11-01 04:00:00,2023-11-01 12:00:00,숏,10,깨고하락,깨고하락
2023-11-01 12:00:00,2023-11-01 14:00:00,롱,18,크게감,깨고하락
2023-11-01 14:00:00,2023-11-01 18:00:00,숏,24,섞임,제자리
2023-11-01 18:00:00,2023-11-02 07:00:00,롱,14,섞임,크게감
2023-11-02 07:00:00,2023-11-03 14:00:00,숏,10,깨고하락,크게감
2023-11-03 14:00:00,2023-11-04 15:00:00,롱,1,깨고하락,제자리
2023-11-04 15:00:00,2023-11-04 18:00:00,숏,8,제자리,제자리
2023-11-04 18:00:00,2023-11-04 19:00:00,롱,17,제자리,제자리
2023-11-04 19:00:00,2023-11-04 21:00:00,숏,27,크게감,깨고하락
2023-11-04 21:00:00,2023-11-05 11:00:00,롱,17,제자리,크게감
2023-11-05 11:00:00,2023-11-06 09:00:00,숏,10,깨고하락,깨고하락
2023-11-06 09:00:00,2023-11-06 17:00:00,롱,5,섞임,제자리
2023-11-06 17:00:00,2023-11-07 18:00:00,숏,14,섞임,깨고하락
2023-11-07 18:00:00,2023-11-08 06:00:00,롱,15,섞임,조금감
2023-11-08 06:00:00,2023-11-08 18:00:00,숏,10,깨고하락,제자리
2023-11-08 18:00:00,2023-11-09 16:00:00,롱,9,크게감,크게감
2023-11-09 16:00:00,2023-11-10 12:00:00,숏,19,깨고하락,제자리
2023-11-10 12:00:00,2023-11-11 01:00:00,롱,5,제자리,제자리
2023-11-11 01:00:00,2023-11-12 06:00:00,숏,17,크게감,조금감
2023-11-12 06:00:00,2023-11-12 12:00:00,롱,14,섞임,제자리
2023-11-12 12:00:00,2023-11-12 13:00:00,숏,17,크게감,제자리
2023-11-12 13:00:00,2023-11-12 23:00:00,롱,23,크게감,크게감
2023-11-12 23:00:00,2023-11-13 01:00:00,숏,10,깨고하락,깨고하락
2023-11-13 01:00:00,2023-11-13 03:00:00,롱,8,섞임,깨고하락
2023-11-13 03:00:00,2023-11-14 05:00:00,숏,15,섞임,크게감
2023-11-14 05:00:00,2023-11-14 12:00:00,롱,10,깨고하락,제자리
2023-11-14 12:00:00,2023-11-14 13:00:00,숏,9,제자리,제자리
2023-11-14 13:00:00,2023-11-14 15:00:00,롱,27,크게감,깨고하락
2023-11-14 15:00:00,2023-11-15 05:00:00,숏,27,섞임,크게감
2023-11-15 05:00:00,2023-11-16 06:00:00,롱,10,깨고하락,크게감
2023-11-16 06:00:00,2023-11-17 03:00:00,숏,10,깨고하락,크게감
2023-11-17 03:00:00,2023-11-17 15:00:00,롱,1,깨고하락,제자리
2023-11-17 15:00:00,2023-11-17 17:00:00,숏,9,제자리,깨고하락
2023-11-17 17:00:00,2023-11-18 06:00:00,롱,27,크게감,조금감
2023-11-18 06:00:00,2023-11-18 07:00:00,숏,22,깨고하락,제자리
2023-11-18 07:00:00,2023-11-19 00:00:00,롱,26,크게감,조금감
2023-11-19 00:00:00,2023-11-19 07:00:00,숏,10,깨고하락,제자리
2023-11-19 07:00:00,2023-11-19 11:00:00,롱,8,제자리,깨고하락
2023-11-19 11:00:00,2023-11-19 18:00:00,숏,27,크게감,깨고하락
2023-11-19 18:00:00,2023-11-20 08:00:00,롱,27,크게감,크게감
2023-11-20 08:00:00,2023-11-20 15:00:00,숏,19,깨고하락,깨고하락
2023-11-20 15:00:00,2023-11-20 16:00:00,롱,6,제자리,제자리
2023-11-20 16:00:00,2023-11-20 17:00:00,숏,27,크게감,깨고하락
2023-11-20 17:00:00,2023-11-20 22:00:00,롱,14,섞임,조금감
2023-11-20 22:00:00,2023-11-22 07:00:00,숏,4,섞임,크게감
2023-11-22 07:00:00,2023-11-23 11:00:00,롱,10,깨고하락,크게감
2023-11-23 11:00:00,2023-11-24 05:00:00,숏,1,섞임,조금감
2023-11-24 05:00:00,2023-11-24 21:00:00,롱,5,제자리,크게감
2023-11-24 21:00:00,2023-11-26 21:00:00,숏,10,섞임,조금감
2023-11-26 21:00:00,2023-11-27 02:00:00,롱,4,섞임,제자리
2023-11-27 02:00:00,2023-11-27 21:00:00,숏,18,제자리,크게감
2023-11-27 21:00:00,2023-11-29 04:00:00,롱,19,깨고하락,크게감
2023-11-29 04:00:00,2023-11-29 06:00:00,숏,1,깨고하락,제자리
2023-11-29 06:00:00,2023-11-29 10:00:00,롱,8,제자리,조금감
2023-11-29 10:00:00,2023-11-30 04:00:00,숏,26,크게감,크게감
2023-11-30 04:00:00,2023-11-30 06:00:00,롱,10,깨고하락,제자리
2023-11-30 06:00:00,2023-11-30 21:00:00,숏,18,크게감,크게감
2023-11-30 21:00:00,2023-11-30 22:00:00,롱,22,섞임,제자리
2023-11-30 22:00:00,2023-11-30 23:00:00,숏,17,섞임,제자리
2023-11-30 23:00:00,2023-12-01 00:00:00,롱,14,섞임,제자리
2023-12-01 00:00:00,2023-12-01 01:00:00,숏,17,제자리,깨고하락
2023-12-01 01:00:00,2023-12-01 23:00:00,롱,18,제자리,크게감
2023-12-01 23:00:00,2023-12-02 19:00:00,숏,10,깨고하락,깨고하락
2023-12-02 19:00:00,2023-12-03 05:00:00,롱,9,제자리,제자리
2023-12-03 05:00:00,2023-12-03 22:00:00,숏,22,깨고하락,깨고하락
2023-12-03 22:00:00,2023-12-04 15:00:00,롱,18,제자리,크게감
2023-12-04 15:00:00,2023-12-05 16:00:00,숏,19,깨고하락,깨고하락
2023-12-05 16:00:00,2023-12-06 04:00:00,롱,9,제자리,크게감
2023-12-06 04:00:00,2023-12-08 02:00:00,숏,19,깨고하락,조금감
2023-12-08 02:00:00,2023-12-08 08:00:00,롱,8,제자리,제자리
2023-12-08 08:00:00,2023-12-08 11:00:00,숏,17,제자리,깨고하락
2023-12-08 11:00:00,2023-12-09 07:00:00,롱,27,크게감,크게감
2023-12-09 07:00:00,2023-12-10 07:00:00,숏,19,깨고하락,크게감
2023-12-10 07:00:00,2023-12-10 08:00:00,롱,4,섞임,제자리
2023-12-10 08:00:00,2023-12-10 14:00:00,숏,8,제자리,제자리
2023-12-10 14:00:00,2023-12-11 00:00:00,롱,10,깨고하락,깨고하락
2023-12-11 00:00:00,2023-12-12 00:00:00,숏,15,크게감,크게감
2023-12-12 00:00:00,2023-12-12 17:00:00,롱,22,깨고하락,제자리
2023-12-12 17:00:00,2023-12-12 23:00:00,숏,9,제자리,제자리
2023-12-12 23:00:00,2023-12-13 02:00:00,롱,14,크게감,깨고하락
2023-12-13 02:00:00,2023-12-13 07:00:00,숏,18,크게감,조금감
2023-12-13 07:00:00,2023-12-14 08:00:00,롱,26,크게감,크게감
2023-12-14 08:00:00,2023-12-16 03:00:00,숏,10,깨고하락,크게감
2023-12-16 03:00:00,2023-12-16 22:00:00,롱,4,제자리,제자리
2023-12-16 22:00:00,2023-12-17 16:00:00,숏,8,제자리,조금감
2023-12-17 16:00:00,2023-12-17 23:00:00,롱,14,깨고하락,깨고하락
2023-12-17 23:00:00,2023-12-18 13:00:00,숏,6,섞임,크게감
2023-12-18 13:00:00,2023-12-19 12:00:00,롱,22,깨고하락,크게감
2023-12-19 12:00:00,2023-12-20 05:00:00,숏,10,깨고하락,조금감
2023-12-20 05:00:00,2023-12-20 22:00:00,롱,5,제자리,크게감
2023-12-20 22:00:00,2023-12-21 12:00:00,숏,10,깨고하락,제자리
2023-12-21 12:00:00,2023-12-21 14:00:00,롱,9,제자리,제자리
2023-12-21 14:00:00,2023-12-22 01:00:00,숏,27,크게감,깨고하락
2023-12-22 01:00:00,2023-12-22 06:00:00,롱,11,깨고하락,조금감
2023-12-22 06:00:00,2023-12-22 23:00:00,숏,14,섞임,조금감
2023-12-22 23:00:00,2023-12-23 02:00:00,롱,11,깨고하락,제자리
2023-12-23 02:00:00,2023-12-23 12:00:00,숏,9,섞임,조금감
2023-12-23 12:00:00,2023-12-24 05:00:00,롱,23,크게감,조금감
2023-12-24 05:00:00,2023-12-24 14:00:00,숏,14,섞임,제자리
2023-12-24 14:00:00,2023-12-24 17:00:00,롱,5,섞임,제자리
2023-12-24 17:00:00,2023-12-25 07:00:00,숏,18,크게감,크게감
2023-12-25 07:00:00,2023-12-26 03:00:00,롱,19,깨고하락,조금감
2023-12-26 03:00:00,2023-12-26 23:00:00,숏,4,섞임,크게감
2023-12-26 23:00:00,2023-12-28 05:00:00,롱,10,깨고하락,크게감
2023-12-28 05:00:00,2023-12-29 03:00:00,숏,1,깨고하락,크게감
2023-12-29 03:00:00,2023-12-29 16:00:00,롱,1,깨고하락,깨고하락
2023-12-29 16:00:00,2023-12-30 05:00:00,숏,9,제자리,조금감
2023-12-30 05:00:00,2023-12-30 08:00:00,롱,26,크게감,제자리
2023-12-30 08:00:00,2023-12-30 11:00:00,숏,18,섞임,제자리
2023-12-30 11:00:00,2023-12-31 03:00:00,롱,20,깨고하락,크게감
2023-12-31 03:00:00,2023-12-31 04:00:00,숏,10,깨고하락,제자리
2023-12-31 04:00:00,2023-12-31 05:00:00,롱,18,크게감,제자리
2023-12-31 05:00:00,2023-12-31 06:00:00,숏,26,크게감,제자리
2023-12-31 06:00:00,2023-12-31 21:00:00,롱,9,크게감,크게감
2023-12-31 21:00:00,2024-01-01 09:00:00,숏,10,깨고하락,크게감
2024-01-01 09:00:00,2024-01-02 12:00:00,롱,8,제자리,크게감
2024-01-02 12:00:00,2024-01-04 01:00:00,숏,10,깨고하락,크게감
2024-01-04 01:00:00,2024-01-05 02:00:00,롱,1,깨고하락,조금감
2024-01-05 02:00:00,2024-01-05 09:00:00,숏,8,제자리,제자리
2024-01-05 09:00:00,2024-01-05 10:00:00,롱,18,크게감,제자리
2024-01-05 10:00:00,2024-01-05 21:00:00,숏,27,크게감,깨고하락
2024-01-05 21:00:00,2024-01-06 05:00:00,롱,14,깨고하락,조금감
2024-01-06 05:00:00,2024-01-06 15:00:00,숏,18,크게감,조금감
2024-01-06 15:00:00,2024-01-07 10:00:00,롱,17,섞임,조금감
2024-01-07 10:00:00,2024-01-07 11:00:00,숏,13,섞임,제자리
2024-01-07 11:00:00,2024-01-07 16:00:00,롱,18,제자리,깨고하락
2024-01-07 16:00:00,2024-01-07 19:00:00,숏,20,깨고하락,조금감
2024-01-07 19:00:00,2024-01-07 20:00:00,롱,18,크게감,제자리
2024-01-07 20:00:00,2024-01-07 21:00:00,숏,26,섞임,제자리
2024-01-07 21:00:00,2024-01-07 22:00:00,롱,5,제자리,깨고하락
2024-01-07 22:00:00,2024-01-08 10:00:00,숏,18,제자리,깨고하락
2024-01-08 10:00:00,2024-01-09 05:00:00,롱,11,깨고하락,크게감
2024-01-09 05:00:00,2024-01-10 17:00:00,숏,10,깨고하락,깨고복귀
2024-01-10 17:00:00,2024-01-11 06:00:00,롱,5,제자리,조금감
2024-01-11 06:00:00,2024-01-11 10:00:00,숏,1,섞임,제자리
2024-01-11 10:00:00,2024-01-11 17:00:00,롱,18,크게감,깨고하락
2024-01-11 17:00:00,2024-01-13 06:00:00,숏,20,섞임,크게감
2024-01-13 06:00:00,2024-01-14 20:00:00,롱,22,깨고하락,제자리
2024-01-14 20:00:00,2024-01-15 04:00:00,숏,8,제자리,제자리
2024-01-15 04:00:00,2024-01-15 15:00:00,롱,20,크게감,조금감
2024-01-15 15:00:00,2024-01-15 17:00:00,숏,27,크게감,제자리
2024-01-15 17:00:00,2024-01-16 00:00:00,롱,27,크게감,크게감
2024-01-16 00:00:00,2024-01-16 03:00:00,숏,20,섞임,제자리
2024-01-16 03:00:00,2024-01-16 14:00:00,롱,27,크게감,깨고하락
2024-01-16 14:00:00,2024-01-16 15:00:00,숏,23,섞임,깨고하락
2024-01-16 15:00:00,2024-01-17 01:00:00,롱,15,섞임,조금감
2024-01-17 01:00:00,2024-01-17 21:00:00,숏,13,섞임,조금감
2024-01-17 21:00:00,2024-01-18 11:00:00,롱,4,깨고하락,제자리
2024-01-18 11:00:00,2024-01-19 06:00:00,숏,9,크게감,크게감
2024-01-19 06:00:00,2024-01-19 16:00:00,롱,19,깨고하락,깨고하락
2024-01-19 16:00:00,2024-01-19 17:00:00,숏,9,제자리,제자리
2024-01-19 17:00:00,2024-01-20 14:00:00,롱,27,크게감,크게감
2024-01-20 14:00:00,2024-01-20 19:00:00,숏,10,깨고하락,제자리
2024-01-20 19:00:00,2024-01-21 05:00:00,롱,8,제자리,제자리
2024-01-21 05:00:00,2024-01-21 10:00:00,숏,20,섞임,제자리
2024-01-21 10:00:00,2024-01-21 16:00:00,롱,15,섞임,깨고하락
2024-01-21 16:00:00,2024-01-23 04:00:00,숏,27,크게감,크게감
2024-01-23 04:00:00,2024-01-23 09:00:00,롱,19,깨고하락,깨고하락
2024-01-23 09:00:00,2024-01-23 16:00:00,숏,9,제자리,제자리
2024-01-23 16:00:00,2024-01-24 18:00:00,롱,23,크게감,크게감
2024-01-24 18:00:00,2024-01-25 00:00:00,숏,10,깨고하락,제자리
2024-01-25 00:00:00,2024-01-25 01:00:00,롱,8,제자리,제자리
2024-01-25 01:00:00,2024-01-25 07:00:00,숏,17,크게감,조금감
2024-01-25 07:00:00,2024-01-25 12:00:00,롱,11,깨고하락,조금감
2024-01-25 12:00:00,2024-01-26 02:00:00,숏,15,크게감,크게감
2024-01-26 02:00:00,2024-01-27 01:00:00,롱,11,깨고하락,크게감
2024-01-27 01:00:00,2024-01-27 22:00:00,숏,10,깨고하락,제자리
2024-01-27 22:00:00,2024-01-28 00:00:00,롱,8,제자리,제자리
2024-01-28 00:00:00,2024-01-28 03:00:00,숏,27,크게감,깨고하락
2024-01-28 03:00:00,2024-01-28 12:00:00,롱,24,섞임,크게감
2024-01-28 12:00:00,2024-01-29 04:00:00,숏,10,깨고하락,크게감
2024-01-29 04:00:00,2024-01-29 07:00:00,롱,10,섞임,제자리
2024-01-29 07:00:00,2024-01-29 09:00:00,숏,18,크게감,제자리
2024-01-29 09:00:00,2024-01-29 13:00:00,롱,24,크게감,깨고하락
2024-01-29 13:00:00,2024-01-29 15:00:00,숏,15,섞임,깨고하락
2024-01-29 15:00:00,2024-01-30 07:00:00,롱,27,크게감,크게감
2024-01-30 07:00:00,2024-01-31 15:00:00,숏,10,깨고하락,깨고복귀
2024-01-31 15:00:00,2024-01-31 21:00:00,롱,5,섞임,깨고하락
2024-01-31 21:00:00,2024-02-01 12:00:00,숏,6,섞임,조금감
2024-02-01 12:00:00,2024-02-02 09:00:00,롱,22,크게감,크게감
2024-02-02 09:00:00,2024-02-03 00:00:00,숏,1,깨고하락,깨고하락
2024-02-03 00:00:00,2024-02-03 06:00:00,롱,8,제자리,제자리
2024-02-03 06:00:00,2024-02-03 17:00:00,숏,26,크게감,조금감
2024-02-03 17:00:00,2024-02-03 18:00:00,롱,14,섞임,제자리
2024-02-03 18:00:00,2024-02-04 11:00:00,숏,14,섞임,크게감
2024-02-04 11:00:00,2024-02-04 18:00:00,롱,10,깨고하락,제자리
2024-02-04 18:00:00,2024-02-05 05:00:00,숏,9,제자리,크게감
2024-02-05 05:00:00,2024-02-05 16:00:00,롱,23,섞임,크게감
2024-02-05 16:00:00,2024-02-06 03:00:00,숏,14,섞임,조금감
2024-02-06 03:00:00,2024-02-07 01:00:00,롱,27,크게감,조금감
2024-02-07 01:00:00,2024-02-07 13:00:00,숏,22,섞임,조금감
2024-02-07 13:00:00,2024-02-07 14:00:00,롱,14,제자리,조금감
2024-02-07 14:00:00,2024-02-07 15:00:00,숏,17,크게감,조금감
2024-02-07 15:00:00,2024-02-08 11:00:00,롱,13,섞임,크게감
2024-02-08 11:00:00,2024-02-08 14:00:00,숏,10,깨고하락,깨고하락
2024-02-08 14:00:00,2024-02-08 22:00:00,롱,8,제자리,조금감
2024-02-08 22:00:00,2024-02-09 02:00:00,숏,22,깨고하락,깨고하락
2024-02-09 02:00:00,2024-02-09 21:00:00,롱,18,제자리,크게감
2024-02-09 21:00:00,2024-02-10 20:00:00,숏,19,깨고하락,조금감
2024-02-10 20:00:00,2024-02-11 10:00:00,롱,8,제자리,조금감
2024-02-11 10:00:00,2024-02-11 11:00:00,숏,13,깨고하락,제자리
2024-02-11 11:00:00,2024-02-11 13:00:00,롱,9,제자리,제자리
2024-02-11 13:00:00,2024-02-12 14:00:00,숏,24,섞임,깨고하락
2024-02-12 14:00:00,2024-02-13 04:00:00,롱,15,섞임,크게감
2024-02-13 04:00:00,2024-02-14 00:00:00,숏,10,깨고하락,크게감
2024-02-14 00:00:00,2024-02-14 22:00:00,롱,5,제자리,크게감
2024-02-14 22:00:00,2024-02-15 00:00:00,숏,13,깨고하락,깨고하락
2024-02-15 00:00:00,2024-02-15 01:00:00,롱,9,제자리,제자리
2024-02-15 01:00:00,2024-02-16 11:00:00,숏,20,깨고하락,깨고하락
2024-02-16 11:00:00,2024-02-16 15:00:00,롱,2,섞임,조금감
2024-02-16 15:00:00,2024-02-17 21:00:00,숏,27,크게감,크게감
2024-02-17 21:00:00,2024-02-19 13:00:00,롱,20,섞임,조금감
2024-02-19 13:00:00,2024-02-20 07:00:00,숏,13,깨고하락,조금감
2024-02-20 07:00:00,2024-02-20 09:00:00,롱,1,섞임,제자리
2024-02-20 09:00:00,2024-02-20 10:00:00,숏,9,크게감,깨고하락
2024-02-20 10:00:00,2024-02-20 16:00:00,롱,27,크게감,깨고하락
2024-02-20 16:00:00,2024-02-20 21:00:00,숏,12,섞임,조금감
2024-02-20 21:00:00,2024-02-21 05:00:00,롱,23,크게감,조금감
2024-02-21 05:00:00,2024-02-21 21:00:00,숏,26,크게감,크게감
2024-02-21 21:00:00,2024-02-22 13:00:00,롱,13,깨고하락,조금감
2024-02-22 13:00:00,2024-02-22 18:00:00,숏,2,깨고하락,제자리
2024-02-22 18:00:00,2024-02-22 23:00:00,롱,6,섞임,조금감
2024-02-22 23:00:00,2024-02-23 17:00:00,숏,27,크게감,크게감
2024-02-23 17:00:00,2024-02-23 22:00:00,롱,22,섞임,제자리
2024-02-23 22:00:00,2024-02-24 04:00:00,숏,9,제자리,조금감
2024-02-24 04:00:00,2024-02-25 09:00:00,롱,23,섞임,크게감
2024-02-25 09:00:00,2024-02-26 14:00:00,숏,10,깨고하락,깨고하락
2024-02-26 14:00:00,2024-02-27 14:00:00,롱,2,섞임,크게감
2024-02-27 14:00:00,2024-02-28 08:00:00,숏,10,깨고하락,깨고하락
2024-02-28 08:00:00,2024-02-28 21:00:00,롱,9,제자리,크게감
2024-02-28 21:00:00,2024-02-28 23:00:00,숏,19,깨고하락,제자리
2024-02-28 23:00:00,2024-02-29 00:00:00,롱,18,제자리,제자리
2024-02-29 00:00:00,2024-02-29 06:00:00,숏,23,크게감,깨고하락
2024-02-29 06:00:00,2024-02-29 08:00:00,롱,6,섞임,제자리
2024-02-29 08:00:00,2024-03-01 09:00:00,숏,23,크게감,크게감
2024-03-01 09:00:00,2024-03-01 15:00:00,롱,19,깨고하락,제자리
2024-03-01 15:00:00,2024-03-01 18:00:00,숏,18,제자리,제자리
2024-03-01 18:00:00,2024-03-02 02:00:00,롱,24,섞임,조금감
2024-03-02 02:00:00,2024-03-03 04:00:00,숏,14,섞임,조금감
2024-03-03 04:00:00,2024-03-03 07:00:00,롱,17,크게감,깨고하락
2024-03-03 07:00:00,2024-03-03 12:00:00,숏,18,섞임,깨고하락
2024-03-03 12:00:00,2024-03-05 04:00:00,롱,27,섞임,크게감
2024-03-05 04:00:00,2024-03-06 05:00:00,숏,10,깨고하락,깨고복귀
2024-03-06 05:00:00,2024-03-06 22:00:00,롱,1,깨고하락,제자리
2024-03-06 22:00:00,2024-03-07 10:00:00,숏,8,섞임,제자리
2024-03-07 10:00:00,2024-03-07 23:00:00,롱,8,제자리,조금감
2024-03-07 23:00:00,2024-03-08 11:00:00,숏,23,섞임,제자리
2024-03-08 11:00:00,2024-03-09 00:00:00,롱,18,크게감,깨고복귀
2024-03-09 00:00:00,2024-03-10 01:00:00,숏,25,섞임,제자리
2024-03-10 01:00:00,2024-03-10 14:00:00,롱,18,제자리,조금감
2024-03-10 14:00:00,2024-03-11 07:00:00,숏,19,깨고하락,깨고하락
2024-03-11 07:00:00,2024-03-11 23:00:00,롱,15,섞임,조금감
2024-03-11 23:00:00,2024-03-13 02:00:00,숏,13,깨고하락,깨고복귀
2024-03-13 02:00:00,2024-03-13 14:00:00,롱,2,섞임,조금감
2024-03-13 14:00:00,2024-03-13 18:00:00,숏,17,섞임,제자리
2024-03-13 18:00:00,2024-03-13 22:00:00,롱,18,크게감,제자리
2024-03-13 22:00:00,2024-03-15 00:00:00,숏,23,섞임,깨고복귀
2024-03-15 00:00:00,2024-03-15 02:00:00,롱,10,깨고하락,깨고하락
2024-03-15 02:00:00,2024-03-15 14:00:00,숏,18,제자리,크게감
2024-03-15 14:00:00,2024-03-16 11:00:00,롱,10,깨고하락,조금감
2024-03-16 11:00:00,2024-03-17 05:00:00,숏,8,섞임,크게감
2024-03-17 05:00:00,2024-03-17 06:00:00,롱,10,깨고하락,제자리
2024-03-17 06:00:00,2024-03-17 08:00:00,숏,9,제자리,깨고하락
2024-03-17 08:00:00,2024-03-18 09:00:00,롱,20,섞임,크게감
2024-03-18 09:00:00,2024-03-19 16:00:00,숏,10,깨고하락,크게감
2024-03-19 16:00:00,2024-03-19 23:00:00,롱,1,깨고하락,깨고하락
2024-03-19 23:00:00,2024-03-20 07:00:00,숏,9,제자리,제자리
2024-03-20 07:00:00,2024-03-21 07:00:00,롱,26,크게감,크게감
2024-03-21 07:00:00,2024-03-22 05:00:00,숏,10,깨고하락,조금감
2024-03-22 05:00:00,2024-03-22 09:00:00,롱,5,제자리,제자리
2024-03-22 09:00:00,2024-03-23 00:00:00,숏,18,제자리,크게감
2024-03-23 00:00:00,2024-03-23 23:00:00,롱,19,깨고하락,크게감
2024-03-23 23:00:00,2024-03-24 08:00:00,숏,5,섞임,제자리
2024-03-24 08:00:00,2024-03-25 08:00:00,롱,9,섞임,크게감
2024-03-25 08:00:00,2024-03-25 14:00:00,숏,10,깨고하락,깨고하락
2024-03-25 14:00:00,2024-03-26 00:00:00,롱,9,제자리,조금감
2024-03-26 00:00:00,2024-03-28 00:00:00,숏,19,깨고하락,깨고복귀
2024-03-28 00:00:00,2024-03-28 20:00:00,롱,8,섞임,조금감
2024-03-28 20:00:00,2024-03-29 23:00:00,숏,10,깨고하락,조금감
2024-03-29 23:00:00,2024-03-30 19:00:00,롱,4,깨고하락,제자리
2024-03-30 19:00:00,2024-03-31 02:00:00,숏,8,제자리,제자리
2024-03-31 02:00:00,2024-04-01 03:00:00,롱,14,섞임,크게감
2024-04-01 03:00:00,2024-04-01 20:00:00,숏,19,깨고하락,크게감
2024-04-01 20:00:00,2024-04-02 02:00:00,롱,10,깨고하락,깨고하락
2024-04-02 02:00:00,2024-04-02 18:00:00,숏,18,제자리,조금감
2024-04-02 18:00:00,2024-04-04 03:00:00,롱,19,깨고하락,깨고하락
2024-04-04 03:00:00,2024-04-04 07:00:00,숏,8,제자리,제자리
2024-04-04 07:00:00,2024-04-05 02:00:00,롱,17,크게감,크게감
2024-04-05 02:00:00,2024-04-05 15:00:00,숏,19,깨고하락,조금감
2024-04-05 15:00:00,2024-04-05 19:00:00,롱,5,제자리,제자리
2024-04-05 19:00:00,2024-04-05 23:00:00,숏,27,크게감,제자리
2024-04-05 23:00:00,2024-04-06 02:00:00,롱,27,크게감,조금감
2024-04-06 02:00:00,2024-04-06 03:00:00,숏,14,섞임,제자리
2024-04-06 03:00:00,2024-04-06 04:00:00,롱,24,크게감,제자리
2024-04-06 04:00:00,2024-04-06 05:00:00,숏,1,깨고하락,깨고하락
2024-04-06 05:00:00,2024-04-06 10:00:00,롱,18,제자리,조금감
2024-04-06 10:00:00,2024-04-06 16:00:00,숏,13,깨고하락,깨고하락
2024-04-06 16:00:00,2024-04-07 10:00:00,롱,18,크게감,크게감
2024-04-07 10:00:00,2024-04-07 16:00:00,숏,19,깨고하락,깨고하락
2024-04-07 16:00:00,2024-04-07 18:00:00,롱,9,제자리,제자리
2024-04-07 18:00:00,2024-04-08 07:00:00,숏,23,섞임,깨고하락
2024-04-08 07:00:00,2024-04-08 19:00:00,롱,15,섞임,크게감
2024-04-08 19:00:00,2024-04-10 01:00:00,숏,19,깨고하락,크게감
2024-04-10 01:00:00,2024-04-10 02:00:00,롱,1,깨고하락,제자리
2024-04-10 02:00:00,2024-04-10 03:00:00,숏,8,제자리,제자리
2024-04-10 03:00:00,2024-04-10 12:00:00,롱,14,섞임,깨고하락
2024-04-10 12:00:00,2024-04-10 16:00:00,숏,6,섞임,깨고하락
2024-04-10 16:00:00,2024-04-11 11:00:00,롱,15,섞임,크게감
2024-04-11 11:00:00,2024-04-12 03:00:00,숏,10,깨고하락,제자리
2024-04-12 03:00:00,2024-04-12 12:00:00,롱,6,제자리,제자리
2024-04-12 12:00:00,2024-04-13 05:00:00,숏,23,크게감,크게감
2024-04-13 05:00:00,2024-04-13 19:00:00,롱,10,깨고하락,깨고하락
2024-04-13 19:00:00,2024-04-14 06:00:00,숏,9,제자리,크게감
2024-04-14 06:00:00,2024-04-15 14:00:00,롱,19,깨고하락,조금감
2024-04-15 14:00:00,2024-04-16 07:00:00,숏,8,섞임,조금감
2024-04-16 07:00:00,2024-04-16 14:00:00,롱,1,깨고하락,깨고하락
2024-04-16 14:00:00,2024-04-16 17:00:00,숏,9,제자리,제자리
2024-04-16 17:00:00,2024-04-17 09:00:00,롱,23,크게감,크게감
2024-04-17 09:00:00,2024-04-18 00:00:00,숏,19,깨고하락,크게감
2024-04-18 00:00:00,2024-04-19 01:00:00,롱,10,깨고하락,크게감
2024-04-19 01:00:00,2024-04-19 06:00:00,숏,2,섞임,깨고하락
2024-04-19 06:00:00,2024-04-19 18:00:00,롱,15,섞임,제자리
2024-04-19 18:00:00,2024-04-20 15:00:00,숏,13,깨고하락,조금감
2024-04-20 15:00:00,2024-04-21 08:00:00,롱,5,섞임,조금감
2024-04-21 08:00:00,2024-04-22 03:00:00,숏,10,깨고하락,깨고하락
2024-04-22 03:00:00,2024-04-23 03:00:00,롱,6,섞임,크게감
2024-04-23 03:00:00,2024-04-23 16:00:00,숏,10,깨고하락,조금감
2024-04-23 16:00:00,2024-04-23 20:00:00,롱,8,제자리,제자리
2024-04-23 20:00:00,2024-04-24 04:00:00,숏,17,섞임,깨고하락
2024-04-24 04:00:00,2024-04-24 08:00:00,롱,24,크게감,제자리
2024-04-24 08:00:00,2024-04-25 04:00:00,숏,23,크게감,크게감
2024-04-25 04:00:00,2024-04-25 10:00:00,롱,19,깨고하락,깨고하락
2024-04-25 10:00:00,2024-04-25 11:00:00,숏,9,제자리,제자리
2024-04-25 11:00:00,2024-04-25 12:00:00,롱,23,섞임,깨고하락
2024-04-25 12:00:00,2024-04-25 15:00:00,숏,5,섞임,크게감
2024-04-25 15:00:00,2024-04-26 11:00:00,롱,15,섞임,크게감
2024-04-26 11:00:00,2024-04-26 13:00:00,숏,10,깨고하락,조금감
2024-04-26 13:00:00,2024-04-26 14:00:00,롱,9,크게감,제자리
2024-04-26 14:00:00,2024-04-27 12:00:00,숏,24,섞임,크게감
2024-04-27 12:00:00,2024-04-28 11:00:00,롱,10,깨고하락,크게감
2024-04-28 11:00:00,2024-04-28 18:00:00,숏,4,섞임,제자리
2024-04-28 18:00:00,2024-04-28 19:00:00,롱,8,제자리,제자리
2024-04-28 19:00:00,2024-04-29 14:00:00,숏,26,크게감,크게감
2024-04-29 14:00:00,2024-04-30 07:00:00,롱,10,깨고하락,크게감
2024-04-30 07:00:00,2024-05-01 01:00:00,숏,1,깨고하락,크게감
2024-05-01 01:00:00,2024-05-01 07:00:00,롱,10,깨고하락,깨고하락
2024-05-01 07:00:00,2024-05-01 18:00:00,숏,9,제자리,제자리
2024-05-01 18:00:00,2024-05-03 07:00:00,롱,19,깨고하락,조금감
2024-05-03 07:00:00,2024-05-03 12:00:00,숏,1,깨고하락,깨고하락
2024-05-03 12:00:00,2024-05-04 06:00:00,롱,18,제자리,크게감
2024-05-04 06:00:00,2024-05-04 12:00:00,숏,10,깨고하락,깨고하락
2024-05-04 12:00:00,2024-05-04 13:00:00,롱,8,제자리,제자리
2024-05-04 13:00:00,2024-05-05 14:00:00,숏,26,크게감,깨고하락
2024-05-05 14:00:00,2024-05-05 19:00:00,롱,11,섞임,조금감
2024-05-05 19:00:00,2024-05-06 07:00:00,숏,26,크게감,제자리
2024-05-06 07:00:00,2024-05-06 12:00:00,롱,18,크게감,깨고하락
2024-05-06 12:00:00,2024-05-07 01:00:00,숏,24,섞임,조금감
2024-05-07 01:00:00,2024-05-07 03:00:00,롱,23,섞임,제자리
2024-05-07 03:00:00,2024-05-07 04:00:00,숏,9,섞임,제자리
2024-05-07 04:00:00,2024-05-07 13:00:00,롱,13,깨고하락,크게감
2024-05-07 13:00:00,2024-05-07 14:00:00,숏,11,깨고하락,제자리
2024-05-07 14:00:00,2024-05-07 17:00:00,롱,6,섞임,조금감
2024-05-07 17:00:00,2024-05-08 13:00:00,숏,2,섞임,크게감
2024-05-08 13:00:00,2024-05-08 20:00:00,롱,10,깨고하락,깨고하락
2024-05-08 20:00:00,2024-05-09 05:00:00,숏,9,제자리,조금감
2024-05-09 05:00:00,2024-05-09 10:00:00,롱,10,깨고하락,깨고하락
2024-05-09 10:00:00,2024-05-09 12:00:00,숏,9,제자리,제자리
2024-05-09 12:00:00,2024-05-10 13:00:00,롱,24,크게감,크게감
2024-05-10 13:00:00,2024-05-11 05:00:00,숏,10,깨고하락,크게감
2024-05-11 05:00:00,2024-05-13 02:00:00,롱,1,깨고하락,조금감
2024-05-13 02:00:00,2024-05-13 07:00:00,숏,5,제자리,깨고하락
2024-05-13 07:00:00,2024-05-13 22:00:00,롱,9,제자리,크게감
2024-05-13 22:00:00,2024-05-15 01:00:00,숏,19,깨고하락,크게감
2024-05-15 01:00:00,2024-05-16 04:00:00,롱,4,깨고하락,크게감
2024-05-16 04:00:00,2024-05-17 07:00:00,숏,10,깨고하락,깨고하락
2024-05-17 07:00:00,2024-05-18 00:00:00,롱,8,제자리,조금감
2024-05-18 00:00:00,2024-05-19 03:00:00,숏,13,섞임,제자리
2024-05-19 03:00:00,2024-05-19 06:00:00,롱,8,제자리,제자리
2024-05-19 06:00:00,2024-05-19 07:00:00,숏,27,크게감,깨고하락
2024-05-19 07:00:00,2024-05-19 12:00:00,롱,27,크게감,깨고하락
2024-05-19 12:00:00,2024-05-20 03:00:00,숏,15,섞임,크게감
2024-05-20 03:00:00,2024-05-21 09:00:00,롱,10,깨고하락,크게감
2024-05-21 09:00:00,2024-05-22 15:00:00,숏,10,깨고하락,조금감
2024-05-22 15:00:00,2024-05-22 18:00:00,롱,8,제자리,제자리
2024-05-22 18:00:00,2024-05-23 06:00:00,숏,9,제자리,조금감
2024-05-23 06:00:00,2024-05-23 13:00:00,롱,23,크게감,깨고하락
2024-05-23 13:00:00,2024-05-24 02:00:00,숏,18,섞임,크게감
2024-05-24 02:00:00,2024-05-24 06:00:00,롱,19,깨고하락,제자리
2024-05-24 06:00:00,2024-05-24 09:00:00,숏,9,제자리,제자리
2024-05-24 09:00:00,2024-05-25 15:00:00,롱,23,크게감,크게감
2024-05-25 15:00:00,2024-05-27 02:00:00,숏,10,깨고하락,조금감
2024-05-27 02:00:00,2024-05-27 05:00:00,롱,8,제자리,제자리
2024-05-27 05:00:00,2024-05-27 13:00:00,숏,27,크게감,제자리
2024-05-27 13:00:00,2024-05-28 00:00:00,롱,24,크게감,크게감
2024-05-28 00:00:00,2024-05-28 19:00:00,숏,10,깨고하락,크게감
2024-05-28 19:00:00,2024-05-29 08:00:00,롱,10,깨고하락,제자리
2024-05-29 08:00:00,2024-05-29 23:00:00,숏,5,섞임,조금감
2024-05-29 23:00:00,2024-05-30 23:00:00,롱,22,크게감,크게감
2024-05-30 23:00:00,2024-06-01 02:00:00,숏,10,깨고하락,크게감
2024-06-01 02:00:00,2024-06-02 08:00:00,롱,10,섞임,제자리
2024-06-02 08:00:00,2024-06-02 11:00:00,숏,17,제자리,깨고하락
2024-06-02 11:00:00,2024-06-02 18:00:00,롱,18,섞임,조금감
2024-06-02 18:00:00,2024-06-03 01:00:00,숏,11,깨고하락,깨고하락
2024-06-03 01:00:00,2024-06-03 19:00:00,롱,18,크게감,크게감
2024-06-03 19:00:00,2024-06-04 14:00:00,숏,19,깨고하락,조금감
2024-06-04 14:00:00,2024-06-05 08:00:00,롱,8,제자리,크게감
2024-06-05 08:00:00,2024-06-06 14:00:00,숏,19,깨고하락,깨고하락
2024-06-06 14:00:00,2024-06-06 16:00:00,롱,8,제자리,제자리
2024-06-06 16:00:00,2024-06-07 04:00:00,숏,14,섞임,크게감
2024-06-07 04:00:00,2024-06-07 16:00:00,롱,11,섞임,크게감
2024-06-07 16:00:00,2024-06-08 07:00:00,숏,17,섞임,크게감
2024-06-08 07:00:00,2024-06-10 05:00:00,롱,19,깨고하락,제자리
2024-06-10 05:00:00,2024-06-10 15:00:00,숏,8,제자리,깨고하락
2024-06-10 15:00:00,2024-06-10 21:00:00,롱,15,섞임,제자리
2024-06-10 21:00:00,2024-06-11 19:00:00,숏,23,크게감,크게감
2024-06-11 19:00:00,2024-06-12 20:00:00,롱,19,깨고하락,크게감
2024-06-12 20:00:00,2024-06-14 02:00:00,숏,1,깨고하락,조금감
2024-06-14 02:00:00,2024-06-14 16:00:00,롱,16,크게감,깨고하락
2024-06-14 16:00:00,2024-06-15 00:00:00,숏,18,제자리,제자리
2024-06-15 00:00:00,2024-06-16 21:00:00,롱,20,깨고하락,조금감
2024-06-16 21:00:00,2024-06-16 22:00:00,숏,13,크게감,깨고하락
2024-06-16 22:00:00,2024-06-17 01:00:00,롱,9,제자리,깨고하락
2024-06-17 01:00:00,2024-06-17 17:00:00,숏,20,섞임,크게감
2024-06-17 17:00:00,2024-06-18 01:00:00,롱,20,깨고하락,깨고하락
2024-06-18 01:00:00,2024-06-18 21:00:00,숏,15,섞임,조금감
2024-06-18 21:00:00,2024-06-19 14:00:00,롱,22,섞임,제자리
2024-06-19 14:00:00,2024-06-20 00:00:00,숏,5,섞임,제자리
2024-06-20 00:00:00,2024-06-20 14:00:00,롱,14,섞임,깨고하락
2024-06-20 14:00:00,2024-06-21 18:00:00,숏,11,깨고하락,크게감
2024-06-21 18:00:00,2024-06-23 10:00:00,롱,13,깨고하락,제자리
2024-06-23 10:00:00,2024-06-25 00:00:00,숏,4,제자리,크게감
2024-06-25 00:00:00,2024-06-26 05:00:00,롱,10,깨고하락,조금감
2024-06-26 05:00:00,2024-06-27 09:00:00,숏,4,제자리,제자리
2024-06-27 09:00:00,2024-06-28 05:00:00,롱,4,섞임,조금감
2024-06-28 05:00:00,2024-06-29 02:00:00,숏,1,깨고하락,크게감
2024-06-29 02:00:00,2024-06-30 01:00:00,롱,1,깨고하락,조금감
2024-06-30 01:00:00,2024-06-30 07:00:00,숏,8,제자리,깨고하락
2024-06-30 07:00:00,2024-07-01 09:00:00,롱,18,제자리,크게감
2024-07-01 09:00:00,2024-07-03 17:00:00,숏,19,깨고하락,깨고복귀
2024-07-03 17:00:00,2024-07-03 19:00:00,롱,1,깨고하락,제자리
2024-07-03 19:00:00,2024-07-03 21:00:00,숏,9,제자리,제자리
2024-07-03 21:00:00,2024-07-04 01:00:00,롱,20,섞임,깨고하락
2024-07-04 01:00:00,2024-07-04 16:00:00,숏,15,섞임,크게감
2024-07-04 16:00:00,2024-07-05 02:00:00,롱,10,깨고하락,깨고하락
2024-07-05 02:00:00,2024-07-05 12:00:00,숏,9,제자리,조금감
2024-07-05 12:00:00,2024-07-07 04:00:00,롱,19,깨고하락,크게감
2024-07-07 04:00:00,2024-07-08 08:00:00,숏,1,깨고하락,크게감
2024-07-08 08:00:00,2024-07-08 16:00:00,롱,2,깨고하락,제자리
2024-07-08 16:00:00,2024-07-08 19:00:00,숏,5,섞임,제자리
2024-07-08 19:00:00,2024-07-09 14:00:00,롱,27,크게감,크게감
2024-07-09 14:00:00,2024-07-09 16:00:00,숏,22,깨고하락,제자리
2024-07-09 16:00:00,2024-07-10 00:00:00,롱,9,제자리,조금감
2024-07-10 00:00:00,2024-07-10 03:00:00,숏,23,섞임,제자리
2024-07-10 03:00:00,2024-07-10 11:00:00,롱,5,제자리,크게감
2024-07-10 11:00:00,2024-07-11 05:00:00,숏,10,깨고하락,크게감
2024-07-11 05:00:00,2024-07-11 15:00:00,롱,13,깨고하락,크게감
2024-07-11 15:00:00,2024-07-12 10:00:00,숏,2,섞임,조금감
2024-07-12 10:00:00,2024-07-13 20:00:00,롱,22,섞임,크게감
2024-07-13 20:00:00,2024-07-13 22:00:00,숏,1,깨고하락,깨고하락
2024-07-13 22:00:00,2024-07-14 12:00:00,롱,9,제자리,조금감
2024-07-14 12:00:00,2024-07-14 21:00:00,숏,19,깨고하락,깨고하락
2024-07-14 21:00:00,2024-07-15 12:00:00,롱,9,제자리,크게감
2024-07-15 12:00:00,2024-07-15 22:00:00,숏,10,깨고하락,깨고하락
2024-07-15 22:00:00,2024-07-16 05:00:00,롱,9,제자리,제자리
2024-07-16 05:00:00,2024-07-16 16:00:00,숏,23,깨고하락,깨고하락
2024-07-16 16:00:00,2024-07-17 07:00:00,롱,2,섞임,크게감
2024-07-17 07:00:00,2024-07-18 05:00:00,숏,23,크게감,조금감
2024-07-18 05:00:00,2024-07-18 14:00:00,롱,10,깨고하락,깨고하락
2024-07-18 14:00:00,2024-07-19 03:00:00,숏,9,제자리,조금감
2024-07-19 03:00:00,2024-07-20 03:00:00,롱,11,깨고하락,크게감
2024-07-20 03:00:00,2024-07-20 18:00:00,숏,10,깨고하락,깨고하락
2024-07-20 18:00:00,2024-07-20 21:00:00,롱,9,제자리,제자리
2024-07-20 21:00:00,2024-07-21 16:00:00,숏,27,크게감,깨고하락
2024-07-21 16:00:00,2024-07-21 17:00:00,롱,12,깨고하락,깨고하락
2024-07-21 17:00:00,2024-07-21 20:00:00,숏,27,크게감,깨고하락
2024-07-21 20:00:00,2024-07-22 05:00:00,롱,14,섞임,조금감
2024-07-22 05:00:00,2024-07-22 19:00:00,숏,23,섞임,조금감
2024-07-22 19:00:00,2024-07-23 01:00:00,롱,3,섞임,제자리
2024-07-23 01:00:00,2024-07-24 03:00:00,숏,14,섞임,크게감
2024-07-24 03:00:00,2024-07-24 19:00:00,롱,19,깨고하락,조금감
2024-07-24 19:00:00,2024-07-25 14:00:00,숏,5,제자리,크게감
2024-07-25 14:00:00,2024-07-26 17:00:00,롱,19,깨고하락,크게감
2024-07-26 17:00:00,2024-07-27 13:00:00,숏,1,깨고하락,깨고하락
2024-07-27 13:00:00,2024-07-27 17:00:00,롱,9,제자리,제자리
2024-07-27 17:00:00,2024-07-28 13:00:00,숏,23,크게감,크게감
2024-07-28 13:00:00,2024-07-28 15:00:00,롱,13,섞임,제자리
2024-07-28 15:00:00,2024-07-28 17:00:00,숏,17,제자리,제자리
2024-07-28 17:00:00,2024-07-29 14:00:00,롱,27,크게감,크게감
2024-07-29 14:00:00,2024-07-30 08:00:00,숏,10,깨고하락,크게감
2024-07-30 08:00:00,2024-07-30 14:00:00,롱,1,깨고하락,깨고하락
2024-07-30 14:00:00,2024-07-30 15:00:00,숏,9,제자리,제자리
2024-07-30 15:00:00,2024-07-30 17:00:00,롱,23,크게감,조금감
2024-07-30 17:00:00,2024-07-30 20:00:00,숏,2,섞임,크게감
2024-07-30 20:00:00,2024-07-31 19:00:00,롱,5,섞임,깨고하락
2024-07-31 19:00:00,2024-08-01 09:00:00,숏,15,섞임,크게감
2024-08-01 09:00:00,2024-08-01 15:00:00,롱,10,깨고하락,깨고하락
2024-08-01 15:00:00,2024-08-01 20:00:00,숏,9,제자리,제자리
2024-08-01 20:00:00,2024-08-02 14:00:00,롱,24,섞임,조금감
2024-08-02 14:00:00,2024-08-03 07:00:00,숏,11,깨고하락,크게감
2024-08-03 07:00:00,2024-08-03 17:00:00,롱,1,깨고하락,깨고하락
2024-08-03 17:00:00,2024-08-03 23:00:00,숏,9,제자리,제자리
2024-08-03 23:00:00,2024-08-04 15:00:00,롱,23,크게감,깨고하락
2024-08-04 15:00:00,2024-08-05 14:00:00,숏,18,크게감,크게감
2024-08-05 14:00:00,2024-08-07 00:00:00,롱,19,깨고하락,조금감
2024-08-07 00:00:00,2024-08-07 01:00:00,숏,4,깨고하락,제자리
2024-08-07 01:00:00,2024-08-07 12:00:00,롱,9,제자리,제자리
2024-08-07 12:00:00,2024-08-08 02:00:00,숏,19,깨고하락,크게감
2024-08-08 02:00:00,2024-08-09 05:00:00,롱,11,깨고하락,크게감
2024-08-09 05:00:00,2024-08-10 19:00:00,숏,10,깨고하락,제자리
2024-08-10 19:00:00,2024-08-11 04:00:00,롱,8,제자리,제자리
2024-08-11 04:00:00,2024-08-11 07:00:00,숏,26,크게감,제자리
2024-08-11 07:00:00,2024-08-11 10:00:00,롱,18,섞임,크게감
2024-08-11 10:00:00,2024-08-12 10:00:00,숏,23,섞임,크게감
2024-08-12 10:00:00,2024-08-13 09:00:00,롱,19,깨고하락,조금감
2024-08-13 09:00:00,2024-08-13 13:00:00,숏,4,제자리,제자리
2024-08-13 13:00:00,2024-08-14 06:00:00,롱,8,섞임,크게감
2024-08-14 06:00:00,2024-08-15 10:00:00,숏,19,깨고하락,깨고복귀
2024-08-15 10:00:00,2024-08-15 19:00:00,롱,1,깨고하락,깨고하락
2024-08-15 19:00:00,2024-08-16 03:00:00,숏,9,제자리,제자리
2024-08-16 03:00:00,2024-08-17 10:00:00,롱,23,크게감,크게감
2024-08-17 10:00:00,2024-08-17 16:00:00,숏,22,크게감,제자리
2024-08-17 16:00:00,2024-08-17 18:00:00,롱,8,제자리,제자리
2024-08-17 18:00:00,2024-08-18 02:00:00,숏,23,크게감,깨고하락
2024-08-18 02:00:00,2024-08-18 03:00:00,롱,27,크게감,제자리
2024-08-18 03:00:00,2024-08-18 09:00:00,숏,11,섞임,제자리
2024-08-18 09:00:00,2024-08-18 16:00:00,롱,1,깨고하락,조금감
2024-08-18 16:00:00,2024-08-19 14:00:00,숏,17,섞임,크게감
2024-08-19 14:00:00,2024-08-20 13:00:00,롱,10,깨고하락,크게감
2024-08-20 13:00:00,2024-08-21 06:00:00,숏,1,깨고하락,크게감
2024-08-21 06:00:00,2024-08-22 03:00:00,롱,4,깨고하락,크게감
2024-08-22 03:00:00,2024-08-22 10:00:00,숏,1,깨고하락,제자리
2024-08-22 10:00:00,2024-08-22 12:00:00,롱,18,제자리,제자리
2024-08-22 12:00:00,2024-08-23 05:00:00,숏,23,크게감,크게감
2024-08-23 05:00:00,2024-08-24 07:00:00,롱,1,깨고하락,크게감
2024-08-24 07:00:00,2024-08-25 21:00:00,숏,10,깨고하락,제자리
2024-08-25 21:00:00,2024-08-26 00:00:00,롱,8,제자리,제자리
2024-08-26 00:00:00,2024-08-28 09:00:00,숏,23,섞임,크게감
2024-08-28 09:00:00,2024-08-29 19:00:00,롱,19,깨고하락,깨고하락
2024-08-29 19:00:00,2024-08-30 09:00:00,숏,8,제자리,제자리
2024-08-30 09:00:00,2024-08-30 14:00:00,롱,26,크게감,깨고하락
2024-08-30 14:00:00,2024-08-30 21:00:00,숏,27,크게감,조금감
2024-08-30 21:00:00,2024-08-31 09:00:00,롱,10,깨고하락,제자리
2024-08-31 09:00:00,2024-08-31 10:00:00,숏,8,크게감,제자리
2024-08-31 10:00:00,2024-08-31 16:00:00,롱,27,크게감,제자리
2024-08-31 16:00:00,2024-08-31 22:00:00,숏,11,깨고하락,크게감
2024-08-31 22:00:00,2024-09-01 01:00:00,롱,17,크게감,제자리
2024-09-01 01:00:00,2024-09-01 17:00:00,숏,27,크게감,크게감
2024-09-01 17:00:00,2024-09-01 22:00:00,롱,19,깨고하락,조금감
2024-09-01 22:00:00,2024-09-02 06:00:00,숏,9,제자리,제자리
2024-09-02 06:00:00,2024-09-03 06:00:00,롱,10,깨고하락,크게감
2024-09-03 06:00:00,2024-09-04 12:00:00,숏,10,깨고하락,크게감
2024-09-04 12:00:00,2024-09-05 03:00:00,롱,1,깨고하락,조금감
2024-09-05 03:00:00,2024-09-06 01:00:00,숏,5,제자리,조금감
2024-09-06 01:00:00,2024-09-06 08:00:00,롱,4,깨고하락,깨고하락
2024-09-06 08:00:00,2024-09-06 12:00:00,숏,9,제자리,깨고하락
2024-09-06 12:00:00,2024-09-06 14:00:00,롱,27,크게감,깨고하락
2024-09-06 14:00:00,2024-09-07 02:00:00,숏,24,크게감,크게감
2024-09-07 02:00:00,2024-09-08 15:00:00,롱,19,깨고하락,조금감
2024-09-08 15:00:00,2024-09-08 18:00:00,숏,8,섞임,제자리
2024-09-08 18:00:00,2024-09-10 03:00:00,롱,18,크게감,크게감
2024-09-10 03:00:00,2024-09-10 19:00:00,숏,19,깨고하락,제자리
2024-09-10 19:00:00,2024-09-11 01:00:00,롱,9,제자리,제자리
2024-09-11 01:00:00,2024-09-11 16:00:00,숏,27,크게감,크게감
2024-09-11 16:00:00,2024-09-12 11:00:00,롱,11,깨고하락,조금감
2024-09-12 11:00:00,2024-09-12 19:00:00,숏,10,깨고하락,깨고하락
2024-09-12 19:00:00,2024-09-12 21:00:00,롱,9,제자리,제자리
2024-09-12 21:00:00,2024-09-13 14:00:00,숏,27,크게감,깨고하락
2024-09-13 14:00:00,2024-09-14 05:00:00,롱,24,섞임,크게감
2024-09-14 05:00:00,2024-09-15 15:00:00,숏,10,깨고하락,제자리
2024-09-15 15:00:00,2024-09-15 16:00:00,롱,8,제자리,제자리
2024-09-15 16:00:00,2024-09-16 11:00:00,숏,27,크게감,크게감
2024-09-16 11:00:00,2024-09-16 14:00:00,롱,19,깨고하락,깨고하락
2024-09-16 14:00:00,2024-09-16 22:00:00,숏,9,제자리,제자리
2024-09-16 22:00:00,2024-09-18 01:00:00,롱,19,깨고하락,크게감
2024-09-18 01:00:00,2024-09-18 21:00:00,숏,10,깨고하락,깨고하락
2024-09-18 21:00:00,2024-09-19 20:00:00,롱,8,제자리,크게감
2024-09-19 20:00:00,2024-09-21 11:00:00,숏,19,깨고하락,깨고하락
2024-09-21 11:00:00,2024-09-21 21:00:00,롱,8,제자리,제자리
2024-09-21 21:00:00,2024-09-21 23:00:00,숏,17,섞임,깨고하락
2024-09-21 23:00:00,2024-09-22 01:00:00,롱,18,크게감,깨고하락
2024-09-22 01:00:00,2024-09-22 17:00:00,숏,24,크게감,크게감
2024-09-22 17:00:00,2024-09-23 09:00:00,롱,11,깨고하락,깨고복귀
2024-09-23 09:00:00,2024-09-24 07:00:00,숏,10,깨고하락,조금감
2024-09-24 07:00:00,2024-09-24 15:00:00,롱,17,섞임,제자리
2024-09-24 15:00:00,2024-09-24 17:00:00,숏,14,섞임,깨고하락
2024-09-24 17:00:00,2024-09-25 06:00:00,롱,27,크게감,크게감
2024-09-25 06:00:00,2024-09-26 04:00:00,숏,19,깨고하락,크게감
2024-09-26 04:00:00,2024-09-27 02:00:00,롱,1,깨고하락,크게감
2024-09-27 02:00:00,2024-09-27 03:00:00,숏,10,깨고하락,제자리
2024-09-27 03:00:00,2024-09-27 04:00:00,롱,8,제자리,제자리
2024-09-27 04:00:00,2024-09-27 08:00:00,숏,1,깨고하락,깨고하락
2024-09-27 08:00:00,2024-09-27 11:00:00,롱,9,제자리,조금감
2024-09-27 11:00:00,2024-09-27 14:00:00,숏,23,섞임,깨고하락
2024-09-27 14:00:00,2024-09-27 18:00:00,롱,27,크게감,제자리
2024-09-27 18:00:00,2024-09-29 01:00:00,숏,22,깨고하락,조금감
2024-09-29 01:00:00,2024-09-29 05:00:00,롱,14,크게감,제자리
2024-09-29 05:00:00,2024-09-29 13:00:00,숏,17,섞임,제자리
2024-09-29 13:00:00,2024-09-29 23:00:00,롱,23,섞임,크게감
2024-09-29 23:00:00,2024-09-30 20:00:00,숏,14,섞임,크게감
2024-09-30 20:00:00,2024-10-01 13:00:00,롱,10,깨고하락,깨고하락
2024-10-01 13:00:00,2024-10-02 03:00:00,숏,9,제자리,크게감
2024-10-02 03:00:00,2024-10-02 19:00:00,롱,10,깨고하락,깨고하락
2024-10-02 19:00:00,2024-10-02 21:00:00,숏,9,제자리,제자리
2024-10-02 21:00:00,2024-10-02 23:00:00,롱,26,크게감,제자리
2024-10-02 23:00:00,2024-10-03 00:00:00,숏,27,크게감,깨고하락
2024-10-03 00:00:00,2024-10-03 12:00:00,롱,18,섞임,깨고하락
2024-10-03 12:00:00,2024-10-03 18:00:00,숏,11,섞임,조금감
2024-10-03 18:00:00,2024-10-05 01:00:00,롱,14,섞임,크게감
2024-10-05 01:00:00,2024-10-06 10:00:00,숏,19,깨고하락,제자리
2024-10-06 10:00:00,2024-10-07 09:00:00,롱,8,제자리,크게감
2024-10-07 09:00:00,2024-10-07 16:00:00,숏,10,깨고하락,깨고하락
2024-10-07 16:00:00,2024-10-07 18:00:00,롱,5,제자리,제자리
2024-10-07 18:00:00,2024-10-08 13:00:00,숏,27,크게감,조금감
2024-10-08 13:00:00,2024-10-08 18:00:00,롱,10,깨고하락,깨고하락
2024-10-08 18:00:00,2024-10-09 01:00:00,숏,6,제자리,제자리
2024-10-09 01:00:00,2024-10-09 12:00:00,롱,26,크게감,깨고하락
2024-10-09 12:00:00,2024-10-10 05:00:00,숏,6,섞임,크게감
2024-10-10 05:00:00,2024-10-10 17:00:00,롱,10,깨고하락,깨고하락
2024-10-10 17:00:00,2024-10-10 23:00:00,숏,9,제자리,조금감
2024-10-10 23:00:00,2024-10-12 03:00:00,롱,20,크게감,크게감
2024-10-12 03:00:00,2024-10-13 21:00:00,숏,10,깨고하락,깨고하락
2024-10-13 21:00:00,2024-10-15 00:00:00,롱,8,제자리,크게감
2024-10-15 00:00:00,2024-10-15 13:00:00,숏,19,깨고하락,깨고하락
2024-10-15 13:00:00,2024-10-15 14:00:00,롱,9,제자리,깨고하락
2024-10-15 14:00:00,2024-10-15 16:00:00,숏,12,섞임,조금감
2024-10-15 16:00:00,2024-10-15 21:00:00,롱,1,깨고하락,제자리
2024-10-15 21:00:00,2024-10-15 23:00:00,숏,5,섞임,제자리
2024-10-15 23:00:00,2024-10-16 04:00:00,롱,18,크게감,조금감
2024-10-16 04:00:00,2024-10-16 10:00:00,숏,22,섞임,깨고하락
2024-10-16 10:00:00,2024-10-16 14:00:00,롱,18,제자리,크게감
2024-10-16 14:00:00,2024-10-17 23:00:00,숏,23,섞임,크게감
2024-10-17 23:00:00,2024-10-18 12:00:00,롱,26,크게감,크게감
2024-10-18 12:00:00,2024-10-18 13:00:00,숏,14,섞임,제자리
2024-10-18 13:00:00,2024-10-18 22:00:00,롱,18,크게감,크게감
2024-10-18 22:00:00,2024-10-19 23:00:00,숏,10,깨고하락,제자리
2024-10-19 23:00:00,2024-10-20 00:00:00,롱,8,섞임,제자리
2024-10-20 00:00:00,2024-10-20 06:00:00,숏,26,크게감,조금감
2024-10-20 06:00:00,2024-10-21 06:00:00,롱,11,깨고하락,크게감
2024-10-21 06:00:00,2024-10-22 04:00:00,숏,10,깨고하락,크게감
2024-10-22 04:00:00,2024-10-22 08:00:00,롱,10,깨고하락,제자리
2024-10-22 08:00:00,2024-10-22 11:00:00,숏,9,제자리,제자리
2024-10-22 11:00:00,2024-10-22 12:00:00,롱,14,섞임,제자리
2024-10-22 12:00:00,2024-10-22 14:00:00,숏,18,크게감,깨고하락
2024-10-22 14:00:00,2024-10-23 05:00:00,롱,18,섞임,조금감
2024-10-23 05:00:00,2024-10-23 20:00:00,숏,2,섞임,크게감
2024-10-23 20:00:00,2024-10-25 02:00:00,롱,10,깨고하락,크게감
2024-10-25 02:00:00,2024-10-25 13:00:00,숏,10,깨고하락,조금감
2024-10-25 13:00:00,2024-10-25 15:00:00,롱,9,제자리,제자리
2024-10-25 15:00:00,2024-10-26 06:00:00,숏,24,크게감,크게감
2024-10-26 06:00:00,2024-10-28 03:00:00,롱,10,깨고하락,조금감
2024-10-28 03:00:00,2024-10-28 07:00:00,숏,4,섞임,깨고하락
2024-10-28 07:00:00,2024-10-29 12:00:00,롱,9,제자리,크게감
2024-10-29 12:00:00,2024-10-29 13:00:00,숏,19,깨고하락,깨고하락
2024-10-29 13:00:00,2024-10-29 21:00:00,롱,8,제자리,조금감
2024-10-29 21:00:00,2024-11-01 10:00:00,숏,10,깨고하락,크게감
2024-11-01 10:00:00,2024-11-01 19:00:00,롱,10,깨고하락,깨고하락
2024-11-01 19:00:00,2024-11-01 23:00:00,숏,5,제자리,제자리
2024-11-01 23:00:00,2024-11-02 14:00:00,롱,26,크게감,제자리
2024-11-02 14:00:00,2024-11-02 15:00:00,숏,24,크게감,제자리
2024-11-02 15:00:00,2024-11-03 00:00:00,롱,26,크게감,조금감
2024-11-03 00:00:00,2024-11-03 17:00:00,숏,15,섞임,크게감
2024-11-03 17:00:00,2024-11-04 11:00:00,롱,10,깨고하락,크게감
2024-11-04 11:00:00,2024-11-04 12:00:00,숏,1,깨고하락,제자리
2024-11-04 12:00:00,2024-11-04 13:00:00,롱,17,제자리,깨고하락
2024-11-04 13:00:00,2024-11-05 02:00:00,숏,21,섞임,크게감
2024-11-05 02:00:00,2024-11-05 23:00:00,롱,10,깨고하락,크게감
2024-11-05 23:00:00,2024-11-06 00:00:00,숏,10,깨고하락,깨고하락
2024-11-06 00:00:00,2024-11-06 14:00:00,롱,9,제자리,크게감
2024-11-06 14:00:00,2024-11-06 19:00:00,숏,10,깨고하락,깨고하락
2024-11-06 19:00:00,2024-11-06 23:00:00,롱,9,제자리,제자리
2024-11-06 23:00:00,2024-11-07 17:00:00,숏,26,크게감,깨고하락
2024-11-07 17:00:00,2024-11-07 22:00:00,롱,12,섞임,조금감
2024-11-07 22:00:00,2024-11-08 18:00:00,숏,23,크게감,깨고하락
2024-11-08 18:00:00,2024-11-08 22:00:00,롱,27,크게감,조금감
2024-11-08 22:00:00,2024-11-09 23:00:00,숏,23,크게감,조금감
2024-11-09 23:00:00,2024-11-10 20:00:00,롱,14,크게감,크게감
2024-11-10 20:00:00,2024-11-11 01:00:00,숏,10,깨고하락,깨고하락
2024-11-11 01:00:00,2024-11-11 06:00:00,롱,9,제자리,제자리
2024-11-11 06:00:00,2024-11-11 11:00:00,숏,23,크게감,깨고하락
2024-11-11 11:00:00,2024-11-11 13:00:00,롱,18,크게감,제자리
2024-11-11 13:00:00,2024-11-11 14:00:00,숏,26,크게감,깨고하락
2024-11-11 14:00:00,2024-11-12 08:00:00,롱,15,섞임,크게감
2024-11-12 08:00:00,2024-11-13 13:00:00,숏,10,깨고하락,크게감
2024-11-13 13:00:00,2024-11-13 21:00:00,롱,5,제자리,조금감
2024-11-13 21:00:00,2024-11-14 11:00:00,숏,11,깨고하락,제자리
2024-11-14 11:00:00,2024-11-14 13:00:00,롱,9,크게감,제자리
2024-11-14 13:00:00,2024-11-15 09:00:00,숏,26,크게감,깨고복귀
2024-11-15 09:00:00,2024-11-16 09:00:00,롱,10,깨고하락,크게감
2024-11-16 09:00:00,2024-11-17 09:00:00,숏,1,깨고하락,조금감
2024-11-17 09:00:00,2024-11-17 14:00:00,롱,5,제자리,제자리
2024-11-17 14:00:00,2024-11-18 01:00:00,숏,18,크게감,크게감
2024-11-18 01:00:00,2024-11-18 13:00:00,롱,23,크게감,크게감
2024-11-18 13:00:00,2024-11-18 15:00:00,숏,11,섞임,깨고하락
2024-11-18 15:00:00,2024-11-18 18:00:00,롱,15,크게감,제자리
2024-11-18 18:00:00,2024-11-18 21:00:00,숏,20,깨고하락,조금감
2024-11-18 21:00:00,2024-11-18 23:00:00,롱,2,섞임,제자리
2024-11-18 23:00:00,2024-11-19 03:00:00,숏,27,크게감,제자리
2024-11-19 03:00:00,2024-11-19 13:00:00,롱,24,크게감,크게감
2024-11-19 13:00:00,2024-11-19 15:00:00,숏,20,섞임,제자리
2024-11-19 15:00:00,2024-11-19 22:00:00,롱,5,섞임,크게감
2024-11-19 22:00:00,2024-11-20 08:00:00,숏,11,섞임,제자리
2024-11-20 08:00:00,2024-11-20 22:00:00,롱,18,크게감,크게감
2024-11-20 22:00:00,2024-11-21 00:00:00,숏,22,깨고하락,깨고하락
2024-11-21 00:00:00,2024-11-21 02:00:00,롱,9,제자리,제자리
2024-11-21 02:00:00,2024-11-21 03:00:00,숏,14,섞임,깨고하락
2024-11-21 03:00:00,2024-11-21 15:00:00,롱,18,제자리,크게감
2024-11-21 15:00:00,2024-11-24 02:00:00,숏,10,깨고하락,깨고하락
2024-11-24 02:00:00,2024-11-24 10:00:00,롱,9,제자리,제자리
2024-11-24 10:00:00,2024-11-24 22:00:00,숏,26,크게감,조금감
2024-11-24 22:00:00,2024-11-25 14:00:00,롱,20,깨고하락,깨고하락
2024-11-25 14:00:00,2024-11-26 05:00:00,숏,15,섞임,크게감
2024-11-26 05:00:00,2024-11-26 08:00:00,롱,10,깨고하락,깨고하락
2024-11-26 08:00:00,2024-11-26 16:00:00,숏,9,제자리,조금감
2024-11-26 16:00:00,2024-11-26 20:00:00,롱,23,섞임,깨고하락
2024-11-26 20:00:00,2024-11-26 23:00:00,숏,15,섞임,제자리
2024-11-26 23:00:00,2024-11-28 03:00:00,롱,26,크게감,크게감
2024-11-28 03:00:00,2024-11-29 01:00:00,숏,19,깨고하락,제자리
2024-11-29 01:00:00,2024-11-29 20:00:00,롱,8,제자리,조금감
2024-11-29 20:00:00,2024-11-30 18:00:00,숏,10,깨고하락,조금감
2024-11-30 18:00:00,2024-11-30 22:00:00,롱,5,섞임,제자리
2024-11-30 22:00:00,2024-12-01 08:00:00,숏,9,섞임,깨고하락
2024-12-01 08:00:00,2024-12-02 03:00:00,롱,21,섞임,크게감
2024-12-02 03:00:00,2024-12-02 15:00:00,숏,14,깨고하락,크게감
2024-12-02 15:00:00,2024-12-02 17:00:00,롱,1,깨고하락,깨고하락
2024-12-02 17:00:00,2024-12-02 20:00:00,숏,9,크게감,제자리
2024-12-02 20:00:00,2024-12-02 21:00:00,롱,13,섞임,제자리
2024-12-02 21:00:00,2024-12-02 23:00:00,숏,9,크게감,제자리
2024-12-02 23:00:00,2024-12-03 09:00:00,롱,23,크게감,조금감
2024-12-03 09:00:00,2024-12-03 16:00:00,숏,11,섞임,크게감
2024-12-03 16:00:00,2024-12-04 13:00:00,롱,10,섞임,크게감
2024-12-04 13:00:00,2024-12-04 19:00:00,숏,23,크게감,깨고하락
2024-12-04 19:00:00,2024-12-05 15:00:00,롱,15,섞임,크게감
2024-12-05 15:00:00,2024-12-06 13:00:00,숏,19,깨고하락,크게감
2024-12-06 13:00:00,2024-12-07 03:00:00,롱,1,깨고하락,조금감
2024-12-07 03:00:00,2024-12-07 18:00:00,숏,5,섞임,제자리
2024-12-07 18:00:00,2024-12-08 04:00:00,롱,8,섞임,제자리
2024-12-08 04:00:00,2024-12-08 13:00:00,숏,14,섞임,깨고하락
2024-12-08 13:00:00,2024-12-09 01:00:00,롱,12,섞임,크게감
2024-12-09 01:00:00,2024-12-09 14:00:00,숏,15,크게감,크게감
2024-12-09 14:00:00,2024-12-09 15:00:00,롱,23,섞임,깨고하락
2024-12-09 15:00:00,2024-12-10 01:00:00,숏,15,크게감,크게감
2024-12-10 01:00:00,2024-12-10 02:00:00,롱,10,깨고하락,제자리
2024-12-10 02:00:00,2024-12-10 05:00:00,숏,9,제자리,제자리
2024-12-10 05:00:00,2024-12-10 16:00:00,롱,10,깨고하락,깨고하락
2024-12-10 16:00:00,2024-12-10 22:00:00,숏,18,크게감,크게감
2024-12-10 22:00:00,2024-12-12 04:00:00,롱,27,크게감,크게감
2024-12-12 04:00:00,2024-12-13 10:00:00,숏,19,깨고하락,깨고복귀
2024-12-13 10:00:00,2024-12-14 09:00:00,롱,8,제자리,조금감
2024-12-14 09:00:00,2024-12-15 01:00:00,숏,10,깨고하락,조금감
2024-12-15 01:00:00,2024-12-16 09:00:00,롱,5,제자리,크게감
2024-12-16 09:00:00,2024-12-16 15:00:00,숏,10,깨고하락,조금감
2024-12-16 15:00:00,2024-12-16 22:00:00,롱,9,제자리,조금감
2024-12-16 22:00:00,2024-12-17 09:00:00,숏,23,크게감,제자리
2024-12-17 09:00:00,2024-12-17 11:00:00,롱,18,크게감,제자리
2024-12-17 11:00:00,2024-12-17 14:00:00,숏,27,크게감,깨고하락
2024-12-17 14:00:00,2024-12-17 15:00:00,롱,24,섞임,깨고하락
2024-12-17 15:00:00,2024-12-18 13:00:00,숏,24,크게감,크게감
2024-12-18 13:00:00,2024-12-18 14:00:00,롱,10,깨고하락,제자리
2024-12-18 14:00:00,2024-12-18 15:00:00,숏,9,제자리,제자리
2024-12-18 15:00:00,2024-12-18 19:00:00,롱,23,크게감,깨고하락
2024-12-18 19:00:00,2024-12-19 06:00:00,숏,15,제자리,크게감
2024-12-19 06:00:00,2024-12-19 17:00:00,롱,10,깨고하락,깨고하락
2024-12-19 17:00:00,2024-12-20 06:00:00,숏,9,제자리,조금감
2024-12-20 06:00:00,2024-12-20 09:00:00,롱,19,깨고하락,깨고하락
2024-12-20 09:00:00,2024-12-20 15:00:00,숏,9,제자리,조금감
2024-12-20 15:00:00,2024-12-21 13:00:00,롱,24,크게감,조금감
2024-12-21 13:00:00,2024-12-22 10:00:00,숏,22,깨고하락,제자리
2024-12-22 10:00:00,2024-12-22 14:00:00,롱,17,크게감,깨고하락
2024-12-22 14:00:00,2024-12-23 03:00:00,숏,18,제자리,크게감
2024-12-23 03:00:00,2024-12-23 15:00:00,롱,10,깨고하락,깨고하락
2024-12-23 15:00:00,2024-12-23 22:00:00,숏,6,섞임,제자리
2024-12-23 22:00:00,2024-12-25 03:00:00,롱,24,크게감,크게감
2024-12-25 03:00:00,2024-12-26 22:00:00,숏,19,깨고하락,깨고복귀
2024-12-26 22:00:00,2024-12-27 15:00:00,롱,4,제자리,깨고하락
2024-12-27 15:00:00,2024-12-28 04:00:00,숏,9,제자리,제자리
2024-12-28 04:00:00,2024-12-29 11:00:00,롱,22,깨고하락,조금감
2024-12-29 11:00:00,2024-12-30 06:00:00,숏,4,섞임,크게감
2024-12-30 06:00:00,2024-12-30 13:00:00,롱,10,깨고하락,깨고하락
2024-12-30 13:00:00,2024-12-30 18:00:00,숏,9,제자리,깨고하락
2024-12-30 18:00:00,2024-12-30 23:00:00,롱,12,섞임,제자리
2024-12-30 23:00:00,2024-12-31 07:00:00,숏,24,크게감,조금감
2024-12-31 07:00:00,2024-12-31 20:00:00,롱,26,크게감,크게감
2024-12-31 20:00:00,2025-01-01 14:00:00,숏,19,깨고하락,제자리
2025-01-01 14:00:00,2025-01-02 22:00:00,롱,8,섞임,크게감
2025-01-02 22:00:00,2025-01-03 16:00:00,숏,10,깨고하락,깨고하락
2025-01-03 16:00:00,2025-01-04 03:00:00,롱,8,제자리,조금감
2025-01-04 03:00:00,2025-01-04 20:00:00,숏,22,크게감,조금감
2025-01-04 20:00:00,2025-01-05 01:00:00,롱,6,섞임,제자리
2025-01-05 01:00:00,2025-01-05 06:00:00,숏,14,크게감,제자리
2025-01-05 06:00:00,2025-01-05 07:00:00,롱,27,크게감,제자리
2025-01-05 07:00:00,2025-01-05 20:00:00,숏,27,크게감,깨고하락
2025-01-05 20:00:00,2025-01-07 02:00:00,롱,11,깨고하락,크게감
2025-01-07 02:00:00,2025-01-08 10:00:00,숏,10,깨고하락,크게감
2025-01-08 10:00:00,2025-01-08 11:00:00,롱,1,깨고하락,깨고하락
2025-01-08 11:00:00,2025-01-08 13:00:00,숏,8,제자리,제자리
2025-01-08 13:00:00,2025-01-08 18:00:00,롱,10,깨고하락,깨고하락
2025-01-08 18:00:00,2025-01-08 21:00:00,숏,9,제자리,제자리
2025-01-08 21:00:00,2025-01-09 08:00:00,롱,26,크게감,깨고하락
2025-01-09 08:00:00,2025-01-09 12:00:00,숏,15,섞임,제자리
2025-01-09 12:00:00,2025-01-09 13:00:00,롱,26,크게감,깨고하락
2025-01-09 13:00:00,2025-01-09 15:00:00,숏,27,크게감,깨고하락
2025-01-09 15:00:00,2025-01-09 19:00:00,롱,24,섞임,제자리
2025-01-09 19:00:00,2025-01-09 23:00:00,숏,12,섞임,조금감
2025-01-09 23:00:00,2025-01-10 16:00:00,롱,14,섞임,크게감
2025-01-10 16:00:00,2025-01-10 17:00:00,숏,10,깨고하락,깨고하락
2025-01-10 17:00:00,2025-01-11 00:00:00,롱,9,크게감,제자리
2025-01-11 00:00:00,2025-01-11 21:00:00,숏,19,깨고하락,조금감
2025-01-11 21:00:00,2025-01-12 06:00:00,롱,5,섞임,제자리
2025-01-12 06:00:00,2025-01-12 14:00:00,숏,15,크게감,크게감
2025-01-12 14:00:00,2025-01-12 21:00:00,롱,21,섞임,조금감
2025-01-12 21:00:00,2025-01-13 00:00:00,숏,24,크게감,깨고하락
2025-01-13 00:00:00,2025-01-13 01:00:00,롱,27,섞임,제자리
2025-01-13 01:00:00,2025-01-13 19:00:00,숏,15,섞임,크게감
2025-01-13 19:00:00,2025-01-14 20:00:00,롱,10,깨고하락,크게감
2025-01-14 20:00:00,2025-01-15 13:00:00,숏,1,깨고하락,깨고하락
2025-01-15 13:00:00,2025-01-16 03:00:00,롱,9,제자리,조금감
2025-01-16 03:00:00,2025-01-16 19:00:00,숏,19,깨고하락,조금감
2025-01-16 19:00:00,2025-01-17 23:00:00,롱,6,섞임,크게감
2025-01-17 23:00:00,2025-01-18 23:00:00,숏,10,깨고하락,조금감
2025-01-18 23:00:00,2025-01-19 00:00:00,롱,8,제자리,제자리
2025-01-19 00:00:00,2025-01-19 01:00:00,숏,17,크게감,제자리
2025-01-19 01:00:00,2025-01-19 10:00:00,롱,14,섞임,깨고복귀
2025-01-19 10:00:00,2025-01-19 19:00:00,숏,10,깨고하락,깨고하락
2025-01-19 19:00:00,2025-01-19 21:00:00,롱,6,섞임,깨고하락
2025-01-19 21:00:00,2025-01-20 06:00:00,숏,24,섞임,깨고하락
2025-01-20 06:00:00,2025-01-20 17:00:00,롱,14,깨고하락,제자리
2025-01-20 17:00:00,2025-01-21 10:00:00,숏,5,깨고하락,조금감
2025-01-21 10:00:00,2025-01-22 04:00:00,롱,1,깨고하락,조금감
2025-01-22 04:00:00,2025-01-23 14:00:00,숏,10,깨고하락,크게감
2025-01-23 14:00:00,2025-01-24 01:00:00,롱,2,깨고하락,조금감
2025-01-24 01:00:00,2025-01-24 04:00:00,숏,2,섞임,제자리
2025-01-24 04:00:00,2025-01-24 20:00:00,롱,18,크게감,크게감
2025-01-24 20:00:00,2025-01-25 15:00:00,숏,19,깨고하락,제자리
2025-01-25 15:00:00,2025-01-26 01:00:00,롱,4,섞임,제자리
2025-01-26 01:00:00,2025-01-26 03:00:00,숏,5,섞임,제자리
2025-01-26 03:00:00,2025-01-26 09:00:00,롱,27,크게감,깨고하락
2025-01-26 09:00:00,2025-01-26 15:00:00,숏,20,섞임,제자리
2025-01-26 15:00:00,2025-01-26 21:00:00,롱,14,섞임,조금감
2025-01-26 21:00:00,2025-01-27 13:00:00,숏,15,섞임,크게감
2025-01-27 13:00:00,2025-01-28 16:00:00,롱,10,깨고하락,조금감
2025-01-28 16:00:00,2025-01-29 05:00:00,숏,4,섞임,조금감
2025-01-29 05:00:00,2025-01-29 13:00:00,롱,5,섞임,제자리
2025-01-29 13:00:00,2025-01-29 18:00:00,숏,14,섞임,제자리
2025-01-29 18:00:00,2025-01-30 12:00:00,롱,18,크게감,깨고복귀
2025-01-30 12:00:00,2025-01-31 15:00:00,숏,19,깨고하락,깨고하락
2025-01-31 15:00:00,2025-01-31 18:00:00,롱,8,제자리,깨고하락
2025-01-31 18:00:00,2025-02-01 12:00:00,숏,18,섞임,조금감
2025-02-01 12:00:00,2025-02-01 22:00:00,롱,19,깨고하락,깨고하락
2025-02-01 22:00:00,2025-02-03 08:00:00,숏,9,제자리,크게감
2025-02-03 08:00:00,2025-02-04 05:00:00,롱,19,깨고하락,크게감
2025-02-04 05:00:00,2025-02-05 11:00:00,숏,1,깨고하락,조금감
2025-02-05 11:00:00,2025-02-05 18:00:00,롱,4,제자리,제자리
2025-02-05 18:00:00,2025-02-06 03:00:00,숏,9,제자리,제자리
2025-02-06 03:00:00,2025-02-06 16:00:00,롱,23,크게감,크게감
2025-02-06 16:00:00,2025-02-07 02:00:00,숏,12,섞임,조금감
2025-02-07 02:00:00,2025-02-07 19:00:00,롱,23,크게감,크게감
2025-02-07 19:00:00,2025-02-08 13:00:00,숏,11,크게감,조금감
2025-02-08 13:00:00,2025-02-09 11:00:00,롱,13,섞임,조금감
2025-02-09 11:00:00,2025-02-10 00:00:00,숏,4,섞임,크게감
2025-02-10 00:00:00,2025-02-10 01:00:00,롱,11,섞임,제자리
2025-02-10 01:00:00,2025-02-10 03:00:00,숏,18,크게감,제자리
2025-02-10 03:00:00,2025-02-10 19:00:00,롱,20,깨고하락,크게감
2025-02-10 19:00:00,2025-02-11 01:00:00,숏,10,깨고하락,제자리
2025-02-11 01:00:00,2025-02-11 03:00:00,롱,9,제자리,제자리
2025-02-11 03:00:00,2025-02-11 04:00:00,숏,27,크게감,깨고하락
2025-02-11 04:00:00,2025-02-11 10:00:00,롱,24,크게감,크게감
2025-02-11 10:00:00,2025-02-12 06:00:00,숏,19,깨고하락,크게감
2025-02-12 06:00:00,2025-02-13 05:00:00,롱,10,깨고하락,깨고복귀
2025-02-13 05:00:00,2025-02-13 21:00:00,숏,4,섞임,조금감
2025-02-13 21:00:00,2025-02-14 22:00:00,롱,14,섞임,크게감
2025-02-14 22:00:00,2025-02-15 02:00:00,숏,10,깨고하락,제자리
2025-02-15 02:00:00,2025-02-15 03:00:00,롱,9,제자리,제자리
2025-02-15 03:00:00,2025-02-17 12:00:00,숏,26,크게감,크게감
2025-02-17 12:00:00,2025-02-17 16:00:00,롱,10,깨고하락,깨고하락
2025-02-17 16:00:00,2025-02-17 21:00:00,숏,6,제자리,제자리
2025-02-17 21:00:00,2025-02-18 07:00:00,롱,27,크게감,제자리
2025-02-18 07:00:00,2025-02-18 10:00:00,숏,24,크게감,조금감
2025-02-18 10:00:00,2025-02-18 16:00:00,롱,27,크게감,깨고하락
2025-02-18 16:00:00,2025-02-18 23:00:00,숏,24,크게감,크게감
2025-02-18 23:00:00,2025-02-20 14:00:00,롱,20,섞임,크게감
2025-02-20 14:00:00,2025-02-20 17:00:00,숏,13,깨고하락,제자리
2025-02-20 17:00:00,2025-02-21 02:00:00,롱,8,제자리,조금감
2025-02-21 02:00:00,2025-02-21 13:00:00,숏,10,깨고하락,깨고하락
2025-02-21 13:00:00,2025-02-21 15:00:00,롱,9,제자리,깨고하락
2025-02-21 15:00:00,2025-02-22 06:00:00,숏,27,크게감,크게감
2025-02-22 06:00:00,2025-02-23 05:00:00,롱,19,깨고하락,제자리
2025-02-23 05:00:00,2025-02-23 07:00:00,숏,8,제자리,제자리
2025-02-23 07:00:00,2025-02-23 09:00:00,롱,26,크게감,제자리
2025-02-23 09:00:00,2025-02-23 21:00:00,숏,15,섞임,크게감
2025-02-23 21:00:00,2025-02-24 04:00:00,롱,10,깨고하락,깨고하락
2025-02-24 04:00:00,2025-02-24 06:00:00,숏,6,섞임,제자리
2025-02-24 06:00:00,2025-02-24 14:00:00,롱,27,크게감,깨고하락
2025-02-24 14:00:00,2025-02-25 20:00:00,숏,27,크게감,크게감
2025-02-25 20:00:00,2025-02-26 15:00:00,롱,19,깨고하락,깨고하락
2025-02-26 15:00:00,2025-02-27 03:00:00,숏,8,제자리,크게감
2025-02-27 03:00:00,2025-02-27 17:00:00,롱,19,깨고하락,조금감
2025-02-27 17:00:00,2025-02-28 12:00:00,숏,5,섞임,크게감
2025-02-28 12:00:00,2025-03-01 11:00:00,롱,19,깨고하락,크게감
2025-03-01 11:00:00,2025-03-01 21:00:00,숏,1,깨고하락,제자리
2025-03-01 21:00:00,2025-03-02 03:00:00,롱,9,제자리,제자리
2025-03-02 03:00:00,2025-03-02 16:00:00,숏,22,크게감,깨고하락
2025-03-02 16:00:00,2025-03-03 04:00:00,롱,18,크게감,크게감
2025-03-03 04:00:00,2025-03-04 11:00:00,숏,19,깨고하락,크게감
2025-03-04 11:00:00,2025-03-06 08:00:00,롱,1,깨고하락,깨고복귀
2025-03-06 08:00:00,2025-03-07 09:00:00,숏,1,깨고하락,크게감
2025-03-07 09:00:00,2025-03-07 17:00:00,롱,4,섞임,제자리
2025-03-07 17:00:00,2025-03-08 10:00:00,숏,5,제자리,조금감
2025-03-08 10:00:00,2025-03-09 09:00:00,롱,22,크게감,제자리
2025-03-09 09:00:00,2025-03-10 03:00:00,숏,8,제자리,크게감
2025-03-10 03:00:00,2025-03-10 15:00:00,롱,19,깨고하락,깨고하락
2025-03-10 15:00:00,2025-03-11 02:00:00,숏,9,제자리,크게감
2025-03-11 02:00:00,2025-03-12 04:00:00,롱,23,크게감,크게감
2025-03-12 04:00:00,2025-03-12 12:00:00,숏,10,깨고하락,깨고하락
2025-03-12 12:00:00,2025-03-12 14:00:00,롱,9,제자리,제자리
2025-03-12 14:00:00,2025-03-12 21:00:00,숏,27,크게감,조금감
2025-03-12 21:00:00,2025-03-13 05:00:00,롱,23,크게감,조금감
2025-03-13 05:00:00,2025-03-14 01:00:00,숏,26,크게감,크게감
2025-03-14 01:00:00,2025-03-15 00:00:00,롱,10,깨고하락,크게감
2025-03-15 00:00:00,2025-03-16 18:00:00,숏,1,깨고하락,조금감
2025-03-16 18:00:00,2025-03-16 19:00:00,롱,5,제자리,제자리
2025-03-16 19:00:00,2025-03-17 02:00:00,숏,18,크게감,조금감
2025-03-17 02:00:00,2025-03-17 14:00:00,롱,19,깨고하락,조금감
2025-03-17 14:00:00,2025-03-17 15:00:00,숏,18,크게감,제자리
2025-03-17 15:00:00,2025-03-18 01:00:00,롱,27,크게감,크게감
2025-03-18 01:00:00,2025-03-18 22:00:00,숏,20,깨고하락,크게감
2025-03-18 22:00:00,2025-03-20 05:00:00,롱,10,깨고하락,크게감
2025-03-20 05:00:00,2025-03-21 17:00:00,숏,10,깨고하락,조금감
2025-03-21 17:00:00,2025-03-22 14:00:00,롱,4,섞임,제자리
2025-03-22 14:00:00,2025-03-22 18:00:00,숏,8,제자리,제자리
2025-03-22 18:00:00,2025-03-22 19:00:00,롱,17,제자리,제자리
2025-03-22 19:00:00,2025-03-23 02:00:00,숏,27,크게감,크게감
2025-03-23 02:00:00,2025-03-24 20:00:00,롱,11,깨고하락,크게감
2025-03-24 20:00:00,2025-03-25 14:00:00,숏,10,깨고하락,조금감
2025-03-25 14:00:00,2025-03-25 23:00:00,롱,5,제자리,제자리
2025-03-25 23:00:00,2025-03-26 07:00:00,숏,14,크게감,제자리
2025-03-26 07:00:00,2025-03-26 13:00:00,롱,27,크게감,깨고하락
2025-03-26 13:00:00,2025-03-27 00:00:00,숏,27,크게감,크게감
2025-03-27 00:00:00,2025-03-27 11:00:00,롱,19,깨고하락,제자리
2025-03-27 11:00:00,2025-03-27 20:00:00,숏,5,섞임,크게감
2025-03-27 20:00:00,2025-03-28 03:00:00,롱,11,섞임,조금감
2025-03-28 03:00:00,2025-03-28 22:00:00,숏,14,섞임,크게감
2025-03-28 22:00:00,2025-03-29 10:00:00,롱,19,깨고하락,깨고하락
2025-03-29 10:00:00,2025-03-29 19:00:00,숏,9,제자리,조금감
2025-03-29 19:00:00,2025-03-30 16:00:00,롱,19,깨고하락,조금감
2025-03-30 16:00:00,2025-03-31 08:00:00,숏,2,섞임,크게감
2025-03-31 08:00:00,2025-03-31 09:00:00,롱,10,섞임,제자리
2025-03-31 09:00:00,2025-03-31 10:00:00,숏,9,제자리,제자리
2025-03-31 10:00:00,2025-03-31 23:00:00,롱,24,크게감,크게감
2025-03-31 23:00:00,2025-04-01 02:00:00,숏,10,깨고하락,제자리
2025-04-01 02:00:00,2025-04-02 01:00:00,롱,9,크게감,크게감
2025-04-02 01:00:00,2025-04-02 14:00:00,숏,19,깨고하락,깨고하락
2025-04-02 14:00:00,2025-04-02 21:00:00,롱,9,제자리,크게감
2025-04-02 21:00:00,2025-04-03 21:00:00,숏,20,섞임,크게감
2025-04-03 21:00:00,2025-04-04 14:00:00,롱,19,깨고하락,조금감
2025-04-04 14:00:00,2025-04-04 16:00:00,숏,5,섞임,제자리
2025-04-04 16:00:00,2025-04-05 03:00:00,롱,8,섞임,조금감
2025-04-05 03:00:00,2025-04-05 23:00:00,숏,13,깨고하락,조금감
2025-04-05 23:00:00,2025-04-06 08:00:00,롱,1,깨고하락,제자리
2025-04-06 08:00:00,2025-04-07 11:00:00,숏,5,제자리,크게감
2025-04-07 11:00:00,2025-04-08 10:00:00,롱,19,깨고하락,조금감
2025-04-08 10:00:00,2025-04-08 11:00:00,숏,4,제자리,제자리
2025-04-08 11:00:00,2025-04-08 14:00:00,롱,9,제자리,깨고하락
2025-04-08 14:00:00,2025-04-09 07:00:00,숏,24,깨고하락,크게감
2025-04-09 07:00:00,2025-04-10 06:00:00,롱,10,깨고하락,크게감
2025-04-10 06:00:00,2025-04-11 03:00:00,숏,1,깨고하락,조금감
2025-04-11 03:00:00,2025-04-12 01:00:00,롱,4,제자리,조금감
2025-04-12 01:00:00,2025-04-12 14:00:00,숏,1,깨고하락,깨고하락
2025-04-12 14:00:00,2025-04-13 01:00:00,롱,9,제자리,조금감
2025-04-13 01:00:00,2025-04-14 02:00:00,숏,22,크게감,크게감
2025-04-14 02:00:00,2025-04-14 16:00:00,롱,2,깨고하락,조금감
2025-04-14 16:00:00,2025-04-14 18:00:00,숏,5,섞임,제자리
2025-04-14 18:00:00,2025-04-14 22:00:00,롱,27,크게감,제자리
2025-04-14 22:00:00,2025-04-15 01:00:00,숏,27,크게감,제자리
2025-04-15 01:00:00,2025-04-15 14:00:00,롱,24,크게감,크게감
2025-04-15 14:00:00,2025-04-16 10:00:00,숏,20,섞임,크게감
2025-04-16 10:00:00,2025-04-17 14:00:00,롱,10,깨고하락,조금감
2025-04-17 14:00:00,2025-04-17 16:00:00,숏,4,섞임,제자리
2025-04-17 16:00:00,2025-04-18 02:00:00,롱,9,제자리,조금감
2025-04-18 02:00:00,2025-04-19 02:00:00,숏,22,섞임,조금감
2025-04-19 02:00:00,2025-04-19 16:00:00,롱,5,섞임,크게감
2025-04-19 16:00:00,2025-04-20 19:00:00,숏,10,깨고하락,크게감
2025-04-20 19:00:00,2025-04-21 13:00:00,롱,1,깨고하락,크게감
2025-04-21 13:00:00,2025-04-21 14:00:00,숏,10,깨고하락,깨고하락
2025-04-21 14:00:00,2025-04-21 16:00:00,롱,9,제자리,제자리
2025-04-21 16:00:00,2025-04-22 02:00:00,숏,20,깨고하락,깨고하락
2025-04-22 02:00:00,2025-04-23 10:00:00,롱,5,섞임,크게감
2025-04-23 10:00:00,2025-04-24 15:00:00,숏,19,깨고하락,깨고복귀
2025-04-24 15:00:00,2025-04-25 03:00:00,롱,5,제자리,제자리
2025-04-25 03:00:00,2025-04-25 07:00:00,숏,14,섞임,제자리
2025-04-25 07:00:00,2025-04-25 22:00:00,롱,27,크게감,크게감
2025-04-25 22:00:00,2025-04-26 22:00:00,숏,19,깨고하락,조금감
2025-04-26 22:00:00,2025-04-27 03:00:00,롱,8,제자리,조금감
2025-04-27 03:00:00,2025-04-27 18:00:00,숏,14,섞임,조금감
2025-04-27 18:00:00,2025-04-27 23:00:00,롱,23,섞임,제자리
2025-04-27 23:00:00,2025-04-28 05:00:00,숏,6,섞임,크게감
2025-04-28 05:00:00,2025-04-28 15:00:00,롱,24,섞임,크게감
2025-04-28 15:00:00,2025-04-28 22:00:00,숏,23,섞임,제자리
2025-04-28 22:00:00,2025-04-29 04:00:00,롱,15,섞임,조금감
2025-04-29 04:00:00,2025-04-29 08:00:00,숏,23,크게감,제자리
2025-04-29 08:00:00,2025-04-29 15:00:00,롱,15,크게감,조금감
2025-04-29 15:00:00,2025-04-29 17:00:00,숏,26,크게감,깨고하락
2025-04-29 17:00:00,2025-04-29 21:00:00,롱,18,제자리,깨고하락
2025-04-29 21:00:00,2025-04-30 05:00:00,숏,24,섞임,크게감
2025-04-30 05:00:00,2025-04-30 06:00:00,롱,11,크게감,제자리
2025-04-30 06:00:00,2025-04-30 09:00:00,숏,27,크게감,제자리
2025-04-30 09:00:00,2025-04-30 12:00:00,롱,20,섞임,깨고하락
2025-04-30 12:00:00,2025-04-30 21:00:00,숏,15,섞임,크게감
2025-04-30 21:00:00,2025-05-01 22:00:00,롱,10,깨고하락,크게감
2025-05-01 22:00:00,2025-05-02 14:00:00,숏,10,깨고하락,깨고하락
2025-05-02 14:00:00,2025-05-02 18:00:00,롱,9,제자리,제자리
2025-05-02 18:00:00,2025-05-03 19:00:00,숏,19,깨고하락,크게감
2025-05-03 19:00:00,2025-05-03 23:00:00,롱,10,깨고하락,깨고하락
2025-05-03 23:00:00,2025-05-04 19:00:00,숏,8,제자리,조금감
2025-05-04 19:00:00,2025-05-04 23:00:00,롱,10,깨고하락,깨고하락
2025-05-04 23:00:00,2025-05-05 07:00:00,숏,9,제자리,조금감
2025-05-05 07:00:00,2025-05-05 11:00:00,롱,20,섞임,제자리
2025-05-05 11:00:00,2025-05-05 13:00:00,숏,18,크게감,조금감
2025-05-05 13:00:00,2025-05-05 14:00:00,롱,26,크게감,조금감
2025-05-05 14:00:00,2025-05-05 17:00:00,숏,27,크게감,깨고하락
2025-05-05 17:00:00,2025-05-06 10:00:00,롱,21,섞임,크게감
2025-05-06 10:00:00,2025-05-06 15:00:00,숏,12,섞임,조금감
2025-05-06 15:00:00,2025-05-07 13:00:00,롱,24,크게감,크게감
2025-05-07 13:00:00,2025-05-08 01:00:00,숏,10,깨고하락,깨고하락
2025-05-08 01:00:00,2025-05-08 14:00:00,롱,9,제자리,조금감
2025-05-08 14:00:00,2025-05-08 15:00:00,숏,22,깨고하락,깨고하락
2025-05-08 15:00:00,2025-05-09 04:00:00,롱,9,제자리,크게감
2025-05-09 04:00:00,2025-05-10 23:00:00,숏,10,깨고하락,깨고하락
2025-05-10 23:00:00,2025-05-11 06:00:00,롱,9,제자리,제자리
2025-05-11 06:00:00,2025-05-11 10:00:00,숏,23,섞임,조금감
2025-05-11 10:00:00,2025-05-11 14:00:00,롱,18,크게감,제자리
2025-05-11 14:00:00,2025-05-12 08:00:00,숏,26,크게감,깨고하락
2025-05-12 08:00:00,2025-05-12 11:00:00,롱,27,크게감,제자리
2025-05-12 11:00:00,2025-05-13 05:00:00,숏,27,크게감,크게감
2025-05-13 05:00:00,2025-05-14 01:00:00,롱,10,깨고하락,크게감
2025-05-14 01:00:00,2025-05-15 00:00:00,숏,4,섞임,조금감
2025-05-15 00:00:00,2025-05-15 01:00:00,롱,5,섞임,제자리
2025-05-15 01:00:00,2025-05-15 15:00:00,숏,18,섞임,크게감
2025-05-15 15:00:00,2025-05-16 08:00:00,롱,10,깨고하락,조금감
2025-05-16 08:00:00,2025-05-16 16:00:00,숏,1,깨고하락,깨고하락
2025-05-16 16:00:00,2025-05-16 17:00:00,롱,9,제자리,제자리
2025-05-16 17:00:00,2025-05-17 19:00:00,숏,27,크게감,크게감
2025-05-17 19:00:00,2025-05-18 20:00:00,롱,19,깨고하락,크게감
2025-05-18 20:00:00,2025-05-18 22:00:00,숏,1,깨고하락,깨고하락
2025-05-18 22:00:00,2025-05-19 02:00:00,롱,18,크게감,조금감
2025-05-19 02:00:00,2025-05-19 15:00:00,숏,20,깨고하락,크게감
2025-05-19 15:00:00,2025-05-20 07:00:00,롱,14,깨고하락,조금감
2025-05-20 07:00:00,2025-05-20 19:00:00,숏,14,섞임,깨고하락
2025-05-20 19:00:00,2025-05-21 08:00:00,롱,6,섞임,조금감
2025-05-21 08:00:00,2025-05-21 14:00:00,숏,10,깨고하락,깨고하락
2025-05-21 14:00:00,2025-05-21 18:00:00,롱,18,크게감,조금감
2025-05-21 18:00:00,2025-05-21 19:00:00,숏,20,크게감,제자리
2025-05-21 19:00:00,2025-05-22 10:00:00,롱,27,크게감,크게감
2025-05-22 10:00:00,2025-05-24 04:00:00,숏,19,깨고하락,깨고복귀
2025-05-24 04:00:00,2025-05-24 23:00:00,롱,1,깨고하락,제자리
2025-05-24 23:00:00,2025-05-25 17:00:00,숏,8,제자리,조금감
2025-05-25 17:00:00,2025-05-26 14:00:00,롱,22,섞임,크게감
2025-05-26 14:00:00,2025-05-27 08:00:00,숏,10,깨고하락,깨고하락
2025-05-27 08:00:00,2025-05-27 21:00:00,롱,5,제자리,조금감
2025-05-27 21:00:00,2025-05-29 00:00:00,숏,18,섞임,크게감
2025-05-29 00:00:00,2025-05-29 15:00:00,롱,19,깨고하락,깨고하락
2025-05-29 15:00:00,2025-05-30 05:00:00,숏,6,제자리,크게감
2025-05-30 05:00:00,2025-05-30 07:00:00,롱,19,깨고하락,제자리
2025-05-30 07:00:00,2025-05-30 09:00:00,숏,9,제자리,제자리
2025-05-30 09:00:00,2025-05-30 16:00:00,롱,23,섞임,깨고하락
2025-05-30 16:00:00,2025-05-31 06:00:00,숏,15,섞임,조금감
2025-05-31 06:00:00,2025-06-01 09:00:00,롱,10,깨고하락,조금감
2025-06-01 09:00:00,2025-06-01 14:00:00,숏,4,섞임,제자리
2025-06-01 14:00:00,2025-06-02 04:00:00,롱,8,섞임,크게감
2025-06-02 04:00:00,2025-06-02 20:00:00,숏,10,깨고하락,깨고하락
2025-06-02 20:00:00,2025-06-03 07:00:00,롱,14,섞임,크게감
2025-06-03 07:00:00,2025-06-03 14:00:00,숏,10,깨고하락,깨고하락
2025-06-03 14:00:00,2025-06-03 21:00:00,롱,9,섞임,제자리
2025-06-03 21:00:00,2025-06-05 03:00:00,숏,11,깨고하락,크게감
2025-06-05 03:00:00,2025-06-05 06:00:00,롱,13,섞임,제자리
2025-06-05 06:00:00,2025-06-05 09:00:00,숏,9,제자리,제자리
2025-06-05 09:00:00,2025-06-05 16:00:00,롱,27,크게감,깨고하락
2025-06-05 16:00:00,2025-06-06 04:00:00,숏,24,섞임,크게감
2025-06-06 04:00:00,2025-06-07 09:00:00,롱,19,깨고하락,조금감
2025-06-07 09:00:00,2025-06-07 10:00:00,숏,4,깨고하락,제자리
2025-06-07 10:00:00,2025-06-07 23:00:00,롱,8,제자리,조금감
2025-06-07 23:00:00,2025-06-08 15:00:00,숏,10,깨고하락,깨고하락
2025-06-08 15:00:00,2025-06-08 23:00:00,롱,2,제자리,조금감
2025-06-08 23:00:00,2025-06-09 09:00:00,숏,23,크게감,깨고하락
2025-06-09 09:00:00,2025-06-10 05:00:00,롱,27,크게감,크게감
2025-06-10 05:00:00,2025-06-10 23:00:00,숏,19,깨고하락,제자리
2025-06-10 23:00:00,2025-06-11 01:00:00,롱,9,제자리,제자리
2025-06-11 01:00:00,2025-06-12 16:00:00,숏,26,크게감,깨고복귀
2025-06-12 16:00:00,2025-06-12 20:00:00,롱,19,깨고하락,깨고하락
2025-06-12 20:00:00,2025-06-13 08:00:00,숏,9,제자리,크게감
2025-06-13 08:00:00,2025-06-14 08:00:00,롱,19,깨고하락,조금감
2025-06-14 08:00:00,2025-06-14 21:00:00,숏,8,제자리,제자리
2025-06-14 21:00:00,2025-06-15 09:00:00,롱,14,섞임,조금감
2025-06-15 09:00:00,2025-06-15 14:00:00,숏,11,섞임,제자리
2025-06-15 14:00:00,2025-06-15 20:00:00,롱,18,크게감,깨고하락
2025-06-15 20:00:00,2025-06-16 01:00:00,숏,27,크게감,깨고하락
2025-06-16 01:00:00,2025-06-16 23:00:00,롱,24,크게감,크게감
2025-06-16 23:00:00,2025-06-18 00:00:00,숏,19,깨고하락,크게감
2025-06-18 00:00:00,2025-06-18 18:00:00,롱,1,깨고하락,제자리
2025-06-18 18:00:00,2025-06-18 20:00:00,숏,9,제자리,제자리
2025-06-18 20:00:00,2025-06-19 13:00:00,롱,27,크게감,조금감
2025-06-19 13:00:00,2025-06-19 22:00:00,숏,10,깨고하락,조금감
2025-06-19 22:00:00,2025-06-20 14:00:00,롱,5,섞임,깨고하락
2025-06-20 14:00:00,2025-06-21 06:00:00,숏,12,깨고하락,크게감
2025-06-21 06:00:00,2025-06-21 18:00:00,롱,10,깨고하락,제자리
2025-06-21 18:00:00,2025-06-22 04:00:00,숏,9,제자리,크게감
2025-06-22 04:00:00,2025-06-22 13:00:00,롱,22,섞임,깨고하락
2025-06-22 13:00:00,2025-06-22 23:00:00,숏,18,섞임,크게감
2025-06-22 23:00:00,2025-06-24 09:00:00,롱,10,깨고하락,크게감
2025-06-24 09:00:00,2025-06-25 11:00:00,숏,10,깨고하락,깨고하락
2025-06-25 11:00:00,2025-06-25 16:00:00,롱,9,제자리,제자리
2025-06-25 16:00:00,2025-06-27 04:00:00,숏,26,크게감,깨고하락
2025-06-27 04:00:00,2025-06-27 07:00:00,롱,27,크게감,제자리
2025-06-27 07:00:00,2025-06-27 16:00:00,숏,27,크게감,깨고하락
2025-06-27 16:00:00,2025-06-27 18:00:00,롱,23,섞임,제자리
2025-06-27 18:00:00,2025-06-27 20:00:00,숏,27,크게감,제자리
2025-06-27 20:00:00,2025-06-28 14:00:00,롱,27,크게감,조금감
2025-06-28 14:00:00,2025-06-28 15:00:00,숏,10,깨고하락,깨고하락
2025-06-28 15:00:00,2025-06-28 19:00:00,롱,9,크게감,제자리
2025-06-28 19:00:00,2025-06-29 00:00:00,숏,23,섞임,제자리
2025-06-29 00:00:00,2025-06-29 01:00:00,롱,15,섞임,제자리
2025-06-29 01:00:00,2025-06-29 08:00:00,숏,14,섞임,깨고하락
2025-06-29 08:00:00,2025-06-29 16:00:00,롱,6,섞임,크게감
2025-06-29 16:00:00,2025-06-29 23:00:00,숏,11,깨고하락,조금감
2025-06-29 23:00:00,2025-06-30 06:00:00,롱,15,크게감,조금감
2025-06-30 06:00:00,2025-07-02 02:00:00,숏,24,크게감,크게감
2025-07-02 02:00:00,2025-07-03 01:00:00,롱,10,깨고하락,크게감
2025-07-03 01:00:00,2025-07-03 10:00:00,숏,1,깨고하락,깨고하락
2025-07-03 10:00:00,2025-07-03 11:00:00,롱,9,제자리,제자리
2025-07-03 11:00:00,2025-07-04 23:00:00,숏,27,크게감,깨고복귀
2025-07-04 23:00:00,2025-07-06 05:00:00,롱,19,깨고하락,제자리
2025-07-06 05:00:00,2025-07-06 06:00:00,숏,8,제자리,제자리
2025-07-06 06:00:00,2025-07-06 08:00:00,롱,27,크게감,깨고하락
2025-07-06 08:00:00,2025-07-06 12:00:00,숏,20,섞임,깨고하락
2025-07-06 12:00:00,2025-07-07 06:00:00,롱,15,섞임,크게감
2025-07-07 06:00:00,2025-07-08 05:00:00,숏,19,깨고하락,크게감
2025-07-08 05:00:00,2025-07-09 02:00:00,롱,1,깨고하락,조금감
2025-07-09 02:00:00,2025-07-09 11:00:00,숏,4,깨고하락,제자리
2025-07-09 11:00:00,2025-07-10 08:00:00,롱,9,제자리,크게감
2025-07-10 08:00:00,2025-07-10 16:00:00,숏,19,깨고하락,깨고하락
2025-07-10 16:00:00,2025-07-11 12:00:00,롱,9,제자리,크게감
2025-07-11 12:00:00,2025-07-13 04:00:00,숏,19,깨고하락,제자리
2025-07-13 04:00:00,2025-07-14 14:00:00,롱,8,제자리,크게감
2025-07-14 14:00:00,2025-07-15 17:00:00,숏,10,깨고하락,크게감
2025-07-15 17:00:00,2025-07-16 23:00:00,롱,1,깨고하락,조금감
2025-07-16 23:00:00,2025-07-17 15:00:00,숏,4,섞임,제자리
2025-07-17 15:00:00,2025-07-18 08:00:00,롱,8,제자리,크게감
2025-07-18 08:00:00,2025-07-19 02:00:00,숏,20,섞임,크게감
2025-07-19 02:00:00,2025-07-19 18:00:00,롱,10,깨고하락,제자리
2025-07-19 18:00:00,2025-07-19 19:00:00,숏,8,제자리,제자리
2025-07-19 19:00:00,2025-07-19 20:00:00,롱,27,크게감,제자리
2025-07-19 20:00:00,2025-07-20 00:00:00,숏,24,섞임,크게감
2025-07-20 00:00:00,2025-07-20 21:00:00,롱,14,섞임,크게감
2025-07-20 21:00:00,2025-07-21 04:00:00,숏,11,섞임,크게감
2025-07-21 04:00:00,2025-07-21 12:00:00,롱,14,섞임,크게감
2025-07-21 12:00:00,2025-07-21 13:00:00,숏,23,크게감,제자리
2025-07-21 13:00:00,2025-07-21 15:00:00,롱,27,크게감,조금감
2025-07-21 15:00:00,2025-07-22 06:00:00,숏,23,깨고하락,크게감
2025-07-22 06:00:00,2025-07-23 02:00:00,롱,10,깨고하락,크게감
2025-07-23 02:00:00,2025-07-23 22:00:00,숏,1,깨고하락,조금감
2025-07-23 22:00:00,2025-07-24 05:00:00,롱,1,깨고하락,조금감
2025-07-24 05:00:00,2025-07-24 08:00:00,숏,6,섞임,조금감
2025-07-24 08:00:00,2025-07-24 22:00:00,롱,27,크게감,조금감
2025-07-24 22:00:00,2025-07-25 13:00:00,숏,23,크게감,크게감
2025-07-25 13:00:00,2025-07-25 14:00:00,롱,10,깨고하락,제자리
2025-07-25 14:00:00,2025-07-25 16:00:00,숏,9,제자리,제자리
2025-07-25 16:00:00,2025-07-26 21:00:00,롱,11,깨고하락,크게감
2025-07-26 21:00:00,2025-07-27 15:00:00,숏,10,깨고하락,깨고하락
2025-07-27 15:00:00,2025-07-28 07:00:00,롱,9,제자리,조금감
2025-07-28 07:00:00,2025-07-29 03:00:00,숏,19,깨고하락,크게감
2025-07-29 03:00:00,2025-07-29 14:00:00,롱,1,깨고하락,조금감
2025-07-29 14:00:00,2025-07-30 02:00:00,숏,5,섞임,조금감
2025-07-30 02:00:00,2025-07-30 12:00:00,롱,10,깨고하락,제자리
2025-07-30 12:00:00,2025-07-30 14:00:00,숏,5,섞임,깨고하락
2025-07-30 14:00:00,2025-07-30 17:00:00,롱,27,크게감,제자리
2025-07-30 17:00:00,2025-07-31 00:00:00,숏,20,섞임,크게감
2025-07-31 00:00:00,2025-07-31 14:00:00,롱,12,섞임,제자리
2025-07-31 14:00:00,2025-08-01 12:00:00,숏,23,섞임,크게감
2025-08-01 12:00:00,2025-08-01 13:00:00,롱,10,깨고하락,제자리
2025-08-01 13:00:00,2025-08-01 14:00:00,숏,9,제자리,제자리
2025-08-01 14:00:00,2025-08-01 18:00:00,롱,11,섞임,깨고하락
2025-08-01 18:00:00,2025-08-02 02:00:00,숏,3,제자리,조금감
2025-08-02 02:00:00,2025-08-02 17:00:00,롱,13,섞임,깨고하락
2025-08-02 17:00:00,2025-08-02 22:00:00,숏,9,섞임,조금감
2025-08-02 22:00:00,2025-08-04 05:00:00,롱,19,깨고하락,깨고복귀
2025-08-04 05:00:00,2025-08-04 15:00:00,숏,10,깨고하락,깨고하락
2025-08-04 15:00:00,2025-08-04 20:00:00,롱,8,제자리,조금감
2025-08-04 20:00:00,2025-08-04 21:00:00,숏,23,섞임,제자리
2025-08-04 21:00:00,2025-08-05 00:00:00,롱,27,크게감,조금감
2025-08-05 00:00:00,2025-08-05 23:00:00,숏,20,깨고하락,크게감
2025-08-05 23:00:00,2025-08-07 01:00:00,롱,10,깨고하락,크게감
2025-08-07 01:00:00,2025-08-07 10:00:00,숏,4,섞임,깨고하락
2025-08-07 10:00:00,2025-08-08 02:00:00,롱,18,제자리,조금감
2025-08-08 02:00:00,2025-08-09 08:00:00,숏,19,깨고하락,조금감
2025-08-09 08:00:00,2025-08-09 15:00:00,롱,5,섞임,조금감
2025-08-09 15:00:00,2025-08-10 02:00:00,숏,14,섞임,조금감
2025-08-10 02:00:00,2025-08-10 20:00:00,롱,15,섞임,크게감
2025-08-10 20:00:00,2025-08-10 23:00:00,숏,10,깨고하락,제자리
2025-08-10 23:00:00,2025-08-11 11:00:00,롱,9,제자리,크게감
2025-08-11 11:00:00,2025-08-12 12:00:00,숏,19,깨고하락,크게감
2025-08-12 12:00:00,2025-08-13 04:00:00,롱,1,깨고하락,조금감
2025-08-13 04:00:00,2025-08-13 08:00:00,숏,4,섞임,제자리
2025-08-13 08:00:00,2025-08-14 05:00:00,롱,9,섞임,크게감
2025-08-14 05:00:00,2025-08-15 02:00:00,숏,10,깨고하락,크게감
2025-08-15 02:00:00,2025-08-15 14:00:00,롱,1,깨고하락,제자리
2025-08-15 14:00:00,2025-08-15 22:00:00,숏,9,제자리,제자리
2025-08-15 22:00:00,2025-08-17 00:00:00,롱,23,크게감,제자리
2025-08-17 00:00:00,2025-08-17 02:00:00,숏,5,섞임,제자리
2025-08-17 02:00:00,2025-08-17 17:00:00,롱,18,크게감,크게감
2025-08-17 17:00:00,2025-08-18 14:00:00,숏,19,깨고하락,크게감
2025-08-18 14:00:00,2025-08-19 03:00:00,롱,10,깨고하락,조금감
2025-08-19 03:00:00,2025-08-19 11:00:00,숏,2,제자리,제자리
2025-08-19 11:00:00,2025-08-19 14:00:00,롱,14,섞임,깨고하락
2025-08-19 14:00:00,2025-08-20 03:00:00,숏,18,크게감,크게감
2025-08-20 03:00:00,2025-08-21 06:00:00,롱,19,깨고하락,깨고복귀
2025-08-21 06:00:00,2025-08-22 01:00:00,숏,5,섞임,크게감
2025-08-22 01:00:00,2025-08-22 12:00:00,롱,10,깨고하락,깨고하락
2025-08-22 12:00:00,2025-08-22 14:00:00,숏,5,제자리,깨고하락
2025-08-22 14:00:00,2025-08-23 03:00:00,롱,27,크게감,조금감
2025-08-23 03:00:00,2025-08-25 14:00:00,숏,19,깨고하락,크게감
2025-08-25 14:00:00,2025-08-25 20:00:00,롱,13,깨고하락,깨고하락
2025-08-25 20:00:00,2025-08-26 05:00:00,숏,9,제자리,제자리
2025-08-26 05:00:00,2025-08-27 08:00:00,롱,23,크게감,크게감
2025-08-27 08:00:00,2025-08-27 13:00:00,숏,10,섞임,제자리
2025-08-27 13:00:00,2025-08-27 22:00:00,롱,18,제자리,조금감
2025-08-27 22:00:00,2025-08-28 04:00:00,숏,23,섞임,깨고하락
2025-08-28 04:00:00,2025-08-28 15:00:00,롱,18,크게감,조금감
2025-08-28 15:00:00,2025-08-30 00:00:00,숏,22,깨고하락,크게감
2025-08-30 00:00:00,2025-08-30 01:00:00,롱,10,깨고하락,깨고하락
2025-08-30 01:00:00,2025-08-30 02:00:00,숏,9,제자리,제자리
2025-08-30 02:00:00,2025-08-31 09:00:00,롱,10,깨고하락,크게감
2025-08-31 09:00:00,2025-08-31 16:00:00,숏,1,깨고하락,제자리
2025-08-31 16:00:00,2025-08-31 23:00:00,롱,5,섞임,깨고하락
2025-08-31 23:00:00,2025-09-01 07:00:00,숏,15,크게감,깨고하락
2025-09-01 07:00:00,2025-09-01 21:00:00,롱,12,깨고하락,조금감
2025-09-01 21:00:00,2025-09-02 01:00:00,숏,11,깨고하락,제자리
2025-09-02 01:00:00,2025-09-02 12:00:00,롱,15,섞임,크게감
2025-09-02 12:00:00,2025-09-02 13:00:00,숏,23,섞임,깨고하락
2025-09-02 13:00:00,2025-09-03 02:00:00,롱,15,크게감,조금감
2025-09-03 02:00:00,2025-09-03 14:00:00,숏,10,깨고하락,깨고하락
2025-09-03 14:00:00,2025-09-03 22:00:00,롱,9,제자리,제자리
2025-09-03 22:00:00,2025-09-04 21:00:00,숏,22,깨고하락,크게감
2025-09-04 21:00:00,2025-09-05 15:00:00,롱,10,깨고하락,크게감
2025-09-05 15:00:00,2025-09-06 13:00:00,숏,2,섞임,제자리
2025-09-06 13:00:00,2025-09-06 15:00:00,롱,17,크게감,제자리
2025-09-06 15:00:00,2025-09-07 01:00:00,숏,27,크게감,조금감
2025-09-07 01:00:00,2025-09-07 23:00:00,롱,19,깨고하락,크게감
2025-09-07 23:00:00,2025-09-08 08:00:00,숏,10,깨고하락,깨고하락
2025-09-08 08:00:00,2025-09-08 20:00:00,롱,6,제자리,크게감
2025-09-08 20:00:00,2025-09-09 06:00:00,숏,10,깨고하락,깨고하락
2025-09-09 06:00:00,2025-09-09 14:00:00,롱,6,섞임,제자리
2025-09-09 14:00:00,2025-09-10 04:00:00,숏,24,섞임,조금감
2025-09-10 04:00:00,2025-09-11 02:00:00,롱,10,깨고하락,크게감
2025-09-11 02:00:00,2025-09-11 03:00:00,숏,10,깨고하락,깨고하락
2025-09-11 03:00:00,2025-09-11 06:00:00,롱,9,제자리,제자리
2025-09-11 06:00:00,2025-09-11 22:00:00,숏,10,깨고하락,깨고하락
2025-09-11 22:00:00,2025-09-12 07:00:00,롱,18,제자리,크게감
2025-09-12 07:00:00,2025-09-12 18:00:00,숏,19,깨고하락,깨고하락
2025-09-12 18:00:00,2025-09-13 01:00:00,롱,9,섞임,제자리
2025-09-13 01:00:00,2025-09-14 01:00:00,숏,23,크게감,조금감
2025-09-14 01:00:00,2025-09-14 02:00:00,롱,14,섞임,제자리
2025-09-14 02:00:00,2025-09-14 09:00:00,숏,17,크게감,깨고하락
2025-09-14 09:00:00,2025-09-14 12:00:00,롱,11,섞임,제자리
2025-09-14 12:00:00,2025-09-14 21:00:00,숏,15,크게감,크게감
2025-09-14 21:00:00,2025-09-15 00:00:00,롱,24,섞임,깨고하락
2025-09-15 00:00:00,2025-09-15 04:00:00,숏,18,크게감,깨고하락
2025-09-15 04:00:00,2025-09-15 08:00:00,롱,27,크게감,깨고하락
2025-09-15 08:00:00,2025-09-15 18:00:00,숏,21,섞임,제자리
2025-09-15 18:00:00,2025-09-16 13:00:00,롱,10,깨고하락,조금감
2025-09-16 13:00:00,2025-09-16 15:00:00,숏,14,섞임,조금감
2025-09-16 15:00:00,2025-09-17 04:00:00,롱,15,섞임,크게감
2025-09-17 04:00:00,2025-09-17 05:00:00,숏,10,깨고하락,깨고하락
2025-09-17 05:00:00,2025-09-17 09:00:00,롱,9,크게감,제자리
2025-09-17 09:00:00,2025-09-17 23:00:00,숏,10,깨고하락,크게감
2025-09-17 23:00:00,2025-09-18 20:00:00,롱,10,깨고하락,크게감
2025-09-18 20:00:00,2025-09-20 01:00:00,숏,13,섞임,크게감
2025-09-20 01:00:00,2025-09-21 01:00:00,롱,10,깨고하락,제자리
2025-09-21 01:00:00,2025-09-21 06:00:00,숏,8,제자리,제자리
2025-09-21 06:00:00,2025-09-21 15:00:00,롱,26,크게감,깨고하락
2025-09-21 15:00:00,2025-09-22 20:00:00,숏,27,크게감,크게감
2025-09-22 20:00:00,2025-09-23 18:00:00,롱,19,깨고하락,깨고하락
2025-09-23 18:00:00,2025-09-24 01:00:00,숏,8,제자리,제자리
2025-09-24 01:00:00,2025-09-24 03:00:00,롱,27,크게감,제자리
2025-09-24 03:00:00,2025-09-24 04:00:00,숏,27,크게감,크게감
2025-09-24 04:00:00,2025-09-25 00:00:00,롱,23,섞임,크게감
2025-09-25 00:00:00,2025-09-26 03:00:00,숏,10,깨고하락,크게감
2025-09-26 03:00:00,2025-09-28 11:00:00,롱,1,깨고하락,깨고하락
2025-09-28 11:00:00,2025-09-28 13:00:00,숏,8,제자리,제자리
2025-09-28 13:00:00,2025-09-29 11:00:00,롱,27,크게감,크게감
2025-09-29 11:00:00,2025-09-29 13:00:00,숏,10,깨고하락,깨고하락
2025-09-29 13:00:00,2025-09-30 02:00:00,롱,9,제자리,조금감
2025-09-30 02:00:00,2025-09-30 20:00:00,숏,19,깨고하락,크게감
2025-09-30 20:00:00,2025-10-02 05:00:00,롱,2,섞임,크게감
2025-10-02 05:00:00,2025-10-02 18:00:00,숏,10,깨고하락,깨고하락
2025-10-02 18:00:00,2025-10-02 22:00:00,롱,9,제자리,제자리
2025-10-02 22:00:00,2025-10-03 15:00:00,숏,23,크게감,깨고하락
2025-10-03 15:00:00,2025-10-04 01:00:00,롱,18,크게감,크게감
2025-10-04 01:00:00,2025-10-05 02:00:00,숏,19,깨고하락,깨고하락
2025-10-05 02:00:00,2025-10-05 10:00:00,롱,9,제자리,조금감
2025-10-05 10:00:00,2025-10-06 01:00:00,숏,20,깨고하락,조금감
2025-10-06 01:00:00,2025-10-06 23:00:00,롱,18,크게감,크게감
2025-10-06 23:00:00,2025-10-08 02:00:00,숏,19,깨고하락,크게감
2025-10-08 02:00:00,2025-10-08 03:00:00,롱,10,깨고하락,제자리
2025-10-08 03:00:00,2025-10-08 04:00:00,숏,8,제자리,제자리
2025-10-08 04:00:00,2025-10-09 02:00:00,롱,11,깨고하락,깨고하락
2025-10-09 02:00:00,2025-10-09 12:00:00,숏,11,깨고하락,제자리
2025-10-09 12:00:00,2025-10-09 14:00:00,롱,6,섞임,깨고하락
2025-10-09 14:00:00,2025-10-09 22:00:00,숏,27,크게감,크게감
2025-10-09 22:00:00,2025-10-10 15:00:00,롱,19,깨고하락,깨고하락
2025-10-10 15:00:00,2025-10-11 10:00:00,숏,18,크게감,크게감
2025-10-11 10:00:00,2025-10-13 08:00:00,롱,19,깨고하락,제자리
2025-10-13 08:00:00,2025-10-13 20:00:00,숏,7,제자리,제자리
2025-10-13 20:00:00,2025-10-13 23:00:00,롱,8,제자리,제자리
2025-10-13 23:00:00,2025-10-14 16:00:00,숏,27,크게감,크게감
2025-10-14 16:00:00,2025-10-15 11:00:00,롱,19,깨고하락,조금감
2025-10-15 11:00:00,2025-10-16 02:00:00,숏,9,크게감,조금감
2025-10-16 02:00:00,2025-10-16 15:00:00,롱,22,깨고하락,깨고하락
2025-10-16 15:00:00,2025-10-17 02:00:00,숏,18,제자리,조금감
2025-10-17 02:00:00,2025-10-17 06:00:00,롱,19,깨고하락,깨고하락
2025-10-17 06:00:00,2025-10-17 15:00:00,숏,9,크게감,크게감
2025-10-17 15:00:00,2025-10-19 06:00:00,롱,19,깨고하락,제자리
2025-10-19 06:00:00,2025-10-19 09:00:00,숏,4,섞임,깨고하락
2025-10-19 09:00:00,2025-10-20 00:00:00,롱,9,제자리,크게감
2025-10-20 00:00:00,2025-10-20 03:00:00,숏,10,깨고하락,깨고하락
2025-10-20 03:00:00,2025-10-20 16:00:00,롱,9,제자리,조금감
2025-10-20 16:00:00,2025-10-21 14:00:00,숏,19,깨고하락,깨고하락
2025-10-21 14:00:00,2025-10-21 22:00:00,롱,3,깨고하락,조금감
2025-10-21 22:00:00,2025-10-22 14:00:00,숏,2,깨고하락,조금감
2025-10-22 14:00:00,2025-10-22 21:00:00,롱,13,깨고하락,제자리
2025-10-22 21:00:00,2025-10-23 00:00:00,숏,9,크게감,제자리
2025-10-23 00:00:00,2025-10-23 21:00:00,롱,26,크게감,크게감
2025-10-23 21:00:00,2025-10-24 00:00:00,숏,19,깨고하락,제자리
2025-10-24 00:00:00,2025-10-24 12:00:00,롱,9,제자리,조금감
2025-10-24 12:00:00,2025-10-25 04:00:00,숏,22,깨고하락,크게감
2025-10-25 04:00:00,2025-10-25 15:00:00,롱,5,섞임,조금감
2025-10-25 15:00:00,2025-10-26 09:00:00,숏,14,섞임,깨고하락
2025-10-26 09:00:00,2025-10-27 09:00:00,롱,9,섞임,크게감
2025-10-27 09:00:00,2025-10-28 10:00:00,숏,19,깨고하락,조금감
2025-10-28 10:00:00,2025-10-28 19:00:00,롱,5,제자리,조금감
2025-10-28 19:00:00,2025-10-29 07:00:00,숏,15,섞임,크게감
2025-10-29 07:00:00,2025-10-29 15:00:00,롱,10,깨고하락,깨고하락
2025-10-29 15:00:00,2025-10-30 07:00:00,숏,9,크게감,크게감
2025-10-30 07:00:00,2025-10-30 12:00:00,롱,19,깨고하락,제자리
2025-10-30 12:00:00,2025-10-30 22:00:00,숏,9,크게감,조금감
2025-10-30 22:00:00,2025-10-31 18:00:00,롱,19,깨고하락,크게감
2025-10-31 18:00:00,2025-11-01 03:00:00,숏,1,깨고하락,제자리
2025-11-01 03:00:00,2025-11-01 13:00:00,롱,9,크게감,제자리
2025-11-01 13:00:00,2025-11-01 16:00:00,숏,23,크게감,제자리
2025-11-01 16:00:00,2025-11-01 21:00:00,롱,18,크게감,제자리
2025-11-01 21:00:00,2025-11-02 04:00:00,숏,27,크게감,깨고하락
2025-11-02 04:00:00,2025-11-02 14:00:00,롱,15,깨고하락,크게감
2025-11-02 14:00:00,2025-11-03 14:00:00,숏,10,깨고하락,크게감
2025-11-03 14:00:00,2025-11-03 15:00:00,롱,10,깨고하락,깨고하락
2025-11-03 15:00:00,2025-11-03 19:00:00,숏,9,제자리,제자리
2025-11-03 19:00:00,2025-11-04 05:00:00,롱,10,깨고하락,깨고하락
2025-11-04 05:00:00,2025-11-05 02:00:00,숏,18,크게감,크게감
2025-11-05 02:00:00,2025-11-06 05:00:00,롱,10,깨고하락,조금감
2025-11-06 05:00:00,2025-11-07 02:00:00,숏,4,섞임,조금감
2025-11-07 02:00:00,2025-11-07 10:00:00,롱,1,깨고하락,제자리
2025-11-07 10:00:00,2025-11-07 16:00:00,숏,9,제자리,조금감
2025-11-07 16:00:00,2025-11-08 05:00:00,롱,23,크게감,크게감
2025-11-08 05:00:00,2025-11-08 22:00:00,숏,10,깨고하락,제자리
2025-11-08 22:00:00,2025-11-09 00:00:00,롱,8,섞임,제자리
2025-11-09 00:00:00,2025-11-09 08:00:00,숏,18,크게감,조금감
2025-11-09 08:00:00,2025-11-09 09:00:00,롱,10,깨고하락,제자리
2025-11-09 09:00:00,2025-11-09 11:00:00,숏,9,크게감,깨고하락
2025-11-09 11:00:00,2025-11-10 10:00:00,롱,15,섞임,크게감
2025-11-10 10:00:00,2025-11-12 03:00:00,숏,10,깨고하락,깨고복귀
2025-11-12 03:00:00,2025-11-12 16:00:00,롱,1,깨고하락,깨고하락
2025-11-12 16:00:00,2025-11-13 03:00:00,숏,6,제자리,제자리
2025-11-13 03:00:00,2025-11-13 15:00:00,롱,26,크게감,조금감
2025-11-13 15:00:00,2025-11-14 16:00:00,숏,21,섞임,크게감
2025-11-14 16:00:00,2025-11-14 20:00:00,롱,10,깨고하락,깨고하락
2025-11-14 20:00:00,2025-11-14 22:00:00,숏,9,제자리,제자리
2025-11-14 22:00:00,2025-11-16 00:00:00,롱,22,크게감,깨고복귀
2025-11-16 00:00:00,2025-11-16 02:00:00,숏,11,섞임,제자리
2025-11-16 02:00:00,2025-11-16 14:00:00,롱,17,섞임,조금감
2025-11-16 14:00:00,2025-11-17 00:00:00,숏,11,깨고하락,크게감
2025-11-17 00:00:00,2025-11-17 13:00:00,롱,14,섞임,제자리
2025-11-17 13:00:00,2025-11-18 09:00:00,숏,5,깨고하락,깨고복귀
2025-11-18 09:00:00,2025-11-19 04:00:00,롱,10,깨고하락,조금감
2025-11-19 04:00:00,2025-11-19 14:00:00,숏,5,섞임,제자리
2025-11-19 14:00:00,2025-11-19 15:00:00,롱,14,섞임,깨고하락
2025-11-19 15:00:00,2025-11-19 23:00:00,숏,18,크게감,크게감
2025-11-19 23:00:00,2025-11-20 13:00:00,롱,11,깨고하락,조금감
2025-11-20 13:00:00,2025-11-21 14:00:00,숏,4,깨고하락,크게감
2025-11-21 14:00:00,2025-11-24 00:00:00,롱,10,깨고하락,조금감
2025-11-24 00:00:00,2025-11-24 17:00:00,숏,4,섞임,깨고하락
2025-11-24 17:00:00,2025-11-25 03:00:00,롱,9,제자리,제자리
2025-11-25 03:00:00,2025-11-25 23:00:00,숏,22,섞임,조금감
2025-11-25 23:00:00,2025-11-26 09:00:00,롱,13,섞임,조금감
2025-11-26 09:00:00,2025-11-26 16:00:00,숏,18,크게감,조금감
2025-11-26 16:00:00,2025-11-27 11:00:00,롱,24,섞임,크게감
2025-11-27 11:00:00,2025-11-28 13:00:00,숏,10,깨고하락,깨고하락
2025-11-28 13:00:00,2025-11-28 16:00:00,롱,8,제자리,제자리
2025-11-28 16:00:00,2025-11-29 14:00:00,숏,15,섞임,조금감
2025-11-29 14:00:00,2025-11-30 21:00:00,롱,10,깨고하락,깨고복귀
2025-11-30 21:00:00,2025-12-01 19:00:00,숏,4,섞임,크게감
2025-12-01 19:00:00,2025-12-03 09:00:00,롱,10,깨고하락,크게감
2025-12-03 09:00:00,2025-12-06 02:00:00,숏,1,깨고하락,깨고복귀
2025-12-06 02:00:00,2025-12-07 10:00:00,롱,4,제자리,제자리
2025-12-07 10:00:00,2025-12-07 12:00:00,숏,8,제자리,제자리
2025-12-07 12:00:00,2025-12-07 13:00:00,롱,27,크게감,깨고하락
2025-12-07 13:00:00,2025-12-07 16:00:00,숏,23,섞임,깨고하락
2025-12-07 16:00:00,2025-12-08 14:00:00,롱,12,섞임,크게감
2025-12-08 14:00:00,2025-12-09 11:00:00,숏,19,깨고하락,조금감
2025-12-09 11:00:00,2025-12-10 01:00:00,롱,4,깨고하락,크게감
2025-12-10 01:00:00,2025-12-11 18:00:00,숏,10,깨고하락,크게감
2025-12-11 18:00:00,2025-12-12 13:00:00,롱,4,섞임,크게감
2025-12-12 13:00:00,2025-12-13 06:00:00,숏,1,깨고하락,크게감
2025-12-13 06:00:00,2025-12-14 10:00:00,롱,1,깨고하락,제자리
2025-12-14 10:00:00,2025-12-15 01:00:00,숏,9,제자리,크게감
2025-12-15 01:00:00,2025-12-15 14:00:00,롱,19,깨고하락,조금감
2025-12-15 14:00:00,2025-12-16 05:00:00,숏,6,깨고하락,크게감
2025-12-16 05:00:00,2025-12-17 04:00:00,롱,10,깨고하락,조금감
2025-12-17 04:00:00,2025-12-17 13:00:00,숏,4,섞임,제자리
2025-12-17 13:00:00,2025-12-17 17:00:00,롱,6,섞임,깨고하락
2025-12-17 17:00:00,2025-12-18 03:00:00,숏,11,섞임,조금감
2025-12-18 03:00:00,2025-12-18 18:00:00,롱,26,크게감,크게감
2025-12-18 18:00:00,2025-12-19 04:00:00,숏,21,섞임,조금감
2025-12-19 04:00:00,2025-12-19 17:00:00,롱,26,크게감,조금감
2025-12-19 17:00:00,2025-12-19 22:00:00,숏,23,크게감,제자리
2025-12-19 22:00:00,2025-12-20 01:00:00,롱,5,섞임,제자리
2025-12-20 01:00:00,2025-12-20 04:00:00,숏,17,섞임,제자리
2025-12-20 04:00:00,2025-12-20 05:00:00,롱,27,크게감,조금감
2025-12-20 05:00:00,2025-12-21 09:00:00,숏,23,섞임,깨고하락
2025-12-21 09:00:00,2025-12-21 13:00:00,롱,18,섞임,깨고하락
2025-12-21 13:00:00,2025-12-21 19:00:00,숏,24,크게감,제자리
2025-12-21 19:00:00,2025-12-21 20:00:00,롱,20,깨고하락,제자리
2025-12-21 20:00:00,2025-12-21 23:00:00,숏,27,크게감,깨고하락
2025-12-21 23:00:00,2025-12-22 17:00:00,롱,15,섞임,깨고복귀
2025-12-22 17:00:00,2025-12-23 16:00:00,숏,19,깨고하락,크게감
2025-12-23 16:00:00,2025-12-23 17:00:00,롱,10,깨고하락,제자리
2025-12-23 17:00:00,2025-12-23 18:00:00,숏,8,제자리,제자리
2025-12-23 18:00:00,2025-12-24 05:00:00,롱,20,섞임,깨고하락
2025-12-24 05:00:00,2025-12-24 11:00:00,숏,2,제자리,제자리
2025-12-24 11:00:00,2025-12-25 09:00:00,롱,26,크게감,깨고복귀
2025-12-25 09:00:00,2025-12-25 15:00:00,숏,13,깨고하락,깨고하락
2025-12-25 15:00:00,2025-12-25 22:00:00,롱,18,제자리,제자리
2025-12-25 22:00:00,2025-12-26 02:00:00,숏,23,섞임,깨고하락
2025-12-26 02:00:00,2025-12-26 14:00:00,롱,15,섞임,제자리
2025-12-26 14:00:00,2025-12-27 06:00:00,숏,11,깨고하락,조금감
2025-12-27 06:00:00,2025-12-28 17:00:00,롱,1,깨고하락,조금감
2025-12-28 17:00:00,2025-12-28 23:00:00,숏,8,제자리,제자리
2025-12-28 23:00:00,2025-12-29 10:00:00,롱,6,섞임,크게감
2025-12-29 10:00:00,2025-12-30 06:00:00,숏,20,깨고하락,조금감
2025-12-30 06:00:00,2025-12-31 04:00:00,롱,13,크게감,크게감
2025-12-31 04:00:00,2025-12-31 10:00:00,숏,1,깨고하락,제자리
2025-12-31 10:00:00,2025-12-31 14:00:00,롱,9,제자리,깨고하락
2025-12-31 14:00:00,2026-01-01 09:00:00,숏,24,크게감,크게감
2026-01-01 09:00:00,2026-01-03 00:00:00,롱,10,깨고하락,크게감
2026-01-03 00:00:00,2026-01-03 01:00:00,숏,1,깨고하락,제자리
2026-01-03 01:00:00,2026-01-03 04:00:00,롱,8,제자리,제자리
2026-01-03 04:00:00,2026-01-03 20:00:00,숏,23,크게감,크게감
2026-01-03 20:00:00,2026-01-04 12:00:00,롱,11,깨고하락,크게감
2026-01-04 12:00:00,2026-01-05 00:00:00,숏,10,깨고하락,깨고하락
2026-01-05 00:00:00,2026-01-05 13:00:00,롱,9,제자리,조금감
2026-01-05 13:00:00,2026-01-05 14:00:00,숏,19,깨고하락,깨고하락
2026-01-05 14:00:00,2026-01-05 23:00:00,롱,9,제자리,크게감
2026-01-05 23:00:00,2026-01-06 23:00:00,숏,10,깨고하락,크게감
2026-01-06 23:00:00,2026-01-07 00:00:00,롱,2,섞임,제자리
2026-01-07 00:00:00,2026-01-08 00:00:00,숏,18,섞임,크게감
2026-01-08 00:00:00,2026-01-08 06:00:00,롱,10,깨고하락,깨고하락
2026-01-08 06:00:00,2026-01-08 15:00:00,숏,9,제자리,제자리
2026-01-08 15:00:00,2026-01-09 08:00:00,롱,23,섞임,조금감
2026-01-09 08:00:00,2026-01-09 15:00:00,숏,5,깨고하락,깨고하락
2026-01-09 15:00:00,2026-01-09 20:00:00,롱,6,섞임,조금감
2026-01-09 20:00:00,2026-01-10 01:00:00,숏,11,깨고하락,제자리
2026-01-10 01:00:00,2026-01-10 04:00:00,롱,18,크게감,제자리
2026-01-10 04:00:00,2026-01-10 07:00:00,숏,27,크게감,제자리
2026-01-10 07:00:00,2026-01-10 17:00:00,롱,14,섞임,조금감
2026-01-10 17:00:00,2026-01-11 01:00:00,숏,11,깨고하락,조금감
2026-01-11 01:00:00,2026-01-11 19:00:00,롱,11,섞임,크게감
2026-01-11 19:00:00,2026-01-12 00:00:00,숏,11,섞임,크게감
2026-01-12 00:00:00,2026-01-12 08:00:00,롱,15,섞임,크게감
2026-01-12 08:00:00,2026-01-12 16:00:00,숏,20,깨고하락,조금감
2026-01-12 16:00:00,2026-01-12 22:00:00,롱,15,크게감,제자리
2026-01-12 22:00:00,2026-01-13 05:00:00,숏,27,크게감,제자리
2026-01-13 05:00:00,2026-01-14 06:00:00,롱,27,크게감,크게감
2026-01-14 06:00:00,2026-01-14 15:00:00,숏,19,깨고하락,깨고하락
2026-01-14 15:00:00,2026-01-15 00:00:00,롱,9,제자리,조금감
2026-01-15 00:00:00,2026-01-16 09:00:00,숏,23,크게감,조금감
2026-01-16 09:00:00,2026-01-16 10:00:00,롱,10,깨고하락,제자리
2026-01-16 10:00:00,2026-01-16 20:00:00,숏,9,제자리,깨고하락
2026-01-16 20:00:00,2026-01-17 22:00:00,롱,20,깨고하락,제자리
2026-01-17 22:00:00,2026-01-18 09:00:00,숏,5,섞임,제자리
2026-01-18 09:00:00,2026-01-18 14:00:00,롱,5,섞임,제자리
2026-01-18 14:00:00,2026-01-18 16:00:00,숏,18,크게감,제자리
2026-01-18 16:00:00,2026-01-18 23:00:00,롱,26,섞임,깨고하락
2026-01-18 23:00:00,2026-01-19 11:00:00,숏,18,제자리,크게감
2026-01-19 11:00:00,2026-01-20 04:00:00,롱,10,깨고하락,제자리
2026-01-20 04:00:00,2026-01-21 03:00:00,숏,9,제자리,크게감
2026-01-21 03:00:00,2026-01-21 17:00:00,롱,19,깨고하락,깨고하락
2026-01-21 17:00:00,2026-01-21 19:00:00,숏,9,제자리,제자리
2026-01-21 19:00:00,2026-01-22 13:00:00,롱,27,크게감,제자리
2026-01-22 13:00:00,2026-01-23 01:00:00,숏,22,깨고하락,조금감
2026-01-23 01:00:00,2026-01-23 08:00:00,롱,2,제자리,제자리
2026-01-23 08:00:00,2026-01-23 15:00:00,숏,18,섞임,조금감
2026-01-23 15:00:00,2026-01-23 23:00:00,롱,23,섞임,크게감
2026-01-23 23:00:00,2026-01-24 04:00:00,숏,10,깨고하락,제자리
2026-01-24 04:00:00,2026-01-24 07:00:00,롱,17,크게감,제자리
2026-01-24 07:00:00,2026-01-25 14:00:00,숏,27,크게감,크게감
2026-01-25 14:00:00,2026-01-25 15:00:00,롱,19,깨고하락,제자리
2026-01-25 15:00:00,2026-01-26 02:00:00,숏,9,제자리,크게감
2026-01-26 02:00:00,2026-01-27 08:00:00,롱,19,깨고하락,크게감
2026-01-27 08:00:00,2026-01-27 19:00:00,숏,4,섞임,조금감
2026-01-27 19:00:00,2026-01-28 08:00:00,롱,5,섞임,크게감
2026-01-28 08:00:00,2026-01-28 09:00:00,숏,13,깨고하락,깨고하락
2026-01-28 09:00:00,2026-01-28 16:00:00,롱,9,제자리,크게감
2026-01-28 16:00:00,2026-01-28 17:00:00,숏,10,깨고하락,깨고하락
2026-01-28 17:00:00,2026-01-28 18:00:00,롱,9,크게감,제자리
2026-01-28 18:00:00,2026-01-30 08:00:00,숏,20,섞임,크게감
2026-01-30 08:00:00,2026-01-31 09:00:00,롱,10,깨고하락,조금감
2026-01-31 09:00:00,2026-02-01 03:00:00,숏,8,제자리,크게감
2026-02-01 03:00:00,2026-02-01 21:00:00,롱,10,깨고하락,제자리
2026-02-01 21:00:00,2026-02-01 22:00:00,숏,9,제자리,제자리
2026-02-01 22:00:00,2026-02-02 04:00:00,롱,26,크게감,깨고하락
2026-02-02 04:00:00,2026-02-02 07:00:00,숏,15,섞임,조금감
2026-02-02 07:00:00,2026-02-03 05:00:00,롱,23,크게감,크게감
2026-02-03 05:00:00,2026-02-03 07:00:00,숏,22,깨고하락,제자리
2026-02-03 07:00:00,2026-02-03 09:00:00,롱,8,제자리,깨고하락
2026-02-03 09:00:00,2026-02-04 03:00:00,숏,15,크게감,크게감
2026-02-04 03:00:00,2026-02-04 13:00:00,롱,10,깨고하락,제자리
2026-02-04 13:00:00,2026-02-05 10:00:00,숏,9,제자리,크게감
2026-02-05 10:00:00,2026-02-05 11:00:00,롱,10,깨고하락,깨고하락
2026-02-05 11:00:00,2026-02-06 03:00:00,숏,9,제자리,크게감
2026-02-06 03:00:00,2026-02-07 06:00:00,롱,19,깨고하락,크게감
2026-02-07 06:00:00,2026-02-07 20:00:00,숏,4,깨고하락,제자리
2026-02-07 20:00:00,2026-02-08 00:00:00,롱,8,제자리,제자리
2026-02-08 00:00:00,2026-02-08 07:00:00,숏,17,제자리,깨고하락
2026-02-08 07:00:00,2026-02-08 21:00:00,롱,24,크게감,크게감
2026-02-08 21:00:00,2026-02-09 17:00:00,숏,10,깨고하락,깨고복귀
2026-02-09 17:00:00,2026-02-10 03:00:00,롱,2,섞임,제자리
2026-02-10 03:00:00,2026-02-10 16:00:00,숏,17,섞임,조금감
2026-02-10 16:00:00,2026-02-10 22:00:00,롱,19,깨고하락,제자리
2026-02-10 22:00:00,2026-02-11 00:00:00,숏,9,크게감,제자리
2026-02-11 00:00:00,2026-02-11 03:00:00,롱,27,크게감,깨고하락
2026-02-11 03:00:00,2026-02-11 18:00:00,숏,24,크게감,크게감
2026-02-11 18:00:00,2026-02-12 16:00:00,롱,19,깨고하락,깨고하락
2026-02-12 16:00:00,2026-02-13 02:00:00,숏,6,섞임,조금감
2026-02-13 02:00:00,2026-02-14 04:00:00,롱,11,깨고하락,크게감
2026-02-14 04:00:00,2026-02-14 08:00:00,숏,10,깨고하락,깨고하락
2026-02-14 08:00:00,2026-02-14 13:00:00,롱,9,제자리,조금감
2026-02-14 13:00:00,2026-02-15 07:00:00,숏,20,깨고하락,깨고하락
2026-02-15 07:00:00,2026-02-15 11:00:00,롱,18,크게감,제자리
2026-02-15 11:00:00,2026-02-16 08:00:00,숏,26,크게감,크게감
2026-02-16 08:00:00,2026-02-16 15:00:00,롱,10,깨고하락,깨고하락
2026-02-16 15:00:00,2026-02-16 21:00:00,숏,6,제자리,제자리
2026-02-16 21:00:00,2026-02-17 08:00:00,롱,24,섞임,제자리
2026-02-17 08:00:00,2026-02-17 20:00:00,숏,27,크게감,크게감
2026-02-17 20:00:00,2026-02-18 00:00:00,롱,19,섞임,제자리
2026-02-18 00:00:00,2026-02-18 03:00:00,숏,9,제자리,조금감
2026-02-18 03:00:00,2026-02-18 13:00:00,롱,23,섞임,크게감
2026-02-18 13:00:00,2026-02-19 02:00:00,숏,11,섞임,크게감
2026-02-19 02:00:00,2026-02-19 13:00:00,롱,19,깨고하락,깨고하락
2026-02-19 13:00:00,2026-02-19 18:00:00,숏,18,제자리,제자리
2026-02-19 18:00:00,2026-02-20 13:00:00,롱,27,크게감,크게감
2026-02-20 13:00:00,2026-02-20 18:00:00,숏,10,깨고하락,제자리
2026-02-20 18:00:00,2026-02-20 19:00:00,롱,6,섞임,제자리
2026-02-20 19:00:00,2026-02-20 20:00:00,숏,26,크게감,제자리
2026-02-20 20:00:00,2026-02-21 03:00:00,롱,1,깨고하락,크게감
2026-02-21 03:00:00,2026-02-21 10:00:00,숏,11,깨고하락,깨고하락
2026-02-21 10:00:00,2026-02-21 20:00:00,롱,6,제자리,크게감
2026-02-21 20:00:00,2026-02-23 09:00:00,숏,23,크게감,크게감
2026-02-23 09:00:00,2026-02-23 17:00:00,롱,10,깨고하락,깨고하락
2026-02-23 17:00:00,2026-02-24 11:00:00,숏,9,제자리,조금감
2026-02-24 11:00:00,2026-02-26 01:00:00,롱,19,깨고하락,깨고복귀
2026-02-26 01:00:00,2026-02-27 05:00:00,숏,10,깨고하락,조금감
2026-02-27 05:00:00,2026-02-27 10:00:00,롱,8,제자리,제자리
2026-02-27 10:00:00,2026-02-28 00:00:00,숏,9,제자리,크게감
2026-02-28 00:00:00,2026-02-28 06:00:00,롱,19,깨고하락,깨고하락
2026-02-28 06:00:00,2026-02-28 13:00:00,숏,9,제자리,제자리
2026-02-28 13:00:00,2026-03-01 09:00:00,롱,19,깨고하락,크게감
2026-03-01 09:00:00,2026-03-02 03:00:00,숏,10,깨고하락,조금감
2026-03-02 03:00:00,2026-03-02 09:00:00,롱,5,제자리,제자리
2026-03-02 09:00:00,2026-03-02 11:00:00,숏,17,섞임,제자리
2026-03-02 11:00:00,2026-03-02 12:00:00,롱,17,크게감,깨고하락
2026-03-02 12:00:00,2026-03-02 14:00:00,숏,27,제자리,깨고하락
2026-03-02 14:00:00,2026-03-03 03:00:00,롱,15,섞임,크게감
2026-03-03 03:00:00,2026-03-03 17:00:00,숏,10,깨고하락,조금감
2026-03-03 17:00:00,2026-03-04 03:00:00,롱,5,섞임,제자리
2026-03-04 03:00:00,2026-03-04 06:00:00,숏,18,크게감,제자리
2026-03-04 06:00:00,2026-03-04 23:00:00,롱,14,섞임,크게감
2026-03-04 23:00:00,2026-03-07 01:00:00,숏,19,깨고하락,크게감
2026-03-07 01:00:00,2026-03-08 04:00:00,롱,1,깨고하락,깨고하락
2026-03-08 04:00:00,2026-03-08 05:00:00,숏,9,제자리,제자리
2026-03-08 05:00:00,2026-03-08 18:00:00,롱,26,크게감,크게감
2026-03-08 18:00:00,2026-03-08 19:00:00,숏,11,깨고하락,제자리
2026-03-08 19:00:00,2026-03-08 22:00:00,롱,18,크게감,깨고하락
2026-03-08 22:00:00,2026-03-09 03:00:00,숏,18,섞임,깨고하락
2026-03-09 03:00:00,2026-03-09 23:00:00,롱,11,깨고하락,크게감
2026-03-09 23:00:00,2026-03-10 00:00:00,숏,19,깨고하락,제자리
2026-03-10 00:00:00,2026-03-10 13:00:00,롱,9,제자리,크게감
2026-03-10 13:00:00,2026-03-10 14:00:00,숏,10,깨고하락,깨고하락
2026-03-10 14:00:00,2026-03-10 18:00:00,롱,9,제자리,제자리
2026-03-10 18:00:00,2026-03-11 14:00:00,숏,14,깨고하락,조금감
2026-03-11 14:00:00,2026-03-12 00:00:00,롱,2,섞임,조금감
2026-03-12 00:00:00,2026-03-12 10:00:00,숏,14,섞임,조금감
2026-03-12 10:00:00,2026-03-13 16:00:00,롱,23,섞임,크게감
2026-03-13 16:00:00,2026-03-14 18:00:00,숏,10,깨고하락,조금감
2026-03-14 18:00:00,2026-03-15 16:00:00,롱,7,섞임,조금감
2026-03-15 16:00:00,2026-03-15 21:00:00,숏,1,깨고하락,깨고하락
2026-03-15 21:00:00,2026-03-16 14:00:00,롱,9,제자리,크게감
2026-03-16 14:00:00,2026-03-16 22:00:00,숏,19,깨고하락,깨고하락
2026-03-16 22:00:00,2026-03-17 04:00:00,롱,9,제자리,조금감
2026-03-17 04:00:00,2026-03-17 19:00:00,숏,23,섞임,조금감
2026-03-17 19:00:00,2026-03-17 23:00:00,롱,23,크게감,제자리
2026-03-17 23:00:00,2026-03-19 03:00:00,숏,27,크게감,크게감
2026-03-19 03:00:00,2026-03-19 07:00:00,롱,19,깨고하락,깨고하락
2026-03-19 07:00:00,2026-03-19 09:00:00,숏,9,제자리,제자리
2026-03-19 09:00:00,2026-03-19 11:00:00,롱,23,크게감,제자리
2026-03-19 11:00:00,2026-03-19 17:00:00,숏,5,섞임,크게감
2026-03-19 17:00:00,2026-03-20 13:00:00,롱,13,깨고하락,크게감
2026-03-20 13:00:00,2026-03-20 21:00:00,숏,10,깨고하락,제자리
2026-03-20 21:00:00,2026-03-21 15:00:00,롱,5,섞임,조금감
2026-03-21 15:00:00,2026-03-22 15:00:00,숏,10,깨고하락,크게감
2026-03-22 15:00:00,2026-03-22 20:00:00,롱,10,깨고하락,깨고하락
2026-03-22 20:00:00,2026-03-23 02:00:00,숏,9,제자리,조금감
2026-03-23 02:00:00,2026-03-24 01:00:00,롱,23,크게감,크게감
2026-03-24 01:00:00,2026-03-24 10:00:00,숏,10,깨고하락,제자리
2026-03-24 10:00:00,2026-03-24 11:00:00,롱,8,제자리,제자리
2026-03-24 11:00:00,2026-03-25 00:00:00,숏,26,크게감,크게감
2026-03-25 00:00:00,2026-03-25 15:00:00,롱,10,깨고하락,조금감
2026-03-25 15:00:00,2026-03-27 00:00:00,숏,14,섞임,크게감
2026-03-27 00:00:00,2026-03-27 08:00:00,롱,10,깨고하락,깨고하락
2026-03-27 08:00:00,2026-03-27 22:00:00,숏,9,제자리,크게감
2026-03-27 22:00:00,2026-03-29 10:00:00,롱,19,깨고하락,조금감
2026-03-29 10:00:00,2026-03-29 11:00:00,숏,5,제자리,제자리
2026-03-29 11:00:00,2026-03-29 14:00:00,롱,8,제자리,제자리
2026-03-29 14:00:00,2026-03-30 02:00:00,숏,13,깨고하락,깨고하락
2026-03-30 02:00:00,2026-03-30 17:00:00,롱,21,섞임,조금감
2026-03-30 17:00:00,2026-03-31 01:00:00,숏,23,섞임,깨고하락
2026-03-31 01:00:00,2026-03-31 08:00:00,롱,6,섞임,제자리
2026-03-31 08:00:00,2026-03-31 16:00:00,숏,15,섞임,조금감
2026-03-31 16:00:00,2026-04-01 12:00:00,롱,14,섞임,크게감
2026-04-01 12:00:00,2026-04-02 15:00:00,숏,10,깨고하락,크게감
2026-04-02 15:00:00,2026-04-05 00:00:00,롱,1,깨고하락,조금감
2026-04-05 00:00:00,2026-04-05 15:00:00,숏,8,제자리,깨고하락
2026-04-05 15:00:00,2026-04-06 17:00:00,롱,5,섞임,크게감
2026-04-06 17:00:00,2026-04-07 19:00:00,숏,10,깨고하락,조금감
2026-04-07 19:00:00,2026-04-08 13:00:00,롱,4,섞임,크게감
2026-04-08 13:00:00,2026-04-09 15:00:00,숏,10,깨고하락,조금감
2026-04-09 15:00:00,2026-04-10 02:00:00,롱,5,제자리,조금감
2026-04-10 02:00:00,2026-04-10 13:00:00,숏,1,깨고하락,조금감
2026-04-10 13:00:00,2026-04-11 00:00:00,롱,5,섞임,크게감
2026-04-11 00:00:00,2026-04-11 18:00:00,숏,22,깨고하락,깨고하락
2026-04-11 18:00:00,2026-04-12 00:00:00,롱,9,제자리,제자리
2026-04-12 00:00:00,2026-04-12 19:00:00,숏,23,크게감,크게감
2026-04-12 19:00:00,2026-04-14 10:00:00,롱,10,깨고하락,깨고복귀
2026-04-14 10:00:00,2026-04-15 19:00:00,숏,1,깨고하락,깨고하락
2026-04-15 19:00:00,2026-04-16 08:00:00,롱,8,제자리,제자리
2026-04-16 08:00:00,2026-04-16 19:00:00,숏,14,섞임,크게감
2026-04-16 19:00:00,2026-04-17 02:00:00,롱,15,섞임,제자리
2026-04-17 02:00:00,2026-04-17 07:00:00,숏,26,크게감,제자리
2026-04-17 07:00:00,2026-04-17 23:00:00,롱,27,크게감,크게감
2026-04-17 23:00:00,2026-04-19 11:00:00,숏,19,깨고하락,크게감
2026-04-19 11:00:00,2026-04-19 18:00:00,롱,1,깨고하락,깨고하락
2026-04-19 18:00:00,2026-04-20 04:00:00,숏,9,제자리,조금감
2026-04-20 04:00:00,2026-04-21 03:00:00,롱,26,크게감,크게감
2026-04-21 03:00:00,2026-04-21 08:00:00,숏,10,깨고하락,깨고하락
2026-04-21 08:00:00,2026-04-21 13:00:00,롱,9,제자리,제자리
2026-04-21 13:00:00,2026-04-22 00:00:00,숏,23,크게감,크게감
2026-04-22 00:00:00,2026-04-22 20:00:00,롱,24,섞임,크게감
2026-04-22 20:00:00,2026-04-23 22:00:00,숏,19,깨고하락,조금감
2026-04-23 22:00:00,2026-04-24 04:00:00,롱,4,섞임,제자리
2026-04-24 04:00:00,2026-04-24 12:00:00,숏,8,섞임,제자리
2026-04-24 12:00:00,2026-04-24 17:00:00,롱,27,크게감,제자리
2026-04-24 17:00:00,2026-04-25 08:00:00,숏,27,크게감,조금감
2026-04-25 08:00:00,2026-04-25 16:00:00,롱,23,크게감,깨고하락
2026-04-25 16:00:00,2026-04-25 22:00:00,숏,14,섞임,조금감
2026-04-25 22:00:00,2026-04-27 05:00:00,롱,27,크게감,크게감
2026-04-27 05:00:00,2026-04-28 00:00:00,숏,20,깨고하락,크게감
2026-04-28 00:00:00,2026-04-28 11:00:00,롱,1,깨고하락,깨고하락
2026-04-28 11:00:00,2026-04-28 19:00:00,숏,9,제자리,조금감
2026-04-28 19:00:00,2026-04-29 14:00:00,롱,22,크게감,크게감
2026-04-29 14:00:00,2026-04-30 07:00:00,숏,10,깨고하락,크게감
2026-04-30 07:00:00,2026-05-01 21:00:00,롱,13,섞임,크게감
2026-05-01 21:00:00,2026-05-02 22:00:00,숏,10,깨고하락,깨고하락
2026-05-02 22:00:00,2026-05-03 00:00:00,롱,9,제자리,제자리
2026-05-03 00:00:00,2026-05-03 11:00:00,숏,26,크게감,조금감
2026-05-03 11:00:00,2026-05-04 00:00:00,롱,20,깨고하락,크게감
2026-05-04 00:00:00,2026-05-04 01:00:00,숏,11,섞임,깨고하락
2026-05-04 01:00:00,2026-05-04 10:00:00,롱,18,크게감,깨고하락
2026-05-04 10:00:00,2026-05-04 16:00:00,숏,19,깨고하락,제자리
2026-05-04 16:00:00,2026-05-04 23:00:00,롱,5,섞임,조금감
2026-05-04 23:00:00,2026-05-05 01:00:00,숏,26,크게감,제자리
2026-05-05 01:00:00,2026-05-05 10:00:00,롱,18,크게감,크게감
2026-05-05 10:00:00,2026-05-05 11:00:00,숏,19,깨고하락,제자리
2026-05-05 11:00:00,2026-05-05 21:00:00,롱,9,크게감,크게감
2026-05-05 21:00:00,2026-05-06 09:00:00,숏,19,깨고하락,깨고하락
2026-05-06 09:00:00,2026-05-06 14:00:00,롱,3,섞임,크게감
2026-05-06 14:00:00,2026-05-08 07:00:00,숏,24,크게감,크게감
2026-05-08 07:00:00,2026-05-10 01:00:00,롱,19,깨고하락,조금감
2026-05-10 01:00:00,2026-05-10 13:00:00,숏,4,깨고하락,제자리
2026-05-10 13:00:00,2026-05-10 20:00:00,롱,9,제자리,깨고하락
2026-05-10 20:00:00,2026-05-10 22:00:00,숏,23,섞임,깨고하락
2026-05-10 22:00:00,2026-05-11 03:00:00,롱,15,섞임,조금감
2026-05-11 03:00:00,2026-05-11 15:00:00,숏,2,깨고하락,제자리
2026-05-11 15:00:00,2026-05-12 01:00:00,롱,17,크게감,조금감
2026-05-12 01:00:00,2026-05-12 20:00:00,숏,11,깨고하락,크게감
2026-05-12 20:00:00,2026-05-13 11:00:00,롱,10,깨고하락,조금감
2026-05-13 11:00:00,2026-05-14 01:00:00,숏,9,섞임,크게감
2026-05-14 01:00:00,2026-05-14 03:00:00,롱,19,깨고하락,제자리
2026-05-14 03:00:00,2026-05-14 04:00:00,숏,9,제자리,제자리
2026-05-14 04:00:00,2026-05-15 03:00:00,롱,23,크게감,크게감
2026-05-15 03:00:00,2026-05-16 03:00:00,숏,10,깨고하락,크게감
2026-05-16 03:00:00,2026-05-16 06:00:00,롱,1,깨고하락,깨고하락
2026-05-16 06:00:00,2026-05-16 15:00:00,숏,9,제자리,조금감
2026-05-16 15:00:00,2026-05-17 23:00:00,롱,19,깨고하락,깨고하락
2026-05-17 23:00:00,2026-05-18 12:00:00,숏,9,제자리,조금감
2026-05-18 12:00:00,2026-05-18 14:00:00,롱,22,깨고하락,깨고하락
2026-05-18 14:00:00,2026-05-18 19:00:00,숏,9,크게감,조금감
2026-05-18 19:00:00,2026-05-19 14:00:00,롱,23,크게감,조금감
2026-05-19 14:00:00,2026-05-19 17:00:00,숏,2,깨고하락,제자리
2026-05-19 17:00:00,2026-05-20 23:00:00,롱,14,섞임,크게감
2026-05-20 23:00:00,2026-05-21 00:00:00,숏,13,깨고하락,깨고하락
2026-05-21 00:00:00,2026-05-21 06:00:00,롱,9,제자리,제자리
2026-05-21 06:00:00,2026-05-21 20:00:00,숏,23,깨고하락,깨고하락
2026-05-21 20:00:00,2026-05-22 06:00:00,롱,11,섞임,제자리
2026-05-22 06:00:00,2026-05-23 13:00:00,숏,18,크게감,크게감
2026-05-23 13:00:00,2026-05-24 14:00:00,롱,19,깨고하락,크게감
2026-05-24 14:00:00,2026-05-25 01:00:00,숏,1,깨고하락,제자리
2026-05-25 01:00:00,2026-05-25 13:00:00,롱,8,제자리,조금감
2026-05-25 13:00:00,2026-05-25 14:00:00,숏,26,크게감,깨고하락
2026-05-25 14:00:00,2026-05-25 18:00:00,롱,9,제자리,조금감
2026-05-25 18:00:00,2026-05-26 11:00:00,숏,10,깨고하락,크게감
2026-05-26 11:00:00,2026-05-26 15:00:00,롱,10,깨고하락,깨고하락
2026-05-26 15:00:00,2026-05-27 07:00:00,숏,18,크게감,크게감
2026-05-27 07:00:00,2026-05-27 13:00:00,롱,19,깨고하락,깨고하락
2026-05-27 13:00:00,2026-05-28 11:00:00,숏,9,제자리,크게감
2026-05-28 11:00:00,2026-05-29 14:00:00,롱,19,깨고하락,깨고하락
2026-05-29 14:00:00,2026-05-29 15:00:00,숏,8,제자리,깨고하락
2026-05-29 15:00:00,2026-05-31 07:00:00,롱,27,크게감,조금감
2026-05-31 07:00:00,2026-05-31 22:00:00,숏,10,깨고하락,조금감
2026-05-31 22:00:00,2026-05-31 23:00:00,롱,5,섞임,제자리
2026-05-31 23:00:00,2026-06-01 00:00:00,숏,18,크게감,제자리
2026-06-01 00:00:00,2026-06-01 01:00:00,롱,5,섞임,깨고하락
2026-06-01 01:00:00,2026-06-03 02:00:00,숏,9,제자리,크게감
2026-06-03 02:00:00,2026-06-03 03:00:00,롱,10,깨고하락,깨고하락
2026-06-03 03:00:00,2026-06-03 04:00:00,숏,8,제자리,제자리
2026-06-03 04:00:00,2026-06-03 19:00:00,롱,23,섞임,깨고하락
2026-06-03 19:00:00,2026-06-04 06:00:00,숏,3,깨고하락,크게감
2026-06-04 06:00:00,2026-06-04 10:00:00,롱,19,깨고하락,제자리
2026-06-04 10:00:00,2026-06-04 12:00:00,숏,9,제자리,제자리
2026-06-04 12:00:00,2026-06-05 05:00:00,롱,24,크게감,조금감
2026-06-05 05:00:00,2026-06-05 09:00:00,숏,11,깨고하락,크게감
2026-06-05 09:00:00,2026-06-05 11:00:00,롱,10,깨고하락,제자리
2026-06-05 11:00:00,2026-06-05 21:00:00,숏,9,제자리,크게감
2026-06-05 21:00:00,2026-06-07 15:00:00,롱,19,깨고하락,조금감
2026-06-07 15:00:00,2026-06-07 23:00:00,숏,17,크게감,깨고하락
2026-06-07 23:00:00,2026-06-08 17:00:00,롱,18,제자리,제자리
2026-06-08 17:00:00,2026-06-10 01:00:00,숏,22,크게감,크게감
2026-06-10 01:00:00,2026-06-10 02:00:00,롱,10,깨고하락,제자리
2026-06-10 02:00:00,2026-06-10 07:00:00,숏,9,제자리,제자리
2026-06-10 07:00:00,2026-06-10 22:00:00,롱,20,깨고하락,깨고하락
2026-06-10 22:00:00,2026-06-11 00:00:00,숏,11,섞임,제자리
2026-06-11 00:00:00,2026-06-11 16:00:00,롱,27,크게감,크게감
2026-06-11 16:00:00,2026-06-11 17:00:00,숏,19,깨고하락,깨고하락
2026-06-11 17:00:00,2026-06-12 03:00:00,롱,9,제자리,제자리
2026-06-12 03:00:00,2026-06-12 17:00:00,숏,10,깨고하락,깨고하락
2026-06-12 17:00:00,2026-06-12 18:00:00,롱,5,제자리,제자리
2026-06-12 18:00:00,2026-06-13 10:00:00,숏,27,크게감,제자리
2026-06-13 10:00:00,2026-06-14 04:00:00,롱,20,깨고하락,크게감
2026-06-14 04:00:00,2026-06-14 21:00:00,숏,10,깨고하락,깨고하락
2026-06-14 21:00:00,2026-06-15 20:00:00,롱,6,섞임,크게감
2026-06-15 20:00:00,2026-06-17 05:00:00,숏,10,깨고하락,조금감
2026-06-17 05:00:00,2026-06-17 06:00:00,롱,4,섞임,제자리
2026-06-17 06:00:00,2026-06-17 15:00:00,숏,9,제자리,크게감
2026-06-17 15:00:00,2026-06-17 19:00:00,롱,20,깨고하락,깨고하락
2026-06-17 19:00:00,2026-06-18 08:00:00,숏,6,섞임,조금감
2026-06-18 08:00:00,2026-06-18 15:00:00,롱,10,깨고하락,깨고하락
2026-06-18 15:00:00,2026-06-19 00:00:00,숏,18,크게감,제자리
2026-06-19 00:00:00,2026-06-20 13:00:00,롱,22,깨고하락,조금감
2026-06-20 13:00:00,2026-06-20 14:00:00,숏,4,깨고하락,깨고하락
2026-06-20 14:00:00,2026-06-21 07:00:00,롱,9,제자리,조금감
2026-06-21 07:00:00,2026-06-22 02:00:00,숏,10,깨고하락,깨고하락
2026-06-22 02:00:00,2026-06-22 03:00:00,롱,2,섞임,제자리
2026-06-22 03:00:00,2026-06-22 05:00:00,숏,27,크게감,제자리
2026-06-22 05:00:00,2026-06-22 19:00:00,롱,23,크게감,크게감
2026-06-22 19:00:00,2026-06-23 20:00:00,숏,10,깨고하락,크게감
2026-06-23 20:00:00,2026-06-24 13:00:00,롱,10,깨고하락,깨고하락
2026-06-24 13:00:00,2026-06-24 23:00:00,숏,9,제자리,크게감
2026-06-24 23:00:00,2026-06-25 13:00:00,롱,10,깨고하락,깨고하락
2026-06-25 13:00:00,2026-06-25 23:00:00,숏,9,섞임,제자리
2026-06-25 23:00:00,2026-06-26 02:00:00,롱,10,깨고하락,제자리
2026-06-26 02:00:00,2026-06-26 03:00:00,숏,9,제자리,제자리
2026-06-26 03:00:00,2026-06-27 19:00:00,롱,24,크게감,조금감
2026-06-27 19:00:00,2026-06-28 11:00:00,숏,1,깨고하락,제자리
2026-06-28 11:00:00,2026-06-28 13:00:00,롱,8,제자리,제자리
2026-06-28 13:00:00,2026-06-29 03:00:00,숏,8,섞임,크게감
2026-06-29 03:00:00,2026-06-29 14:00:00,롱,10,깨고하락,조금감
2026-06-29 14:00:00,2026-06-29 16:00:00,숏,15,섞임,제자리
2026-06-29 16:00:00,2026-06-30 01:00:00,롱,27,크게감,조금감
2026-06-30 01:00:00,2026-06-30 22:00:00,숏,23,크게감,크게감
2026-06-30 22:00:00,2026-07-01 12:00:00,롱,10,깨고하락,깨고하락
2026-07-01 12:00:00,2026-07-01 13:00:00,숏,5,제자리,깨고하락
2026-07-01 13:00:00,2026-07-02 07:00:00,롱,27,크게감,크게감
2026-07-02 07:00:00,2026-07-02 09:00:00,숏,10,깨고하락,깨고하락
2026-07-02 09:00:00,2026-07-02 20:00:00,롱,9,제자리,조금감
2026-07-02 20:00:00,2026-07-03 13:00:00,숏,19,깨고하락,깨고하락
2026-07-03 13:00:00,2026-07-03 15:00:00,롱,9,제자리,제자리
2026-07-03 15:00:00,2026-07-03 17:00:00,숏,23,크게감,제자리
2026-07-03 17:00:00,2026-07-03 19:00:00,롱,14,섞임,제자리
2026-07-03 19:00:00,2026-07-03 20:00:00,숏,16,섞임,깨고하락
2026-07-03 20:00:00,2026-07-04 02:00:00,롱,18,제자리,조금감
2026-07-04 02:00:00,2026-07-04 17:00:00,숏,10,깨고하락,깨고하락
2026-07-04 17:00:00,2026-07-05 00:00:00,롱,18,크게감,제자리
2026-07-05 00:00:00,2026-07-05 21:00:00,숏,23,크게감,크게감
2026-07-05 21:00:00,2026-07-06 06:00:00,롱,11,깨고하락,크게감
2026-07-06 06:00:00,2026-07-06 16:00:00,숏,10,깨고하락,크게감
2026-07-06 16:00:00,2026-07-07 03:00:00,롱,12,섞임,조금감
2026-07-07 03:00:00,2026-07-07 15:00:00,숏,26,크게감,제자리
2026-07-07 15:00:00,2026-07-07 21:00:00,롱,27,크게감,제자리
2026-07-07 21:00:00,2026-07-08 19:00:00,숏,23,크게감,크게감
2026-07-08 19:00:00,2026-07-10 14:00:00,롱,10,깨고하락,크게감
2026-07-10 14:00:00,2026-07-12 14:00:00,숏,1,깨고하락,제자리
2026-07-12 14:00:00,2026-07-12 22:00:00,롱,8,제자리,제자리
2026-07-12 22:00:00,2026-07-13 23:00:00,숏,9,섞임,깨고복귀
2026-07-13 23:00:00,2026-07-15 03:00:00,롱,19,깨고하락,크게감
2026-07-15 03:00:00,2026-07-15 15:00:00,숏,1,깨고하락,깨고하락
2026-07-15 15:00:00,2026-07-15 16:00:00,롱,9,제자리,제자리
2026-07-15 16:00:00,2026-07-16 16:00:00,숏,27,크게감,크게감
2026-07-16 16:00:00,2026-07-16 17:00:00,롱,10,깨고하락,제자리
2026-07-16 17:00:00,2026-07-17 13:00:00,숏,9,크게감,크게감
2026-07-17 13:00:00,2026-07-19 05:00:00,롱,19,깨고하락,크게감
2026-07-19 05:00:00,2026-07-20 02:00:00,숏,1,깨고하락,깨고하락
2026-07-20 02:00:00,2026-07-20 05:00:00,롱,8,제자리,깨고하락
2026-07-20 05:00:00,2026-07-20 11:00:00,숏,18,섞임,깨고하락
2026-07-20 11:00:00,2026-07-21 17:00:00,롱,24,섞임,크게감
2026-07-21 17:00:00,2026-07-22 23:00:00,숏,10,깨고하락,조금감
2026-07-22 23:00:00,2026-07-23 01:00:00,롱,5,제자리,제자리
2026-07-23 01:00:00,2026-07-23 21:00:00,숏,9,제자리,크게감
2026-07-23 21:00:00,2026-07-24 12:00:00,롱,10,깨고하락,조금감
2026-07-24 12:00:00,2026-07-25 02:00:00,숏,6,제자리,크게감
2026-07-25 02:00:00,2026-07-27 08:00:00,롱,19,깨고하락,크게감
2026-07-27 08:00:00,2026-07-28 12:00:00,숏,1,깨고하락,크게감
2026-07-28 12:00:00,2026-07-29 15:00:00,롱,1,깨고하락,깨고복귀
2026-07-29 15:00:00,2026-07-30 03:00:00,숏,4,제자리,깨고하락
2026-07-30 03:00:00,2026-07-30 06:00:00,롱,14,섞임,제자리
2026-07-30 06:00:00,2026-07-30 08:00:00,숏,26,크게감,깨고하락
2026-07-30 08:00:00,2026-07-30 23:00:00,롱,27,크게감,크게감
2026-07-30 23:00:00,2026-08-01 01:00:00,숏,10,깨고하락,깨고복귀
2026-08-01 01:00:00,2026-08-01 18:00:00,롱,10,깨고하락,깨고하락
2026-08-01 18:00:00,2026-08-01 22:00:00,숏,8,제자리,제자리
2026-08-01 22:00:00,2026-08-02 12:00:00,롱,23,크게감,크게감
2026-08-02 12:00:00,2026-08-02 18:00:00,숏,22,깨고하락,제자리
2026-08-02 18:00:00,2026-08-03 01:00:00,롱,18,크게감,조금감
2026-08-03 01:00:00,2026-08-03 13:00:00,숏,23,크게감,크게감
2026-08-03 13:00:00,2026-08-04 07:00:00,롱,20,깨고하락,크게감
2026-08-04 07:00:00,2026-08-04 14:00:00,숏,1,깨고하락,제자리
2026-08-04 14:00:00,2026-08-05 00:00:00,롱,9,제자리,조금감
2026-08-05 00:00:00,2026-08-05 02:00:00,숏,19,깨고하락,제자리
2026-08-05 02:00:00,2026-08-05 03:00:00,롱,9,크게감,제자리
2026-08-05 03:00:00,2026-08-05 14:00:00,숏,27,크게감,깨고하락
2026-08-05 14:00:00,2026-08-06 00:00:00,롱,26,크게감,크게감
2026-08-06 00:00:00,2026-08-06 08:00:00,숏,22,섞임,제자리
2026-08-06 08:00:00,2026-08-06 09:00:00,롱,9,크게감,제자리
2026-08-06 09:00:00,2026-08-07 08:00:00,숏,27,크게감,크게감
2026-08-07 08:00:00,2026-08-07 23:00:00,롱,10,깨고하락,크게감
2026-08-07 23:00:00,2026-08-08 17:00:00,숏,1,깨고하락,제자리
2026-08-08 17:00:00,2026-08-08 18:00:00,롱,9,제자리,제자리
2026-08-08 18:00:00,2026-08-09 11:00:00,숏,26,크게감,크게감
2026-08-09 11:00:00,2026-08-09 23:00:00,롱,10,깨고하락,크게감
2026-08-09 23:00:00,2026-08-10 06:00:00,숏,14,섞임,제자리
2026-08-10 06:00:00,2026-08-10 09:00:00,롱,18,크게감,제자리
2026-08-10 09:00:00,2026-08-11 03:00:00,숏,24,크게감,크게감
2026-08-11 03:00:00,2026-08-11 15:00:00,롱,10,깨고하락,깨고하락
2026-08-11 15:00:00,2026-08-12 00:00:00,숏,9,제자리,조금감
2026-08-12 00:00:00,2026-08-12 15:00:00,롱,23,크게감,크게감
2026-08-12 15:00:00,2026-08-13 02:00:00,숏,14,섞임,제자리
2026-08-13 02:00:00,2026-08-13 15:00:00,롱,26,크게감,조금감
2026-08-13 15:00:00,2026-08-13 23:00:00,숏,11,깨고하락,크게감
2026-08-13 23:00:00,2026-08-14 04:00:00,롱,1,깨고하락,제자리
2026-08-14 04:00:00,2026-08-14 16:00:00,숏,8,제자리,크게감
2026-08-14 16:00:00,2026-08-16 05:00:00,롱,19,깨고하락,제자리
2026-08-16 05:00:00,2026-08-16 15:00:00,숏,8,섞임,제자리
2026-08-16 15:00:00,2026-08-16 21:00:00,롱,17,섞임,깨고하락
2026-08-16 21:00:00,2026-08-17 02:00:00,숏,24,섞임,깨고하락
2026-08-17 02:00:00,2026-08-18 02:00:00,롱,24,크게감,크게감
2026-08-18 02:00:00,2026-08-18 15:00:00,숏,19,깨고하락,깨고하락
2026-08-18 15:00:00,2026-08-18 21:00:00,롱,9,제자리,제자리
2026-08-18 21:00:00,2026-08-19 12:00:00,숏,26,크게감,깨고하락
2026-08-19 12:00:00,2026-08-20 06:00:00,롱,24,크게감,크게감
2026-08-20 06:00:00,2026-08-20 08:00:00,숏,10,깨고하락,깨고하락
2026-08-20 08:00:00,2026-08-20 18:00:00,롱,9,제자리,제자리
2026-08-20 18:00:00,2026-08-21 01:00:00,숏,19,깨고하락,깨고하락
2026-08-21 01:00:00,2026-08-21 14:00:00,롱,9,제자리,크게감
2026-08-21 14:00:00,2026-08-23 11:00:00,숏,19,깨고하락,조금감
2026-08-23 11:00:00,2026-08-24 03:00:00,롱,8,제자리,제자리
2026-08-24 03:00:00,2026-08-24 10:00:00,숏,23,섞임,제자리
2026-08-24 10:00:00,2026-08-25 08:00:00,롱,5,섞임,크게감
2026-08-25 08:00:00,2026-08-26 06:00:00,숏,19,깨고하락,조금감
2026-08-26 06:00:00,2026-08-26 08:00:00,롱,4,섞임,제자리
2026-08-26 08:00:00,2026-08-26 20:00:00,숏,9,제자리,조금감
2026-08-26 20:00:00,2026-08-28 02:00:00,롱,19,깨고하락,크게감
2026-08-28 02:00:00,2026-08-29 05:00:00,숏,10,깨고하락,크게감
2026-08-29 05:00:00,2026-08-30 22:00:00,롱,1,깨고하락,조금감
2026-08-30 22:00:00,2026-08-31 08:00:00,숏,4,제자리,조금감
2026-08-31 08:00:00,2026-08-31 13:00:00,롱,5,섞임,제자리
2026-08-31 13:00:00,2026-08-31 14:00:00,숏,18,섞임,제자리
2026-08-31 14:00:00,2026-09-01 01:00:00,롱,27,크게감,크게감
