zc2,zc3,side,pic,name,move,up,end,broke
2020-03-29 18:00:00,2020-03-30 03:00:00,숏,9,시작낮음 · B얕음 · 끝높음,조금감,0.334,0.097,False
2020-03-30 03:00:00,2020-03-31 04:00:00,롱,22,시작높음 · B중간 · 끝낮음,크게감,1.3,0.883,False
2020-03-31 04:00:00,2020-04-01 20:00:00,숏,10,시작중간 · B깊음 · 끝낮음,조금감,0.334,0.083,False
2020-04-01 20:00:00,2020-04-02 21:00:00,롱,4,시작낮음 · B중간 · 끝낮음,크게감,1.484,0.816,False
2020-04-02 21:00:00,2020-04-03 09:00:00,숏,10,시작중간 · B깊음 · 끝낮음,제자리,0.094,-0.123,False
2020-04-03 09:00:00,2020-04-03 13:00:00,롱,9,시작낮음 · B얕음 · 끝높음,제자리,0.082,-0.115,False
2020-04-03 13:00:00,2020-04-04 09:00:00,숏,27,시작높음 · B얕음 · 끝높음,크게감,0.707,0.021,False
2020-04-04 09:00:00,2020-04-04 13:00:00,롱,19,시작높음 · B깊음 · 끝낮음,제자리,0.151,-0.245,False
2020-04-04 13:00:00,2020-04-04 16:00:00,숏,9,시작낮음 · B얕음 · 끝높음,제자리,0.069,-0.168,False
2020-04-04 16:00:00,2020-04-05 05:00:00,롱,27,시작높음 · B얕음 · 끝높음,크게감,0.913,0.042,False
2020-04-05 05:00:00,2020-04-06 00:00:00,숏,25,시작높음 · B얕음 · 끝낮음,조금감,0.345,-0.23,False
2020-04-06 00:00:00,2020-04-07 04:00:00,롱,18,시작중간 · B얕음 · 끝높음,크게감,1.753,1.149,False
2020-04-07 04:00:00,2020-04-08 04:00:00,숏,19,시작높음 · B깊음 · 끝낮음,깨고하락,0.228,-0.131,True
2020-04-08 04:00:00,2020-04-08 10:00:00,롱,8,시작낮음 · B얕음 · 끝중간,제자리,0.099,-0.142,False
2020-04-08 10:00:00,2020-04-08 17:00:00,숏,27,시작높음 · B얕음 · 끝높음,제자리,0.137,-0.145,False
2020-04-08 17:00:00,2020-04-09 03:00:00,롱,23,시작높음 · B중간 · 끝중간,조금감,0.376,-0.1,False
2020-04-09 03:00:00,2020-04-09 22:00:00,숏,24,시작높음 · B중간 · 끝높음,크게감,0.833,-0.089,False
2020-04-09 22:00:00,2020-04-09 23:00:00,롱,20,시작높음 · B깊음 · 끝중간,제자리,0.017,-0.068,False
2020-04-09 23:00:00,2020-04-10 00:00:00,숏,17,시작중간 · B얕음 · 끝중간,제자리,0.14,-0.023,False
2020-04-10 00:00:00,2020-04-10 01:00:00,롱,10,시작중간 · B깊음 · 끝낮음,제자리,0.0,-0.424,False
2020-04-10 01:00:00,2020-04-10 19:00:00,숏,18,시작중간 · B얕음 · 끝높음,크게감,9.729,6.822,False
2020-04-10 19:00:00,2020-04-11 17:00:00,롱,10,시작중간 · B깊음 · 끝낮음,제자리,0.075,-0.212,False
2020-04-11 17:00:00,2020-04-11 21:00:00,숏,9,시작낮음 · B얕음 · 끝높음,제자리,0.039,-0.136,False
2020-04-11 21:00:00,2020-04-13 00:00:00,롱,27,시작높음 · B얕음 · 끝높음,깨고하락,1.719,-0.787,True
2020-04-13 00:00:00,2020-04-13 15:00:00,숏,11,시작중간 · B깊음 · 끝중간,제자리,0.173,-0.082,False
2020-04-13 15:00:00,2020-04-14 10:00:00,롱,13,시작중간 · B중간 · 끝낮음,조금감,0.246,0.091,False
2020-04-14 10:00:00,2020-04-14 13:00:00,숏,1,시작낮음 · B깊음 · 끝낮음,제자리,0.068,-0.177,False
2020-04-14 13:00:00,2020-04-14 21:00:00,롱,9,시작낮음 · B얕음 · 끝높음,조금감,0.4,-0.163,False
2020-04-14 21:00:00,2020-04-16 06:00:00,숏,20,시작높음 · B깊음 · 끝중간,크게감,2.178,0.94,False
2020-04-16 06:00:00,2020-04-17 02:00:00,롱,10,시작중간 · B깊음 · 끝낮음,크게감,1.011,0.761,False
2020-04-17 02:00:00,2020-04-18 05:00:00,숏,1,시작낮음 · B깊음 · 끝낮음,제자리,0.111,-0.046,False
2020-04-18 05:00:00,2020-04-18 10:00:00,롱,8,시작낮음 · B얕음 · 끝중간,제자리,0.009,-0.032,False
2020-04-18 10:00:00,2020-04-18 12:00:00,숏,17,시작중간 · B얕음 · 끝중간,깨고하락,0.112,-0.304,True
2020-04-18 12:00:00,2020-04-19 02:00:00,롱,18,시작중간 · B얕음 · 끝높음,크게감,1.512,0.963,False
2020-04-19 02:00:00,2020-04-19 21:00:00,숏,19,시작높음 · B깊음 · 끝낮음,크게감,0.768,0.198,False
2020-04-19 21:00:00,2020-04-19 23:00:00,롱,1,시작낮음 · B깊음 · 끝낮음,제자리,0.017,-0.264,False
2020-04-19 23:00:00,2020-04-20 00:00:00,숏,8,시작낮음 · B얕음 · 끝중간,제자리,0.173,-0.194,False
2020-04-20 00:00:00,2020-04-20 09:00:00,롱,11,시작중간 · B깊음 · 끝중간,크게감,0.507,-0.142,False
2020-04-20 09:00:00,2020-04-21 05:00:00,숏,1,시작낮음 · B깊음 · 끝낮음,크게감,3.108,2.048,False
2020-04-21 05:00:00,2020-04-23 04:00:00,롱,10,시작중간 · B깊음 · 끝낮음,크게감,0.644,0.515,False
2020-04-23 04:00:00,2020-04-23 13:00:00,숏,1,시작낮음 · B깊음 · 끝낮음,깨고하락,0.245,-0.255,True
2020-04-23 13:00:00,2020-04-24 01:00:00,롱,9,시작낮음 · B얕음 · 끝높음,크게감,1.059,0.52,False
2020-04-24 01:00:00,2020-04-25 06:00:00,숏,19,시작높음 · B깊음 · 끝낮음,제자리,0.113,-0.132,False
2020-04-25 06:00:00,2020-04-25 11:00:00,롱,8,시작낮음 · B얕음 · 끝중간,제자리,0.033,-0.068,False
2020-04-25 11:00:00,2020-04-25 13:00:00,숏,26,시작높음 · B얕음 · 끝중간,제자리,0.024,-0.269,False
2020-04-25 13:00:00,2020-04-25 15:00:00,롱,15,시작중간 · B중간 · 끝높음,깨고하락,1.281,-0.754,True
2020-04-25 15:00:00,2020-04-26 10:00:00,숏,17,시작중간 · B얕음 · 끝중간,조금감,0.318,-0.583,False
2020-04-26 10:00:00,2020-04-26 16:00:00,롱,18,시작중간 · B얕음 · 끝높음,조금감,0.252,-0.33,False
2020-04-26 16:00:00,2020-04-26 19:00:00,숏,26,시작높음 · B얕음 · 끝중간,제자리,0.032,-0.373,False
2020-04-26 19:00:00,2020-04-26 22:00:00,롱,27,시작높음 · B얕음 · 끝높음,제자리,0.035,-0.185,False
2020-04-26 22:00:00,2020-04-26 23:00:00,숏,26,시작높음 · B얕음 · 끝중간,깨고하락,0.004,-0.649,True
2020-04-26 23:00:00,2020-04-27 07:00:00,롱,15,시작중간 · B중간 · 끝높음,크게감,0.897,0.054,False
2020-04-27 07:00:00,2020-04-27 22:00:00,숏,13,시작중간 · B중간 · 끝낮음,조금감,0.35,-0.3,False
2020-04-27 22:00:00,2020-04-28 02:00:00,롱,18,시작중간 · B얕음 · 끝높음,제자리,0.097,-0.331,False
2020-04-28 02:00:00,2020-04-28 10:00:00,숏,26,시작높음 · B얕음 · 끝중간,조금감,0.247,-0.279,False
2020-04-28 10:00:00,2020-04-28 14:00:00,롱,27,시작높음 · B얕음 · 끝높음,제자리,0.139,-0.513,False
2020-04-28 14:00:00,2020-04-28 23:00:00,숏,27,시작높음 · B얕음 · 끝높음,깨고하락,0.186,-0.598,True
2020-04-28 23:00:00,2020-04-30 09:00:00,롱,24,시작높음 · B중간 · 끝높음,크게감,17.411,9.132,False
2020-04-30 09:00:00,2020-05-01 09:00:00,숏,19,시작높음 · B깊음 · 끝낮음,제자리,0.134,-0.113,False
2020-05-01 09:00:00,2020-05-01 15:00:00,롱,4,시작낮음 · B중간 · 끝낮음,제자리,0.124,-0.065,False
2020-05-01 15:00:00,2020-05-02 00:00:00,숏,5,시작낮음 · B중간 · 끝중간,제자리,0.099,-0.148,False
2020-05-02 00:00:00,2020-05-02 07:00:00,롱,14,시작중간 · B중간 · 끝중간,제자리,0.055,-0.09,False
2020-05-02 07:00:00,2020-05-02 11:00:00,숏,26,시작높음 · B얕음 · 끝중간,깨고하락,0.13,-0.177,True
2020-05-02 11:00:00,2020-05-03 07:00:00,롱,15,시작중간 · B중간 · 끝높음,크게감,2.713,1.163,False
2020-05-03 07:00:00,2020-05-04 12:00:00,숏,19,시작높음 · B깊음 · 끝낮음,크게감,1.107,0.656,False
2020-05-04 12:00:00,2020-05-05 11:00:00,롱,10,시작중간 · B깊음 · 끝낮음,크게감,0.586,0.2,False
2020-05-05 11:00:00,2020-05-05 22:00:00,숏,1,시작낮음 · B깊음 · 끝낮음,제자리,0.051,-0.199,False
2020-05-05 22:00:00,2020-05-06 23:00:00,롱,9,시작낮음 · B얕음 · 끝높음,크게감,0.936,0.397,False
2020-05-06 23:00:00,2020-05-07 13:00:00,숏,19,시작높음 · B깊음 · 끝낮음,깨고하락,0.193,-0.592,True
2020-05-07 13:00:00,2020-05-08 05:00:00,롱,6,시작낮음 · B중간 · 끝높음,크게감,0.83,0.549,False
2020-05-08 05:00:00,2020-05-09 17:00:00,숏,19,시작높음 · B깊음 · 끝낮음,조금감,0.334,0.087,False
2020-05-09 17:00:00,2020-05-09 21:00:00,롱,4,시작낮음 · B중간 · 끝낮음,제자리,0.012,-0.23,False
2020-05-09 21:00:00,2020-05-10 12:00:00,숏,18,시작중간 · B얕음 · 끝높음,크게감,3.038,1.859,False
2020-05-10 12:00:00,2020-05-10 16:00:00,롱,19,시작높음 · B깊음 · 끝낮음,제자리,0.056,-0.275,False
2020-05-10 16:00:00,2020-05-10 18:00:00,숏,9,시작낮음 · B얕음 · 끝높음,제자리,0.0,-0.146,False
2020-05-10 18:00:00,2020-05-11 18:00:00,롱,19,시작높음 · B깊음 · 끝낮음,깨고복귀,1.218,0.198,True
2020-05-11 18:00:00,2020-05-11 19:00:00,숏,11,시작중간 · B깊음 · 끝중간,제자리,0.194,-0.145,False
2020-05-11 19:00:00,2020-05-11 20:00:00,롱,27,시작높음 · B얕음 · 끝높음,제자리,0.064,-0.117,False
2020-05-11 20:00:00,2020-05-12 03:00:00,숏,26,시작높음 · B얕음 · 끝중간,조금감,0.271,-0.15,False
2020-05-12 03:00:00,2020-05-12 22:00:00,롱,5,시작낮음 · B중간 · 끝중간,크게감,0.648,0.225,False
2020-05-12 22:00:00,2020-05-13 00:00:00,숏,10,시작중간 · B깊음 · 끝낮음,제자리,0.05,-0.242,False
2020-05-13 00:00:00,2020-05-13 07:00:00,롱,9,시작낮음 · B얕음 · 끝높음,제자리,0.108,-0.167,False
2020-05-13 07:00:00,2020-05-13 10:00:00,숏,19,시작높음 · B깊음 · 끝낮음,제자리,0.177,-0.342,False
2020-05-13 10:00:00,2020-05-14 17:00:00,롱,6,시작낮음 · B중간 · 끝높음,크게감,5.644,3.789,False
2020-05-14 17:00:00,2020-05-16 04:00:00,숏,19,시작높음 · B깊음 · 끝낮음,조금감,0.428,0.106,False
2020-05-16 04:00:00,2020-05-16 17:00:00,롱,4,시작낮음 · B중간 · 끝낮음,제자리,0.083,-0.174,False
2020-05-16 17:00:00,2020-05-16 22:00:00,숏,8,시작낮음 · B얕음 · 끝중간,제자리,0.071,-0.136,False
2020-05-16 22:00:00,2020-05-17 22:00:00,롱,26,시작높음 · B얕음 · 끝중간,크게감,1.474,0.856,False
2020-05-17 22:00:00,2020-05-18 01:00:00,숏,19,시작높음 · B깊음 · 끝낮음,깨고하락,0.051,-0.341,True
2020-05-18 01:00:00,2020-05-18 06:00:00,롱,9,시작낮음 · B얕음 · 끝높음,제자리,0.033,-0.198,False
2020-05-18 06:00:00,2020-05-18 23:00:00,숏,23,시작높음 · B중간 · 끝중간,크게감,0.829,0.13,False
2020-05-18 23:00:00,2020-05-19 00:00:00,롱,10,시작중간 · B깊음 · 끝낮음,제자리,0.021,-0.186,False
2020-05-19 00:00:00,2020-05-19 08:00:00,숏,9,시작낮음 · B얕음 · 끝높음,깨고하락,0.424,-0.414,True
2020-05-19 08:00:00,2020-05-19 19:00:00,롱,21,시작높음 · B깊음 · 끝높음,조금감,0.255,-0.458,False
2020-05-19 19:00:00,2020-05-19 22:00:00,숏,10,시작중간 · B깊음 · 끝낮음,제자리,0.047,-0.256,False
2020-05-19 22:00:00,2020-05-20 15:00:00,롱,18,시작중간 · B얕음 · 끝높음,깨고하락,0.285,-0.978,True
2020-05-20 15:00:00,2020-05-21 23:00:00,숏,18,시작중간 · B얕음 · 끝높음,크게감,1.145,0.661,False
2020-05-21 23:00:00,2020-05-23 09:00:00,롱,10,시작중간 · B깊음 · 끝낮음,조금감,0.233,0.07,False
2020-05-23 09:00:00,2020-05-23 20:00:00,숏,8,시작낮음 · B얕음 · 끝중간,제자리,0.061,-0.09,False
2020-05-23 20:00:00,2020-05-24 01:00:00,롱,17,시작중간 · B얕음 · 끝중간,제자리,0.043,-0.139,False
2020-05-24 01:00:00,2020-05-24 02:00:00,숏,23,시작높음 · B중간 · 끝중간,제자리,0.006,-0.134,False
2020-05-24 02:00:00,2020-05-24 11:00:00,롱,17,시작중간 · B얕음 · 끝중간,깨고하락,0.765,-0.588,True
2020-05-24 11:00:00,2020-05-25 08:00:00,숏,12,시작중간 · B깊음 · 끝높음,크게감,2.351,1.447,False
2020-05-25 08:00:00,2020-05-25 09:00:00,롱,10,시작중간 · B깊음 · 끝낮음,제자리,0.075,-0.105,False
2020-05-25 09:00:00,2020-05-25 12:00:00,숏,9,시작낮음 · B얕음 · 끝높음,제자리,0.138,-0.0,False
2020-05-25 12:00:00,2020-05-26 12:00:00,롱,22,시작높음 · B중간 · 끝낮음,크게감,1.234,0.275,False
2020-05-26 12:00:00,2020-05-26 21:00:00,숏,10,시작중간 · B깊음 · 끝낮음,조금감,0.378,-0.078,False
2020-05-26 21:00:00,2020-05-27 22:00:00,롱,5,시작낮음 · B중간 · 끝중간,크게감,1.169,0.789,False
2020-05-27 22:00:00,2020-05-28 00:00:00,숏,10,시작중간 · B깊음 · 끝낮음,깨고하락,0.012,-0.307,True
2020-05-28 00:00:00,2020-05-28 03:00:00,롱,9,시작낮음 · B얕음 · 끝높음,제자리,0.017,-0.202,False
2020-05-28 03:00:00,2020-05-28 12:00:00,숏,23,시작높음 · B중간 · 끝중간,깨고하락,0.243,-1.115,True
2020-05-28 12:00:00,2020-05-29 02:00:00,롱,18,시작중간 · B얕음 · 끝높음,크게감,0.605,0.252,False
2020-05-29 02:00:00,2020-05-30 04:00:00,숏,19,시작높음 · B깊음 · 끝낮음,조금감,0.346,-0.028,False
2020-05-30 04:00:00,2020-05-30 17:00:00,롱,5,시작낮음 · B중간 · 끝중간,조금감,0.231,0.012,False
2020-05-30 17:00:00,2020-05-30 22:00:00,숏,1,시작낮음 · B깊음 · 끝낮음,깨고하락,0.451,-0.74,True
2020-05-30 22:00:00,2020-05-31 04:00:00,롱,6,시작낮음 · B중간 · 끝높음,제자리,0.043,-0.479,False
2020-05-31 04:00:00,2020-06-01 02:00:00,숏,10,시작중간 · B깊음 · 끝낮음,조금감,0.496,0.092,False
2020-06-01 02:00:00,2020-06-02 12:00:00,롱,13,시작중간 · B중간 · 끝낮음,크게감,2.395,1.73,False
2020-06-02 12:00:00,2020-06-03 07:00:00,숏,10,시작중간 · B깊음 · 끝낮음,크게감,0.868,0.639,False
2020-06-03 07:00:00,2020-06-04 09:00:00,롱,1,시작낮음 · B깊음 · 끝낮음,제자리,0.173,0.048,False
2020-06-04 09:00:00,2020-06-04 13:00:00,숏,8,시작낮음 · B얕음 · 끝중간,깨고하락,0.111,-0.214,True
2020-06-04 13:00:00,2020-06-05 03:00:00,롱,6,시작낮음 · B중간 · 끝높음,조금감,0.386,0.133,False
2020-06-05 03:00:00,2020-06-06 09:00:00,숏,22,시작높음 · B중간 · 끝낮음,크게감,0.618,0.293,False
2020-06-06 09:00:00,2020-06-07 09:00:00,롱,1,시작낮음 · B깊음 · 끝낮음,제자리,0.169,-0.126,False
2020-06-07 09:00:00,2020-06-07 19:00:00,숏,5,시작낮음 · B중간 · 끝중간,깨고하락,0.797,-0.427,True
2020-06-07 19:00:00,2020-06-08 12:00:00,롱,15,시작중간 · B중간 · 끝높음,제자리,0.09,-0.108,False
2020-06-08 12:00:00,2020-06-08 23:00:00,숏,1,시작낮음 · B깊음 · 끝낮음,제자리,0.15,-0.136,False
2020-06-08 23:00:00,2020-06-09 00:00:00,롱,8,시작낮음 · B얕음 · 끝중간,깨고하락,0.334,-0.239,True
2020-06-09 00:00:00,2020-06-09 12:00:00,숏,14,시작중간 · B중간 · 끝중간,조금감,0.266,-0.048,False
2020-06-09 12:00:00,2020-06-10 07:00:00,롱,13,시작중간 · B중간 · 끝낮음,조금감,0.363,0.081,False
2020-06-10 07:00:00,2020-06-10 17:00:00,숏,8,시작낮음 · B얕음 · 끝중간,제자리,0.135,-0.095,False
2020-06-10 17:00:00,2020-06-11 06:00:00,롱,14,시작중간 · B중간 · 끝중간,깨고복귀,1.384,0.358,True
2020-06-11 06:00:00,2020-06-12 03:00:00,숏,10,시작중간 · B깊음 · 끝낮음,크게감,2.383,1.536,False
2020-06-12 03:00:00,2020-06-13 20:00:00,롱,10,시작중간 · B깊음 · 끝낮음,조금감,0.212,0.048,False
2020-06-13 20:00:00,2020-06-13 21:00:00,숏,8,시작낮음 · B얕음 · 끝중간,제자리,0.0,-0.029,False
2020-06-13 21:00:00,2020-06-14 06:00:00,롱,17,시작중간 · B얕음 · 끝중간,조금감,0.213,-0.084,False
2020-06-14 06:00:00,2020-06-15 14:00:00,숏,23,시작높음 · B중간 · 끝중간,크게감,3.925,1.634,False
2020-06-15 14:00:00,2020-06-16 14:00:00,롱,10,시작중간 · B깊음 · 끝낮음,크게감,0.678,0.421,False
2020-06-16 14:00:00,2020-06-17 23:00:00,숏,4,시작낮음 · B중간 · 끝낮음,조금감,0.288,-0.035,False
2020-06-17 23:00:00,2020-06-18 15:00:00,롱,4,시작낮음 · B중간 · 끝낮음,제자리,0.058,-0.198,False
2020-06-18 15:00:00,2020-06-19 09:00:00,숏,18,시작중간 · B얕음 · 끝높음,조금감,0.441,0.059,False
2020-06-19 09:00:00,2020-06-19 19:00:00,롱,19,시작높음 · B깊음 · 끝낮음,조금감,0.227,-0.239,False
2020-06-19 19:00:00,2020-06-20 03:00:00,숏,5,시작낮음 · B중간 · 끝중간,조금감,0.212,-0.111,False
2020-06-20 03:00:00,2020-06-20 08:00:00,롱,26,시작높음 · B얕음 · 끝중간,제자리,0.0,-0.235,False
2020-06-20 08:00:00,2020-06-20 11:00:00,숏,27,시작높음 · B얕음 · 끝높음,깨고하락,1.185,-0.457,True
2020-06-20 11:00:00,2020-06-20 14:00:00,롱,26,시작높음 · B얕음 · 끝중간,제자리,0.025,-0.216,False
2020-06-20 14:00:00,2020-06-20 18:00:00,숏,26,시작높음 · B얕음 · 끝중간,조금감,0.27,-0.13,False
2020-06-20 18:00:00,2020-06-21 11:00:00,롱,26,시작높음 · B얕음 · 끝중간,크게감,0.518,0.219,False
2020-06-21 11:00:00,2020-06-22 02:00:00,숏,10,시작중간 · B깊음 · 끝낮음,조금감,0.404,-0.131,False
2020-06-22 02:00:00,2020-06-23 04:00:00,롱,6,시작낮음 · B중간 · 끝높음,크게감,2.76,1.702,False
2020-06-23 04:00:00,2020-06-25 01:00:00,숏,19,시작높음 · B깊음 · 끝낮음,크게감,0.83,0.692,False
2020-06-25 01:00:00,2020-06-25 03:00:00,롱,1,시작낮음 · B깊음 · 끝낮음,깨고하락,0.006,-0.322,True
2020-06-25 03:00:00,2020-06-25 08:00:00,숏,9,시작낮음 · B얕음 · 끝높음,깨고하락,0.004,-0.299,True
2020-06-25 08:00:00,2020-06-26 06:00:00,롱,20,시작높음 · B깊음 · 끝중간,제자리,0.118,-0.271,False
2020-06-26 06:00:00,2020-06-26 20:00:00,숏,14,시작중간 · B중간 · 끝중간,조금감,0.491,0.043,False
2020-06-26 20:00:00,2020-06-27 16:00:00,롱,23,시작높음 · B중간 · 끝중간,제자리,0.049,-0.334,False
2020-06-27 16:00:00,2020-06-28 06:00:00,숏,18,시작중간 · B얕음 · 끝높음,크게감,1.295,0.426,False
2020-06-28 06:00:00,2020-06-29 04:00:00,롱,19,시작높음 · B깊음 · 끝낮음,조금감,0.47,0.266,False
2020-06-29 04:00:00,2020-06-29 17:00:00,숏,1,시작낮음 · B깊음 · 끝낮음,조금감,0.25,-0.126,False
2020-06-29 17:00:00,2020-06-30 05:00:00,롱,9,시작낮음 · B얕음 · 끝높음,조금감,0.337,-0.134,False
2020-06-30 05:00:00,2020-07-01 08:00:00,숏,23,시작높음 · B중간 · 끝중간,조금감,0.278,-0.208,False
2020-07-01 08:00:00,2020-07-02 00:00:00,롱,14,시작중간 · B중간 · 끝중간,크게감,0.721,0.344,False
2020-07-02 00:00:00,2020-07-03 03:00:00,숏,10,시작중간 · B깊음 · 끝낮음,크게감,1.321,0.615,False
2020-07-03 03:00:00,2020-07-04 11:00:00,롱,10,시작중간 · B깊음 · 끝낮음,제자리,0.089,-0.097,False
2020-07-04 11:00:00,2020-07-04 13:00:00,숏,8,시작낮음 · B얕음 · 끝중간,제자리,0.048,-0.059,False
2020-07-04 13:00:00,2020-07-05 05:00:00,롱,27,시작높음 · B얕음 · 끝높음,크게감,1.223,-0.029,False
2020-07-05 05:00:00,2020-07-05 22:00:00,숏,20,시작높음 · B깊음 · 끝중간,크게감,1.173,0.021,False
2020-07-05 22:00:00,2020-07-06 22:00:00,롱,10,시작중간 · B깊음 · 끝낮음,크게감,1.002,0.759,False
2020-07-06 22:00:00,2020-07-06 23:00:00,숏,10,시작중간 · B깊음 · 끝낮음,깨고하락,0.0,-0.13,True
2020-07-06 23:00:00,2020-07-07 01:00:00,롱,9,시작낮음 · B얕음 · 끝높음,제자리,0.091,-0.089,False
2020-07-07 01:00:00,2020-07-08 02:00:00,숏,19,시작높음 · B깊음 · 끝낮음,크게감,0.963,0.079,False
2020-07-08 02:00:00,2020-07-09 01:00:00,롱,10,시작중간 · B깊음 · 끝낮음,크게감,1.009,0.503,False
2020-07-09 01:00:00,2020-07-10 10:00:00,숏,10,시작중간 · B깊음 · 끝낮음,크게감,0.987,0.761,False
2020-07-10 10:00:00,2020-07-11 09:00:00,롱,1,시작낮음 · B깊음 · 끝낮음,조금감,0.34,0.059,False
2020-07-11 09:00:00,2020-07-11 23:00:00,숏,5,시작낮음 · B중간 · 끝중간,제자리,0.028,-0.09,False
2020-07-11 23:00:00,2020-07-12 13:00:00,롱,4,시작낮음 · B중간 · 끝낮음,크게감,0.735,-0.134,False
2020-07-12 13:00:00,2020-07-12 22:00:00,숏,11,시작중간 · B깊음 · 끝중간,조금감,0.355,-0.477,False
2020-07-12 22:00:00,2020-07-13 18:00:00,롱,14,시작중간 · B중간 · 끝중간,조금감,0.278,-0.003,False
2020-07-13 18:00:00,2020-07-14 12:00:00,숏,25,시작높음 · B얕음 · 끝낮음,크게감,0.95,0.423,False
2020-07-14 12:00:00,2020-07-15 06:00:00,롱,10,시작중간 · B깊음 · 끝낮음,조금감,0.28,0.089,False
2020-07-15 06:00:00,2020-07-16 01:00:00,숏,8,시작낮음 · B얕음 · 끝중간,조금감,0.344,0.066,False
2020-07-16 01:00:00,2020-07-16 03:00:00,롱,13,시작중간 · B중간 · 끝낮음,제자리,0.027,-0.141,False
2020-07-16 03:00:00,2020-07-16 17:00:00,숏,8,시작낮음 · B얕음 · 끝중간,크게감,1.908,0.902,False
2020-07-16 17:00:00,2020-07-18 02:00:00,롱,19,시작높음 · B깊음 · 끝낮음,조금감,0.302,0.063,False
2020-07-18 02:00:00,2020-07-18 09:00:00,숏,5,시작낮음 · B중간 · 끝중간,깨고하락,0.078,-0.153,True
2020-07-18 09:00:00,2020-07-18 23:00:00,롱,18,시작중간 · B얕음 · 끝높음,조금감,0.245,0.036,False
2020-07-18 23:00:00,2020-07-19 00:00:00,숏,25,시작높음 · B얕음 · 끝낮음,제자리,0.006,-0.079,False
2020-07-19 00:00:00,2020-07-19 01:00:00,롱,26,시작높음 · B얕음 · 끝중간,깨고하락,0.008,-0.198,True
2020-07-19 01:00:00,2020-07-19 17:00:00,숏,12,시작중간 · B깊음 · 끝높음,크게감,4.111,0.778,False
2020-07-19 17:00:00,2020-07-20 10:00:00,롱,10,시작중간 · B깊음 · 끝낮음,크게감,1.051,0.074,False
2020-07-20 10:00:00,2020-07-21 02:00:00,숏,14,시작중간 · B중간 · 끝중간,제자리,0.129,-0.146,False
2020-07-21 02:00:00,2020-07-21 21:00:00,롱,5,시작낮음 · B중간 · 끝중간,크게감,2.895,2.044,False
2020-07-21 21:00:00,2020-07-22 20:00:00,숏,10,시작중간 · B깊음 · 끝낮음,조금감,0.276,-0.008,False
2020-07-22 20:00:00,2020-07-23 10:00:00,롱,8,시작낮음 · B얕음 · 끝중간,크게감,0.642,0.443,False
2020-07-23 10:00:00,2020-07-23 16:00:00,숏,19,시작높음 · B깊음 · 끝낮음,깨고하락,0.165,-0.534,True
2020-07-23 16:00:00,2020-07-24 00:00:00,롱,9,시작낮음 · B얕음 · 끝높음,제자리,0.148,-0.168,False
2020-07-24 00:00:00,2020-07-24 18:00:00,숏,22,시작높음 · B중간 · 끝낮음,조금감,0.471,-0.007,False
2020-07-24 18:00:00,2020-07-24 23:00:00,롱,2,시작낮음 · B깊음 · 끝중간,조금감,0.274,-0.226,False
2020-07-24 23:00:00,2020-07-25 04:00:00,숏,14,시작중간 · B중간 · 끝중간,제자리,0.063,-0.282,False
2020-07-25 04:00:00,2020-07-25 10:00:00,롱,27,시작높음 · B얕음 · 끝높음,조금감,0.305,-0.051,False
2020-07-25 10:00:00,2020-07-25 16:00:00,숏,26,시작높음 · B얕음 · 끝중간,깨고하락,0.179,-0.348,True
2020-07-25 16:00:00,2020-07-26 04:00:00,롱,27,시작높음 · B얕음 · 끝높음,크게감,1.565,0.727,False
2020-07-26 04:00:00,2020-07-26 08:00:00,숏,19,시작높음 · B깊음 · 끝낮음,깨고하락,0.026,-0.571,True
2020-07-26 08:00:00,2020-07-26 19:00:00,롱,9,시작낮음 · B얕음 · 끝높음,크게감,1.757,0.455,False
2020-07-26 19:00:00,2020-07-27 01:00:00,숏,19,시작높음 · B깊음 · 끝낮음,제자리,0.037,-0.435,False
2020-07-27 01:00:00,2020-07-28 04:00:00,롱,9,시작낮음 · B얕음 · 끝높음,크게감,2.99,2.206,False
2020-07-28 04:00:00,2020-07-29 08:00:00,숏,19,시작높음 · B깊음 · 끝낮음,조금감,0.307,-0.051,False
2020-07-29 08:00:00,2020-07-29 23:00:00,롱,8,시작낮음 · B얕음 · 끝중간,제자리,0.154,-0.013,False
2020-07-29 23:00:00,2020-07-30 17:00:00,숏,23,시작높음 · B중간 · 끝중간,조금감,0.351,0.084,False
2020-07-30 17:00:00,2020-07-31 02:00:00,롱,4,시작낮음 · B중간 · 끝낮음,조금감,0.252,-0.091,False
2020-07-31 02:00:00,2020-07-31 06:00:00,숏,8,시작낮음 · B얕음 · 끝중간,제자리,0.056,-0.354,False
2020-07-31 06:00:00,2020-08-01 00:00:00,롱,27,시작높음 · B얕음 · 끝높음,크게감,1.462,0.552,False
2020-08-01 00:00:00,2020-08-01 04:00:00,숏,19,시작높음 · B깊음 · 끝낮음,제자리,0.045,-0.301,False
2020-08-01 04:00:00,2020-08-01 14:00:00,롱,8,시작낮음 · B얕음 · 끝중간,크게감,0.861,0.496,False
2020-08-01 14:00:00,2020-08-01 19:00:00,숏,10,시작중간 · B깊음 · 끝낮음,깨고하락,0.07,-0.343,True
2020-08-01 19:00:00,2020-08-02 00:00:00,롱,9,시작낮음 · B얕음 · 끝높음,제자리,0.171,0.03,False
2020-08-02 00:00:00,2020-08-02 01:00:00,숏,22,시작높음 · B중간 · 끝낮음,깨고하락,0.028,-0.443,True
2020-08-02 01:00:00,2020-08-02 04:00:00,롱,9,시작낮음 · B얕음 · 끝높음,깨고하락,0.581,-2.723,True
2020-08-02 04:00:00,2020-08-03 00:00:00,숏,18,시작중간 · B얕음 · 끝높음,제자리,0.148,0.026,False
2020-08-03 00:00:00,2020-08-03 23:00:00,롱,10,시작중간 · B깊음 · 끝낮음,조금감,0.211,0.056,False
2020-08-03 23:00:00,2020-08-04 00:00:00,숏,8,시작낮음 · B얕음 · 끝중간,제자리,0.0,-0.088,False
2020-08-04 00:00:00,2020-08-04 02:00:00,롱,9,시작낮음 · B얕음 · 끝높음,제자리,0.017,-0.155,False
2020-08-04 02:00:00,2020-08-04 19:00:00,숏,10,시작중간 · B깊음 · 끝낮음,크게감,0.989,0.22,False
2020-08-04 19:00:00,2020-08-05 01:00:00,롱,10,시작중간 · B깊음 · 끝낮음,제자리,0.103,-0.104,False
2020-08-05 01:00:00,2020-08-05 03:00:00,숏,8,시작낮음 · B얕음 · 끝중간,제자리,0.082,-0.147,False
2020-08-05 03:00:00,2020-08-06 02:00:00,롱,27,시작높음 · B얕음 · 끝높음,크게감,3.401,2.741,False
2020-08-06 02:00:00,2020-08-06 13:00:00,숏,19,시작높음 · B깊음 · 끝낮음,깨고하락,0.168,-0.261,True
2020-08-06 13:00:00,2020-08-06 21:00:00,롱,9,시작낮음 · B얕음 · 끝높음,제자리,0.045,-0.191,False
2020-08-06 21:00:00,2020-08-08 02:00:00,숏,26,시작높음 · B얕음 · 끝중간,깨고복귀,1.232,0.382,True
2020-08-08 02:00:00,2020-08-08 03:00:00,롱,10,시작중간 · B깊음 · 끝낮음,제자리,0.001,-0.111,False
2020-08-08 03:00:00,2020-08-08 05:00:00,숏,8,시작낮음 · B얕음 · 끝중간,제자리,0.045,-0.114,False
2020-08-08 05:00:00,2020-08-09 02:00:00,롱,20,시작높음 · B깊음 · 끝중간,크게감,1.641,0.886,False
2020-08-09 02:00:00,2020-08-09 21:00:00,숏,10,시작중간 · B깊음 · 끝낮음,크게감,0.657,0.24,False
2020-08-09 21:00:00,2020-08-10 10:00:00,롱,1,시작낮음 · B깊음 · 끝낮음,깨고복귀,1.434,0.136,True
2020-08-10 10:00:00,2020-08-12 06:00:00,숏,11,시작중간 · B깊음 · 끝중간,크게감,0.968,0.611,False
2020-08-12 06:00:00,2020-08-13 07:00:00,롱,1,시작낮음 · B깊음 · 끝낮음,조금감,0.331,0.193,False
2020-08-13 07:00:00,2020-08-13 17:00:00,숏,4,시작낮음 · B중간 · 끝낮음,조금감,0.269,-0.008,False
2020-08-13 17:00:00,2020-08-13 18:00:00,롱,5,시작낮음 · B중간 · 끝중간,제자리,0.022,-0.057,False
2020-08-13 18:00:00,2020-08-13 19:00:00,숏,17,시작중간 · B얕음 · 끝중간,제자리,0.005,-0.051,False
2020-08-13 19:00:00,2020-08-14 08:00:00,롱,10,시작중간 · B깊음 · 끝낮음,크게감,6.34,3.55,False
2020-08-14 08:00:00,2020-08-14 17:00:00,숏,10,시작중간 · B깊음 · 끝낮음,깨고하락,0.103,-0.328,True
2020-08-14 17:00:00,2020-08-14 20:00:00,롱,9,시작낮음 · B얕음 · 끝높음,제자리,0.065,-0.098,False
2020-08-14 20:00:00,2020-08-15 00:00:00,숏,27,시작높음 · B얕음 · 끝높음,깨고하락,0.289,-0.764,True
2020-08-15 00:00:00,2020-08-15 08:00:00,롱,18,시작중간 · B얕음 · 끝높음,제자리,0.098,-0.192,False
2020-08-15 08:00:00,2020-08-16 03:00:00,숏,10,시작중간 · B깊음 · 끝낮음,깨고하락,0.66,-0.216,True
2020-08-16 03:00:00,2020-08-16 07:00:00,롱,5,시작낮음 · B중간 · 끝중간,제자리,0.011,-0.183,False
2020-08-16 07:00:00,2020-08-16 21:00:00,숏,17,시작중간 · B얕음 · 끝중간,크게감,0.622,0.05,False
2020-08-16 21:00:00,2020-08-17 04:00:00,롱,11,시작중간 · B깊음 · 끝중간,조금감,0.296,-0.187,False
2020-08-17 04:00:00,2020-08-17 09:00:00,숏,14,시작중간 · B중간 · 끝중간,제자리,0.085,-0.19,False
2020-08-17 09:00:00,2020-08-18 03:00:00,롱,17,시작중간 · B얕음 · 끝중간,크게감,4.34,3.072,False
2020-08-18 03:00:00,2020-08-19 12:00:00,숏,19,시작높음 · B깊음 · 끝낮음,크게감,0.991,0.656,False
2020-08-19 12:00:00,2020-08-19 19:00:00,롱,1,시작낮음 · B깊음 · 끝낮음,제자리,0.072,-0.226,False
2020-08-19 19:00:00,2020-08-19 21:00:00,숏,9,시작낮음 · B얕음 · 끝높음,제자리,0.13,-0.071,False
2020-08-19 21:00:00,2020-08-21 02:00:00,롱,26,시작높음 · B얕음 · 끝중간,조금감,0.499,0.248,False
2020-08-21 02:00:00,2020-08-21 03:00:00,숏,13,시작중간 · B중간 · 끝낮음,제자리,0.04,-0.202,False
2020-08-21 03:00:00,2020-08-21 08:00:00,롱,9,시작낮음 · B얕음 · 끝높음,제자리,0.014,-0.177,False
2020-08-21 08:00:00,2020-08-22 07:00:00,숏,10,시작중간 · B깊음 · 끝낮음,크게감,5.213,2.976,False
2020-08-22 07:00:00,2020-08-23 06:00:00,롱,10,시작중간 · B깊음 · 끝낮음,조금감,0.219,0.053,False
2020-08-23 06:00:00,2020-08-23 15:00:00,숏,8,시작낮음 · B얕음 · 끝중간,제자리,0.179,-0.11,False
2020-08-23 15:00:00,2020-08-24 17:00:00,롱,15,시작중간 · B중간 · 끝높음,크게감,1.062,0.646,False
2020-08-24 17:00:00,2020-08-26 02:00:00,숏,19,시작높음 · B깊음 · 끝낮음,크게감,2.106,1.219,False
2020-08-26 02:00:00,2020-08-27 02:00:00,롱,10,시작중간 · B깊음 · 끝낮음,조금감,0.213,-0.016,False
2020-08-27 02:00:00,2020-08-27 23:00:00,숏,8,시작낮음 · B얕음 · 끝중간,깨고복귀,0.356,0.077,True
2020-08-27 23:00:00,2020-08-29 01:00:00,롱,13,시작중간 · B중간 · 끝낮음,조금감,0.482,0.331,False
2020-08-29 01:00:00,2020-08-29 07:00:00,숏,10,시작중간 · B깊음 · 끝낮음,깨고하락,0.015,-0.189,True
2020-08-29 07:00:00,2020-08-29 10:00:00,롱,9,시작낮음 · B얕음 · 끝높음,깨고하락,0.018,-0.329,True
2020-08-29 10:00:00,2020-08-30 01:00:00,숏,24,시작높음 · B중간 · 끝높음,깨고하락,0.242,-1.117,True
2020-08-30 01:00:00,2020-08-30 10:00:00,롱,15,시작중간 · B중간 · 끝높음,제자리,0.049,-0.245,False
2020-08-30 10:00:00,2020-08-30 11:00:00,숏,10,시작중간 · B깊음 · 끝낮음,제자리,0.002,-0.174,False
2020-08-30 11:00:00,2020-08-30 21:00:00,롱,8,시작낮음 · B얕음 · 끝중간,크게감,0.63,0.049,False
2020-08-30 21:00:00,2020-08-30 23:00:00,숏,10,시작중간 · B깊음 · 끝낮음,깨고하락,0.075,-0.894,True
2020-08-30 23:00:00,2020-08-31 04:00:00,롱,9,시작낮음 · B얕음 · 끝높음,제자리,0.105,-0.282,False
2020-08-31 04:00:00,2020-08-31 13:00:00,숏,23,시작높음 · B중간 · 끝중간,깨고하락,0.714,-0.472,True
2020-08-31 13:00:00,2020-08-31 20:00:00,롱,15,시작중간 · B중간 · 끝높음,제자리,0.129,-0.23,False
2020-08-31 20:00:00,2020-09-01 05:00:00,숏,27,시작높음 · B얕음 · 끝높음,깨고하락,0.725,-0.581,True
2020-09-01 05:00:00,2020-09-01 23:00:00,롱,12,시작중간 · B깊음 · 끝높음,크게감,1.015,0.494,False
2020-09-01 23:00:00,2020-09-02 23:00:00,숏,10,시작중간 · B깊음 · 끝낮음,크게감,1.431,1.02,False
2020-09-02 23:00:00,2020-09-03 12:00:00,롱,10,시작중간 · B깊음 · 끝낮음,깨고하락,0.085,-0.623,True
2020-09-03 12:00:00,2020-09-04 07:00:00,숏,9,시작낮음 · B얕음 · 끝높음,크게감,0.671,0.394,False
2020-09-04 07:00:00,2020-09-05 09:00:00,롱,19,시작높음 · B깊음 · 끝낮음,깨고복귀,0.214,0.003,True
2020-09-05 09:00:00,2020-09-06 00:00:00,숏,8,시작낮음 · B얕음 · 끝중간,조금감,0.337,0.064,False
2020-09-06 00:00:00,2020-09-07 04:00:00,롱,10,시작중간 · B깊음 · 끝낮음,제자리,0.175,-0.04,False
2020-09-07 04:00:00,2020-09-07 16:00:00,숏,5,시작낮음 · B중간 · 끝중간,크게감,0.554,-0.042,False
2020-09-07 16:00:00,2020-09-08 08:00:00,롱,11,시작중간 · B깊음 · 끝중간,크게감,0.511,-0.043,False
2020-09-08 08:00:00,2020-09-08 23:00:00,숏,14,시작중간 · B중간 · 끝중간,크게감,0.614,0.106,False
2020-09-08 23:00:00,2020-09-10 07:00:00,롱,13,시작중간 · B중간 · 끝낮음,조금감,0.49,0.251,False
2020-09-10 07:00:00,2020-09-10 13:00:00,숏,4,시작낮음 · B중간 · 끝낮음,깨고하락,0.062,-0.282,True
2020-09-10 13:00:00,2020-09-10 16:00:00,롱,9,시작낮음 · B얕음 · 끝높음,제자리,0.104,-0.23,False
2020-09-10 16:00:00,2020-09-11 15:00:00,숏,23,시작높음 · B중간 · 끝중간,조금감,0.488,0.054,False
2020-09-11 15:00:00,2020-09-12 07:00:00,롱,10,시작중간 · B깊음 · 끝낮음,조금감,0.278,0.081,False
2020-09-12 07:00:00,2020-09-12 17:00:00,숏,4,시작낮음 · B중간 · 끝낮음,조금감,0.272,-0.133,False
2020-09-12 17:00:00,2020-09-13 10:00:00,롱,15,시작중간 · B중간 · 끝높음,크게감,1.689,0.714,False
2020-09-13 10:00:00,2020-09-14 02:00:00,숏,22,시작높음 · B중간 · 끝낮음,크게감,0.793,0.366,False
2020-09-14 02:00:00,2020-09-15 06:00:00,롱,1,시작낮음 · B깊음 · 끝낮음,크게감,1.366,1.067,False
2020-09-15 06:00:00,2020-09-15 12:00:00,숏,10,시작중간 · B깊음 · 끝낮음,깨고하락,0.185,-0.291,True
2020-09-15 12:00:00,2020-09-15 14:00:00,롱,9,시작낮음 · B얕음 · 끝높음,제자리,0.018,-0.224,False
2020-09-15 14:00:00,2020-09-16 07:00:00,숏,24,시작높음 · B중간 · 끝높음,깨고하락,0.318,-0.47,True
2020-09-16 07:00:00,2020-09-16 23:00:00,롱,21,시작높음 · B깊음 · 끝높음,크게감,0.653,0.137,False
2020-09-16 23:00:00,2020-09-17 19:00:00,숏,19,시작높음 · B깊음 · 끝낮음,조금감,0.479,0.083,False
2020-09-17 19:00:00,2020-09-18 14:00:00,롱,1,시작낮음 · B깊음 · 끝낮음,조금감,0.345,0.075,False
2020-09-18 14:00:00,2020-09-19 00:00:00,숏,5,시작낮음 · B중간 · 끝중간,조금감,0.432,-0.072,False
2020-09-19 00:00:00,2020-09-19 07:00:00,롱,15,시작중간 · B중간 · 끝높음,제자리,0.03,-0.275,False
2020-09-19 07:00:00,2020-09-19 10:00:00,숏,17,시작중간 · B얕음 · 끝중간,깨고하락,0.091,-0.531,True
2020-09-19 10:00:00,2020-09-19 22:00:00,롱,15,시작중간 · B중간 · 끝높음,크게감,1.964,0.786,False
2020-09-19 22:00:00,2020-09-20 23:00:00,숏,19,시작높음 · B깊음 · 끝낮음,크게감,1.053,0.504,False
2020-09-20 23:00:00,2020-09-21 09:00:00,롱,10,시작중간 · B깊음 · 끝낮음,깨고하락,0.158,-0.515,True
2020-09-21 09:00:00,2020-09-22 00:00:00,숏,9,시작낮음 · B얕음 · 끝높음,크게감,1.09,0.643,False
2020-09-22 00:00:00,2020-09-23 06:00:00,롱,19,시작높음 · B깊음 · 끝낮음,제자리,0.169,-0.027,False
2020-09-23 06:00:00,2020-09-23 10:00:00,숏,8,시작낮음 · B얕음 · 끝중간,제자리,0.084,-0.085,False
2020-09-23 10:00:00,2020-09-23 18:00:00,롱,5,시작낮음 · B중간 · 끝중간,제자리,0.185,-0.355,False
2020-09-23 18:00:00,2020-09-24 06:00:00,숏,27,시작높음 · B얕음 · 끝높음,크게감,1.989,0.893,False
2020-09-24 06:00:00,2020-09-25 05:00:00,롱,19,시작높음 · B깊음 · 끝낮음,크게감,1.301,0.919,False
2020-09-25 05:00:00,2020-09-25 20:00:00,숏,10,시작중간 · B깊음 · 끝낮음,제자리,0.125,-0.1,False
2020-09-25 20:00:00,2020-09-25 23:00:00,롱,8,시작낮음 · B얕음 · 끝중간,제자리,0.077,-0.043,False
2020-09-25 23:00:00,2020-09-27 00:00:00,숏,27,시작높음 · B얕음 · 끝높음,깨고하락,0.179,-0.434,True
2020-09-27 00:00:00,2020-09-27 06:00:00,롱,27,시작높음 · B얕음 · 끝높음,깨고하락,0.161,-0.567,True
2020-09-27 06:00:00,2020-09-27 16:00:00,숏,24,시작높음 · B중간 · 끝높음,조금감,0.306,-0.235,False
2020-09-27 16:00:00,2020-09-28 13:00:00,롱,10,시작중간 · B깊음 · 끝낮음,크게감,1.215,0.849,False
2020-09-28 13:00:00,2020-09-29 11:00:00,숏,13,시작중간 · B중간 · 끝낮음,크게감,0.697,0.354,False
2020-09-29 11:00:00,2020-09-29 17:00:00,롱,1,시작낮음 · B깊음 · 끝낮음,제자리,0.092,-0.251,False
2020-09-29 17:00:00,2020-09-29 18:00:00,숏,9,시작낮음 · B얕음 · 끝높음,제자리,0.01,-0.181,False
2020-09-29 18:00:00,2020-09-30 05:00:00,롱,27,시작높음 · B얕음 · 끝높음,크게감,0.842,-0.168,False
2020-09-30 05:00:00,2020-09-30 14:00:00,숏,20,시작높음 · B깊음 · 끝중간,제자리,0.157,-0.196,False
2020-09-30 14:00:00,2020-09-30 20:00:00,롱,5,시작낮음 · B중간 · 끝중간,조금감,0.222,-0.211,False
2020-09-30 20:00:00,2020-09-30 23:00:00,숏,24,시작높음 · B중간 · 끝높음,제자리,0.0,-0.434,False
2020-09-30 23:00:00,2020-10-01 15:00:00,롱,27,시작높음 · B얕음 · 끝높음,크게감,1.413,-0.319,False
2020-10-01 15:00:00,2020-10-02 13:00:00,숏,23,시작높음 · B중간 · 끝중간,크게감,1.528,0.911,False
2020-10-02 13:00:00,2020-10-04 01:00:00,롱,10,시작중간 · B깊음 · 끝낮음,제자리,0.144,0.021,False
2020-10-04 01:00:00,2020-10-04 04:00:00,숏,8,시작낮음 · B얕음 · 끝중간,제자리,0.024,-0.056,False
2020-10-04 04:00:00,2020-10-05 06:00:00,롱,8,시작낮음 · B얕음 · 끝중간,크게감,1.092,0.446,False
2020-10-05 06:00:00,2020-10-05 13:00:00,숏,19,시작높음 · B깊음 · 끝낮음,제자리,0.012,-0.387,False
2020-10-05 13:00:00,2020-10-05 18:00:00,롱,9,시작낮음 · B얕음 · 끝높음,조금감,0.241,-0.084,False
2020-10-05 18:00:00,2020-10-05 19:00:00,숏,26,시작높음 · B얕음 · 끝중간,제자리,0.0,-0.174,False
2020-10-05 19:00:00,2020-10-06 05:00:00,롱,27,시작높음 · B얕음 · 끝높음,크게감,0.734,0.243,False
2020-10-06 05:00:00,2020-10-07 06:00:00,숏,19,시작높음 · B깊음 · 끝낮음,크게감,1.896,1.09,False
2020-10-07 06:00:00,2020-10-08 05:00:00,롱,10,시작중간 · B깊음 · 끝낮음,제자리,0.191,-0.04,False
2020-10-08 05:00:00,2020-10-08 13:00:00,숏,8,시작낮음 · B얕음 · 끝중간,깨고하락,0.344,-0.492,True
2020-10-08 13:00:00,2020-10-09 04:00:00,롱,15,시작중간 · B중간 · 끝높음,크게감,1.088,0.735,False
2020-10-09 04:00:00,2020-10-09 11:00:00,숏,19,시작높음 · B깊음 · 끝낮음,깨고하락,0.113,-0.413,True
2020-10-09 11:00:00,2020-10-09 19:00:00,롱,9,시작낮음 · B얕음 · 끝높음,제자리,0.097,-0.021,False
2020-10-09 19:00:00,2020-10-10 02:00:00,숏,22,시작높음 · B중간 · 끝낮음,깨고하락,0.071,-1.34,True
2020-10-10 02:00:00,2020-10-10 11:00:00,롱,18,시작중간 · B얕음 · 끝높음,조금감,0.207,-0.135,False
2020-10-10 11:00:00,2020-10-12 14:00:00,숏,19,시작높음 · B깊음 · 끝낮음,깨고하락,0.258,-0.311,True
2020-10-12 14:00:00,2020-10-13 01:00:00,롱,9,시작낮음 · B얕음 · 끝높음,크게감,0.546,0.084,False
2020-10-13 01:00:00,2020-10-14 00:00:00,숏,23,시작높음 · B중간 · 끝중간,조금감,0.359,0.05,False
2020-10-14 00:00:00,2020-10-14 04:00:00,롱,14,시작중간 · B중간 · 끝중간,제자리,0.001,-0.216,False
2020-10-14 04:00:00,2020-10-14 06:00:00,숏,17,시작중간 · B얕음 · 끝중간,제자리,0.042,-0.12,False
2020-10-14 06:00:00,2020-10-14 07:00:00,롱,27,시작높음 · B얕음 · 끝높음,제자리,0.092,-0.132,False
2020-10-14 07:00:00,2020-10-14 08:00:00,숏,26,시작높음 · B얕음 · 끝중간,깨고하락,0.0,-0.408,True
2020-10-14 08:00:00,2020-10-14 10:00:00,롱,12,시작중간 · B깊음 · 끝높음,깨고하락,0.084,-1.242,True
2020-10-14 10:00:00,2020-10-14 13:00:00,숏,18,시작중간 · B얕음 · 끝높음,깨고하락,0.247,-1.924,True
2020-10-14 13:00:00,2020-10-14 15:00:00,롱,27,시작높음 · B얕음 · 끝높음,깨고하락,0.011,-1.108,True
2020-10-14 15:00:00,2020-10-14 22:00:00,숏,15,시작중간 · B중간 · 끝높음,제자리,0.102,-0.267,False
2020-10-14 22:00:00,2020-10-15 09:00:00,롱,26,시작높음 · B얕음 · 끝중간,깨고하락,0.147,-0.289,True
2020-10-15 09:00:00,2020-10-15 13:00:00,숏,18,시작중간 · B얕음 · 끝높음,제자리,0.185,-0.515,False
2020-10-15 13:00:00,2020-10-16 04:00:00,롱,27,시작높음 · B얕음 · 끝높음,깨고하락,1.241,-0.741,True
2020-10-16 04:00:00,2020-10-16 18:00:00,숏,24,시작높음 · B중간 · 끝높음,제자리,0.118,-0.211,False
2020-10-16 18:00:00,2020-10-16 19:00:00,롱,13,시작중간 · B중간 · 끝낮음,제자리,0.004,-0.113,False
2020-10-16 19:00:00,2020-10-16 22:00:00,숏,8,시작낮음 · B얕음 · 끝중간,제자리,0.112,-0.081,False
2020-10-16 22:00:00,2020-10-17 00:00:00,롱,10,시작중간 · B깊음 · 끝낮음,깨고하락,0.05,-0.534,True
2020-10-17 00:00:00,2020-10-17 01:00:00,숏,18,시작중간 · B얕음 · 끝높음,제자리,0.0,-0.414,False
2020-10-17 01:00:00,2020-10-18 20:00:00,롱,24,시작높음 · B중간 · 끝높음,깨고복귀,2.049,1.303,True
2020-10-18 20:00:00,2020-10-18 23:00:00,숏,10,시작중간 · B깊음 · 끝낮음,깨고하락,0.0,-0.279,True
2020-10-18 23:00:00,2020-10-19 02:00:00,롱,9,시작낮음 · B얕음 · 끝높음,제자리,0.119,-0.186,False
2020-10-19 02:00:00,2020-10-19 11:00:00,숏,23,시작높음 · B중간 · 끝중간,조금감,0.366,-0.241,False
2020-10-19 11:00:00,2020-10-20 02:00:00,롱,14,시작중간 · B중간 · 끝중간,크게감,2.991,2.079,False
2020-10-20 02:00:00,2020-10-20 12:00:00,숏,19,시작높음 · B깊음 · 끝낮음,깨고하락,0.033,-0.379,True
2020-10-20 12:00:00,2020-10-20 20:00:00,롱,9,시작낮음 · B얕음 · 끝높음,조금감,0.425,0.045,False
2020-10-20 20:00:00,2020-10-21 02:00:00,숏,19,시작높음 · B깊음 · 끝낮음,깨고하락,0.02,-0.591,True
2020-10-21 02:00:00,2020-10-22 02:00:00,롱,9,시작낮음 · B얕음 · 끝높음,크게감,3.103,1.914,False
2020-10-22 02:00:00,2020-10-22 21:00:00,숏,19,시작높음 · B깊음 · 끝낮음,제자리,0.075,-0.246,False
2020-10-22 21:00:00,2020-10-22 22:00:00,롱,9,시작낮음 · B얕음 · 끝높음,제자리,0.039,-0.098,False
2020-10-22 22:00:00,2020-10-24 01:00:00,숏,27,시작높음 · B얕음 · 끝높음,크게감,0.562,0.096,False
2020-10-24 01:00:00,2020-10-24 08:00:00,롱,10,시작중간 · B깊음 · 끝낮음,제자리,0.077,-0.074,False
2020-10-24 08:00:00,2020-10-24 10:00:00,숏,8,시작낮음 · B얕음 · 끝중간,제자리,0.046,-0.104,False
2020-10-24 10:00:00,2020-10-25 05:00:00,롱,18,시작중간 · B얕음 · 끝높음,깨고하락,3.973,-0.255,True
2020-10-25 05:00:00,2020-10-25 22:00:00,숏,20,시작높음 · B깊음 · 끝중간,제자리,0.112,-0.099,False
2020-10-25 22:00:00,2020-10-26 15:00:00,롱,1,시작낮음 · B깊음 · 끝낮음,깨고하락,0.446,-0.045,True
2020-10-26 15:00:00,2020-10-27 00:00:00,숏,5,시작낮음 · B중간 · 끝중간,조금감,0.469,-0.185,False
2020-10-27 00:00:00,2020-10-28 05:00:00,롱,1,시작낮음 · B깊음 · 끝낮음,크게감,1.646,1.385,False
2020-10-28 05:00:00,2020-10-29 01:00:00,숏,10,시작중간 · B깊음 · 끝낮음,크게감,0.774,0.427,False
2020-10-29 01:00:00,2020-10-29 08:00:00,롱,1,시작낮음 · B깊음 · 끝낮음,제자리,0.048,-0.161,False
2020-10-29 08:00:00,2020-10-29 09:00:00,숏,8,시작낮음 · B얕음 · 끝중간,제자리,0.0,-0.074,False
2020-10-29 09:00:00,2020-10-29 10:00:00,롱,27,시작높음 · B얕음 · 끝높음,깨고하락,0.027,-0.377,True
2020-10-29 10:00:00,2020-10-29 13:00:00,숏,5,시작낮음 · B중간 · 끝중간,깨고하락,0.8,-0.897,True
2020-10-29 13:00:00,2020-10-30 04:00:00,롱,15,시작중간 · B중간 · 끝높음,크게감,1.595,0.701,False
2020-10-30 04:00:00,2020-10-30 15:00:00,숏,10,시작중간 · B깊음 · 끝낮음,조금감,0.445,-0.174,False
2020-10-30 15:00:00,2020-10-31 04:00:00,롱,6,시작낮음 · B중간 · 끝높음,조금감,0.34,-0.059,False
2020-10-31 04:00:00,2020-10-31 08:00:00,숏,10,시작중간 · B깊음 · 끝낮음,깨고하락,0.07,-0.363,True
2020-10-31 08:00:00,2020-10-31 18:00:00,롱,18,시작중간 · B얕음 · 끝높음,크게감,0.861,-0.017,False
2020-10-31 18:00:00,2020-11-01 15:00:00,숏,19,시작높음 · B깊음 · 끝낮음,제자리,0.152,-0.115,False
2020-11-01 15:00:00,2020-11-01 22:00:00,롱,17,시작중간 · B얕음 · 끝중간,제자리,0.099,-0.168,False
2020-11-01 22:00:00,2020-11-02 19:00:00,숏,27,시작높음 · B얕음 · 끝높음,크게감,1.852,0.604,False
2020-11-02 19:00:00,2020-11-03 03:00:00,롱,10,시작중간 · B깊음 · 끝낮음,조금감,0.243,-0.241,False
2020-11-03 03:00:00,2020-11-03 08:00:00,숏,5,시작낮음 · B중간 · 끝중간,제자리,0.168,-0.204,False
2020-11-03 08:00:00,2020-11-04 06:00:00,롱,27,시작높음 · B얕음 · 끝높음,크게감,1.341,0.679,False
2020-11-04 06:00:00,2020-11-04 15:00:00,숏,10,시작중간 · B깊음 · 끝낮음,조금감,0.328,-0.13,False
2020-11-04 15:00:00,2020-11-06 06:00:00,롱,5,시작낮음 · B중간 · 끝중간,크게감,3.195,2.754,False
2020-11-06 06:00:00,2020-11-08 04:00:00,숏,19,시작높음 · B깊음 · 끝낮음,크게감,0.543,0.283,False
2020-11-08 04:00:00,2020-11-09 05:00:00,롱,4,시작낮음 · B중간 · 끝낮음,조금감,0.304,0.218,False
2020-11-09 05:00:00,2020-11-09 11:00:00,숏,4,시작낮음 · B중간 · 끝낮음,깨고하락,0.218,-0.238,True
2020-11-09 11:00:00,2020-11-09 13:00:00,롱,9,시작낮음 · B얕음 · 끝높음,제자리,0.002,-0.547,False
2020-11-09 13:00:00,2020-11-10 01:00:00,숏,24,시작높음 · B중간 · 끝높음,크게감,0.672,-0.152,False
2020-11-10 01:00:00,2020-11-10 07:00:00,롱,10,시작중간 · B깊음 · 끝낮음,제자리,0.049,-0.103,False
2020-11-10 07:00:00,2020-11-10 08:00:00,숏,8,시작낮음 · B얕음 · 끝중간,깨고하락,0.014,-0.123,True
2020-11-10 08:00:00,2020-11-10 11:00:00,롱,18,시작중간 · B얕음 · 끝높음,깨고하락,0.268,-0.494,True
2020-11-10 11:00:00,2020-11-10 21:00:00,숏,14,시작중간 · B중간 · 끝중간,크게감,0.642,-0.315,False
2020-11-10 21:00:00,2020-11-12 00:00:00,롱,14,시작중간 · B중간 · 끝중간,크게감,1.599,0.611,False
2020-11-12 00:00:00,2020-11-12 09:00:00,숏,10,시작중간 · B깊음 · 끝낮음,깨고하락,0.031,-0.495,True
2020-11-12 09:00:00,2020-11-12 11:00:00,롱,9,시작낮음 · B얕음 · 끝높음,제자리,0.133,-0.349,False
2020-11-12 11:00:00,2020-11-12 12:00:00,숏,23,시작높음 · B중간 · 끝중간,제자리,0.018,-0.172,False
2020-11-12 12:00:00,2020-11-13 06:00:00,롱,27,시작높음 · B얕음 · 끝높음,크게감,1.09,0.8,False
2020-11-13 06:00:00,2020-11-14 20:00:00,숏,19,시작높음 · B깊음 · 끝낮음,크게감,0.716,0.386,False
2020-11-14 20:00:00,2020-11-15 17:00:00,롱,1,시작낮음 · B깊음 · 끝낮음,조금감,0.216,-0.144,False
2020-11-15 17:00:00,2020-11-16 01:00:00,숏,5,시작낮음 · B중간 · 끝중간,제자리,0.169,-0.107,False
2020-11-16 01:00:00,2020-11-17 03:00:00,롱,14,시작중간 · B중간 · 끝중간,크게감,2.431,1.674,False
2020-11-17 03:00:00,2020-11-17 12:00:00,숏,10,시작중간 · B깊음 · 끝낮음,깨고하락,0.017,-0.451,True
2020-11-17 12:00:00,2020-11-18 06:00:00,롱,9,시작낮음 · B얕음 · 끝높음,크게감,1.225,0.601,False
2020-11-18 06:00:00,2020-11-18 08:00:00,숏,19,시작높음 · B깊음 · 끝낮음,제자리,0.053,-0.223,False
2020-11-18 08:00:00,2020-11-18 12:00:00,롱,9,시작낮음 · B얕음 · 끝높음,제자리,0.03,-0.111,False
2020-11-18 12:00:00,2020-11-19 14:00:00,숏,26,시작높음 · B얕음 · 끝중간,크게감,0.99,-0.128,False
2020-11-19 14:00:00,2020-11-19 23:00:00,롱,11,시작중간 · B깊음 · 끝중간,제자리,0.065,-0.346,False
2020-11-19 23:00:00,2020-11-20 04:00:00,숏,18,시작중간 · B얕음 · 끝높음,깨고하락,0.042,-0.424,True
2020-11-20 04:00:00,2020-11-21 03:00:00,롱,27,시작높음 · B얕음 · 끝높음,크게감,1.426,0.885,False
2020-11-21 03:00:00,2020-11-22 17:00:00,숏,19,시작높음 · B깊음 · 끝낮음,크게감,0.806,0.142,False
2020-11-22 17:00:00,2020-11-23 01:00:00,롱,1,시작낮음 · B깊음 · 끝낮음,제자리,0.155,-0.196,False
2020-11-23 01:00:00,2020-11-23 04:00:00,숏,18,시작중간 · B얕음 · 끝높음,제자리,0.02,-0.185,False
2020-11-23 04:00:00,2020-11-23 15:00:00,롱,27,시작높음 · B얕음 · 끝높음,조금감,0.479,-0.317,False
2020-11-23 15:00:00,2020-11-24 08:00:00,숏,24,시작높음 · B중간 · 끝높음,조금감,0.296,-0.451,False
2020-11-24 08:00:00,2020-11-24 21:00:00,롱,11,시작중간 · B깊음 · 끝중간,크게감,1.039,0.423,False
2020-11-24 21:00:00,2020-11-25 10:00:00,숏,10,시작중간 · B깊음 · 끝낮음,조금감,0.212,-0.271,False
2020-11-25 10:00:00,2020-11-25 16:00:00,롱,9,시작낮음 · B얕음 · 끝높음,조금감,0.215,-0.303,False
2020-11-25 16:00:00,2020-11-26 20:00:00,숏,27,시작높음 · B얕음 · 끝높음,크게감,3.153,2.091,False
2020-11-26 20:00:00,2020-11-29 06:00:00,롱,19,시작높음 · B깊음 · 끝낮음,조금감,0.223,0.179,False
2020-11-29 06:00:00,2020-11-29 08:00:00,숏,4,시작낮음 · B중간 · 끝낮음,깨고하락,0.018,-0.138,True
2020-11-29 08:00:00,2020-11-29 14:00:00,롱,9,시작낮음 · B얕음 · 끝높음,제자리,0.046,-0.066,False
2020-11-29 14:00:00,2020-11-30 00:00:00,숏,19,시작높음 · B깊음 · 끝낮음,깨고하락,0.206,-0.705,True
2020-11-30 00:00:00,2020-11-30 08:00:00,롱,9,시작낮음 · B얕음 · 끝높음,조금감,0.373,0.05,False
2020-11-30 08:00:00,2020-11-30 12:00:00,숏,19,시작높음 · B깊음 · 끝낮음,깨고하락,0.144,-0.509,True
2020-11-30 12:00:00,2020-12-01 03:00:00,롱,6,시작낮음 · B중간 · 끝높음,크게감,1.709,0.968,False
2020-12-01 03:00:00,2020-12-02 07:00:00,숏,19,시작높음 · B깊음 · 끝낮음,깨고복귀,0.857,0.197,True
2020-12-02 07:00:00,2020-12-03 05:00:00,롱,1,시작낮음 · B깊음 · 끝낮음,제자리,0.111,-0.112,False
2020-12-03 05:00:00,2020-12-03 08:00:00,숏,8,시작낮음 · B얕음 · 끝중간,깨고하락,0.018,-0.256,True
2020-12-03 08:00:00,2020-12-04 01:00:00,롱,18,시작중간 · B얕음 · 끝높음,조금감,0.294,-0.087,False
2020-12-04 01:00:00,2020-12-05 04:00:00,숏,22,시작높음 · B중간 · 끝낮음,크게감,1.116,0.624,False
2020-12-05 04:00:00,2020-12-06 08:00:00,롱,10,시작중간 · B깊음 · 끝낮음,조금감,0.419,0.133,False
2020-12-06 08:00:00,2020-12-06 19:00:00,숏,4,시작낮음 · B중간 · 끝낮음,제자리,0.163,-0.108,False
2020-12-06 19:00:00,2020-12-07 09:00:00,롱,1,시작낮음 · B깊음 · 끝낮음,크게감,0.566,0.143,False
2020-12-07 09:00:00,2020-12-08 00:00:00,숏,13,시작중간 · B중간 · 끝낮음,크게감,0.505,-0.042,False
2020-12-08 00:00:00,2020-12-08 08:00:00,롱,11,시작중간 · B깊음 · 끝중간,제자리,0.148,-0.315,False
2020-12-08 08:00:00,2020-12-09 11:00:00,숏,15,시작중간 · B중간 · 끝높음,크게감,3.69,2.143,False
2020-12-09 11:00:00,2020-12-10 09:00:00,롱,10,시작중간 · B깊음 · 끝낮음,조금감,0.234,-0.01,False
2020-12-10 09:00:00,2020-12-10 19:00:00,숏,8,시작낮음 · B얕음 · 끝중간,조금감,0.204,-0.104,False
2020-12-10 19:00:00,2020-12-11 00:00:00,롱,11,시작중간 · B깊음 · 끝중간,제자리,0.056,-0.515,False
2020-12-11 00:00:00,2020-12-11 14:00:00,숏,18,시작중간 · B얕음 · 끝높음,크게감,0.817,-0.051,False
2020-12-11 14:00:00,2020-12-12 16:00:00,롱,10,시작중간 · B깊음 · 끝낮음,크게감,0.529,0.395,False
2020-12-12 16:00:00,2020-12-12 17:00:00,숏,10,시작중간 · B깊음 · 끝낮음,제자리,0.02,-0.092,False
2020-12-12 17:00:00,2020-12-13 17:00:00,롱,8,시작낮음 · B얕음 · 끝중간,크게감,1.497,1.289,False
2020-12-13 17:00:00,2020-12-14 22:00:00,숏,19,시작높음 · B깊음 · 끝낮음,조금감,0.295,0.003,False
2020-12-14 22:00:00,2020-12-15 05:00:00,롱,8,시작낮음 · B얕음 · 끝중간,조금감,0.283,-0.132,False
2020-12-15 05:00:00,2020-12-15 14:00:00,숏,14,시작중간 · B중간 · 끝중간,제자리,0.112,-0.316,False
2020-12-15 14:00:00,2020-12-16 00:00:00,롱,18,시작중간 · B얕음 · 끝높음,조금감,0.366,0.039,False
2020-12-16 00:00:00,2020-12-16 09:00:00,숏,23,시작높음 · B중간 · 끝중간,제자리,0.119,-0.327,False
2020-12-16 09:00:00,2020-12-17 18:00:00,롱,15,시작중간 · B중간 · 끝높음,크게감,16.094,13.756,False
2020-12-17 18:00:00,2020-12-19 01:00:00,숏,19,시작높음 · B깊음 · 끝낮음,제자리,0.197,0.043,False
2020-12-19 01:00:00,2020-12-19 06:00:00,롱,8,시작낮음 · B얕음 · 끝중간,제자리,0.041,-0.041,False
2020-12-19 06:00:00,2020-12-19 13:00:00,숏,17,시작중간 · B얕음 · 끝중간,제자리,0.095,-0.277,False
2020-12-19 13:00:00,2020-12-20 01:00:00,롱,27,시작높음 · B얕음 · 끝높음,크게감,2.271,0.641,False
2020-12-20 01:00:00,2020-12-20 17:00:00,숏,19,시작높음 · B깊음 · 끝낮음,조금감,0.277,-0.165,False
2020-12-20 17:00:00,2020-12-20 22:00:00,롱,6,시작낮음 · B중간 · 끝높음,조금감,0.472,-0.181,False
2020-12-20 22:00:00,2020-12-21 03:00:00,숏,23,시작높음 · B중간 · 끝중간,제자리,0.175,-0.341,False
2020-12-21 03:00:00,2020-12-21 08:00:00,롱,27,시작높음 · B얕음 · 끝높음,제자리,0.138,-0.242,False
2020-12-21 08:00:00,2020-12-21 22:00:00,숏,27,시작높음 · B얕음 · 끝높음,크게감,1.713,0.497,False
2020-12-21 22:00:00,2020-12-22 00:00:00,롱,10,시작중간 · B깊음 · 끝낮음,제자리,0.021,-0.274,False
2020-12-22 00:00:00,2020-12-22 02:00:00,숏,9,시작낮음 · B얕음 · 끝높음,제자리,0.042,-0.177,False
2020-12-22 02:00:00,2020-12-23 05:00:00,롱,27,시작높음 · B얕음 · 끝높음,깨고복귀,1.479,0.783,True
2020-12-23 05:00:00,2020-12-24 08:00:00,숏,10,시작중간 · B깊음 · 끝낮음,깨고복귀,0.554,0.054,True
2020-12-24 08:00:00,2020-12-26 07:00:00,롱,5,시작낮음 · B중간 · 끝중간,크게감,0.891,0.744,False
2020-12-26 07:00:00,2020-12-26 14:00:00,숏,10,시작중간 · B깊음 · 끝낮음,깨고하락,0.086,-0.243,True
2020-12-26 14:00:00,2020-12-27 13:00:00,롱,9,시작낮음 · B얕음 · 끝높음,크게감,1.266,0.892,False
2020-12-27 13:00:00,2020-12-28 14:00:00,숏,19,시작높음 · B깊음 · 끝낮음,조금감,0.437,0.065,False
2020-12-28 14:00:00,2020-12-28 15:00:00,롱,5,시작낮음 · B중간 · 끝중간,제자리,0.009,-0.102,False
2020-12-28 15:00:00,2020-12-28 17:00:00,숏,18,시작중간 · B얕음 · 끝높음,제자리,0.097,-0.127,False
2020-12-28 17:00:00,2020-12-28 18:00:00,롱,10,시작중간 · B깊음 · 끝낮음,제자리,0.115,-0.241,False
2020-12-28 18:00:00,2020-12-29 11:00:00,숏,17,시작중간 · B얕음 · 끝중간,크게감,1.912,0.275,False
2020-12-29 11:00:00,2020-12-29 16:00:00,롱,10,시작중간 · B깊음 · 끝낮음,제자리,0.165,-0.319,False
2020-12-29 16:00:00,2020-12-29 19:00:00,숏,9,시작낮음 · B얕음 · 끝높음,제자리,0.139,-0.359,False
2020-12-29 19:00:00,2020-12-30 12:00:00,롱,24,시작높음 · B중간 · 끝높음,크게감,2.03,1.134,False
2020-12-30 12:00:00,2020-12-30 18:00:00,숏,19,시작높음 · B깊음 · 끝낮음,제자리,0.032,-0.279,False
2020-12-30 18:00:00,2020-12-31 05:00:00,롱,9,시작낮음 · B얕음 · 끝높음,조금감,0.393,0.217,False
2020-12-31 05:00:00,2021-01-01 01:00:00,숏,19,시작높음 · B깊음 · 끝낮음,깨고하락,0.663,-0.241,True
2021-01-01 01:00:00,2021-01-01 07:00:00,롱,3,시작낮음 · B깊음 · 끝높음,제자리,0.031,-0.188,False
2021-01-01 07:00:00,2021-01-01 13:00:00,숏,17,시작중간 · B얕음 · 끝중간,깨고하락,0.117,-0.239,True
2021-01-01 13:00:00,2021-01-01 15:00:00,롱,18,시작중간 · B얕음 · 끝높음,제자리,0.088,-0.325,False
2021-01-01 15:00:00,2021-01-02 05:00:00,숏,26,시작높음 · B얕음 · 끝중간,깨고하락,0.692,-0.471,True
2021-01-02 05:00:00,2021-01-03 13:00:00,롱,15,시작중간 · B중간 · 끝높음,크게감,5.413,4.48,False
2021-01-03 13:00:00,2021-01-04 22:00:00,숏,19,시작높음 · B깊음 · 끝낮음,크게감,0.973,0.415,False
2021-01-04 22:00:00,2021-01-05 05:00:00,롱,1,시작낮음 · B깊음 · 끝낮음,조금감,0.215,-0.135,False
2021-01-05 05:00:00,2021-01-05 09:00:00,숏,8,시작낮음 · B얕음 · 끝중간,제자리,0.082,-0.175,False
2021-01-05 09:00:00,2021-01-06 09:00:00,롱,27,시작높음 · B얕음 · 끝높음,크게감,1.46,0.816,False
2021-01-06 09:00:00,2021-01-06 20:00:00,숏,10,시작중간 · B깊음 · 끝낮음,깨고하락,0.011,-0.359,True
2021-01-06 20:00:00,2021-01-07 08:00:00,롱,9,시작낮음 · B얕음 · 끝높음,조금감,0.311,0.213,False
2021-01-07 08:00:00,2021-01-07 13:00:00,숏,19,시작높음 · B깊음 · 끝낮음,깨고하락,0.07,-0.249,True
2021-01-07 13:00:00,2021-01-08 00:00:00,롱,9,시작낮음 · B얕음 · 끝높음,크게감,0.56,0.151,False
2021-01-08 00:00:00,2021-01-08 10:00:00,숏,22,시작높음 · B중간 · 끝낮음,깨고하락,0.552,-0.44,True
2021-01-08 10:00:00,2021-01-08 18:00:00,롱,15,시작중간 · B중간 · 끝높음,조금감,0.292,-0.166,False
2021-01-08 18:00:00,2021-01-09 12:00:00,숏,14,시작중간 · B중간 · 끝중간,조금감,0.225,-0.171,False
2021-01-09 12:00:00,2021-01-09 16:00:00,롱,2,시작낮음 · B깊음 · 끝중간,제자리,0.161,-0.256,False
2021-01-09 16:00:00,2021-01-10 02:00:00,숏,18,시작중간 · B얕음 · 끝높음,제자리,0.072,-0.361,False
2021-01-10 02:00:00,2021-01-10 03:00:00,롱,24,시작높음 · B중간 · 끝높음,제자리,0.03,-0.398,False
2021-01-10 03:00:00,2021-01-10 07:00:00,숏,27,시작높음 · B얕음 · 끝높음,제자리,0.192,-0.392,False
2021-01-10 07:00:00,2021-01-10 09:00:00,롱,11,시작중간 · B깊음 · 끝중간,제자리,0.13,-0.179,False
2021-01-10 09:00:00,2021-01-11 20:00:00,숏,17,시작중간 · B얕음 · 끝중간,크게감,10.274,7.271,False
2021-01-11 20:00:00,2021-01-12 13:00:00,롱,10,시작중간 · B깊음 · 끝낮음,조금감,0.299,-0.009,False
2021-01-12 13:00:00,2021-01-12 18:00:00,숏,5,시작낮음 · B중간 · 끝중간,제자리,0.07,-0.155,False
2021-01-12 18:00:00,2021-01-12 20:00:00,롱,5,시작낮음 · B중간 · 끝중간,제자리,0.004,-0.144,False
2021-01-12 20:00:00,2021-01-12 21:00:00,숏,18,시작중간 · B얕음 · 끝높음,제자리,0.159,-0.163,False
2021-01-12 21:00:00,2021-01-12 22:00:00,롱,23,시작높음 · B중간 · 끝중간,깨고하락,0.168,-0.55,True
2021-01-12 22:00:00,2021-01-13 07:00:00,숏,15,시작중간 · B중간 · 끝높음,깨고하락,0.777,-0.752,True
2021-01-13 07:00:00,2021-01-14 20:00:00,롱,11,시작중간 · B깊음 · 끝중간,크게감,1.844,1.594,False
2021-01-14 20:00:00,2021-01-16 00:00:00,숏,10,시작중간 · B깊음 · 끝낮음,크게감,0.64,0.297,False
2021-01-16 00:00:00,2021-01-16 19:00:00,롱,1,시작낮음 · B깊음 · 끝낮음,제자리,0.136,-0.117,False
2021-01-16 19:00:00,2021-01-17 15:00:00,숏,8,시작낮음 · B얕음 · 끝중간,조금감,0.463,0.123,False
2021-01-17 15:00:00,2021-01-18 04:00:00,롱,22,시작높음 · B중간 · 끝낮음,조금감,0.271,-0.132,False
2021-01-18 04:00:00,2021-01-18 07:00:00,숏,2,시작낮음 · B깊음 · 끝중간,제자리,0.123,-0.307,False
2021-01-18 07:00:00,2021-01-18 17:00:00,롱,18,시작중간 · B얕음 · 끝높음,크게감,0.665,-0.17,False
2021-01-18 17:00:00,2021-01-18 23:00:00,숏,10,시작중간 · B깊음 · 끝낮음,제자리,0.05,-0.347,False
2021-01-18 23:00:00,2021-01-19 05:00:00,롱,9,시작낮음 · B얕음 · 끝높음,조금감,0.305,-0.15,False
2021-01-19 05:00:00,2021-01-19 07:00:00,숏,23,시작높음 · B중간 · 끝중간,제자리,0.032,-0.484,False
2021-01-19 07:00:00,2021-01-19 18:00:00,롱,27,시작높음 · B얕음 · 끝높음,크게감,0.616,-0.599,False
2021-01-19 18:00:00,2021-01-20 18:00:00,숏,20,시작높음 · B깊음 · 끝중간,크게감,1.897,0.785,False
2021-01-20 18:00:00,2021-01-21 08:00:00,롱,10,시작중간 · B깊음 · 끝낮음,깨고하락,0.091,-0.431,True
2021-01-21 08:00:00,2021-01-22 04:00:00,숏,9,시작낮음 · B얕음 · 끝높음,크게감,1.092,0.595,False
2021-01-22 04:00:00,2021-01-23 03:00:00,롱,19,시작높음 · B깊음 · 끝낮음,조금감,0.427,0.221,False
2021-01-23 03:00:00,2021-01-23 05:00:00,숏,4,시작낮음 · B중간 · 끝낮음,제자리,0.017,-0.165,False
2021-01-23 05:00:00,2021-01-23 09:00:00,롱,9,시작낮음 · B얕음 · 끝높음,제자리,0.031,-0.27,False
2021-01-23 09:00:00,2021-01-23 21:00:00,숏,23,시작높음 · B중간 · 끝중간,크게감,0.876,0.074,False
2021-01-23 21:00:00,2021-01-24 00:00:00,롱,10,시작중간 · B깊음 · 끝낮음,제자리,0.079,-0.229,False
2021-01-24 00:00:00,2021-01-24 03:00:00,숏,9,시작낮음 · B얕음 · 끝높음,제자리,0.071,-0.324,False
2021-01-24 03:00:00,2021-01-24 13:00:00,롱,24,시작높음 · B중간 · 끝높음,크게감,0.691,-0.237,False
2021-01-24 13:00:00,2021-01-25 00:00:00,숏,20,시작높음 · B깊음 · 끝중간,크게감,0.908,-0.222,False
2021-01-25 00:00:00,2021-01-25 19:00:00,롱,11,시작중간 · B깊음 · 끝중간,크게감,1.067,0.412,False
2021-01-25 19:00:00,2021-01-26 16:00:00,숏,10,시작중간 · B깊음 · 끝낮음,크게감,0.667,0.38,False
2021-01-26 16:00:00,2021-01-27 05:00:00,롱,1,시작낮음 · B깊음 · 끝낮음,조금감,0.237,-0.116,False
2021-01-27 05:00:00,2021-01-27 20:00:00,숏,5,시작낮음 · B중간 · 끝중간,크게감,0.75,-0.014,False
2021-01-27 20:00:00,2021-01-29 06:00:00,롱,20,시작높음 · B깊음 · 끝중간,크게감,0.776,0.281,False
2021-01-29 06:00:00,2021-01-29 08:00:00,숏,10,시작중간 · B깊음 · 끝낮음,깨고하락,0.106,-0.753,True
2021-01-29 08:00:00,2021-01-29 18:00:00,롱,9,시작낮음 · B얕음 · 끝높음,조금감,0.326,-0.161,False
2021-01-29 18:00:00,2021-01-30 15:00:00,숏,10,시작중간 · B깊음 · 끝낮음,조금감,0.366,0.154,False
2021-01-30 15:00:00,2021-01-31 02:00:00,롱,4,시작낮음 · B중간 · 끝낮음,제자리,0.084,-0.062,False
2021-01-31 02:00:00,2021-02-01 01:00:00,숏,8,시작낮음 · B얕음 · 끝중간,조금감,0.487,0.129,False
2021-02-01 01:00:00,2021-02-01 15:00:00,롱,10,시작중간 · B깊음 · 끝낮음,크게감,0.502,-0.083,False
2021-02-01 15:00:00,2021-02-02 05:00:00,숏,1,시작낮음 · B깊음 · 끝낮음,제자리,0.006,-0.327,False
2021-02-02 05:00:00,2021-02-03 08:00:00,롱,9,시작낮음 · B얕음 · 끝높음,크게감,1.318,0.963,False
2021-02-03 08:00:00,2021-02-03 16:00:00,숏,19,시작높음 · B깊음 · 끝낮음,깨고하락,0.122,-0.289,True
2021-02-03 16:00:00,2021-02-04 05:00:00,롱,9,시작낮음 · B얕음 · 끝높음,조금감,0.346,0.14,False
2021-02-04 05:00:00,2021-02-05 07:00:00,숏,22,시작높음 · B중간 · 끝낮음,깨고하락,0.515,-0.031,True
2021-02-05 07:00:00,2021-02-05 19:00:00,롱,14,시작중간 · B중간 · 끝중간,조금감,0.257,-0.028,False
2021-02-05 19:00:00,2021-02-05 23:00:00,숏,14,시작중간 · B중간 · 끝중간,제자리,0.045,-0.258,False
2021-02-05 23:00:00,2021-02-06 19:00:00,롱,27,시작높음 · B얕음 · 끝높음,크게감,2.397,1.768,False
2021-02-06 19:00:00,2021-02-07 22:00:00,숏,19,시작높음 · B깊음 · 끝낮음,크게감,0.76,0.393,False
2021-02-07 22:00:00,2021-02-09 09:00:00,롱,1,시작낮음 · B깊음 · 끝낮음,크게감,2.685,2.209,False
2021-02-09 09:00:00,2021-02-11 07:00:00,숏,10,시작중간 · B깊음 · 끝낮음,조금감,0.255,0.17,False
2021-02-11 07:00:00,2021-02-12 04:00:00,롱,4,시작낮음 · B중간 · 끝낮음,조금감,0.439,0.259,False
2021-02-12 04:00:00,2021-02-13 03:00:00,숏,1,시작낮음 · B깊음 · 끝낮음,조금감,0.219,-0.1,False
2021-02-13 03:00:00,2021-02-13 07:00:00,롱,8,시작낮음 · B얕음 · 끝중간,제자리,0.017,-0.186,False
2021-02-13 07:00:00,2021-02-13 22:00:00,숏,27,시작높음 · B얕음 · 끝높음,조금감,0.359,-0.047,False
2021-02-13 22:00:00,2021-02-14 17:00:00,롱,19,시작높음 · B깊음 · 끝낮음,크게감,1.418,0.825,False
2021-02-14 17:00:00,2021-02-15 12:00:00,숏,10,시작중간 · B깊음 · 끝낮음,크게감,0.847,0.214,False
2021-02-15 12:00:00,2021-02-16 15:00:00,롱,1,시작낮음 · B깊음 · 끝낮음,크게감,0.702,0.259,False
2021-02-16 15:00:00,2021-02-17 01:00:00,숏,13,시작중간 · B중간 · 끝낮음,조금감,0.229,-0.063,False
2021-02-17 01:00:00,2021-02-18 02:00:00,롱,5,시작낮음 · B중간 · 끝중간,크게감,0.904,0.832,False
2021-02-18 02:00:00,2021-02-19 08:00:00,숏,10,시작중간 · B깊음 · 끝낮음,조금감,0.328,0.033,False
2021-02-19 08:00:00,2021-02-20 05:00:00,롱,5,시작낮음 · B중간 · 끝중간,크게감,1.205,0.938,False
2021-02-20 05:00:00,2021-02-20 13:00:00,숏,10,시작중간 · B깊음 · 끝낮음,깨고하락,0.097,-0.288,True
2021-02-20 13:00:00,2021-02-20 14:00:00,롱,9,시작낮음 · B얕음 · 끝높음,제자리,0.018,-0.167,False
2021-02-20 14:00:00,2021-02-21 10:00:00,숏,27,시작높음 · B얕음 · 끝높음,깨고하락,0.924,-0.479,True
2021-02-21 10:00:00,2021-02-21 22:00:00,롱,11,시작중간 · B깊음 · 끝중간,조금감,0.204,-0.057,False
2021-02-21 22:00:00,2021-02-22 21:00:00,숏,14,시작중간 · B중간 · 끝중간,크게감,2.175,0.598,False
2021-02-22 21:00:00,2021-02-23 02:00:00,롱,10,시작중간 · B깊음 · 끝낮음,제자리,0.012,-0.341,False
2021-02-23 02:00:00,2021-02-23 18:00:00,숏,9,시작낮음 · B얕음 · 끝높음,크게감,0.654,0.45,False
2021-02-23 18:00:00,2021-02-23 19:00:00,롱,19,시작높음 · B깊음 · 끝낮음,제자리,0.037,-0.138,False
2021-02-23 19:00:00,2021-02-23 20:00:00,숏,9,시작낮음 · B얕음 · 끝높음,깨고하락,0.03,-0.289,True
2021-02-23 20:00:00,2021-02-24 16:00:00,롱,27,시작높음 · B얕음 · 끝높음,크게감,1.402,0.598,False
2021-02-24 16:00:00,2021-02-24 17:00:00,숏,10,시작중간 · B깊음 · 끝낮음,제자리,0.0,-0.118,False
2021-02-24 17:00:00,2021-02-24 18:00:00,롱,8,시작낮음 · B얕음 · 끝중간,제자리,0.0,-0.076,False
2021-02-24 18:00:00,2021-02-25 00:00:00,숏,1,시작낮음 · B깊음 · 끝낮음,깨고하락,1.855,-1.187,True
2021-02-25 00:00:00,2021-02-25 09:00:00,롱,12,시작중간 · B깊음 · 끝높음,제자리,0.129,-0.551,False
2021-02-25 09:00:00,2021-02-25 12:00:00,숏,15,시작중간 · B중간 · 끝높음,깨고하락,0.049,-0.875,True
2021-02-25 12:00:00,2021-02-25 17:00:00,롱,24,시작높음 · B중간 · 끝높음,제자리,0.191,-0.659,False
2021-02-25 17:00:00,2021-02-26 12:00:00,숏,24,시작높음 · B중간 · 끝높음,크게감,1.621,0.831,False
2021-02-26 12:00:00,2021-02-26 22:00:00,롱,10,시작중간 · B깊음 · 끝낮음,조금감,0.204,-0.162,False
2021-02-26 22:00:00,2021-02-26 23:00:00,숏,5,시작낮음 · B중간 · 끝중간,제자리,0.015,-0.119,False
2021-02-26 23:00:00,2021-02-27 16:00:00,롱,27,시작높음 · B얕음 · 끝높음,크게감,0.619,0.177,False
2021-02-27 16:00:00,2021-02-27 17:00:00,숏,19,시작높음 · B깊음 · 끝낮음,제자리,0.049,-0.056,False
2021-02-27 17:00:00,2021-02-27 22:00:00,롱,18,시작중간 · B얕음 · 끝높음,깨고하락,0.171,-0.405,True
2021-02-27 22:00:00,2021-02-28 20:00:00,숏,27,시작높음 · B얕음 · 끝높음,크게감,1.58,0.56,False
2021-02-28 20:00:00,2021-03-02 03:00:00,롱,19,시작높음 · B깊음 · 끝낮음,크게감,1.176,0.909,False
2021-03-02 03:00:00,2021-03-03 01:00:00,숏,1,시작낮음 · B깊음 · 끝낮음,조금감,0.267,0.02,False
2021-03-03 01:00:00,2021-03-03 19:00:00,롱,5,시작낮음 · B중간 · 끝중간,크게감,0.62,0.336,False
2021-03-03 19:00:00,2021-03-05 09:00:00,숏,10,시작중간 · B깊음 · 끝낮음,크게감,0.812,0.686,False
2021-03-05 09:00:00,2021-03-06 09:00:00,롱,1,시작낮음 · B깊음 · 끝낮음,조금감,0.379,0.212,False
2021-03-06 09:00:00,2021-03-06 19:00:00,숏,4,시작낮음 · B중간 · 끝낮음,조금감,0.232,0.011,False
2021-03-06 19:00:00,2021-03-07 19:00:00,롱,5,시작낮음 · B중간 · 끝중간,크게감,1.053,0.727,False
2021-03-07 19:00:00,2021-03-08 01:00:00,숏,10,시작중간 · B깊음 · 끝낮음,깨고하락,0.136,-0.268,True
2021-03-08 01:00:00,2021-03-08 02:00:00,롱,9,시작낮음 · B얕음 · 끝높음,제자리,0.007,-0.223,False
2021-03-08 02:00:00,2021-03-08 15:00:00,숏,27,시작높음 · B얕음 · 끝높음,크게감,0.693,-0.141,False
2021-03-08 15:00:00,2021-03-09 15:00:00,롱,19,시작높음 · B깊음 · 끝낮음,크게감,1.511,1.267,False
2021-03-09 15:00:00,2021-03-10 00:00:00,숏,10,시작중간 · B깊음 · 끝낮음,깨고하락,0.089,-0.255,True
2021-03-10 00:00:00,2021-03-10 01:00:00,롱,9,시작낮음 · B얕음 · 끝높음,제자리,0.053,-0.143,False
2021-03-10 01:00:00,2021-03-10 12:00:00,숏,23,시작높음 · B중간 · 끝중간,크게감,0.779,-0.182,False
2021-03-10 12:00:00,2021-03-10 23:00:00,롱,11,시작중간 · B깊음 · 끝중간,크게감,0.82,0.266,False
2021-03-10 23:00:00,2021-03-11 13:00:00,숏,13,시작중간 · B중간 · 끝낮음,조금감,0.346,-0.247,False
2021-03-11 13:00:00,2021-03-12 02:00:00,롱,2,시작낮음 · B깊음 · 끝중간,조금감,0.405,0.021,False
2021-03-12 02:00:00,2021-03-12 18:00:00,숏,22,시작높음 · B중간 · 끝낮음,크게감,0.507,-0.075,False
2021-03-12 18:00:00,2021-03-12 20:00:00,롱,14,시작중간 · B중간 · 끝중간,제자리,0.062,-0.202,False
2021-03-12 20:00:00,2021-03-12 22:00:00,숏,27,시작높음 · B얕음 · 끝높음,제자리,0.167,-0.181,False
2021-03-12 22:00:00,2021-03-13 00:00:00,롱,24,시작높음 · B중간 · 끝높음,조금감,0.227,-0.329,False
2021-03-13 00:00:00,2021-03-13 07:00:00,숏,23,시작높음 · B중간 · 끝중간,조금감,0.495,-0.461,False
2021-03-13 07:00:00,2021-03-14 03:00:00,롱,11,시작중간 · B깊음 · 끝중간,크게감,3.496,3.112,False
2021-03-14 03:00:00,2021-03-15 21:00:00,숏,19,시작높음 · B깊음 · 끝낮음,크게감,1.162,0.81,False
2021-03-15 21:00:00,2021-03-16 00:00:00,롱,1,시작낮음 · B깊음 · 끝낮음,깨고하락,0.018,-0.359,True
2021-03-16 00:00:00,2021-03-16 07:00:00,숏,9,시작낮음 · B얕음 · 끝높음,제자리,0.102,-0.134,False
2021-03-16 07:00:00,2021-03-17 09:00:00,롱,20,시작높음 · B깊음 · 끝중간,크게감,0.572,-0.091,False
2021-03-17 09:00:00,2021-03-17 18:00:00,숏,14,시작중간 · B중간 · 끝중간,깨고하락,0.166,-0.721,True
2021-03-17 18:00:00,2021-03-18 08:00:00,롱,15,시작중간 · B중간 · 끝높음,크게감,0.574,0.153,False
2021-03-18 08:00:00,2021-03-19 08:00:00,숏,10,시작중간 · B깊음 · 끝낮음,깨고하락,0.328,-0.034,True
2021-03-19 08:00:00,2021-03-19 21:00:00,롱,5,시작낮음 · B중간 · 끝중간,조금감,0.252,0.085,False
2021-03-19 21:00:00,2021-03-20 10:00:00,숏,13,시작중간 · B중간 · 끝낮음,조금감,0.212,-0.022,False
2021-03-20 10:00:00,2021-03-20 20:00:00,롱,9,시작낮음 · B얕음 · 끝높음,크게감,0.572,-0.077,False
2021-03-20 20:00:00,2021-03-21 15:00:00,숏,23,시작높음 · B중간 · 끝중간,크게감,1.546,0.745,False
2021-03-21 15:00:00,2021-03-22 14:00:00,롱,10,시작중간 · B깊음 · 끝낮음,조금감,0.29,-0.005,False
2021-03-22 14:00:00,2021-03-23 09:00:00,숏,8,시작낮음 · B얕음 · 끝중간,크게감,1.038,0.638,False
2021-03-23 09:00:00,2021-03-24 00:00:00,롱,19,시작높음 · B깊음 · 끝낮음,조금감,0.229,-0.147,False
2021-03-24 00:00:00,2021-03-24 03:00:00,숏,5,시작낮음 · B중간 · 끝중간,제자리,0.037,-0.149,False
2021-03-24 03:00:00,2021-03-24 04:00:00,롱,14,시작중간 · B중간 · 끝중간,제자리,0.076,-0.123,False
2021-03-24 04:00:00,2021-03-24 06:00:00,숏,18,시작중간 · B얕음 · 끝높음,깨고하락,0.315,-0.421,True
2021-03-24 06:00:00,2021-03-24 18:00:00,롱,27,시작높음 · B얕음 · 끝높음,크게감,2.05,0.605,False
2021-03-24 18:00:00,2021-03-25 10:00:00,숏,10,시작중간 · B깊음 · 끝낮음,크게감,1.162,0.74,False
2021-03-25 10:00:00,2021-03-25 12:00:00,롱,1,시작낮음 · B깊음 · 끝낮음,깨고하락,0.033,-0.324,True
2021-03-25 12:00:00,2021-03-25 18:00:00,숏,9,시작낮음 · B얕음 · 끝높음,제자리,0.106,-0.195,False
2021-03-25 18:00:00,2021-03-27 09:00:00,롱,23,시작높음 · B중간 · 끝중간,크게감,1.241,1.044,False
2021-03-27 09:00:00,2021-03-27 16:00:00,숏,10,시작중간 · B깊음 · 끝낮음,깨고하락,0.194,-0.23,True
2021-03-27 16:00:00,2021-03-28 02:00:00,롱,9,시작낮음 · B얕음 · 끝높음,제자리,0.107,-0.062,False
2021-03-28 02:00:00,2021-03-29 07:00:00,숏,10,시작중간 · B깊음 · 끝낮음,조금감,0.41,-0.043,False
2021-03-29 07:00:00,2021-03-29 20:00:00,롱,5,시작낮음 · B중간 · 끝중간,크게감,1.305,0.738,False
2021-03-29 20:00:00,2021-03-30 09:00:00,숏,10,시작중간 · B깊음 · 끝낮음,깨고하락,0.043,-0.437,True
2021-03-30 09:00:00,2021-03-30 16:00:00,롱,9,시작낮음 · B얕음 · 끝높음,제자리,0.129,-0.056,False
2021-03-30 16:00:00,2021-03-31 15:00:00,숏,19,시작높음 · B깊음 · 끝낮음,깨고하락,0.793,-0.221,True
2021-03-31 15:00:00,2021-04-01 04:00:00,롱,18,시작중간 · B얕음 · 끝높음,제자리,0.138,-0.124,False
2021-04-01 04:00:00,2021-04-01 22:00:00,숏,26,시작높음 · B얕음 · 끝중간,조금감,0.307,-0.032,False
2021-04-01 22:00:00,2021-04-01 23:00:00,롱,14,시작중간 · B중간 · 끝중간,제자리,0.039,-0.16,False
2021-04-01 23:00:00,2021-04-02 02:00:00,숏,17,시작중간 · B얕음 · 끝중간,깨고하락,0.126,-0.708,True
2021-04-02 02:00:00,2021-04-02 13:00:00,롱,18,시작중간 · B얕음 · 끝높음,제자리,0.196,-0.268,False
2021-04-02 13:00:00,2021-04-03 04:00:00,숏,10,시작중간 · B깊음 · 끝낮음,조금감,0.435,-0.065,False
2021-04-03 04:00:00,2021-04-03 08:00:00,롱,5,시작낮음 · B중간 · 끝중간,조금감,0.25,-0.155,False
2021-04-03 08:00:00,2021-04-03 09:00:00,숏,14,시작중간 · B중간 · 끝중간,제자리,0.162,-0.232,False
2021-04-03 09:00:00,2021-04-03 15:00:00,롱,18,시작중간 · B얕음 · 끝높음,조금감,0.256,-0.541,False
2021-04-03 15:00:00,2021-04-04 07:00:00,숏,15,시작중간 · B중간 · 끝높음,크게감,2.236,1.267,False
2021-04-04 07:00:00,2021-04-05 03:00:00,롱,10,시작중간 · B깊음 · 끝낮음,조금감,0.268,0.001,False
2021-04-05 03:00:00,2021-04-05 11:00:00,숏,5,시작낮음 · B중간 · 끝중간,조금감,0.25,-0.066,False
2021-04-05 11:00:00,2021-04-06 03:00:00,롱,14,시작중간 · B중간 · 끝중간,크게감,1.169,0.619,False
2021-04-06 03:00:00,2021-04-07 06:00:00,숏,19,시작높음 · B깊음 · 끝낮음,크게감,0.548,0.25,False
2021-04-07 06:00:00,2021-04-07 09:00:00,롱,1,시작낮음 · B깊음 · 끝낮음,깨고하락,0.009,-0.204,True
2021-04-07 09:00:00,2021-04-08 00:00:00,숏,18,시작중간 · B얕음 · 끝높음,크게감,0.981,0.558,False
2021-04-08 00:00:00,2021-04-09 06:00:00,롱,19,시작높음 · B깊음 · 끝낮음,크게감,0.627,0.465,False
2021-04-09 06:00:00,2021-04-09 10:00:00,숏,1,시작낮음 · B깊음 · 끝낮음,깨고하락,0.059,-0.271,True
2021-04-09 10:00:00,2021-04-09 15:00:00,롱,9,시작낮음 · B얕음 · 끝높음,제자리,0.086,-0.124,False
2021-04-09 15:00:00,2021-04-10 03:00:00,숏,10,시작중간 · B깊음 · 끝낮음,깨고하락,0.304,-0.799,True
2021-04-10 03:00:00,2021-04-10 15:00:00,롱,18,시작중간 · B얕음 · 끝높음,크게감,1.854,0.877,False
2021-04-10 15:00:00,2021-04-11 22:00:00,숏,19,시작높음 · B깊음 · 끝낮음,크게감,0.508,0.057,False
2021-04-11 22:00:00,2021-04-12 14:00:00,롱,2,시작낮음 · B깊음 · 끝중간,조금감,0.364,-0.047,False
2021-04-12 14:00:00,2021-04-13 01:00:00,숏,14,시작중간 · B중간 · 끝중간,제자리,0.088,-0.224,False
2021-04-13 01:00:00,2021-04-13 21:00:00,롱,5,시작낮음 · B중간 · 끝중간,크게감,1.736,1.418,False
2021-04-13 21:00:00,2021-04-14 05:00:00,숏,19,시작높음 · B깊음 · 끝낮음,깨고하락,0.052,-0.243,True
2021-04-14 05:00:00,2021-04-14 08:00:00,롱,9,시작낮음 · B얕음 · 끝높음,제자리,0.178,-0.023,False
2021-04-14 08:00:00,2021-04-15 15:00:00,숏,26,시작높음 · B얕음 · 끝중간,크게감,1.282,0.638,False
2021-04-15 15:00:00,2021-04-16 04:00:00,롱,19,시작높음 · B깊음 · 끝낮음,조금감,0.306,-0.287,False
2021-04-16 04:00:00,2021-04-16 16:00:00,숏,9,시작낮음 · B얕음 · 끝높음,조금감,0.462,0.031,False
2021-04-16 16:00:00,2021-04-17 11:00:00,롱,10,시작중간 · B깊음 · 끝낮음,조금감,0.219,-0.182,False
2021-04-17 11:00:00,2021-04-18 15:00:00,숏,6,시작낮음 · B중간 · 끝높음,크게감,3.747,2.005,False
2021-04-18 15:00:00,2021-04-19 14:00:00,롱,19,시작높음 · B깊음 · 끝낮음,제자리,0.17,0.003,False
2021-04-19 14:00:00,2021-04-19 21:00:00,숏,8,시작낮음 · B얕음 · 끝중간,제자리,0.105,-0.071,False
2021-04-19 21:00:00,2021-04-20 00:00:00,롱,2,시작낮음 · B깊음 · 끝중간,제자리,0.027,-0.501,False
2021-04-20 00:00:00,2021-04-20 09:00:00,숏,18,시작중간 · B얕음 · 끝높음,크게감,0.541,-0.102,False
2021-04-20 09:00:00,2021-04-21 03:00:00,롱,19,시작높음 · B깊음 · 끝낮음,크게감,0.673,0.115,False
2021-04-21 03:00:00,2021-04-21 14:00:00,숏,14,시작중간 · B중간 · 끝중간,조금감,0.243,-0.249,False
2021-04-21 14:00:00,2021-04-21 20:00:00,롱,2,시작낮음 · B깊음 · 끝중간,제자리,0.057,-0.445,False
2021-04-21 20:00:00,2021-04-22 09:00:00,숏,15,시작중간 · B중간 · 끝높음,크게감,1.204,0.32,False
2021-04-22 09:00:00,2021-04-22 18:00:00,롱,19,시작높음 · B깊음 · 끝낮음,조금감,0.297,-0.239,False
2021-04-22 18:00:00,2021-04-23 12:00:00,숏,5,시작낮음 · B중간 · 끝중간,크게감,2.069,1.488,False
2021-04-23 12:00:00,2021-04-24 10:00:00,롱,19,시작높음 · B깊음 · 끝낮음,조금감,0.254,-0.019,False
2021-04-24 10:00:00,2021-04-24 15:00:00,숏,9,시작낮음 · B얕음 · 끝높음,제자리,0.056,-0.178,False
2021-04-24 15:00:00,2021-04-25 03:00:00,롱,27,시작높음 · B얕음 · 끝높음,조금감,0.296,-0.177,False
2021-04-25 03:00:00,2021-04-25 14:00:00,숏,10,시작중간 · B깊음 · 끝낮음,조금감,0.244,-0.263,False
2021-04-25 14:00:00,2021-04-25 19:00:00,롱,5,시작낮음 · B중간 · 끝중간,제자리,0.109,-0.443,False
2021-04-25 19:00:00,2021-04-26 00:00:00,숏,15,시작중간 · B중간 · 끝높음,깨고하락,1.762,-1.079,True
2021-04-26 00:00:00,2021-04-26 20:00:00,롱,21,시작높음 · B깊음 · 끝높음,크게감,0.896,0.603,False
2021-04-26 20:00:00,2021-04-27 11:00:00,숏,10,시작중간 · B깊음 · 끝낮음,깨고하락,0.076,-0.256,True
2021-04-27 11:00:00,2021-04-27 13:00:00,롱,9,시작낮음 · B얕음 · 끝높음,제자리,0.019,-0.057,False
2021-04-27 13:00:00,2021-04-28 19:00:00,숏,26,시작높음 · B얕음 · 끝중간,깨고하락,0.316,-0.269,True
2021-04-28 19:00:00,2021-04-28 20:00:00,롱,24,시작높음 · B중간 · 끝높음,크게감,0.601,-0.581,False
2021-04-28 20:00:00,2021-04-29 12:00:00,숏,24,시작높음 · B중간 · 끝높음,조금감,0.308,-0.019,False
2021-04-29 12:00:00,2021-04-29 13:00:00,롱,10,시작중간 · B깊음 · 끝낮음,제자리,0.017,-0.239,False
2021-04-29 13:00:00,2021-04-30 00:00:00,숏,9,시작낮음 · B얕음 · 끝높음,조금감,0.451,0.119,False
2021-04-30 00:00:00,2021-05-01 07:00:00,롱,10,시작중간 · B깊음 · 끝낮음,크게감,2.363,2.056,False
2021-05-01 07:00:00,2021-05-02 20:00:00,숏,10,시작중간 · B깊음 · 끝낮음,조금감,0.275,0.126,False
2021-05-02 20:00:00,2021-05-02 22:00:00,롱,4,시작낮음 · B중간 · 끝낮음,제자리,0.027,-0.107,False
2021-05-02 22:00:00,2021-05-03 00:00:00,숏,9,시작낮음 · B얕음 · 끝높음,깨고하락,0.025,-0.504,True
2021-05-03 00:00:00,2021-05-03 14:00:00,롱,27,시작높음 · B얕음 · 끝높음,크게감,1.186,0.32,False
2021-05-03 14:00:00,2021-05-04 10:00:00,숏,10,시작중간 · B깊음 · 끝낮음,크게감,1.197,0.517,False
2021-05-04 10:00:00,2021-05-04 14:00:00,롱,10,시작중간 · B깊음 · 끝낮음,깨고하락,0.003,-0.345,True
2021-05-04 14:00:00,2021-05-05 01:00:00,숏,9,시작낮음 · B얕음 · 끝높음,크게감,0.541,0.031,False
2021-05-05 01:00:00,2021-05-06 03:00:00,롱,22,시작높음 · B중간 · 끝낮음,크게감,0.824,0.566,False
2021-05-06 03:00:00,2021-05-06 10:00:00,숏,10,시작중간 · B깊음 · 끝낮음,깨고하락,0.091,-0.231,True
2021-05-06 10:00:00,2021-05-06 14:00:00,롱,9,시작낮음 · B얕음 · 끝높음,제자리,0.031,-0.178,False
2021-05-06 14:00:00,2021-05-07 10:00:00,숏,23,시작높음 · B중간 · 끝중간,크게감,1.012,0.425,False
2021-05-07 10:00:00,2021-05-08 15:00:00,롱,10,시작중간 · B깊음 · 끝낮음,크게감,0.974,0.389,False
2021-05-08 15:00:00,2021-05-09 21:00:00,숏,10,시작중간 · B깊음 · 끝낮음,깨고하락,0.308,-0.086,True
2021-05-09 21:00:00,2021-05-10 09:00:00,롱,1,시작낮음 · B깊음 · 끝낮음,조금감,0.481,-0.012,False
2021-05-10 09:00:00,2021-05-11 07:00:00,숏,14,시작중간 · B중간 · 끝중간,크게감,1.416,0.7,False
2021-05-11 07:00:00,2021-05-12 10:00:00,롱,10,시작중간 · B깊음 · 끝낮음,조금감,0.358,0.068,False
2021-05-12 10:00:00,2021-05-13 12:00:00,숏,5,시작낮음 · B중간 · 끝중간,크게감,1.982,1.132,False
2021-05-13 12:00:00,2021-05-13 18:00:00,롱,10,시작중간 · B깊음 · 끝낮음,제자리,0.056,-0.188,False
2021-05-13 18:00:00,2021-05-13 19:00:00,숏,9,시작낮음 · B얕음 · 끝높음,제자리,0.0,-0.062,False
2021-05-13 19:00:00,2021-05-14 20:00:00,롱,26,시작높음 · B얕음 · 끝중간,크게감,0.75,0.155,False
2021-05-14 20:00:00,2021-05-15 14:00:00,숏,10,시작중간 · B깊음 · 끝낮음,조금감,0.361,-0.057,False
2021-05-15 14:00:00,2021-05-15 16:00:00,롱,4,시작낮음 · B중간 · 끝낮음,깨고하락,0.049,-0.404,True
2021-05-15 16:00:00,2021-05-16 02:00:00,숏,9,시작낮음 · B얕음 · 끝높음,조금감,0.455,-0.072,False
2021-05-16 02:00:00,2021-05-16 15:00:00,롱,19,시작높음 · B깊음 · 끝낮음,크게감,0.54,-0.111,False
2021-05-16 15:00:00,2021-05-17 08:00:00,숏,14,시작중간 · B중간 · 끝중간,크게감,1.718,0.747,False
2021-05-17 08:00:00,2021-05-17 16:00:00,롱,10,시작중간 · B깊음 · 끝낮음,제자리,0.056,-0.362,False
2021-05-17 16:00:00,2021-05-17 19:00:00,숏,9,시작낮음 · B얕음 · 끝높음,제자리,0.074,-0.258,False
2021-05-17 19:00:00,2021-05-18 13:00:00,롱,27,시작높음 · B얕음 · 끝높음,조금감,0.443,-0.132,False
2021-05-18 13:00:00,2021-05-19 17:00:00,숏,11,시작중간 · B깊음 · 끝중간,크게감,4.064,1.173,False
2021-05-19 17:00:00,2021-05-20 20:00:00,롱,10,시작중간 · B깊음 · 끝낮음,제자리,0.175,0.034,False
2021-05-20 20:00:00,2021-05-20 21:00:00,숏,17,시작중간 · B얕음 · 끝중간,제자리,0.018,-0.044,False
2021-05-20 21:00:00,2021-05-21 04:00:00,롱,17,시작중간 · B얕음 · 끝중간,깨고하락,0.207,-0.099,True
2021-05-21 04:00:00,2021-05-21 13:00:00,숏,11,시작중간 · B깊음 · 끝중간,조금감,0.266,-0.421,False
2021-05-21 13:00:00,2021-05-21 14:00:00,롱,14,시작중간 · B중간 · 끝중간,깨고하락,0.205,-1.093,True
2021-05-21 14:00:00,2021-05-22 02:00:00,숏,18,시작중간 · B얕음 · 끝높음,크게감,0.862,0.079,False
2021-05-22 02:00:00,2021-05-22 05:00:00,롱,10,시작중간 · B깊음 · 끝낮음,제자리,0.039,-0.123,False
2021-05-22 05:00:00,2021-05-22 06:00:00,숏,9,시작낮음 · B얕음 · 끝높음,제자리,0.1,-0.003,False
2021-05-22 06:00:00,2021-05-23 04:00:00,롱,26,시작높음 · B얕음 · 끝중간,크게감,0.839,0.283,False
2021-05-23 04:00:00,2021-05-23 21:00:00,숏,19,시작높음 · B깊음 · 끝낮음,크게감,1.714,0.896,False
2021-05-23 21:00:00,2021-05-25 02:00:00,롱,10,시작중간 · B깊음 · 끝낮음,크게감,0.761,0.536,False
2021-05-25 02:00:00,2021-05-25 23:00:00,숏,1,시작낮음 · B깊음 · 끝낮음,제자리,0.19,-0.024,False
2021-05-25 23:00:00,2021-05-26 13:00:00,롱,5,시작낮음 · B중간 · 끝중간,조금감,0.401,0.088,False
2021-05-26 13:00:00,2021-05-27 09:00:00,숏,14,시작중간 · B중간 · 끝중간,조금감,0.392,-0.074,False
2021-05-27 09:00:00,2021-05-27 19:00:00,롱,1,시작낮음 · B깊음 · 끝낮음,조금감,0.311,-0.124,False
2021-05-27 19:00:00,2021-05-29 00:00:00,숏,5,시작낮음 · B중간 · 끝중간,크게감,1.271,0.803,False
2021-05-29 00:00:00,2021-05-29 12:00:00,롱,10,시작중간 · B깊음 · 끝낮음,깨고하락,0.196,-0.251,True
2021-05-29 12:00:00,2021-05-29 22:00:00,숏,6,시작낮음 · B중간 · 끝높음,조금감,0.244,0.065,False
2021-05-29 22:00:00,2021-05-30 01:00:00,롱,22,시작높음 · B중간 · 끝낮음,깨고하락,0.165,-0.16,True
2021-05-30 01:00:00,2021-05-30 02:00:00,숏,18,시작중간 · B얕음 · 끝높음,제자리,0.046,-0.297,False
2021-05-30 02:00:00,2021-05-31 00:00:00,롱,27,시작높음 · B얕음 · 끝높음,크게감,1.128,0.482,False
2021-05-31 00:00:00,2021-05-31 08:00:00,숏,10,시작중간 · B깊음 · 끝낮음,조금감,0.406,-0.265,False
2021-05-31 08:00:00,2021-06-01 03:00:00,롱,6,시작낮음 · B중간 · 끝높음,크게감,0.672,0.238,False
2021-06-01 03:00:00,2021-06-02 03:00:00,숏,13,시작중간 · B중간 · 끝낮음,조금감,0.303,0.063,False
2021-06-02 03:00:00,2021-06-02 22:00:00,롱,4,시작낮음 · B중간 · 끝낮음,크게감,0.744,0.453,False
2021-06-02 22:00:00,2021-06-03 05:00:00,숏,10,시작중간 · B깊음 · 끝낮음,깨고하락,0.12,-0.481,True
2021-06-03 05:00:00,2021-06-03 14:00:00,롱,9,시작낮음 · B얕음 · 끝높음,조금감,0.252,-0.058,False
2021-06-03 14:00:00,2021-06-04 17:00:00,숏,19,시작높음 · B깊음 · 끝낮음,크게감,1.361,0.702,False
2021-06-04 17:00:00,2021-06-05 09:00:00,롱,10,시작중간 · B깊음 · 끝낮음,조금감,0.208,-0.186,False
2021-06-05 09:00:00,2021-06-06 01:00:00,숏,8,시작낮음 · B얕음 · 끝중간,조금감,0.417,0.036,False
2021-06-06 01:00:00,2021-06-06 22:00:00,롱,10,시작중간 · B깊음 · 끝낮음,제자리,0.074,-0.212,False
2021-06-06 22:00:00,2021-06-07 00:00:00,숏,8,시작낮음 · B얕음 · 끝중간,제자리,0.025,-0.236,False
2021-06-07 00:00:00,2021-06-07 15:00:00,롱,12,시작중간 · B깊음 · 끝높음,조금감,0.421,-0.207,False
2021-06-07 15:00:00,2021-06-08 11:00:00,숏,11,시작중간 · B깊음 · 끝중간,크게감,2.575,1.921,False
2021-06-08 11:00:00,2021-06-08 14:00:00,롱,10,시작중간 · B깊음 · 끝낮음,깨고하락,0.013,-0.274,True
2021-06-08 14:00:00,2021-06-08 17:00:00,숏,9,시작낮음 · B얕음 · 끝높음,제자리,0.164,-0.077,False
2021-06-08 17:00:00,2021-06-10 04:00:00,롱,20,시작높음 · B깊음 · 끝중간,크게감,2.518,2.116,False
2021-06-10 04:00:00,2021-06-11 09:00:00,숏,10,시작중간 · B깊음 · 끝낮음,깨고하락,0.147,-0.034,True
2021-06-11 09:00:00,2021-06-11 15:00:00,롱,8,시작낮음 · B얕음 · 끝중간,제자리,0.094,-0.029,False
2021-06-11 15:00:00,2021-06-12 13:00:00,숏,17,시작중간 · B얕음 · 끝중간,크게감,0.844,0.329,False
2021-06-12 13:00:00,2021-06-13 03:00:00,롱,10,시작중간 · B깊음 · 끝낮음,제자리,0.03,-0.361,False
2021-06-13 03:00:00,2021-06-13 08:00:00,숏,9,시작낮음 · B얕음 · 끝높음,제자리,0.044,-0.247,False
2021-06-13 08:00:00,2021-06-14 09:00:00,롱,23,시작높음 · B중간 · 끝중간,크게감,3.228,2.691,False
2021-06-14 09:00:00,2021-06-14 14:00:00,숏,10,시작중간 · B깊음 · 끝낮음,깨고하락,0.011,-0.277,True
2021-06-14 14:00:00,2021-06-14 17:00:00,롱,9,시작낮음 · B얕음 · 끝높음,제자리,0.037,-0.05,False
2021-06-14 17:00:00,2021-06-17 03:00:00,숏,27,시작높음 · B얕음 · 끝높음,깨고복귀,1.036,0.694,True
2021-06-17 03:00:00,2021-06-17 17:00:00,롱,19,시작높음 · B깊음 · 끝낮음,깨고하락,0.218,-0.358,True
2021-06-17 17:00:00,2021-06-18 07:00:00,숏,9,시작낮음 · B얕음 · 끝높음,제자리,0.13,0.012,False
2021-06-18 07:00:00,2021-06-18 14:00:00,롱,22,시작높음 · B중간 · 끝낮음,깨고하락,0.141,-0.427,True
2021-06-18 14:00:00,2021-06-19 01:00:00,숏,9,시작낮음 · B얕음 · 끝높음,크게감,0.77,0.304,False
2021-06-19 01:00:00,2021-06-19 02:00:00,롱,19,시작높음 · B깊음 · 끝낮음,제자리,0.03,-0.207,False
2021-06-19 02:00:00,2021-06-19 05:00:00,숏,8,시작낮음 · B얕음 · 끝중간,조금감,0.326,0.001,False
2021-06-19 05:00:00,2021-06-20 09:00:00,롱,10,시작중간 · B깊음 · 끝낮음,크게감,0.622,-0.324,False
2021-06-20 09:00:00,2021-06-20 18:00:00,숏,2,시작낮음 · B깊음 · 끝중간,크게감,1.043,0.073,False
2021-06-20 18:00:00,2021-06-21 04:00:00,롱,11,시작중간 · B깊음 · 끝중간,조금감,0.4,-0.214,False
2021-06-21 04:00:00,2021-06-21 20:00:00,숏,14,시작중간 · B중간 · 끝중간,크게감,0.905,0.598,False
2021-06-21 20:00:00,2021-06-21 21:00:00,롱,19,시작높음 · B깊음 · 끝낮음,깨고하락,0.0,-0.236,True
2021-06-21 21:00:00,2021-06-22 01:00:00,숏,9,시작낮음 · B얕음 · 끝높음,깨고하락,0.101,-0.315,True
2021-06-22 01:00:00,2021-06-22 11:00:00,롱,20,시작높음 · B깊음 · 끝중간,깨고하락,0.35,-0.758,True
2021-06-22 11:00:00,2021-06-22 16:00:00,숏,12,시작중간 · B깊음 · 끝높음,크게감,1.153,-0.597,False
2021-06-22 16:00:00,2021-06-23 15:00:00,롱,21,시작높음 · B깊음 · 끝높음,크게감,0.514,0.22,False
2021-06-23 15:00:00,2021-06-24 09:00:00,숏,22,시작높음 · B중간 · 끝낮음,제자리,0.192,0.038,False
2021-06-24 09:00:00,2021-06-25 05:00:00,롱,4,시작낮음 · B중간 · 끝낮음,크게감,0.688,0.381,False
2021-06-25 05:00:00,2021-06-26 03:00:00,숏,10,시작중간 · B깊음 · 끝낮음,크게감,1.014,0.801,False
2021-06-26 03:00:00,2021-06-26 07:00:00,롱,1,시작낮음 · B깊음 · 끝낮음,깨고하락,0.175,-0.31,True
2021-06-26 07:00:00,2021-06-26 11:00:00,숏,9,시작낮음 · B얕음 · 끝높음,제자리,0.135,-0.253,False
2021-06-26 11:00:00,2021-06-27 17:00:00,롱,20,시작높음 · B깊음 · 끝중간,크게감,0.688,0.485,False
2021-06-27 17:00:00,2021-06-27 22:00:00,숏,10,시작중간 · B깊음 · 끝낮음,깨고하락,0.17,-0.399,True
2021-06-27 22:00:00,2021-06-28 10:00:00,롱,9,시작낮음 · B얕음 · 끝높음,조금감,0.2,-0.043,False
2021-06-28 10:00:00,2021-06-29 06:00:00,숏,10,시작중간 · B깊음 · 끝낮음,깨고하락,0.114,-0.383,True
2021-06-29 06:00:00,2021-06-29 22:00:00,롱,9,시작낮음 · B얕음 · 끝높음,크게감,0.501,0.247,False
2021-06-29 22:00:00,2021-06-30 21:00:00,숏,19,시작높음 · B깊음 · 끝낮음,크게감,0.702,0.421,False
2021-06-30 21:00:00,2021-07-01 03:00:00,롱,1,시작낮음 · B깊음 · 끝낮음,제자리,0.148,-0.257,False
2021-07-01 03:00:00,2021-07-01 18:00:00,숏,9,시작낮음 · B얕음 · 끝높음,크게감,0.524,0.378,False
2021-07-01 18:00:00,2021-07-02 06:00:00,롱,19,시작높음 · B깊음 · 끝낮음,깨고하락,0.278,-0.166,True
2021-07-02 06:00:00,2021-07-02 07:00:00,숏,9,시작낮음 · B얕음 · 끝높음,제자리,0.034,-0.205,False
2021-07-02 07:00:00,2021-07-03 21:00:00,롱,27,시작높음 · B얕음 · 끝높음,크게감,1.286,0.993,False
2021-07-03 21:00:00,2021-07-04 06:00:00,숏,19,시작높음 · B깊음 · 끝낮음,깨고하락,0.125,-0.374,True
2021-07-04 06:00:00,2021-07-04 15:00:00,롱,9,시작낮음 · B얕음 · 끝높음,제자리,0.116,0.049,False
2021-07-04 15:00:00,2021-07-05 19:00:00,숏,25,시작높음 · B얕음 · 끝낮음,깨고복귀,1.696,0.997,True
2021-07-05 19:00:00,2021-07-06 14:00:00,롱,10,시작중간 · B깊음 · 끝낮음,조금감,0.343,0.009,False
2021-07-06 14:00:00,2021-07-07 00:00:00,숏,5,시작낮음 · B중간 · 끝중간,조금감,0.215,-0.004,False
2021-07-07 00:00:00,2021-07-07 16:00:00,롱,17,시작중간 · B얕음 · 끝중간,크게감,0.585,0.289,False
2021-07-07 16:00:00,2021-07-08 15:00:00,숏,22,시작높음 · B중간 · 끝낮음,크게감,1.633,1.123,False
2021-07-08 15:00:00,2021-07-10 05:00:00,롱,10,시작중간 · B깊음 · 끝낮음,조금감,0.463,0.267,False
2021-07-10 05:00:00,2021-07-11 09:00:00,숏,4,시작낮음 · B중간 · 끝낮음,조금감,0.24,-0.015,False
2021-07-11 09:00:00,2021-07-12 09:00:00,롱,8,시작낮음 · B얕음 · 끝중간,조금감,0.474,0.198,False
2021-07-12 09:00:00,2021-07-13 03:00:00,숏,22,시작높음 · B중간 · 끝낮음,크게감,0.858,0.619,False
2021-07-13 03:00:00,2021-07-13 12:00:00,롱,1,시작낮음 · B깊음 · 끝낮음,깨고하락,0.118,-0.37,True
2021-07-13 12:00:00,2021-07-13 17:00:00,숏,9,시작낮음 · B얕음 · 끝높음,제자리,0.033,-0.195,False
2021-07-13 17:00:00,2021-07-13 18:00:00,롱,19,시작높음 · B깊음 · 끝낮음,제자리,0.0,-0.276,False
2021-07-13 18:00:00,2021-07-13 22:00:00,숏,18,시작중간 · B얕음 · 끝높음,조금감,0.383,-0.106,False
2021-07-13 22:00:00,2021-07-14 03:00:00,롱,19,시작높음 · B깊음 · 끝낮음,깨고하락,0.319,-0.998,True
2021-07-14 03:00:00,2021-07-14 10:00:00,숏,18,시작중간 · B얕음 · 끝높음,조금감,0.237,-0.496,False
2021-07-14 10:00:00,2021-07-15 04:00:00,롱,23,시작높음 · B중간 · 끝중간,크게감,0.606,0.197,False
2021-07-15 04:00:00,2021-07-15 23:00:00,숏,13,시작중간 · B중간 · 끝낮음,크게감,0.963,0.514,False
2021-07-15 23:00:00,2021-07-16 10:00:00,롱,10,시작중간 · B깊음 · 끝낮음,제자리,0.087,-0.267,False
2021-07-16 10:00:00,2021-07-16 13:00:00,숏,9,시작낮음 · B얕음 · 끝높음,제자리,0.176,-0.274,False
2021-07-16 13:00:00,2021-07-16 23:00:00,롱,27,시작높음 · B얕음 · 끝높음,조금감,0.47,-0.369,False
2021-07-16 23:00:00,2021-07-17 08:00:00,숏,24,시작높음 · B중간 · 끝높음,제자리,0.186,-0.254,False
2021-07-17 08:00:00,2021-07-17 11:00:00,롱,23,시작높음 · B중간 · 끝중간,제자리,0.093,-0.268,False
2021-07-17 11:00:00,2021-07-17 12:00:00,숏,14,시작중간 · B중간 · 끝중간,제자리,0.057,-0.138,False
2021-07-17 12:00:00,2021-07-18 08:00:00,롱,27,시작높음 · B얕음 · 끝높음,크게감,1.343,0.404,False
2021-07-18 08:00:00,2021-07-18 23:00:00,숏,19,시작높음 · B깊음 · 끝낮음,크게감,0.575,0.017,False
2021-07-18 23:00:00,2021-07-19 01:00:00,롱,14,시작중간 · B중간 · 끝중간,제자리,0.05,-0.133,False
2021-07-19 01:00:00,2021-07-19 04:00:00,숏,14,시작중간 · B중간 · 끝중간,제자리,0.159,-0.159,False
2021-07-19 04:00:00,2021-07-19 09:00:00,롱,15,시작중간 · B중간 · 끝높음,깨고하락,0.364,-0.754,True
2021-07-19 09:00:00,2021-07-19 23:00:00,숏,12,시작중간 · B깊음 · 끝높음,크게감,1.923,1.136,False
2021-07-19 23:00:00,2021-07-20 02:00:00,롱,19,시작높음 · B깊음 · 끝낮음,깨고하락,0.151,-0.42,True
2021-07-20 02:00:00,2021-07-20 14:00:00,숏,9,시작낮음 · B얕음 · 끝높음,크게감,0.689,0.368,False
2021-07-20 14:00:00,2021-07-22 01:00:00,롱,19,시작높음 · B깊음 · 끝낮음,크게감,1.779,1.276,False
2021-07-22 01:00:00,2021-07-23 02:00:00,숏,1,시작낮음 · B깊음 · 끝낮음,제자리,0.064,-0.181,False
2021-07-23 02:00:00,2021-07-23 06:00:00,롱,9,시작낮음 · B얕음 · 끝높음,제자리,0.077,-0.015,False
2021-07-23 06:00:00,2021-07-23 22:00:00,숏,26,시작높음 · B얕음 · 끝중간,깨고하락,0.451,-0.481,True
2021-07-23 22:00:00,2021-07-24 13:00:00,롱,24,시작높음 · B중간 · 끝높음,크게감,0.756,0.541,False
2021-07-24 13:00:00,2021-07-24 16:00:00,숏,19,시작높음 · B깊음 · 끝낮음,깨고하락,0.024,-0.316,True
2021-07-24 16:00:00,2021-07-24 19:00:00,롱,9,시작낮음 · B얕음 · 끝높음,제자리,0.033,-0.295,False
2021-07-24 19:00:00,2021-07-25 07:00:00,숏,20,시작높음 · B깊음 · 끝중간,깨고하락,0.246,-1.126,True
2021-07-25 07:00:00,2021-07-25 10:00:00,롱,6,시작낮음 · B중간 · 끝높음,제자리,0.092,-0.29,False
2021-07-25 10:00:00,2021-07-25 23:00:00,숏,26,시작높음 · B얕음 · 끝중간,깨고하락,0.429,-0.905,True
2021-07-25 23:00:00,2021-07-26 14:00:00,롱,15,시작중간 · B중간 · 끝높음,크게감,3.079,1.983,False
2021-07-26 14:00:00,2021-07-27 12:00:00,숏,19,시작높음 · B깊음 · 끝낮음,깨고하락,0.315,-0.003,True
2021-07-27 12:00:00,2021-07-27 19:00:00,롱,5,시작낮음 · B중간 · 끝중간,제자리,0.068,-0.093,False
2021-07-27 19:00:00,2021-07-27 20:00:00,숏,17,시작중간 · B얕음 · 끝중간,제자리,0.0,-0.055,False
2021-07-27 20:00:00,2021-07-28 13:00:00,롱,26,시작높음 · B얕음 · 끝중간,크게감,2.058,1.152,False
2021-07-28 13:00:00,2021-07-30 01:00:00,숏,10,시작중간 · B깊음 · 끝낮음,조금감,0.285,-0.149,False
2021-07-30 01:00:00,2021-07-30 05:00:00,롱,8,시작낮음 · B얕음 · 끝중간,제자리,0.047,-0.111,False
2021-07-30 05:00:00,2021-07-30 19:00:00,숏,26,시작높음 · B얕음 · 끝중간,크게감,0.737,-0.068,False
2021-07-30 19:00:00,2021-07-31 11:00:00,롱,20,시작높음 · B깊음 · 끝중간,크게감,1.337,0.902,False
2021-07-31 11:00:00,2021-08-01 03:00:00,숏,10,시작중간 · B깊음 · 끝낮음,깨고하락,0.139,-0.203,True
2021-08-01 03:00:00,2021-08-01 05:00:00,롱,9,시작낮음 · B얕음 · 끝높음,제자리,0.0,-0.174,False
2021-08-01 05:00:00,2021-08-02 14:00:00,숏,23,시작높음 · B중간 · 끝중간,크게감,1.87,1.378,False
2021-08-02 14:00:00,2021-08-02 20:00:00,롱,10,시작중간 · B깊음 · 끝낮음,깨고하락,0.1,-0.201,True
2021-08-02 20:00:00,2021-08-02 21:00:00,숏,9,시작낮음 · B얕음 · 끝높음,제자리,0.017,-0.1,False
2021-08-02 21:00:00,2021-08-03 02:00:00,롱,26,시작높음 · B얕음 · 끝중간,조금감,0.423,-0.216,False
2021-08-03 02:00:00,2021-08-03 09:00:00,숏,11,시작중간 · B깊음 · 끝중간,크게감,0.899,0.268,False
2021-08-03 09:00:00,2021-08-04 08:00:00,롱,23,시작높음 · B중간 · 끝중간,깨고하락,0.093,-0.459,True
2021-08-04 08:00:00,2021-08-04 09:00:00,숏,18,시작중간 · B얕음 · 끝높음,제자리,0.048,-0.037,False
2021-08-04 09:00:00,2021-08-05 03:00:00,롱,26,시작높음 · B얕음 · 끝중간,크게감,1.485,1.128,False
2021-08-05 03:00:00,2021-08-05 16:00:00,숏,10,시작중간 · B깊음 · 끝낮음,크게감,0.839,-0.109,False
2021-08-05 16:00:00,2021-08-06 04:00:00,롱,2,시작낮음 · B깊음 · 끝중간,크게감,0.608,0.166,False
2021-08-06 04:00:00,2021-08-06 06:00:00,숏,10,시작중간 · B깊음 · 끝낮음,제자리,0.008,-0.212,False
2021-08-06 06:00:00,2021-08-06 09:00:00,롱,9,시작낮음 · B얕음 · 끝높음,제자리,0.027,-0.164,False
2021-08-06 09:00:00,2021-08-06 15:00:00,숏,23,시작높음 · B중간 · 끝중간,깨고하락,0.255,-1.175,True
2021-08-06 15:00:00,2021-08-07 06:00:00,롱,18,시작중간 · B얕음 · 끝높음,크게감,0.725,0.437,False
2021-08-07 06:00:00,2021-08-08 00:00:00,숏,10,시작중간 · B깊음 · 끝낮음,깨고하락,0.24,-0.363,True
2021-08-08 00:00:00,2021-08-08 01:00:00,롱,9,시작낮음 · B얕음 · 끝높음,제자리,0.004,-0.116,False
2021-08-08 01:00:00,2021-08-08 06:00:00,숏,27,시작높음 · B얕음 · 끝높음,깨고하락,0.121,-0.363,True
2021-08-08 06:00:00,2021-08-08 08:00:00,롱,15,시작중간 · B중간 · 끝높음,제자리,0.15,-0.376,False
2021-08-08 08:00:00,2021-08-09 09:00:00,숏,24,시작높음 · B중간 · 끝높음,크게감,1.072,-0.278,False
2021-08-09 09:00:00,2021-08-10 02:00:00,롱,20,시작높음 · B깊음 · 끝중간,크게감,0.748,0.483,False
2021-08-10 02:00:00,2021-08-11 01:00:00,숏,10,시작중간 · B깊음 · 끝낮음,조금감,0.356,0.074,False
2021-08-11 01:00:00,2021-08-11 02:00:00,롱,5,시작낮음 · B중간 · 끝중간,제자리,0.068,-0.111,False
2021-08-11 02:00:00,2021-08-11 04:00:00,숏,18,시작중간 · B얕음 · 끝높음,제자리,0.022,-0.119,False
2021-08-11 04:00:00,2021-08-11 21:00:00,롱,10,시작중간 · B깊음 · 끝낮음,크게감,1.72,1.08,False
2021-08-11 21:00:00,2021-08-13 00:00:00,숏,10,시작중간 · B깊음 · 끝낮음,크게감,1.818,1.317,False
2021-08-13 00:00:00,2021-08-14 05:00:00,롱,10,시작중간 · B깊음 · 끝낮음,크게감,1.184,1.047,False
2021-08-14 05:00:00,2021-08-15 01:00:00,숏,1,시작낮음 · B깊음 · 끝낮음,깨고복귀,0.37,0.097,True
2021-08-15 01:00:00,2021-08-15 03:00:00,롱,8,시작낮음 · B얕음 · 끝중간,제자리,0.046,-0.068,False
2021-08-15 03:00:00,2021-08-15 18:00:00,숏,17,시작중간 · B얕음 · 끝중간,크게감,0.606,0.252,False
2021-08-15 18:00:00,2021-08-16 12:00:00,롱,10,시작중간 · B깊음 · 끝낮음,크게감,1.085,0.529,False
2021-08-16 12:00:00,2021-08-17 04:00:00,숏,1,시작낮음 · B깊음 · 끝낮음,크게감,0.724,0.321,False
2021-08-17 04:00:00,2021-08-17 06:00:00,롱,1,시작낮음 · B깊음 · 끝낮음,제자리,0.019,-0.191,False
2021-08-17 06:00:00,2021-08-17 09:00:00,숏,9,시작낮음 · B얕음 · 끝높음,깨고하락,0.054,-0.424,True
2021-08-17 09:00:00,2021-08-17 15:00:00,롱,24,시작높음 · B중간 · 끝높음,조금감,0.373,-0.917,False
2021-08-17 15:00:00,2021-08-18 05:00:00,숏,24,시작높음 · B중간 · 끝높음,크게감,0.882,0.182,False
2021-08-18 05:00:00,2021-08-18 20:00:00,롱,22,시작높음 · B중간 · 끝낮음,제자리,0.186,-0.288,False
2021-08-18 20:00:00,2021-08-19 08:00:00,숏,6,시작낮음 · B중간 · 끝높음,조금감,0.302,-0.07,False
2021-08-19 08:00:00,2021-08-19 11:00:00,롱,23,시작높음 · B중간 · 끝중간,제자리,0.086,-0.232,False
2021-08-19 11:00:00,2021-08-19 12:00:00,숏,18,시작중간 · B얕음 · 끝높음,제자리,0.063,-0.272,False
2021-08-19 12:00:00,2021-08-20 08:00:00,롱,27,시작높음 · B얕음 · 끝높음,크게감,3.447,2.812,False
2021-08-20 08:00:00,2021-08-20 14:00:00,숏,10,시작중간 · B깊음 · 끝낮음,깨고하락,0.008,-0.505,True
2021-08-20 14:00:00,2021-08-21 02:00:00,롱,9,시작낮음 · B얕음 · 끝높음,조금감,0.205,0.077,False
2021-08-21 02:00:00,2021-08-22 22:00:00,숏,19,시작높음 · B깊음 · 끝낮음,깨고하락,0.338,-0.152,True
2021-08-22 22:00:00,2021-08-23 14:00:00,롱,5,시작낮음 · B중간 · 끝중간,크게감,0.549,0.195,False
2021-08-23 14:00:00,2021-08-24 07:00:00,숏,10,시작중간 · B깊음 · 끝낮음,조금감,0.36,-0.02,False
2021-08-24 07:00:00,2021-08-24 10:00:00,롱,1,시작낮음 · B깊음 · 끝낮음,제자리,0.026,-0.252,False
2021-08-24 10:00:00,2021-08-25 05:00:00,숏,18,시작중간 · B얕음 · 끝높음,크게감,1.099,0.509,False
2021-08-25 05:00:00,2021-08-25 08:00:00,롱,19,시작높음 · B깊음 · 끝낮음,깨고하락,0.038,-0.543,True
2021-08-25 08:00:00,2021-08-25 14:00:00,숏,9,시작낮음 · B얕음 · 끝높음,제자리,0.048,-0.433,False
2021-08-25 14:00:00,2021-08-26 03:00:00,롱,15,시작중간 · B중간 · 끝높음,크게감,0.657,-0.334,False
2021-08-26 03:00:00,2021-08-26 18:00:00,숏,11,시작중간 · B깊음 · 끝중간,크게감,0.768,0.413,False
2021-08-26 18:00:00,2021-08-28 07:00:00,롱,1,시작낮음 · B깊음 · 끝낮음,크게감,0.729,0.621,False
2021-08-28 07:00:00,2021-08-29 00:00:00,숏,1,시작낮음 · B깊음 · 끝낮음,깨고하락,0.179,-0.209,True
2021-08-29 00:00:00,2021-08-29 02:00:00,롱,9,시작낮음 · B얕음 · 끝높음,제자리,0.019,-0.298,False
2021-08-29 02:00:00,2021-08-29 17:00:00,숏,15,시작중간 · B중간 · 끝높음,크게감,0.609,-0.153,False
2021-08-29 17:00:00,2021-08-30 01:00:00,롱,10,시작중간 · B깊음 · 끝낮음,조금감,0.305,-0.138,False
2021-08-30 01:00:00,2021-08-30 16:00:00,숏,5,시작낮음 · B중간 · 끝중간,크게감,0.663,0.198,False
2021-08-30 16:00:00,2021-08-30 23:00:00,롱,23,시작높음 · B중간 · 끝중간,깨고하락,0.257,-0.616,True
2021-08-30 23:00:00,2021-08-31 08:00:00,숏,15,시작중간 · B중간 · 끝높음,제자리,0.195,-0.393,False
2021-08-31 08:00:00,2021-08-31 20:00:00,롱,23,시작높음 · B중간 · 끝중간,조금감,0.252,-0.339,False
2021-08-31 20:00:00,2021-09-01 04:00:00,숏,27,시작높음 · B얕음 · 끝높음,조금감,0.297,-0.081,False
2021-09-01 04:00:00,2021-09-02 14:00:00,롱,23,시작높음 · B중간 · 끝중간,크게감,1.958,1.445,False
2021-09-02 14:00:00,2021-09-03 09:00:00,숏,10,시작중간 · B깊음 · 끝낮음,조금감,0.303,-0.151,False
2021-09-03 09:00:00,2021-09-03 20:00:00,롱,5,시작낮음 · B중간 · 끝중간,조금감,0.268,0.009,False
2021-09-03 20:00:00,2021-09-05 02:00:00,숏,23,시작높음 · B중간 · 끝중간,조금감,0.278,0.018,False
2021-09-05 02:00:00,2021-09-05 03:00:00,롱,1,시작낮음 · B깊음 · 끝낮음,제자리,0.0,-0.232,False
2021-09-05 03:00:00,2021-09-05 09:00:00,숏,18,시작중간 · B얕음 · 끝높음,제자리,0.171,-0.353,False
2021-09-05 09:00:00,2021-09-06 10:00:00,롱,11,시작중간 · B깊음 · 끝중간,크게감,2.549,2.205,False
2021-09-06 10:00:00,2021-09-06 22:00:00,숏,19,시작높음 · B깊음 · 끝낮음,깨고하락,0.272,-0.326,True
2021-09-06 22:00:00,2021-09-07 06:00:00,롱,9,시작낮음 · B얕음 · 끝높음,제자리,0.112,-0.066,False
2021-09-07 06:00:00,2021-09-08 03:00:00,숏,22,시작높음 · B중간 · 끝낮음,크게감,5.657,3.317,False
2021-09-08 03:00:00,2021-09-08 06:00:00,롱,10,시작중간 · B깊음 · 끝낮음,제자리,0.032,-0.124,False
2021-09-08 06:00:00,2021-09-08 09:00:00,숏,9,시작낮음 · B얕음 · 끝높음,제자리,0.071,-0.106,False
2021-09-08 09:00:00,2021-09-09 23:00:00,롱,20,시작높음 · B깊음 · 끝중간,조금감,0.439,0.045,False
2021-09-09 23:00:00,2021-09-10 01:00:00,숏,14,시작중간 · B중간 · 끝중간,제자리,0.035,-0.162,False
2021-09-10 01:00:00,2021-09-10 06:00:00,롱,9,시작낮음 · B얕음 · 끝높음,제자리,0.029,-0.233,False
2021-09-10 06:00:00,2021-09-11 03:00:00,숏,24,시작높음 · B중간 · 끝높음,크게감,2.972,1.606,False
2021-09-11 03:00:00,2021-09-11 22:00:00,롱,10,시작중간 · B깊음 · 끝낮음,조금감,0.269,-0.025,False
2021-09-11 22:00:00,2021-09-12 05:00:00,숏,8,시작낮음 · B얕음 · 끝중간,제자리,0.137,-0.101,False
2021-09-12 05:00:00,2021-09-12 20:00:00,롱,14,시작중간 · B중간 · 끝중간,크게감,0.726,-0.216,False
2021-09-12 20:00:00,2021-09-13 00:00:00,숏,24,시작높음 · B중간 · 끝높음,깨고하락,0.149,-0.618,True
2021-09-13 00:00:00,2021-09-13 01:00:00,롱,5,시작낮음 · B중간 · 끝중간,제자리,0.022,-0.524,False
2021-09-13 01:00:00,2021-09-13 13:00:00,숏,27,시작높음 · B얕음 · 끝높음,깨고하락,0.655,-0.593,True
2021-09-13 13:00:00,2021-09-13 14:00:00,롱,20,시작높음 · B깊음 · 끝중간,깨고하락,0.033,-0.813,True
2021-09-13 14:00:00,2021-09-13 19:00:00,숏,6,시작낮음 · B중간 · 끝높음,제자리,0.021,-0.22,False
2021-09-13 19:00:00,2021-09-15 04:00:00,롱,1,시작낮음 · B깊음 · 끝낮음,크게감,0.715,0.566,False
2021-09-15 04:00:00,2021-09-15 13:00:00,숏,19,시작높음 · B깊음 · 끝낮음,깨고하락,0.036,-0.198,True
2021-09-15 13:00:00,2021-09-15 23:00:00,롱,9,시작낮음 · B얕음 · 끝높음,조금감,0.242,0.132,False
2021-09-15 23:00:00,2021-09-17 03:00:00,숏,19,시작높음 · B깊음 · 끝낮음,크게감,0.598,0.123,False
2021-09-17 03:00:00,2021-09-17 10:00:00,롱,1,시작낮음 · B깊음 · 끝낮음,제자리,0.161,-0.297,False
2021-09-17 10:00:00,2021-09-18 01:00:00,숏,9,시작낮음 · B얕음 · 끝높음,조금감,0.491,-0.059,False
2021-09-18 01:00:00,2021-09-18 16:00:00,롱,23,시작높음 · B중간 · 끝중간,크게감,0.944,0.498,False
2021-09-18 16:00:00,2021-09-20 20:00:00,숏,10,시작중간 · B깊음 · 끝낮음,크게감,2.839,2.314,False
2021-09-20 20:00:00,2021-09-21 00:00:00,롱,10,시작중간 · B깊음 · 끝낮음,깨고하락,0.064,-0.303,True
2021-09-21 00:00:00,2021-09-21 03:00:00,숏,9,시작낮음 · B얕음 · 끝높음,제자리,0.011,-0.12,False
2021-09-21 03:00:00,2021-09-21 19:00:00,롱,20,시작높음 · B깊음 · 끝중간,조금감,0.241,-0.166,False
2021-09-21 19:00:00,2021-09-22 02:00:00,숏,27,시작높음 · B얕음 · 끝높음,크게감,0.695,0.0,False
2021-09-22 02:00:00,2021-09-23 10:00:00,롱,20,시작높음 · B깊음 · 끝중간,크게감,0.588,0.421,False
2021-09-23 10:00:00,2021-09-23 17:00:00,숏,13,시작중간 · B중간 · 끝낮음,깨고하락,0.079,-0.218,True
2021-09-23 17:00:00,2021-09-24 01:00:00,롱,9,시작낮음 · B얕음 · 끝높음,제자리,0.073,-0.106,False
2021-09-24 01:00:00,2021-09-24 21:00:00,숏,10,시작중간 · B깊음 · 끝낮음,깨고복귀,2.274,0.927,True
2021-09-24 21:00:00,2021-09-26 02:00:00,롱,10,시작중간 · B깊음 · 끝낮음,제자리,0.04,-0.187,False
2021-09-26 02:00:00,2021-09-26 09:00:00,숏,9,시작낮음 · B얕음 · 끝높음,깨고하락,0.297,-0.263,True
2021-09-26 09:00:00,2021-09-27 08:00:00,롱,24,시작높음 · B중간 · 끝높음,조금감,0.35,0.186,False
2021-09-27 08:00:00,2021-09-28 20:00:00,숏,10,시작중간 · B깊음 · 끝낮음,크게감,0.755,0.574,False
2021-09-28 20:00:00,2021-09-29 16:00:00,롱,1,시작낮음 · B깊음 · 끝낮음,깨고하락,0.244,-0.077,True
2021-09-29 16:00:00,2021-09-30 00:00:00,숏,8,시작낮음 · B얕음 · 끝중간,제자리,0.18,-0.234,False
2021-09-30 00:00:00,2021-09-30 14:00:00,롱,24,시작높음 · B중간 · 끝높음,크게감,0.82,0.425,False
2021-09-30 14:00:00,2021-09-30 18:00:00,숏,10,시작중간 · B깊음 · 끝낮음,깨고하락,0.078,-0.31,True
2021-09-30 18:00:00,2021-10-01 02:00:00,롱,9,시작낮음 · B얕음 · 끝높음,제자리,0.049,-0.223,False
2021-10-01 02:00:00,2021-10-01 07:00:00,숏,23,시작높음 · B중간 · 끝중간,깨고하락,0.024,-1.075,True
2021-10-01 07:00:00,2021-10-02 00:00:00,롱,18,시작중간 · B얕음 · 끝높음,크게감,2.191,1.803,False
2021-10-02 00:00:00,2021-10-03 17:00:00,숏,19,시작높음 · B깊음 · 끝낮음,깨고하락,0.133,-0.219,True
2021-10-03 17:00:00,2021-10-03 22:00:00,롱,9,시작낮음 · B얕음 · 끝높음,제자리,0.043,-0.173,False
2021-10-03 22:00:00,2021-10-04 13:00:00,숏,14,시작중간 · B중간 · 끝중간,조금감,0.316,-0.069,False
2021-10-04 13:00:00,2021-10-04 14:00:00,롱,27,시작높음 · B얕음 · 끝높음,제자리,0.18,-0.311,False
2021-10-04 14:00:00,2021-10-04 16:00:00,숏,15,시작중간 · B중간 · 끝높음,깨고하락,0.449,-0.873,True
2021-10-04 16:00:00,2021-10-05 15:00:00,롱,15,시작중간 · B중간 · 끝높음,크게감,0.894,0.613,False
2021-10-05 15:00:00,2021-10-05 18:00:00,숏,10,시작중간 · B깊음 · 끝낮음,깨고하락,0.048,-0.225,True
2021-10-05 18:00:00,2021-10-06 05:00:00,롱,9,시작낮음 · B얕음 · 끝높음,조금감,0.442,0.313,False
2021-10-06 05:00:00,2021-10-06 13:00:00,숏,19,시작높음 · B깊음 · 끝낮음,깨고하락,0.513,-1.1,True
2021-10-06 13:00:00,2021-10-07 01:00:00,롱,18,시작중간 · B얕음 · 끝높음,조금감,0.281,0.127,False
2021-10-07 01:00:00,2021-10-08 07:00:00,숏,22,시작높음 · B중간 · 끝낮음,조금감,0.242,0.003,False
2021-10-08 07:00:00,2021-10-08 14:00:00,롱,8,시작낮음 · B얕음 · 끝중간,조금감,0.376,-0.05,False
2021-10-08 14:00:00,2021-10-09 04:00:00,숏,10,시작중간 · B깊음 · 끝낮음,조금감,0.311,-0.035,False
2021-10-09 04:00:00,2021-10-09 19:00:00,롱,18,시작중간 · B얕음 · 끝높음,조금감,0.328,-0.012,False
2021-10-09 19:00:00,2021-10-10 04:00:00,숏,23,시작높음 · B중간 · 끝중간,깨고하락,0.302,-0.671,True
2021-10-10 04:00:00,2021-10-10 10:00:00,롱,15,시작중간 · B중간 · 끝높음,제자리,0.115,-0.423,False
2021-10-10 10:00:00,2021-10-11 02:00:00,숏,23,시작높음 · B중간 · 끝중간,깨고하락,0.368,-0.354,True
2021-10-11 02:00:00,2021-10-11 21:00:00,롱,27,시작높음 · B얕음 · 끝높음,크게감,0.898,0.578,False
2021-10-11 21:00:00,2021-10-13 02:00:00,숏,19,시작높음 · B깊음 · 끝낮음,크게감,0.974,0.206,False
2021-10-13 02:00:00,2021-10-13 05:00:00,롱,1,시작낮음 · B깊음 · 끝낮음,제자리,0.008,-0.328,False
2021-10-13 05:00:00,2021-10-13 14:00:00,숏,18,시작중간 · B얕음 · 끝높음,제자리,0.187,-0.18,False
2021-10-13 14:00:00,2021-10-14 08:00:00,롱,20,시작높음 · B깊음 · 끝중간,크게감,1.315,0.787,False
2021-10-14 08:00:00,2021-10-15 02:00:00,숏,10,시작중간 · B깊음 · 끝낮음,깨고하락,0.172,-0.369,True
2021-10-15 02:00:00,2021-10-16 01:00:00,롱,9,시작낮음 · B얕음 · 끝높음,크게감,0.967,0.476,False
2021-10-16 01:00:00,2021-10-17 10:00:00,숏,10,시작중간 · B깊음 · 끝낮음,제자리,0.171,0.03,False
2021-10-17 10:00:00,2021-10-17 12:00:00,롱,8,시작낮음 · B얕음 · 끝중간,제자리,0.022,-0.047,False
2021-10-17 12:00:00,2021-10-17 13:00:00,숏,18,시작중간 · B얕음 · 끝높음,제자리,0.078,-0.07,False
2021-10-17 13:00:00,2021-10-17 15:00:00,롱,26,시작높음 · B얕음 · 끝중간,깨고하락,0.12,-0.325,True
2021-10-17 15:00:00,2021-10-17 16:00:00,숏,14,시작중간 · B중간 · 끝중간,제자리,0.093,-0.291,False
2021-10-17 16:00:00,2021-10-17 19:00:00,롱,14,시작중간 · B중간 · 끝중간,깨고하락,0.113,-0.576,True
2021-10-17 19:00:00,2021-10-17 23:00:00,숏,15,시작중간 · B중간 · 끝높음,깨고하락,2.622,-1.411,True
2021-10-17 23:00:00,2021-10-18 09:00:00,롱,15,시작중간 · B중간 · 끝높음,조금감,0.42,-0.093,False
2021-10-18 09:00:00,2021-10-18 23:00:00,숏,26,시작높음 · B얕음 · 끝중간,조금감,0.342,-0.192,False
2021-10-18 23:00:00,2021-10-19 02:00:00,롱,14,시작중간 · B중간 · 끝중간,제자리,0.102,-0.077,False
2021-10-19 02:00:00,2021-10-19 03:00:00,숏,26,시작높음 · B얕음 · 끝중간,깨고하락,0.0,-0.323,True
2021-10-19 03:00:00,2021-10-19 11:00:00,롱,27,시작높음 · B얕음 · 끝높음,제자리,0.18,-0.307,False
2021-10-19 11:00:00,2021-10-19 13:00:00,숏,10,시작중간 · B깊음 · 끝낮음,깨고하락,0.112,-0.333,True
2021-10-19 13:00:00,2021-10-20 04:00:00,롱,18,시작중간 · B얕음 · 끝높음,깨고복귀,1.215,0.936,True
2021-10-20 04:00:00,2021-10-20 13:00:00,숏,10,시작중간 · B깊음 · 끝낮음,깨고하락,0.178,-0.673,True
2021-10-20 13:00:00,2021-10-20 22:00:00,롱,9,시작낮음 · B얕음 · 끝높음,조금감,0.209,-0.026,False
2021-10-20 22:00:00,2021-10-22 03:00:00,숏,19,시작높음 · B깊음 · 끝낮음,크게감,1.116,0.741,False
2021-10-22 03:00:00,2021-10-22 14:00:00,롱,10,시작중간 · B깊음 · 끝낮음,깨고하락,0.094,-0.305,True
2021-10-22 14:00:00,2021-10-23 01:00:00,숏,9,시작낮음 · B얕음 · 끝높음,조금감,0.27,0.096,False
2021-10-23 01:00:00,2021-10-24 06:00:00,롱,22,시작높음 · B중간 · 끝낮음,깨고하락,0.194,-0.085,True
2021-10-24 06:00:00,2021-10-24 20:00:00,숏,18,시작중간 · B얕음 · 끝높음,조금감,0.465,-0.141,False
2021-10-24 20:00:00,2021-10-25 19:00:00,롱,20,시작높음 · B깊음 · 끝중간,크게감,1.09,0.644,False
2021-10-25 19:00:00,2021-10-27 19:00:00,숏,10,시작중간 · B깊음 · 끝낮음,크게감,1.113,0.839,False
2021-10-27 19:00:00,2021-10-28 22:00:00,롱,1,시작낮음 · B깊음 · 끝낮음,깨고복귀,0.612,0.262,True
2021-10-28 22:00:00,2021-10-29 01:00:00,숏,4,시작낮음 · B중간 · 끝낮음,제자리,0.085,-0.138,False
2021-10-29 01:00:00,2021-10-29 05:00:00,롱,8,시작낮음 · B얕음 · 끝중간,제자리,0.076,-0.089,False
2021-10-29 05:00:00,2021-10-29 15:00:00,숏,27,시작높음 · B얕음 · 끝높음,깨고하락,0.285,-0.65,True
2021-10-29 15:00:00,2021-10-30 00:00:00,롱,15,시작중간 · B중간 · 끝높음,조금감,0.306,-0.165,False
2021-10-30 00:00:00,2021-10-30 23:00:00,숏,10,시작중간 · B깊음 · 끝낮음,조금감,0.493,0.028,False
2021-10-30 23:00:00,2021-10-31 05:00:00,롱,13,시작중간 · B중간 · 끝낮음,조금감,0.221,-0.229,False
2021-10-31 05:00:00,2021-10-31 20:00:00,숏,5,시작낮음 · B중간 · 끝중간,크게감,0.806,0.234,False
2021-10-31 20:00:00,2021-11-01 03:00:00,롱,22,시작높음 · B중간 · 끝낮음,깨고하락,0.332,-0.438,True
2021-11-01 03:00:00,2021-11-01 07:00:00,숏,6,시작낮음 · B중간 · 끝높음,깨고하락,0.22,-1.039,True
2021-11-01 07:00:00,2021-11-01 16:00:00,롱,27,시작높음 · B얕음 · 끝높음,제자리,0.12,-0.355,False
2021-11-01 16:00:00,2021-11-02 04:00:00,숏,23,시작높음 · B중간 · 끝중간,조금감,0.254,-0.113,False
2021-11-02 04:00:00,2021-11-02 21:00:00,롱,17,시작중간 · B얕음 · 끝중간,크게감,1.266,0.744,False
2021-11-02 21:00:00,2021-11-03 21:00:00,숏,10,시작중간 · B깊음 · 끝낮음,크게감,0.769,-0.015,False
2021-11-03 21:00:00,2021-11-04 01:00:00,롱,5,시작낮음 · B중간 · 끝중간,제자리,0.01,-0.177,False
2021-11-04 01:00:00,2021-11-04 23:00:00,숏,17,시작중간 · B얕음 · 끝중간,크게감,0.509,0.278,False
2021-11-04 23:00:00,2021-11-05 00:00:00,롱,10,시작중간 · B깊음 · 끝낮음,제자리,0.029,-0.201,False
2021-11-05 00:00:00,2021-11-05 01:00:00,숏,8,시작낮음 · B얕음 · 끝중간,깨고하락,0.0,-0.399,True
2021-11-05 01:00:00,2021-11-05 14:00:00,롱,12,시작중간 · B깊음 · 끝높음,크게감,0.873,-0.524,False
2021-11-05 14:00:00,2021-11-06 01:00:00,숏,1,시작낮음 · B깊음 · 끝낮음,조금감,0.322,0.042,False
2021-11-06 01:00:00,2021-11-06 10:00:00,롱,4,시작낮음 · B중간 · 끝낮음,깨고하락,0.185,-0.374,True
2021-11-06 10:00:00,2021-11-06 17:00:00,숏,9,시작낮음 · B얕음 · 끝높음,조금감,0.275,-0.125,False
2021-11-06 17:00:00,2021-11-07 13:00:00,롱,22,시작높음 · B중간 · 끝낮음,크게감,1.131,0.816,False
2021-11-07 13:00:00,2021-11-07 17:00:00,숏,10,시작중간 · B깊음 · 끝낮음,깨고하락,0.054,-0.264,True
2021-11-07 17:00:00,2021-11-08 13:00:00,롱,9,시작낮음 · B얕음 · 끝높음,크게감,2.124,1.574,False
2021-11-08 13:00:00,2021-11-09 00:00:00,숏,19,시작높음 · B깊음 · 끝낮음,깨고하락,0.038,-0.487,True
2021-11-09 00:00:00,2021-11-09 08:00:00,롱,9,시작낮음 · B얕음 · 끝높음,제자리,0.157,0.07,False
2021-11-09 08:00:00,2021-11-10 13:00:00,숏,26,시작높음 · B얕음 · 끝중간,크게감,0.741,0.018,False
2021-11-10 13:00:00,2021-11-10 20:00:00,롱,14,시작중간 · B중간 · 끝중간,깨고하락,0.37,-0.724,True
2021-11-10 20:00:00,2021-11-11 09:00:00,숏,5,시작낮음 · B중간 · 끝중간,크게감,0.762,0.099,False
2021-11-11 09:00:00,2021-11-12 09:00:00,롱,10,시작중간 · B깊음 · 끝낮음,제자리,0.011,-0.24,False
2021-11-12 09:00:00,2021-11-12 19:00:00,숏,18,시작중간 · B얕음 · 끝높음,조금감,0.328,-0.015,False
2021-11-12 19:00:00,2021-11-14 08:00:00,롱,19,시작높음 · B깊음 · 끝낮음,조금감,0.454,0.138,False
2021-11-14 08:00:00,2021-11-14 23:00:00,숏,5,시작낮음 · B중간 · 끝중간,깨고하락,0.231,-0.391,True
2021-11-14 23:00:00,2021-11-15 13:00:00,롱,6,시작낮음 · B중간 · 끝높음,조금감,0.402,0.012,False
2021-11-15 13:00:00,2021-11-16 14:00:00,숏,10,시작중간 · B깊음 · 끝낮음,크게감,2.582,1.691,False
2021-11-16 14:00:00,2021-11-18 05:00:00,롱,10,시작중간 · B깊음 · 끝낮음,깨고하락,0.029,-0.143,True
2021-11-18 05:00:00,2021-11-19 08:00:00,숏,8,시작낮음 · B얕음 · 끝중간,크게감,0.553,0.368,False
2021-11-19 08:00:00,2021-11-20 13:00:00,롱,19,시작높음 · B깊음 · 끝낮음,조금감,0.333,0.253,False
2021-11-20 13:00:00,2021-11-20 19:00:00,숏,1,시작낮음 · B깊음 · 끝낮음,깨고하락,0.278,-0.221,True
2021-11-20 19:00:00,2021-11-21 03:00:00,롱,9,시작낮음 · B얕음 · 끝높음,제자리,0.106,-0.203,False
2021-11-21 03:00:00,2021-11-21 16:00:00,숏,27,시작높음 · B얕음 · 끝높음,깨고하락,0.077,-0.442,True
2021-11-21 16:00:00,2021-11-21 22:00:00,롱,24,시작높음 · B중간 · 끝높음,제자리,0.131,-0.524,False
2021-11-21 22:00:00,2021-11-22 13:00:00,숏,23,시작높음 · B중간 · 끝중간,크게감,1.671,0.162,False
2021-11-22 13:00:00,2021-11-22 18:00:00,롱,10,시작중간 · B깊음 · 끝낮음,깨고하락,0.036,-0.693,True
2021-11-22 18:00:00,2021-11-23 02:00:00,숏,6,시작낮음 · B중간 · 끝높음,조금감,0.273,-0.134,False
2021-11-23 02:00:00,2021-11-24 02:00:00,롱,14,시작중간 · B중간 · 끝중간,깨고하락,0.238,-0.162,True
2021-11-24 02:00:00,2021-11-24 18:00:00,숏,15,시작중간 · B중간 · 끝높음,제자리,0.129,-0.214,False
2021-11-24 18:00:00,2021-11-25 23:00:00,롱,14,시작중간 · B중간 · 끝중간,크게감,1.004,0.811,False
2021-11-25 23:00:00,2021-11-27 00:00:00,숏,10,시작중간 · B깊음 · 끝낮음,크게감,1.533,1.363,False
2021-11-27 00:00:00,2021-11-28 02:00:00,롱,1,시작낮음 · B깊음 · 끝낮음,제자리,0.194,0.039,False
2021-11-28 02:00:00,2021-11-28 07:00:00,숏,8,시작낮음 · B얕음 · 끝중간,제자리,0.065,-0.028,False
2021-11-28 07:00:00,2021-11-28 16:00:00,롱,9,시작낮음 · B얕음 · 끝높음,조금감,0.265,-0.194,False
2021-11-28 16:00:00,2021-11-28 19:00:00,숏,27,시작높음 · B얕음 · 끝높음,크게감,0.912,-0.324,False
2021-11-28 19:00:00,2021-11-29 10:00:00,롱,27,시작높음 · B얕음 · 끝높음,크게감,1.954,1.385,False
2021-11-29 10:00:00,2021-11-29 17:00:00,숏,10,시작중간 · B깊음 · 끝낮음,깨고하락,0.063,-0.278,True
2021-11-29 17:00:00,2021-11-29 22:00:00,롱,9,시작낮음 · B얕음 · 끝높음,제자리,0.054,-0.117,False
2021-11-29 22:00:00,2021-11-30 13:00:00,숏,19,시작높음 · B깊음 · 끝낮음,크게감,1.059,-0.134,False
2021-11-30 13:00:00,2021-11-30 16:00:00,롱,11,시작중간 · B깊음 · 끝중간,조금감,0.287,-0.527,False
2021-11-30 16:00:00,2021-11-30 18:00:00,숏,15,시작중간 · B중간 · 끝높음,제자리,0.084,-0.482,False
2021-11-30 18:00:00,2021-11-30 21:00:00,롱,27,시작높음 · B얕음 · 끝높음,제자리,0.0,-0.456,False
2021-11-30 21:00:00,2021-12-01 13:00:00,숏,23,시작높음 · B중간 · 끝중간,조금감,0.233,-0.266,False
2021-12-01 13:00:00,2021-12-01 20:00:00,롱,14,시작중간 · B중간 · 끝중간,깨고하락,0.83,-0.503,True
2021-12-01 20:00:00,2021-12-02 14:00:00,숏,11,시작중간 · B깊음 · 끝중간,조금감,0.407,-0.133,False
2021-12-02 14:00:00,2021-12-02 16:00:00,롱,14,시작중간 · B중간 · 끝중간,제자리,0.081,-0.224,False
2021-12-02 16:00:00,2021-12-02 18:00:00,숏,5,시작낮음 · B중간 · 끝중간,제자리,0.107,-0.203,False
2021-12-02 18:00:00,2021-12-03 02:00:00,롱,17,시작중간 · B얕음 · 끝중간,조금감,0.373,-0.327,False
2021-12-03 02:00:00,2021-12-03 04:00:00,숏,24,시작높음 · B중간 · 끝높음,제자리,0.103,-0.311,False
2021-12-03 04:00:00,2021-12-03 15:00:00,롱,17,시작중간 · B얕음 · 끝중간,깨고하락,0.977,-0.541,True
2021-12-03 15:00:00,2021-12-04 15:00:00,숏,15,시작중간 · B중간 · 끝높음,크게감,8.12,4.199,False
2021-12-04 15:00:00,2021-12-06 06:00:00,롱,19,시작높음 · B깊음 · 끝낮음,제자리,0.091,-0.002,False
2021-12-06 06:00:00,2021-12-06 15:00:00,숏,8,시작낮음 · B얕음 · 끝중간,제자리,0.072,-0.051,False
2021-12-06 15:00:00,2021-12-07 13:00:00,롱,5,시작낮음 · B중간 · 끝중간,크게감,0.955,0.722,False
2021-12-07 13:00:00,2021-12-07 15:00:00,숏,10,시작중간 · B깊음 · 끝낮음,깨고하락,0.02,-0.181,True
2021-12-07 15:00:00,2021-12-07 16:00:00,롱,9,시작낮음 · B얕음 · 끝높음,제자리,0.036,-0.102,False
2021-12-07 16:00:00,2021-12-08 15:00:00,숏,26,시작높음 · B얕음 · 끝중간,크게감,2.43,0.591,False
2021-12-08 15:00:00,2021-12-09 02:00:00,롱,10,시작중간 · B깊음 · 끝낮음,제자리,0.062,-0.225,False
2021-12-09 02:00:00,2021-12-10 01:00:00,숏,9,시작낮음 · B얕음 · 끝높음,크게감,0.763,0.44,False
2021-12-10 01:00:00,2021-12-10 17:00:00,롱,19,시작높음 · B깊음 · 끝낮음,깨고하락,0.449,-0.175,True
2021-12-10 17:00:00,2021-12-10 20:00:00,숏,2,시작낮음 · B깊음 · 끝중간,제자리,0.017,-0.221,False
2021-12-10 20:00:00,2021-12-10 22:00:00,롱,27,시작높음 · B얕음 · 끝높음,제자리,0.049,-0.304,False
2021-12-10 22:00:00,2021-12-11 02:00:00,숏,27,시작높음 · B얕음 · 끝높음,크게감,0.612,-0.564,False
2021-12-11 02:00:00,2021-12-12 08:00:00,롱,24,시작높음 · B중간 · 끝높음,크게감,0.813,0.419,False
2021-12-12 08:00:00,2021-12-12 13:00:00,숏,19,시작높음 · B깊음 · 끝낮음,깨고하락,0.125,-0.266,True
2021-12-12 13:00:00,2021-12-13 00:00:00,롱,9,시작낮음 · B얕음 · 끝높음,조금감,0.495,-0.064,False
2021-12-13 00:00:00,2021-12-14 03:00:00,숏,23,시작높음 · B중간 · 끝중간,크게감,1.886,1.246,False
2021-12-14 03:00:00,2021-12-15 12:00:00,롱,10,시작중간 · B깊음 · 끝낮음,조금감,0.364,0.127,False
2021-12-15 12:00:00,2021-12-15 20:00:00,숏,8,시작낮음 · B얕음 · 끝중간,깨고하락,0.221,-0.347,True
2021-12-15 20:00:00,2021-12-16 07:00:00,롱,6,시작낮음 · B중간 · 끝높음,제자리,0.05,-0.145,False
2021-12-16 07:00:00,2021-12-16 10:00:00,숏,26,시작높음 · B얕음 · 끝중간,제자리,0.031,-0.134,False
2021-12-16 10:00:00,2021-12-16 12:00:00,롱,18,시작중간 · B얕음 · 끝높음,조금감,0.332,-0.431,False
2021-12-16 12:00:00,2021-12-17 19:00:00,숏,24,시작높음 · B중간 · 끝높음,크게감,4.201,2.4,False
2021-12-17 19:00:00,2021-12-17 20:00:00,롱,10,시작중간 · B깊음 · 끝낮음,제자리,0.018,-0.135,False
2021-12-17 20:00:00,2021-12-17 21:00:00,숏,9,시작낮음 · B얕음 · 끝높음,깨고하락,0.016,-0.162,True
2021-12-17 21:00:00,2021-12-17 23:00:00,롱,23,시작높음 · B중간 · 끝중간,깨고하락,0.083,-0.657,True
2021-12-17 23:00:00,2021-12-18 04:00:00,숏,5,시작낮음 · B중간 · 끝중간,조금감,0.388,-0.144,False
2021-12-18 04:00:00,2021-12-19 11:00:00,롱,14,시작중간 · B중간 · 끝중간,크게감,1.036,0.463,False
2021-12-19 11:00:00,2021-12-19 13:00:00,숏,10,시작중간 · B깊음 · 끝낮음,제자리,0.111,-0.171,False
2021-12-19 13:00:00,2021-12-19 15:00:00,롱,9,시작낮음 · B얕음 · 끝높음,조금감,0.37,-0.189,False
2021-12-19 15:00:00,2021-12-20 17:00:00,숏,23,시작높음 · B중간 · 끝중간,크게감,1.159,0.744,False
2021-12-20 17:00:00,2021-12-21 17:00:00,롱,10,시작중간 · B깊음 · 끝낮음,크게감,1.104,0.869,False
2021-12-21 17:00:00,2021-12-23 13:00:00,숏,10,시작중간 · B깊음 · 끝낮음,깨고복귀,0.158,0.012,True
2021-12-23 13:00:00,2021-12-24 07:00:00,롱,8,시작낮음 · B얕음 · 끝중간,크게감,0.839,0.679,False
2021-12-24 07:00:00,2021-12-25 21:00:00,숏,10,시작중간 · B깊음 · 끝낮음,깨고복귀,0.252,0.006,True
2021-12-25 21:00:00,2021-12-25 22:00:00,롱,8,시작낮음 · B얕음 · 끝중간,제자리,0.0,-0.105,False
2021-12-25 22:00:00,2021-12-26 15:00:00,숏,18,시작중간 · B얕음 · 끝높음,크게감,0.7,0.298,False
2021-12-26 15:00:00,2021-12-27 11:00:00,롱,10,시작중간 · B깊음 · 끝낮음,크게감,0.698,0.389,False
2021-12-27 11:00:00,2021-12-27 12:00:00,숏,1,시작낮음 · B깊음 · 끝낮음,제자리,0.068,-0.182,False
2021-12-27 12:00:00,2021-12-27 21:00:00,롱,9,시작낮음 · B얕음 · 끝높음,크게감,0.708,-0.096,False
2021-12-27 21:00:00,2021-12-29 02:00:00,숏,10,시작중간 · B깊음 · 끝낮음,크게감,2.409,1.96,False
2021-12-29 02:00:00,2021-12-29 23:00:00,롱,10,시작중간 · B깊음 · 끝낮음,깨고하락,0.03,-0.321,True
2021-12-29 23:00:00,2021-12-30 06:00:00,숏,9,시작낮음 · B얕음 · 끝높음,제자리,0.103,-0.08,False
2021-12-30 06:00:00,2021-12-31 00:00:00,롱,22,시작높음 · B중간 · 끝낮음,조금감,0.442,0.079,False
2021-12-31 00:00:00,2021-12-31 04:00:00,숏,14,시작중간 · B중간 · 끝중간,제자리,0.13,-0.129,False
2021-12-31 04:00:00,2021-12-31 17:00:00,롱,18,시작중간 · B얕음 · 끝높음,크게감,0.973,-0.281,False
2021-12-31 17:00:00,2022-01-01 05:00:00,숏,11,시작중간 · B깊음 · 끝중간,크게감,0.779,-0.105,False
2022-01-01 05:00:00,2022-01-02 04:00:00,롱,11,시작중간 · B깊음 · 끝중간,조금감,0.251,-0.093,False
2022-01-02 04:00:00,2022-01-02 16:00:00,숏,5,시작낮음 · B중간 · 끝중간,제자리,0.023,-0.371,False
2022-01-02 16:00:00,2022-01-02 18:00:00,롱,6,시작낮음 · B중간 · 끝높음,깨고하락,0.194,-0.56,True
2022-01-02 18:00:00,2022-01-03 10:00:00,숏,15,시작중간 · B중간 · 끝높음,조금감,0.249,-0.032,False
2022-01-03 10:00:00,2022-01-03 15:00:00,롱,13,시작중간 · B중간 · 끝낮음,깨고하락,0.338,-0.29,True
2022-01-03 15:00:00,2022-01-04 06:00:00,숏,6,시작낮음 · B중간 · 끝높음,크게감,0.957,0.315,False
2022-01-04 06:00:00,2022-01-04 18:00:00,롱,19,시작높음 · B깊음 · 끝낮음,깨고하락,0.59,-0.337,True
2022-01-04 18:00:00,2022-01-05 03:00:00,숏,3,시작낮음 · B깊음 · 끝높음,제자리,0.079,-0.34,False
2022-01-05 03:00:00,2022-01-05 17:00:00,롱,14,시작중간 · B중간 · 끝중간,조금감,0.33,-0.199,False
2022-01-05 17:00:00,2022-01-06 11:00:00,숏,15,시작중간 · B중간 · 끝높음,크게감,2.46,2.024,False
2022-01-06 11:00:00,2022-01-07 04:00:00,롱,19,시작높음 · B깊음 · 끝낮음,깨고하락,0.141,-0.244,True
2022-01-07 04:00:00,2022-01-07 09:00:00,숏,9,시작낮음 · B얕음 · 끝높음,제자리,0.077,-0.131,False
2022-01-07 09:00:00,2022-01-07 15:00:00,롱,27,시작높음 · B얕음 · 끝높음,깨고하락,0.144,-0.408,True
2022-01-07 15:00:00,2022-01-07 16:00:00,숏,27,시작높음 · B얕음 · 끝높음,제자리,0.156,-0.297,False
2022-01-07 16:00:00,2022-01-08 16:00:00,롱,26,시작높음 · B얕음 · 끝중간,제자리,0.039,-0.357,False
2022-01-08 16:00:00,2022-01-08 22:00:00,숏,14,시작중간 · B중간 · 끝중간,조금감,0.423,-0.304,False
2022-01-08 22:00:00,2022-01-09 13:00:00,롱,15,시작중간 · B중간 · 끝높음,제자리,0.115,-0.228,False
2022-01-09 13:00:00,2022-01-09 16:00:00,숏,27,시작높음 · B얕음 · 끝높음,조금감,0.242,-0.353,False
2022-01-09 16:00:00,2022-01-10 00:00:00,롱,24,시작높음 · B중간 · 끝높음,크게감,0.533,-0.372,False
2022-01-10 00:00:00,2022-01-10 20:00:00,숏,11,시작중간 · B깊음 · 끝중간,크게감,1.184,-0.028,False
2022-01-10 20:00:00,2022-01-11 10:00:00,롱,11,시작중간 · B깊음 · 끝중간,조금감,0.318,-0.03,False
2022-01-11 10:00:00,2022-01-11 16:00:00,숏,14,시작중간 · B중간 · 끝중간,깨고하락,0.111,-0.347,True
2022-01-11 16:00:00,2022-01-12 03:00:00,롱,9,시작낮음 · B얕음 · 끝높음,조금감,0.275,-0.044,False
2022-01-12 03:00:00,2022-01-12 12:00:00,숏,10,시작중간 · B깊음 · 끝낮음,깨고하락,0.068,-0.346,True
2022-01-12 12:00:00,2022-01-13 00:00:00,롱,9,시작낮음 · B얕음 · 끝높음,크게감,0.702,0.256,False
2022-01-13 00:00:00,2022-01-14 14:00:00,숏,19,시작높음 · B깊음 · 끝낮음,크게감,0.977,0.369,False
2022-01-14 14:00:00,2022-01-15 11:00:00,롱,1,시작낮음 · B깊음 · 끝낮음,조금감,0.278,0.015,False
2022-01-15 11:00:00,2022-01-15 15:00:00,숏,4,시작낮음 · B중간 · 끝낮음,제자리,0.164,-0.141,False
2022-01-15 15:00:00,2022-01-15 23:00:00,롱,9,시작낮음 · B얕음 · 끝높음,조금감,0.262,-0.177,False
2022-01-15 23:00:00,2022-01-16 14:00:00,숏,23,시작높음 · B중간 · 끝중간,조금감,0.396,-0.16,False
2022-01-16 14:00:00,2022-01-16 19:00:00,롱,14,시작중간 · B중간 · 끝중간,제자리,0.15,-0.389,False
2022-01-16 19:00:00,2022-01-18 01:00:00,숏,18,시작중간 · B얕음 · 끝높음,크게감,1.486,0.689,False
2022-01-18 01:00:00,2022-01-18 08:00:00,롱,19,시작높음 · B깊음 · 끝낮음,제자리,0.038,-0.271,False
2022-01-18 08:00:00,2022-01-18 19:00:00,숏,9,시작낮음 · B얕음 · 끝높음,조금감,0.248,0.013,False
2022-01-18 19:00:00,2022-01-19 06:00:00,롱,19,시작높음 · B깊음 · 끝낮음,크게감,0.873,0.009,False
2022-01-19 06:00:00,2022-01-19 12:00:00,숏,11,시작중간 · B깊음 · 끝중간,조금감,0.417,-0.272,False
2022-01-19 12:00:00,2022-01-19 20:00:00,롱,18,시작중간 · B얕음 · 끝높음,조금감,0.315,-0.291,False
2022-01-19 20:00:00,2022-01-20 03:00:00,숏,24,시작높음 · B중간 · 끝높음,제자리,0.002,-0.223,False
2022-01-20 03:00:00,2022-01-20 21:00:00,롱,26,시작높음 · B얕음 · 끝중간,깨고하락,1.594,-0.645,True
2022-01-20 21:00:00,2022-01-21 16:00:00,숏,21,시작높음 · B깊음 · 끝높음,크게감,1.648,1.155,False
2022-01-21 16:00:00,2022-01-21 21:00:00,롱,10,시작중간 · B깊음 · 끝낮음,깨고하락,0.003,-0.352,True
2022-01-21 21:00:00,2022-01-22 11:00:00,숏,9,시작낮음 · B얕음 · 끝높음,조금감,0.402,0.189,False
2022-01-22 11:00:00,2022-01-23 18:00:00,롱,19,시작높음 · B깊음 · 끝낮음,제자리,0.16,-0.085,False
2022-01-23 18:00:00,2022-01-23 22:00:00,숏,8,시작낮음 · B얕음 · 끝중간,제자리,0.077,-0.12,False
2022-01-23 22:00:00,2022-01-24 04:00:00,롱,26,시작높음 · B얕음 · 끝중간,크게감,0.575,-0.196,False
2022-01-24 04:00:00,2022-01-24 17:00:00,숏,14,시작중간 · B중간 · 끝중간,크게감,1.09,-0.111,False
2022-01-24 17:00:00,2022-01-25 07:00:00,롱,11,시작중간 · B깊음 · 끝중간,크게감,0.601,0.196,False
2022-01-25 07:00:00,2022-01-25 10:00:00,숏,10,시작중간 · B깊음 · 끝낮음,제자리,0.008,-0.078,False
2022-01-25 10:00:00,2022-01-25 14:00:00,롱,9,시작낮음 · B얕음 · 끝높음,조금감,0.216,-0.044,False
2022-01-25 14:00:00,2022-01-25 16:00:00,숏,23,시작높음 · B중간 · 끝중간,조금감,0.218,-0.368,False
2022-01-25 16:00:00,2022-01-25 21:00:00,롱,15,시작중간 · B중간 · 끝높음,크게감,0.586,-0.206,False
2022-01-25 21:00:00,2022-01-26 04:00:00,숏,20,시작높음 · B깊음 · 끝중간,깨고하락,0.079,-0.764,True
2022-01-26 04:00:00,2022-01-26 18:00:00,롱,18,시작중간 · B얕음 · 끝높음,조금감,0.494,0.139,False
2022-01-26 18:00:00,2022-01-27 11:00:00,숏,22,시작높음 · B중간 · 끝낮음,깨고복귀,1.188,0.62,True
2022-01-27 11:00:00,2022-01-27 20:00:00,롱,10,시작중간 · B깊음 · 끝낮음,제자리,0.165,-0.323,False
2022-01-27 20:00:00,2022-01-27 22:00:00,숏,9,시작낮음 · B얕음 · 끝높음,제자리,0.005,-0.327,False
2022-01-27 22:00:00,2022-01-28 09:00:00,롱,24,시작높음 · B중간 · 끝높음,조금감,0.491,-0.109,False
2022-01-28 09:00:00,2022-01-28 15:00:00,숏,10,시작중간 · B깊음 · 끝낮음,제자리,0.165,-0.349,False
2022-01-28 15:00:00,2022-01-29 09:00:00,롱,9,시작낮음 · B얕음 · 끝높음,조금감,0.495,0.321,False
2022-01-29 09:00:00,2022-01-29 13:00:00,숏,19,시작높음 · B깊음 · 끝낮음,깨고하락,0.05,-0.229,True
2022-01-29 13:00:00,2022-01-29 14:00:00,롱,9,시작낮음 · B얕음 · 끝높음,깨고하락,0.038,-0.345,True
2022-01-29 14:00:00,2022-01-29 20:00:00,숏,24,시작높음 · B중간 · 끝높음,깨고하락,0.505,-1.056,True
2022-01-29 20:00:00,2022-01-30 00:00:00,롱,14,시작중간 · B중간 · 끝중간,조금감,0.321,-0.345,False
2022-01-30 00:00:00,2022-01-31 10:00:00,숏,14,시작중간 · B중간 · 끝중간,크게감,0.776,0.361,False
2022-01-31 10:00:00,2022-02-01 07:00:00,롱,10,시작중간 · B깊음 · 끝낮음,크게감,0.707,0.543,False
2022-02-01 07:00:00,2022-02-01 13:00:00,숏,1,시작낮음 · B깊음 · 끝낮음,깨고하락,0.211,-0.198,True
2022-02-01 13:00:00,2022-02-01 14:00:00,롱,9,시작낮음 · B얕음 · 끝높음,제자리,0.067,-0.155,False
2022-02-01 14:00:00,2022-02-01 16:00:00,숏,26,시작높음 · B얕음 · 끝중간,깨고하락,0.292,-0.541,True
2022-02-01 16:00:00,2022-02-01 18:00:00,롱,15,시작중간 · B중간 · 끝높음,제자리,0.042,-0.542,False
2022-02-01 18:00:00,2022-02-03 07:00:00,숏,14,시작중간 · B중간 · 끝중간,크게감,1.83,1.392,False
2022-02-03 07:00:00,2022-02-03 10:00:00,롱,10,시작중간 · B깊음 · 끝낮음,깨고하락,0.032,-0.222,True
2022-02-03 10:00:00,2022-02-03 11:00:00,숏,9,시작낮음 · B얕음 · 끝높음,제자리,0.035,-0.143,False
2022-02-03 11:00:00,2022-02-05 07:00:00,롱,24,시작높음 · B중간 · 끝높음,크게감,5.971,5.334,False
2022-02-05 07:00:00,2022-02-06 23:00:00,숏,10,시작중간 · B깊음 · 끝낮음,깨고하락,0.078,-0.172,True
2022-02-06 23:00:00,2022-02-08 00:00:00,롱,8,시작낮음 · B얕음 · 끝중간,조금감,0.335,0.229,False
2022-02-08 00:00:00,2022-02-08 05:00:00,숏,19,시작높음 · B깊음 · 끝낮음,깨고하락,0.005,-0.291,True
2022-02-08 05:00:00,2022-02-08 08:00:00,롱,9,시작낮음 · B얕음 · 끝높음,제자리,0.181,-0.247,False
2022-02-08 08:00:00,2022-02-08 22:00:00,숏,24,시작높음 · B중간 · 끝높음,크게감,0.685,-0.035,False
2022-02-08 22:00:00,2022-02-09 02:00:00,롱,10,시작중간 · B깊음 · 끝낮음,제자리,0.08,-0.26,False
2022-02-09 02:00:00,2022-02-09 12:00:00,숏,18,시작중간 · B얕음 · 끝높음,깨고하락,0.086,-0.356,True
2022-02-09 12:00:00,2022-02-10 02:00:00,롱,21,시작높음 · B깊음 · 끝높음,크게감,0.568,-0.292,False
2022-02-10 02:00:00,2022-02-10 10:00:00,숏,11,시작중간 · B깊음 · 끝중간,제자리,0.136,-0.496,False
2022-02-10 10:00:00,2022-02-10 20:00:00,롱,15,시작중간 · B중간 · 끝높음,깨고하락,1.001,-0.409,True
2022-02-10 20:00:00,2022-02-11 12:00:00,숏,23,시작높음 · B중간 · 끝중간,크게감,0.539,0.19,False
2022-02-11 12:00:00,2022-02-11 18:00:00,롱,22,시작높음 · B중간 · 끝낮음,제자리,0.101,-0.261,False
2022-02-11 18:00:00,2022-02-12 09:00:00,숏,9,시작낮음 · B얕음 · 끝높음,조금감,0.454,0.148,False
2022-02-12 09:00:00,2022-02-13 18:00:00,롱,10,시작중간 · B깊음 · 끝낮음,깨고하락,0.287,-0.182,True
2022-02-13 18:00:00,2022-02-14 07:00:00,숏,6,시작낮음 · B중간 · 끝높음,조금감,0.222,-0.174,False
2022-02-14 07:00:00,2022-02-14 20:00:00,롱,23,시작높음 · B중간 · 끝중간,조금감,0.388,-0.088,False
2022-02-14 20:00:00,2022-02-14 22:00:00,숏,17,시작중간 · B얕음 · 끝중간,제자리,0.051,-0.386,False
2022-02-14 22:00:00,2022-02-15 17:00:00,롱,27,시작높음 · B얕음 · 끝높음,크게감,1.72,1.182,False
2022-02-15 17:00:00,2022-02-16 21:00:00,숏,19,시작높음 · B깊음 · 끝낮음,깨고하락,0.262,-0.055,True
2022-02-16 21:00:00,2022-02-16 23:00:00,롱,8,시작낮음 · B얕음 · 끝중간,제자리,0.042,-0.066,False
2022-02-16 23:00:00,2022-02-17 00:00:00,숏,17,시작중간 · B얕음 · 끝중간,제자리,0.036,-0.124,False
2022-02-17 00:00:00,2022-02-17 03:00:00,롱,24,시작높음 · B중간 · 끝높음,깨고하락,0.216,-1.355,True
2022-02-17 03:00:00,2022-02-18 06:00:00,숏,9,시작낮음 · B얕음 · 끝높음,크게감,6.328,5.154,False
2022-02-18 06:00:00,2022-02-20 04:00:00,롱,10,시작중간 · B깊음 · 끝낮음,깨고하락,0.06,-0.272,True
2022-02-20 04:00:00,2022-02-20 18:00:00,숏,9,시작낮음 · B얕음 · 끝높음,조금감,0.358,0.247,False
2022-02-20 18:00:00,2022-02-21 11:00:00,롱,22,시작높음 · B중간 · 끝낮음,깨고하락,0.351,-0.291,True
2022-02-21 11:00:00,2022-02-21 16:00:00,숏,6,시작낮음 · B중간 · 끝높음,제자리,0.151,-0.433,False
2022-02-21 16:00:00,2022-02-21 18:00:00,롱,18,시작중간 · B얕음 · 끝높음,제자리,0.064,-0.401,False
2022-02-21 18:00:00,2022-02-22 09:00:00,숏,27,시작높음 · B얕음 · 끝높음,크게감,0.643,0.288,False
2022-02-22 09:00:00,2022-02-23 17:00:00,롱,19,시작높음 · B깊음 · 끝낮음,크게감,0.745,0.338,False
2022-02-23 17:00:00,2022-02-24 13:00:00,숏,1,시작낮음 · B깊음 · 끝낮음,크게감,1.307,0.892,False
2022-02-24 13:00:00,2022-02-25 17:00:00,롱,1,시작낮음 · B깊음 · 끝낮음,크게감,0.909,0.701,False
2022-02-25 17:00:00,2022-02-27 09:00:00,숏,1,시작낮음 · B깊음 · 끝낮음,깨고하락,0.138,-0.018,True
2022-02-27 09:00:00,2022-02-27 18:00:00,롱,8,시작낮음 · B얕음 · 끝중간,제자리,0.159,-0.033,False
2022-02-27 18:00:00,2022-02-28 07:00:00,숏,14,시작중간 · B중간 · 끝중간,크게감,0.928,0.27,False
2022-02-28 07:00:00,2022-03-01 09:00:00,롱,10,시작중간 · B깊음 · 끝낮음,크게감,2.027,1.653,False
2022-03-01 09:00:00,2022-03-03 13:00:00,숏,10,시작중간 · B깊음 · 끝낮음,깨고하락,0.057,-0.095,True
2022-03-03 13:00:00,2022-03-03 15:00:00,롱,8,시작낮음 · B얕음 · 끝중간,깨고하락,0.016,-0.189,True
2022-03-03 15:00:00,2022-03-04 09:00:00,숏,27,시작높음 · B얕음 · 끝높음,크게감,0.563,0.33,False
2022-03-04 09:00:00,2022-03-04 15:00:00,롱,19,시작높음 · B깊음 · 끝낮음,깨고하락,0.119,-0.249,True
2022-03-04 15:00:00,2022-03-05 06:00:00,숏,9,시작낮음 · B얕음 · 끝높음,크게감,0.738,0.594,False
2022-03-05 06:00:00,2022-03-06 09:00:00,롱,19,시작높음 · B깊음 · 끝낮음,조금감,0.24,-0.073,False
2022-03-06 09:00:00,2022-03-06 16:00:00,숏,8,시작낮음 · B얕음 · 끝중간,조금감,0.218,-0.188,False
2022-03-06 16:00:00,2022-03-07 00:00:00,롱,14,시작중간 · B중간 · 끝중간,깨고하락,0.039,-0.492,True
2022-03-07 00:00:00,2022-03-07 11:00:00,숏,18,시작중간 · B얕음 · 끝높음,크게감,0.572,0.041,False
2022-03-07 11:00:00,2022-03-07 19:00:00,롱,23,시작높음 · B중간 · 끝중간,깨고하락,0.676,-0.582,True
2022-03-07 19:00:00,2022-03-08 01:00:00,숏,12,시작중간 · B깊음 · 끝높음,제자리,0.062,-0.415,False
2022-03-08 01:00:00,2022-03-08 16:00:00,롱,23,시작높음 · B중간 · 끝중간,조금감,0.385,0.001,False
2022-03-08 16:00:00,2022-03-08 17:00:00,숏,23,시작높음 · B중간 · 끝중간,제자리,0.0,-0.383,False
2022-03-08 17:00:00,2022-03-08 20:00:00,롱,6,시작낮음 · B중간 · 끝높음,조금감,0.238,-0.445,False
2022-03-08 20:00:00,2022-03-09 01:00:00,숏,1,시작낮음 · B깊음 · 끝낮음,제자리,0.104,-0.512,False
2022-03-09 01:00:00,2022-03-09 18:00:00,롱,6,시작낮음 · B중간 · 끝높음,크게감,3.315,2.679,False
2022-03-09 18:00:00,2022-03-10 19:00:00,숏,19,시작높음 · B깊음 · 끝낮음,크게감,0.82,0.605,False
2022-03-10 19:00:00,2022-03-11 02:00:00,롱,1,시작낮음 · B깊음 · 끝낮음,깨고하락,0.056,-0.274,True
2022-03-11 02:00:00,2022-03-11 06:00:00,숏,9,시작낮음 · B얕음 · 끝높음,제자리,0.0,-0.158,False
2022-03-11 06:00:00,2022-03-11 18:00:00,롱,27,시작높음 · B얕음 · 끝높음,크게감,0.926,-0.182,False
2022-03-11 18:00:00,2022-03-12 00:00:00,숏,20,시작높음 · B깊음 · 끝중간,제자리,0.157,-0.24,False
2022-03-12 00:00:00,2022-03-12 23:00:00,롱,18,시작중간 · B얕음 · 끝높음,제자리,0.161,-0.179,False
2022-03-12 23:00:00,2022-03-13 02:00:00,숏,14,시작중간 · B중간 · 끝중간,제자리,0.081,-0.307,False
2022-03-13 02:00:00,2022-03-13 09:00:00,롱,5,시작낮음 · B중간 · 끝중간,조금감,0.205,-0.199,False
2022-03-13 09:00:00,2022-03-13 18:00:00,숏,17,시작중간 · B얕음 · 끝중간,크게감,1.013,-0.007,False
2022-03-13 18:00:00,2022-03-13 20:00:00,롱,20,시작높음 · B깊음 · 끝중간,제자리,0.069,-0.318,False
2022-03-13 20:00:00,2022-03-14 05:00:00,숏,18,시작중간 · B얕음 · 끝높음,크게감,1.643,0.307,False
2022-03-14 05:00:00,2022-03-14 20:00:00,롱,19,시작높음 · B깊음 · 끝낮음,크게감,0.532,0.16,False
2022-03-14 20:00:00,2022-03-14 22:00:00,숏,14,시작중간 · B중간 · 끝중간,깨고하락,0.071,-0.35,True
2022-03-14 22:00:00,2022-03-15 03:00:00,롱,18,시작중간 · B얕음 · 끝높음,깨고하락,0.319,-0.375,True
2022-03-15 03:00:00,2022-03-15 14:00:00,숏,11,시작중간 · B깊음 · 끝중간,조금감,0.46,-0.179,False
2022-03-15 14:00:00,2022-03-16 05:00:00,롱,14,시작중간 · B중간 · 끝중간,크게감,1.498,0.144,False
2022-03-16 05:00:00,2022-03-16 08:00:00,숏,10,시작중간 · B깊음 · 끝낮음,제자리,0.01,-0.272,False
2022-03-16 08:00:00,2022-03-16 18:00:00,롱,18,시작중간 · B얕음 · 끝높음,조금감,0.334,-0.104,False
2022-03-16 18:00:00,2022-03-16 19:00:00,숏,19,시작높음 · B깊음 · 끝낮음,제자리,0.05,-0.393,False
2022-03-16 19:00:00,2022-03-17 03:00:00,롱,6,시작낮음 · B중간 · 끝높음,조금감,0.293,0.069,False
2022-03-17 03:00:00,2022-03-17 04:00:00,숏,19,시작높음 · B깊음 · 끝낮음,제자리,0.058,-0.143,False
2022-03-17 04:00:00,2022-03-17 05:00:00,롱,8,시작낮음 · B얕음 · 끝중간,제자리,0.078,-0.167,False
2022-03-17 05:00:00,2022-03-18 15:00:00,숏,17,시작중간 · B얕음 · 끝중간,크게감,1.627,0.255,False
2022-03-18 15:00:00,2022-03-19 06:00:00,롱,10,시작중간 · B깊음 · 끝낮음,크게감,1.072,0.628,False
2022-03-19 06:00:00,2022-03-19 20:00:00,숏,10,시작중간 · B깊음 · 끝낮음,깨고하락,0.098,-0.191,True
2022-03-19 20:00:00,2022-03-19 22:00:00,롱,9,시작낮음 · B얕음 · 끝높음,제자리,0.09,-0.128,False
2022-03-19 22:00:00,2022-03-21 09:00:00,숏,26,시작높음 · B얕음 · 끝중간,크게감,1.658,0.711,False
2022-03-21 09:00:00,2022-03-22 17:00:00,롱,10,시작중간 · B깊음 · 끝낮음,크게감,1.117,0.672,False
2022-03-22 17:00:00,2022-03-23 15:00:00,숏,1,시작낮음 · B깊음 · 끝낮음,조금감,0.302,0.007,False
2022-03-23 15:00:00,2022-03-23 18:00:00,롱,8,시작낮음 · B얕음 · 끝중간,제자리,0.058,-0.181,False
2022-03-23 18:00:00,2022-03-23 21:00:00,숏,18,시작중간 · B얕음 · 끝높음,제자리,0.021,-0.23,False
2022-03-23 21:00:00,2022-03-24 12:00:00,롱,27,시작높음 · B얕음 · 끝높음,크게감,1.624,0.653,False
2022-03-24 12:00:00,2022-03-24 14:00:00,숏,19,시작높음 · B깊음 · 끝낮음,깨고하락,0.174,-0.507,True
2022-03-24 14:00:00,2022-03-25 02:00:00,롱,9,시작낮음 · B얕음 · 끝높음,크게감,0.568,0.26,False
2022-03-25 02:00:00,2022-03-25 12:00:00,숏,19,시작높음 · B깊음 · 끝낮음,깨고하락,0.209,-0.466,True
2022-03-25 12:00:00,2022-03-25 16:00:00,롱,9,시작낮음 · B얕음 · 끝높음,제자리,0.132,-0.323,False
2022-03-25 16:00:00,2022-03-27 00:00:00,숏,24,시작높음 · B중간 · 끝높음,제자리,0.094,-0.35,False
2022-03-27 00:00:00,2022-03-27 09:00:00,롱,27,시작높음 · B얕음 · 끝높음,조금감,0.231,-0.139,False
2022-03-27 09:00:00,2022-03-27 15:00:00,숏,23,시작높음 · B중간 · 끝중간,제자리,0.123,-0.319,False
2022-03-27 15:00:00,2022-03-28 11:00:00,롱,18,시작중간 · B얕음 · 끝높음,크게감,5.973,4.811,False
2022-03-28 11:00:00,2022-03-28 13:00:00,숏,10,시작중간 · B깊음 · 끝낮음,제자리,0.035,-0.138,False
2022-03-28 13:00:00,2022-03-28 14:00:00,롱,9,시작낮음 · B얕음 · 끝높음,제자리,0.001,-0.039,False
2022-03-28 14:00:00,2022-03-30 17:00:00,숏,19,시작높음 · B깊음 · 끝낮음,깨고하락,1.54,-0.119,True
2022-03-30 17:00:00,2022-03-30 19:00:00,롱,11,시작중간 · B깊음 · 끝중간,제자리,0.02,-0.357,False
2022-03-30 19:00:00,2022-03-31 01:00:00,숏,17,시작중간 · B얕음 · 끝중간,제자리,0.131,-0.197,False
2022-03-31 01:00:00,2022-03-31 04:00:00,롱,27,시작높음 · B얕음 · 끝높음,제자리,0.009,-0.402,False
2022-03-31 04:00:00,2022-03-31 07:00:00,숏,24,시작높음 · B중간 · 끝높음,제자리,0.185,-0.222,False
2022-03-31 07:00:00,2022-03-31 14:00:00,롱,26,시작높음 · B얕음 · 끝중간,깨고하락,0.903,-0.922,True
2022-03-31 14:00:00,2022-04-01 08:00:00,숏,27,시작높음 · B얕음 · 끝높음,크게감,1.798,1.151,False
2022-04-01 08:00:00,2022-04-02 11:00:00,롱,19,시작높음 · B깊음 · 끝낮음,크게감,0.629,0.428,False
2022-04-02 11:00:00,2022-04-03 06:00:00,숏,1,시작낮음 · B깊음 · 끝낮음,조금감,0.347,0.044,False
2022-04-03 06:00:00,2022-04-04 00:00:00,롱,5,시작낮음 · B중간 · 끝중간,조금감,0.417,-0.219,False
2022-04-04 00:00:00,2022-04-04 20:00:00,숏,15,시작중간 · B중간 · 끝높음,조금감,0.402,-0.23,False
2022-04-04 20:00:00,2022-04-05 13:00:00,롱,14,시작중간 · B중간 · 끝중간,조금감,0.36,0.039,False
2022-04-05 13:00:00,2022-04-07 04:00:00,숏,10,시작중간 · B깊음 · 끝낮음,크게감,1.73,1.41,False
2022-04-07 04:00:00,2022-04-08 12:00:00,롱,10,시작중간 · B깊음 · 끝낮음,제자리,0.132,-0.051,False
2022-04-08 12:00:00,2022-04-08 15:00:00,숏,8,시작낮음 · B얕음 · 끝중간,제자리,0.099,-0.116,False
2022-04-08 15:00:00,2022-04-08 17:00:00,롱,24,시작높음 · B중간 · 끝높음,제자리,0.057,-0.521,False
2022-04-08 17:00:00,2022-04-09 07:00:00,숏,27,시작높음 · B얕음 · 끝높음,크게감,0.758,0.441,False
2022-04-09 07:00:00,2022-04-10 13:00:00,롱,19,시작높음 · B깊음 · 끝낮음,조금감,0.221,0.048,False
2022-04-10 13:00:00,2022-04-10 14:00:00,숏,8,시작낮음 · B얕음 · 끝중간,제자리,0.017,-0.083,False
2022-04-10 14:00:00,2022-04-10 22:00:00,롱,17,시작중간 · B얕음 · 끝중간,깨고하락,1.026,-0.794,True
2022-04-10 22:00:00,2022-04-12 04:00:00,숏,24,시작높음 · B중간 · 끝높음,크게감,1.768,1.339,False
2022-04-12 04:00:00,2022-04-12 19:00:00,롱,10,시작중간 · B깊음 · 끝낮음,제자리,0.196,-0.141,False
2022-04-12 19:00:00,2022-04-12 22:00:00,숏,8,시작낮음 · B얕음 · 끝중간,제자리,0.012,-0.147,False
2022-04-12 22:00:00,2022-04-13 12:00:00,롱,26,시작높음 · B얕음 · 끝중간,조금감,0.318,-0.09,False
2022-04-13 12:00:00,2022-04-13 13:00:00,숏,23,시작높음 · B중간 · 끝중간,깨고하락,0.075,-0.774,True
2022-04-13 13:00:00,2022-04-14 06:00:00,롱,18,시작중간 · B얕음 · 끝높음,크게감,0.928,0.604,False
2022-04-14 06:00:00,2022-04-15 03:00:00,숏,10,시작중간 · B깊음 · 끝낮음,크게감,0.848,0.51,False
2022-04-15 03:00:00,2022-04-16 07:00:00,롱,1,시작낮음 · B깊음 · 끝낮음,조금감,0.329,0.094,False
2022-04-16 07:00:00,2022-04-16 22:00:00,숏,7,시작낮음 · B얕음 · 끝낮음,조금감,0.22,-0.011,False
2022-04-16 22:00:00,2022-04-17 02:00:00,롱,5,시작낮음 · B중간 · 끝중간,제자리,0.089,-0.227,False
2022-04-17 02:00:00,2022-04-17 06:00:00,숏,27,시작높음 · B얕음 · 끝높음,제자리,0.059,-0.201,False
2022-04-17 06:00:00,2022-04-17 07:00:00,롱,23,시작높음 · B중간 · 끝중간,제자리,0.038,-0.068,False
2022-04-17 07:00:00,2022-04-17 08:00:00,숏,27,시작높음 · B얕음 · 끝높음,깨고하락,0.0,-0.339,True
2022-04-17 08:00:00,2022-04-17 16:00:00,롱,24,시작높음 · B중간 · 끝높음,깨고하락,1.181,-1.06,True
2022-04-17 16:00:00,2022-04-18 13:00:00,숏,15,시작중간 · B중간 · 끝높음,크게감,3.621,1.861,False
2022-04-18 13:00:00,2022-04-19 09:00:00,롱,10,시작중간 · B깊음 · 끝낮음,크게감,0.953,0.641,False
2022-04-19 09:00:00,2022-04-19 13:00:00,숏,1,시작낮음 · B깊음 · 끝낮음,깨고하락,0.008,-0.273,True
2022-04-19 13:00:00,2022-04-19 21:00:00,롱,9,시작낮음 · B얕음 · 끝높음,제자리,0.142,-0.053,False
2022-04-19 21:00:00,2022-04-20 11:00:00,숏,22,시작높음 · B중간 · 끝낮음,깨고하락,0.065,-0.626,True
2022-04-20 11:00:00,2022-04-20 14:00:00,롱,9,시작낮음 · B얕음 · 끝높음,제자리,0.072,-0.379,False
2022-04-20 14:00:00,2022-04-21 03:00:00,숏,27,시작높음 · B얕음 · 끝높음,크게감,0.702,-0.127,False
2022-04-21 03:00:00,2022-04-21 05:00:00,롱,23,시작높음 · B중간 · 끝중간,제자리,0.04,-0.165,False
2022-04-21 05:00:00,2022-04-21 07:00:00,숏,27,시작높음 · B얕음 · 끝높음,깨고하락,0.049,-0.411,True
2022-04-21 07:00:00,2022-04-21 17:00:00,롱,18,시작중간 · B얕음 · 끝높음,크게감,2.302,-0.548,False
2022-04-21 17:00:00,2022-04-22 11:00:00,숏,11,시작중간 · B깊음 · 끝중간,크게감,1.263,0.635,False
2022-04-22 11:00:00,2022-04-22 14:00:00,롱,10,시작중간 · B깊음 · 끝낮음,제자리,0.021,-0.209,False
2022-04-22 14:00:00,2022-04-22 22:00:00,숏,9,시작낮음 · B얕음 · 끝높음,조금감,0.363,0.071,False
2022-04-22 22:00:00,2022-04-24 01:00:00,롱,19,시작높음 · B깊음 · 끝낮음,조금감,0.222,-0.147,False
2022-04-24 01:00:00,2022-04-24 03:00:00,숏,8,시작낮음 · B얕음 · 끝중간,제자리,0.036,-0.203,False
2022-04-24 03:00:00,2022-04-24 16:00:00,롱,18,시작중간 · B얕음 · 끝높음,깨고하락,0.222,-0.355,True
2022-04-24 16:00:00,2022-04-24 19:00:00,숏,17,시작중간 · B얕음 · 끝중간,조금감,0.331,-0.197,False
2022-04-24 19:00:00,2022-04-24 20:00:00,롱,23,시작높음 · B중간 · 끝중간,제자리,0.024,-0.193,False
2022-04-24 20:00:00,2022-04-25 14:00:00,숏,18,시작중간 · B얕음 · 끝높음,크게감,1.468,0.431,False
2022-04-25 14:00:00,2022-04-26 09:00:00,롱,10,시작중간 · B깊음 · 끝낮음,크게감,1.028,0.775,False
2022-04-26 09:00:00,2022-04-27 05:00:00,숏,1,시작낮음 · B깊음 · 끝낮음,크게감,0.991,0.728,False
2022-04-27 05:00:00,2022-04-28 13:00:00,롱,1,시작낮음 · B깊음 · 끝낮음,조금감,0.482,0.221,False
2022-04-28 13:00:00,2022-04-28 16:00:00,숏,4,시작낮음 · B중간 · 끝낮음,깨고하락,0.074,-0.273,True
2022-04-28 16:00:00,2022-04-28 23:00:00,롱,6,시작낮음 · B중간 · 끝높음,조금감,0.236,-0.076,False
2022-04-28 23:00:00,2022-04-30 01:00:00,숏,13,시작중간 · B중간 · 끝낮음,크게감,1.058,0.708,False
2022-04-30 01:00:00,2022-04-30 17:00:00,롱,10,시작중간 · B깊음 · 끝낮음,깨고하락,0.039,-0.183,True
2022-04-30 17:00:00,2022-04-30 19:00:00,숏,9,시작낮음 · B얕음 · 끝높음,제자리,0.046,-0.095,False
2022-04-30 19:00:00,2022-04-30 23:00:00,롱,26,시작높음 · B얕음 · 끝중간,깨고하락,0.0,-1.316,True
2022-04-30 23:00:00,2022-05-01 06:00:00,숏,27,시작높음 · B얕음 · 끝높음,조금감,0.283,-0.35,False
2022-05-01 06:00:00,2022-05-02 11:00:00,롱,22,시작높음 · B중간 · 끝낮음,크게감,1.071,0.525,False
2022-05-02 11:00:00,2022-05-04 03:00:00,숏,22,시작높음 · B중간 · 끝낮음,깨고복귀,0.573,0.297,True
2022-05-04 03:00:00,2022-05-05 05:00:00,롱,1,시작낮음 · B깊음 · 끝낮음,크게감,1.176,0.923,False
2022-05-05 05:00:00,2022-05-06 05:00:00,숏,1,시작낮음 · B깊음 · 끝낮음,크게감,1.604,1.229,False
2022-05-06 05:00:00,2022-05-07 21:00:00,롱,1,시작낮음 · B깊음 · 끝낮음,깨고하락,0.012,-0.326,True
2022-05-07 21:00:00,2022-05-08 11:00:00,숏,9,시작낮음 · B얕음 · 끝높음,제자리,0.169,0.043,False
2022-05-08 11:00:00,2022-05-08 17:00:00,롱,19,시작높음 · B깊음 · 끝낮음,깨고하락,0.027,-0.296,True
2022-05-08 17:00:00,2022-05-08 18:00:00,숏,9,시작낮음 · B얕음 · 끝높음,제자리,0.102,-0.203,False
2022-05-08 18:00:00,2022-05-09 02:00:00,롱,23,시작높음 · B중간 · 끝중간,깨고하락,0.22,-0.839,True
2022-05-09 02:00:00,2022-05-10 03:00:00,숏,24,시작높음 · B중간 · 끝높음,크게감,2.5,1.881,False
2022-05-10 03:00:00,2022-05-10 21:00:00,롱,10,시작중간 · B깊음 · 끝낮음,조금감,0.398,-0.084,False
2022-05-10 21:00:00,2022-05-11 02:00:00,숏,6,시작낮음 · B중간 · 끝높음,제자리,0.02,-0.285,False
2022-05-11 02:00:00,2022-05-11 07:00:00,롱,27,시작높음 · B얕음 · 끝높음,제자리,0.191,-0.335,False
2022-05-11 07:00:00,2022-05-11 08:00:00,숏,14,시작중간 · B중간 · 끝중간,제자리,0.138,-0.424,False
2022-05-11 08:00:00,2022-05-11 12:00:00,롱,27,시작높음 · B얕음 · 끝높음,깨고하락,0.484,-1.196,True
2022-05-11 12:00:00,2022-05-11 14:00:00,숏,15,시작중간 · B중간 · 끝높음,제자리,0.048,-0.778,False
2022-05-11 14:00:00,2022-05-11 16:00:00,롱,2,시작낮음 · B깊음 · 끝중간,제자리,0.009,-0.457,False
2022-05-11 16:00:00,2022-05-12 10:00:00,숏,18,시작중간 · B얕음 · 끝높음,크게감,1.241,0.575,False
2022-05-12 10:00:00,2022-05-13 16:00:00,롱,19,시작높음 · B깊음 · 끝낮음,조금감,0.448,0.243,False
2022-05-13 16:00:00,2022-05-14 17:00:00,숏,1,시작낮음 · B깊음 · 끝낮음,조금감,0.287,0.072,False
2022-05-14 17:00:00,2022-05-16 03:00:00,롱,4,시작낮음 · B중간 · 끝낮음,크게감,0.572,0.216,False
2022-05-16 03:00:00,2022-05-16 21:00:00,숏,1,시작낮음 · B깊음 · 끝낮음,조금감,0.432,0.053,False
2022-05-16 21:00:00,2022-05-17 14:00:00,롱,5,시작낮음 · B중간 · 끝중간,조금감,0.253,-0.04,False
2022-05-17 14:00:00,2022-05-17 23:00:00,숏,5,시작낮음 · B중간 · 끝중간,조금감,0.38,-0.21,False
2022-05-17 23:00:00,2022-05-18 01:00:00,롱,2,시작낮음 · B깊음 · 끝중간,제자리,0.194,-0.223,False
2022-05-18 01:00:00,2022-05-19 03:00:00,숏,18,시작중간 · B얕음 · 끝높음,크게감,1.147,0.733,False
2022-05-19 03:00:00,2022-05-20 04:00:00,롱,10,시작중간 · B깊음 · 끝낮음,크게감,0.777,0.445,False
2022-05-20 04:00:00,2022-05-21 05:00:00,숏,1,시작낮음 · B깊음 · 끝낮음,크게감,0.645,0.382,False
2022-05-21 05:00:00,2022-05-22 04:00:00,롱,1,시작낮음 · B깊음 · 끝낮음,제자리,0.187,0.004,False
2022-05-22 04:00:00,2022-05-22 07:00:00,숏,8,시작낮음 · B얕음 · 끝중간,제자리,0.0,-0.078,False
2022-05-22 07:00:00,2022-05-23 04:00:00,롱,17,시작중간 · B얕음 · 끝중간,크게감,2.15,1.39,False
2022-05-23 04:00:00,2022-05-23 06:00:00,숏,19,시작높음 · B깊음 · 끝낮음,깨고하락,0.013,-0.282,True
2022-05-23 06:00:00,2022-05-23 12:00:00,롱,9,시작낮음 · B얕음 · 끝높음,제자리,0.129,-0.081,False
2022-05-23 12:00:00,2022-05-24 09:00:00,숏,23,시작높음 · B중간 · 끝중간,크게감,2.761,1.871,False
2022-05-24 09:00:00,2022-05-24 14:00:00,롱,10,시작중간 · B깊음 · 끝낮음,깨고하락,0.054,-0.147,True
2022-05-24 14:00:00,2022-05-24 15:00:00,숏,8,시작낮음 · B얕음 · 끝중간,깨고하락,0.05,-0.159,True
2022-05-24 15:00:00,2022-05-25 11:00:00,롱,27,시작높음 · B얕음 · 끝높음,크게감,0.841,0.031,False
2022-05-25 11:00:00,2022-05-25 22:00:00,숏,19,시작높음 · B깊음 · 끝낮음,제자리,0.051,-0.234,False
2022-05-25 22:00:00,2022-05-25 23:00:00,롱,8,시작낮음 · B얕음 · 끝중간,제자리,0.0,-0.181,False
2022-05-25 23:00:00,2022-05-26 03:00:00,숏,27,시작높음 · B얕음 · 끝높음,깨고하락,0.085,-0.401,True
2022-05-26 03:00:00,2022-05-26 05:00:00,롱,24,시작높음 · B중간 · 끝높음,제자리,0.067,-0.313,False
2022-05-26 05:00:00,2022-05-26 17:00:00,숏,27,시작높음 · B얕음 · 끝높음,크게감,4.422,0.209,False
2022-05-26 17:00:00,2022-05-27 00:00:00,롱,11,시작중간 · B깊음 · 끝중간,제자리,0.031,-0.292,False
2022-05-27 00:00:00,2022-05-27 12:00:00,숏,18,시작중간 · B얕음 · 끝높음,조금감,0.242,-0.09,False
2022-05-27 12:00:00,2022-05-27 16:00:00,롱,23,시작높음 · B중간 · 끝중간,제자리,0.115,-0.471,False
2022-05-27 16:00:00,2022-05-27 22:00:00,숏,6,시작낮음 · B중간 · 끝높음,크게감,0.619,-0.095,False
2022-05-27 22:00:00,2022-05-29 02:00:00,롱,23,시작높음 · B중간 · 끝중간,조금감,0.411,0.093,False
2022-05-29 02:00:00,2022-05-29 03:00:00,숏,13,시작중간 · B중간 · 끝낮음,제자리,0.032,-0.068,False
2022-05-29 03:00:00,2022-05-29 04:00:00,롱,17,시작중간 · B얕음 · 끝중간,제자리,0.001,-0.064,False
2022-05-29 04:00:00,2022-05-29 05:00:00,숏,23,시작높음 · B중간 · 끝중간,깨고하락,0.073,-0.688,True
2022-05-29 05:00:00,2022-05-29 19:00:00,롱,9,시작낮음 · B얕음 · 끝높음,크게감,2.994,0.562,False
2022-05-29 19:00:00,2022-05-29 22:00:00,숏,10,시작중간 · B깊음 · 끝낮음,깨고하락,0.05,-0.488,True
2022-05-29 22:00:00,2022-05-30 14:00:00,롱,9,시작낮음 · B얕음 · 끝높음,크게감,2.425,1.556,False
2022-05-30 14:00:00,2022-05-30 20:00:00,숏,19,시작높음 · B깊음 · 끝낮음,깨고하락,0.007,-0.405,True
2022-05-30 20:00:00,2022-05-31 06:00:00,롱,9,시작낮음 · B얕음 · 끝높음,조금감,0.461,0.104,False
2022-05-31 06:00:00,2022-06-02 06:00:00,숏,19,시작높음 · B깊음 · 끝낮음,깨고복귀,1.152,0.839,True
2022-06-02 06:00:00,2022-06-03 10:00:00,롱,1,시작낮음 · B깊음 · 끝낮음,조금감,0.259,-0.024,False
2022-06-03 10:00:00,2022-06-03 22:00:00,숏,8,시작낮음 · B얕음 · 끝중간,제자리,0.179,0.034,False
2022-06-03 22:00:00,2022-06-05 07:00:00,롱,13,시작중간 · B중간 · 끝낮음,제자리,0.2,-0.045,False
2022-06-05 07:00:00,2022-06-05 14:00:00,숏,8,시작낮음 · B얕음 · 끝중간,제자리,0.132,-0.126,False
2022-06-05 14:00:00,2022-06-06 16:00:00,롱,26,시작높음 · B얕음 · 끝중간,크게감,3.709,2.871,False
2022-06-06 16:00:00,2022-06-07 15:00:00,숏,10,시작중간 · B깊음 · 끝낮음,크게감,0.974,0.636,False
2022-06-07 15:00:00,2022-06-08 04:00:00,롱,1,시작낮음 · B깊음 · 끝낮음,크게감,0.654,0.135,False
2022-06-08 04:00:00,2022-06-09 05:00:00,숏,2,시작낮음 · B깊음 · 끝중간,제자리,0.135,-0.028,False
2022-06-09 05:00:00,2022-06-09 13:00:00,롱,18,시작중간 · B얕음 · 끝높음,조금감,0.21,-0.078,False
2022-06-09 13:00:00,2022-06-09 17:00:00,숏,23,시작높음 · B중간 · 끝중간,제자리,0.13,-0.144,False
2022-06-09 17:00:00,2022-06-09 18:00:00,롱,27,시작높음 · B얕음 · 끝높음,제자리,0.056,-0.214,False
2022-06-09 18:00:00,2022-06-10 05:00:00,숏,27,시작높음 · B얕음 · 끝높음,크게감,1.162,0.087,False
2022-06-10 05:00:00,2022-06-10 09:00:00,롱,19,시작높음 · B깊음 · 끝낮음,제자리,0.15,-0.214,False
2022-06-10 09:00:00,2022-06-10 11:00:00,숏,18,시작중간 · B얕음 · 끝높음,제자리,0.033,-0.141,False
2022-06-10 11:00:00,2022-06-10 12:00:00,롱,23,시작높음 · B중간 · 끝중간,깨고하락,0.429,-0.972,True
2022-06-10 12:00:00,2022-06-11 01:00:00,숏,18,시작중간 · B얕음 · 끝높음,크게감,1.155,0.628,False
2022-06-11 01:00:00,2022-06-11 11:00:00,롱,10,시작중간 · B깊음 · 끝낮음,깨고하락,0.176,-0.334,True
2022-06-11 11:00:00,2022-06-11 21:00:00,숏,9,시작낮음 · B얕음 · 끝높음,조금감,0.431,0.11,False
2022-06-11 21:00:00,2022-06-12 02:00:00,롱,19,시작높음 · B깊음 · 끝낮음,깨고하락,0.088,-0.825,True
2022-06-12 02:00:00,2022-06-12 13:00:00,숏,9,시작낮음 · B얕음 · 끝높음,제자리,0.145,0.064,False
2022-06-12 13:00:00,2022-06-12 22:00:00,롱,19,시작높음 · B깊음 · 끝낮음,깨고하락,0.674,-0.204,True
2022-06-12 22:00:00,2022-06-13 19:00:00,숏,3,시작낮음 · B깊음 · 끝높음,크게감,2.976,2.552,False
2022-06-13 19:00:00,2022-06-14 00:00:00,롱,19,시작높음 · B깊음 · 끝낮음,깨고하락,0.103,-0.252,True
2022-06-14 00:00:00,2022-06-14 05:00:00,숏,9,시작낮음 · B얕음 · 끝높음,제자리,0.161,-0.175,False
2022-06-14 05:00:00,2022-06-15 04:00:00,롱,20,시작높음 · B깊음 · 끝중간,제자리,0.1,-0.543,False
2022-06-15 04:00:00,2022-06-15 12:00:00,숏,15,시작중간 · B중간 · 끝높음,조금감,0.402,-0.018,False
2022-06-15 12:00:00,2022-06-16 07:00:00,롱,23,시작높음 · B중간 · 끝중간,크게감,0.532,0.168,False
2022-06-16 07:00:00,2022-06-17 05:00:00,숏,10,시작중간 · B깊음 · 끝낮음,크게감,0.522,0.328,False
2022-06-17 05:00:00,2022-06-17 18:00:00,롱,10,시작중간 · B깊음 · 끝낮음,조금감,0.202,-0.099,False
2022-06-17 18:00:00,2022-06-17 20:00:00,숏,5,시작낮음 · B중간 · 끝중간,제자리,0.054,-0.074,False
2022-06-17 20:00:00,2022-06-17 22:00:00,롱,17,시작중간 · B얕음 · 끝중간,깨고하락,0.034,-0.203,True
2022-06-17 22:00:00,2022-06-18 00:00:00,숏,15,시작중간 · B중간 · 끝높음,깨고하락,0.058,-0.303,True
2022-06-18 00:00:00,2022-06-18 01:00:00,롱,23,시작높음 · B중간 · 끝중간,제자리,0.077,-0.398,False
2022-06-18 01:00:00,2022-06-18 02:00:00,숏,12,시작중간 · B깊음 · 끝높음,조금감,0.216,-0.19,False
2022-06-18 02:00:00,2022-06-18 06:00:00,롱,13,시작중간 · B중간 · 끝낮음,깨고하락,0.133,-2.231,True
2022-06-18 06:00:00,2022-06-18 22:00:00,숏,18,시작중간 · B얕음 · 끝높음,크게감,1.138,0.149,False
2022-06-18 22:00:00,2022-06-20 03:00:00,롱,10,시작중간 · B깊음 · 끝낮음,크게감,0.558,0.266,False
2022-06-20 03:00:00,2022-06-20 09:00:00,숏,1,시작낮음 · B깊음 · 끝낮음,깨고하락,0.065,-0.211,True
2022-06-20 09:00:00,2022-06-20 16:00:00,롱,9,시작낮음 · B얕음 · 끝높음,제자리,0.156,-0.117,False
2022-06-20 16:00:00,2022-06-21 05:00:00,숏,27,시작높음 · B얕음 · 끝높음,조금감,0.339,-0.439,False
2022-06-21 05:00:00,2022-06-21 18:00:00,롱,11,시작중간 · B깊음 · 끝중간,크게감,0.642,0.16,False
2022-06-21 18:00:00,2022-06-22 13:00:00,숏,13,시작중간 · B중간 · 끝낮음,크게감,0.608,0.198,False
2022-06-22 13:00:00,2022-06-22 17:00:00,롱,1,시작낮음 · B깊음 · 끝낮음,깨고하락,0.097,-0.254,True
2022-06-22 17:00:00,2022-06-23 00:00:00,숏,5,시작낮음 · B중간 · 끝중간,조금감,0.376,-0.101,False
2022-06-23 00:00:00,2022-06-23 16:00:00,롱,14,시작중간 · B중간 · 끝중간,조금감,0.348,-0.109,False
2022-06-23 16:00:00,2022-06-23 19:00:00,숏,10,시작중간 · B깊음 · 끝낮음,깨고하락,0.104,-0.559,True
2022-06-23 19:00:00,2022-06-24 07:00:00,롱,9,시작낮음 · B얕음 · 끝높음,조금감,0.431,-0.002,False
2022-06-24 07:00:00,2022-06-24 12:00:00,숏,19,시작높음 · B깊음 · 끝낮음,깨고하락,0.125,-0.26,True
2022-06-24 12:00:00,2022-06-24 15:00:00,롱,9,시작낮음 · B얕음 · 끝높음,제자리,0.155,-0.303,False
2022-06-24 15:00:00,2022-06-24 21:00:00,숏,27,시작높음 · B얕음 · 끝높음,제자리,0.134,-0.553,False
2022-06-24 21:00:00,2022-06-25 00:00:00,롱,15,시작중간 · B중간 · 끝높음,조금감,0.382,-0.152,False
2022-06-25 00:00:00,2022-06-25 01:00:00,숏,26,시작높음 · B얕음 · 끝중간,제자리,0.062,-0.165,False
2022-06-25 01:00:00,2022-06-25 02:00:00,롱,18,시작중간 · B얕음 · 끝높음,제자리,0.126,-0.321,False
2022-06-25 02:00:00,2022-06-25 07:00:00,숏,14,시작중간 · B중간 · 끝중간,깨고하락,0.078,-1.221,True
2022-06-25 07:00:00,2022-06-25 11:00:00,롱,9,시작낮음 · B얕음 · 끝높음,제자리,0.094,-0.339,False
2022-06-25 11:00:00,2022-06-25 21:00:00,숏,23,시작높음 · B중간 · 끝중간,크게감,0.878,-0.383,False
2022-06-25 21:00:00,2022-06-26 09:00:00,롱,11,시작중간 · B깊음 · 끝중간,제자리,0.088,-0.147,False
2022-06-26 09:00:00,2022-06-26 11:00:00,숏,4,시작낮음 · B중간 · 끝낮음,깨고하락,0.056,-0.424,True
2022-06-26 11:00:00,2022-06-26 13:00:00,롱,9,시작낮음 · B얕음 · 끝높음,깨고하락,0.302,-0.49,True
2022-06-26 13:00:00,2022-06-27 07:00:00,숏,11,시작중간 · B깊음 · 끝중간,크게감,0.778,0.064,False
2022-06-27 07:00:00,2022-06-27 13:00:00,롱,14,시작중간 · B중간 · 끝중간,깨고하락,0.231,-0.657,True
2022-06-27 13:00:00,2022-06-28 05:00:00,숏,18,시작중간 · B얕음 · 끝높음,조금감,0.298,0.004,False
2022-06-28 05:00:00,2022-06-28 16:00:00,롱,19,시작높음 · B깊음 · 끝낮음,조금감,0.427,-0.018,False
2022-06-28 16:00:00,2022-06-29 13:00:00,숏,5,시작낮음 · B중간 · 끝중간,크게감,1.07,0.761,False
2022-06-29 13:00:00,2022-06-30 06:00:00,롱,22,시작높음 · B중간 · 끝낮음,깨고하락,0.26,-0.483,True
2022-06-30 06:00:00,2022-06-30 23:00:00,숏,9,시작낮음 · B얕음 · 끝높음,크게감,0.565,-0.361,False
2022-06-30 23:00:00,2022-07-01 10:00:00,롱,20,시작높음 · B깊음 · 끝중간,크게감,0.596,-0.472,False
2022-07-01 10:00:00,2022-07-01 17:00:00,숏,2,시작낮음 · B깊음 · 끝중간,제자리,0.05,-0.171,False
2022-07-01 17:00:00,2022-07-01 23:00:00,롱,17,시작중간 · B얕음 · 끝중간,제자리,0.102,-0.095,False
2022-07-01 23:00:00,2022-07-02 10:00:00,숏,14,시작중간 · B중간 · 끝중간,조금감,0.412,0.062,False
2022-07-02 10:00:00,2022-07-03 05:00:00,롱,23,시작높음 · B중간 · 끝중간,깨고하락,0.307,-0.257,True
2022-07-03 05:00:00,2022-07-03 16:00:00,숏,15,시작중간 · B중간 · 끝높음,제자리,0.162,-0.174,False
2022-07-03 16:00:00,2022-07-04 02:00:00,롱,14,시작중간 · B중간 · 끝중간,크게감,0.719,-0.126,False
2022-07-04 02:00:00,2022-07-04 09:00:00,숏,2,시작낮음 · B깊음 · 끝중간,제자리,0.043,-0.396,False
2022-07-04 09:00:00,2022-07-05 08:00:00,롱,18,시작중간 · B얕음 · 끝높음,크게감,1.788,0.853,False
2022-07-05 08:00:00,2022-07-05 19:00:00,숏,10,시작중간 · B깊음 · 끝낮음,깨고하락,0.436,-0.347,True
2022-07-05 19:00:00,2022-07-06 02:00:00,롱,2,시작낮음 · B깊음 · 끝중간,조금감,0.255,-0.376,False
2022-07-06 02:00:00,2022-07-06 09:00:00,숏,15,시작중간 · B중간 · 끝높음,제자리,0.083,-0.225,False
2022-07-06 09:00:00,2022-07-06 10:00:00,롱,27,시작높음 · B얕음 · 끝높음,제자리,0.03,-0.066,False
2022-07-06 10:00:00,2022-07-06 16:00:00,숏,26,시작높음 · B얕음 · 끝중간,깨고하락,0.304,-0.275,True
2022-07-06 16:00:00,2022-07-07 04:00:00,롱,15,시작중간 · B중간 · 끝높음,크게감,0.897,0.286,False
2022-07-07 04:00:00,2022-07-07 14:00:00,숏,10,시작중간 · B깊음 · 끝낮음,깨고하락,0.224,-0.691,True
2022-07-07 14:00:00,2022-07-08 07:00:00,롱,9,시작낮음 · B얕음 · 끝높음,크게감,2.054,1.081,False
2022-07-08 07:00:00,2022-07-09 17:00:00,숏,19,시작높음 · B깊음 · 끝낮음,조금감,0.26,-0.031,False
2022-07-09 17:00:00,2022-07-09 22:00:00,롱,8,시작낮음 · B얕음 · 끝중간,제자리,0.027,-0.118,False
2022-07-09 22:00:00,2022-07-11 10:00:00,숏,17,시작중간 · B얕음 · 끝중간,크게감,1.357,1.176,False
2022-07-11 10:00:00,2022-07-11 22:00:00,롱,10,시작중간 · B깊음 · 끝낮음,깨고하락,0.14,-0.317,True
2022-07-11 22:00:00,2022-07-12 12:00:00,숏,9,시작낮음 · B얕음 · 끝높음,조금감,0.25,0.081,False
2022-07-12 12:00:00,2022-07-12 20:00:00,롱,22,시작높음 · B중간 · 끝낮음,깨고하락,0.122,-0.346,True
2022-07-12 20:00:00,2022-07-13 02:00:00,숏,9,시작낮음 · B얕음 · 끝높음,조금감,0.208,-0.048,False
2022-07-13 02:00:00,2022-07-14 08:00:00,롱,26,시작높음 · B얕음 · 끝중간,깨고복귀,1.18,0.342,True
2022-07-14 08:00:00,2022-07-14 15:00:00,숏,19,시작높음 · B깊음 · 끝낮음,깨고하락,0.121,-0.395,True
2022-07-14 15:00:00,2022-07-15 04:00:00,롱,9,시작낮음 · B얕음 · 끝높음,조금감,0.324,0.099,False
2022-07-15 04:00:00,2022-07-15 05:00:00,숏,10,시작중간 · B깊음 · 끝낮음,제자리,0.017,-0.086,False
2022-07-15 05:00:00,2022-07-15 06:00:00,롱,8,시작낮음 · B얕음 · 끝중간,제자리,0.035,-0.055,False
2022-07-15 06:00:00,2022-07-15 07:00:00,숏,10,시작중간 · B깊음 · 끝낮음,깨고하락,0.173,-1.077,True
2022-07-15 07:00:00,2022-07-15 15:00:00,롱,18,시작중간 · B얕음 · 끝높음,크게감,0.645,-0.08,False
2022-07-15 15:00:00,2022-07-15 19:00:00,숏,10,시작중간 · B깊음 · 끝낮음,깨고하락,0.299,-0.697,True
2022-07-15 19:00:00,2022-07-15 20:00:00,롱,6,시작낮음 · B중간 · 끝높음,제자리,0.061,-0.377,False
2022-07-15 20:00:00,2022-07-16 14:00:00,숏,27,시작높음 · B얕음 · 끝높음,크게감,0.8,0.218,False
2022-07-16 14:00:00,2022-07-17 10:00:00,롱,10,시작중간 · B깊음 · 끝낮음,크게감,1.195,0.789,False
2022-07-17 10:00:00,2022-07-18 03:00:00,숏,10,시작중간 · B깊음 · 끝낮음,크게감,0.525,0.08,False
2022-07-18 03:00:00,2022-07-18 18:00:00,롱,2,시작낮음 · B깊음 · 끝중간,크게감,1.59,0.585,False
2022-07-18 18:00:00,2022-07-19 13:00:00,숏,10,시작중간 · B깊음 · 끝낮음,깨고하락,0.223,-0.238,True
2022-07-19 13:00:00,2022-07-20 03:00:00,롱,9,시작낮음 · B얕음 · 끝높음,크게감,0.829,0.623,False
2022-07-20 03:00:00,2022-07-20 06:00:00,숏,19,시작높음 · B깊음 · 끝낮음,제자리,0.056,-0.137,False
2022-07-20 06:00:00,2022-07-20 07:00:00,롱,9,시작낮음 · B얕음 · 끝높음,제자리,0.044,-0.221,False
2022-07-20 07:00:00,2022-07-20 14:00:00,숏,24,시작높음 · B중간 · 끝높음,깨고하락,0.113,-1.359,True
2022-07-20 14:00:00,2022-07-20 16:00:00,롱,6,시작낮음 · B중간 · 끝높음,제자리,0.117,-0.561,False
2022-07-20 16:00:00,2022-07-21 17:00:00,숏,23,시작높음 · B중간 · 끝중간,크게감,1.387,0.857,False
2022-07-21 17:00:00,2022-07-22 17:00:00,롱,10,시작중간 · B깊음 · 끝낮음,조금감,0.47,0.079,False
2022-07-22 17:00:00,2022-07-23 21:00:00,숏,8,시작낮음 · B얕음 · 끝중간,크게감,0.584,0.426,False
2022-07-23 21:00:00,2022-07-24 23:00:00,롱,19,시작높음 · B깊음 · 끝낮음,조금감,0.418,0.19,False
2022-07-24 23:00:00,2022-07-25 16:00:00,숏,4,시작낮음 · B중간 · 끝낮음,크게감,0.716,0.507,False
2022-07-25 16:00:00,2022-07-25 23:00:00,롱,10,시작중간 · B깊음 · 끝낮음,깨고하락,0.235,-0.488,True
2022-07-25 23:00:00,2022-07-26 11:00:00,숏,9,시작낮음 · B얕음 · 끝높음,조금감,0.307,0.144,False
2022-07-26 11:00:00,2022-07-28 08:00:00,롱,22,시작높음 · B중간 · 끝낮음,깨고복귀,1.678,1.33,True
2022-07-28 08:00:00,2022-07-28 16:00:00,숏,10,시작중간 · B깊음 · 끝낮음,깨고하락,0.137,-0.289,True
2022-07-28 16:00:00,2022-07-29 00:00:00,롱,9,시작낮음 · B얕음 · 끝높음,제자리,0.133,0.035,False
2022-07-29 00:00:00,2022-07-30 12:00:00,숏,26,시작높음 · B얕음 · 끝중간,깨고하락,0.282,-0.302,True
2022-07-30 12:00:00,2022-07-30 20:00:00,롱,15,시작중간 · B중간 · 끝높음,조금감,0.314,-0.395,False
2022-07-30 20:00:00,2022-07-31 15:00:00,숏,23,시작높음 · B중간 · 끝중간,조금감,0.344,0.146,False
2022-07-31 15:00:00,2022-07-31 22:00:00,롱,26,시작높음 · B얕음 · 끝중간,깨고하락,0.357,-0.32,True
2022-07-31 22:00:00,2022-08-01 14:00:00,숏,15,시작중간 · B중간 · 끝높음,조금감,0.467,-0.042,False
2022-08-01 14:00:00,2022-08-01 17:00:00,롱,23,시작높음 · B중간 · 끝중간,깨고하락,0.02,-0.367,True
2022-08-01 17:00:00,2022-08-01 22:00:00,숏,9,시작낮음 · B얕음 · 끝높음,제자리,0.185,-0.269,False
2022-08-01 22:00:00,2022-08-02 03:00:00,롱,23,시작높음 · B중간 · 끝중간,깨고하락,0.42,-0.458,True
2022-08-02 03:00:00,2022-08-02 11:00:00,숏,15,시작중간 · B중간 · 끝높음,조금감,0.316,-0.031,False
2022-08-02 11:00:00,2022-08-02 12:00:00,롱,26,시작높음 · B얕음 · 끝중간,제자리,0.035,-0.174,False
2022-08-02 12:00:00,2022-08-02 13:00:00,숏,18,시작중간 · B얕음 · 끝높음,제자리,0.098,-0.187,False
2022-08-02 13:00:00,2022-08-03 01:00:00,롱,13,시작중간 · B중간 · 끝낮음,깨고복귀,2.248,0.015,True
2022-08-03 01:00:00,2022-08-03 06:00:00,숏,11,시작중간 · B깊음 · 끝중간,제자리,0.092,-0.274,False
2022-08-03 06:00:00,2022-08-03 22:00:00,롱,18,시작중간 · B얕음 · 끝높음,크게감,0.78,-0.108,False
2022-08-03 22:00:00,2022-08-05 01:00:00,숏,20,시작높음 · B깊음 · 끝중간,크게감,0.593,0.061,False
2022-08-05 01:00:00,2022-08-05 16:00:00,롱,10,시작중간 · B깊음 · 끝낮음,조금감,0.479,0.116,False
2022-08-05 16:00:00,2022-08-05 22:00:00,숏,1,시작낮음 · B깊음 · 끝낮음,조금감,0.242,-0.182,False
2022-08-05 22:00:00,2022-08-06 08:00:00,롱,9,시작낮음 · B얕음 · 끝높음,제자리,0.119,-0.105,False
2022-08-06 08:00:00,2022-08-07 11:00:00,숏,23,시작높음 · B중간 · 끝중간,조금감,0.494,0.191,False
2022-08-07 11:00:00,2022-08-08 18:00:00,롱,10,시작중간 · B깊음 · 끝낮음,크게감,2.489,1.819,False
2022-08-08 18:00:00,2022-08-10 06:00:00,숏,10,시작중간 · B깊음 · 끝낮음,크게감,0.999,0.709,False
2022-08-10 06:00:00,2022-08-11 14:00:00,롱,1,시작낮음 · B깊음 · 끝낮음,크게감,1.181,0.946,False
2022-08-11 14:00:00,2022-08-12 16:00:00,숏,1,시작낮음 · B깊음 · 끝낮음,조금감,0.408,0.237,False
2022-08-12 16:00:00,2022-08-13 10:00:00,롱,4,시작낮음 · B중간 · 끝낮음,조금감,0.424,0.242,False
2022-08-13 10:00:00,2022-08-14 06:00:00,숏,1,시작낮음 · B깊음 · 끝낮음,제자리,0.152,-0.128,False
2022-08-14 06:00:00,2022-08-14 11:00:00,롱,8,시작낮음 · B얕음 · 끝중간,조금감,0.408,-0.11,False
2022-08-14 11:00:00,2022-08-15 01:00:00,숏,23,시작높음 · B중간 · 끝중간,크게감,0.587,-0.105,False
2022-08-15 01:00:00,2022-08-15 07:00:00,롱,14,시작중간 · B중간 · 끝중간,깨고하락,0.621,-0.66,True
2022-08-15 07:00:00,2022-08-16 00:00:00,숏,15,시작중간 · B중간 · 끝높음,조금감,0.204,-0.074,False
2022-08-16 00:00:00,2022-08-16 14:00:00,롱,26,시작높음 · B얕음 · 끝중간,깨고하락,0.08,-0.281,True
2022-08-16 14:00:00,2022-08-16 19:00:00,숏,18,시작중간 · B얕음 · 끝높음,제자리,0.068,-0.337,False
2022-08-16 19:00:00,2022-08-17 09:00:00,롱,23,시작높음 · B중간 · 끝중간,깨고하락,0.926,-0.181,True
2022-08-17 09:00:00,2022-08-18 01:00:00,숏,11,시작중간 · B깊음 · 끝중간,크게감,0.824,0.453,False
2022-08-18 01:00:00,2022-08-18 18:00:00,롱,13,시작중간 · B중간 · 끝낮음,제자리,0.097,-0.12,False
2022-08-18 18:00:00,2022-08-18 20:00:00,숏,9,시작낮음 · B얕음 · 끝높음,제자리,0.007,-0.132,False
2022-08-18 20:00:00,2022-08-18 23:00:00,롱,27,시작높음 · B얕음 · 끝높음,깨고하락,0.043,-0.611,True
2022-08-18 23:00:00,2022-08-19 20:00:00,숏,27,시작높음 · B얕음 · 끝높음,크게감,6.138,5.659,False
2022-08-19 20:00:00,2022-08-19 21:00:00,롱,19,시작높음 · B깊음 · 끝낮음,깨고하락,0.014,-0.084,True
2022-08-19 21:00:00,2022-08-20 01:00:00,숏,8,시작낮음 · B얕음 · 끝중간,제자리,0.125,0.034,False
2022-08-20 01:00:00,2022-08-22 02:00:00,롱,19,시작높음 · B깊음 · 끝낮음,깨고복귀,1.302,0.785,True
2022-08-22 02:00:00,2022-08-22 23:00:00,숏,10,시작중간 · B깊음 · 끝낮음,크게감,0.576,0.077,False
2022-08-22 23:00:00,2022-08-23 05:00:00,롱,5,시작낮음 · B중간 · 끝중간,제자리,0.069,-0.406,False
2022-08-23 05:00:00,2022-08-23 07:00:00,숏,6,시작낮음 · B중간 · 끝높음,제자리,0.104,-0.491,False
2022-08-23 07:00:00,2022-08-24 00:00:00,롱,11,시작중간 · B깊음 · 끝중간,크게감,0.682,0.149,False
2022-08-24 00:00:00,2022-08-24 12:00:00,숏,10,시작중간 · B깊음 · 끝낮음,조금감,0.298,-0.123,False
2022-08-24 12:00:00,2022-08-24 23:00:00,롱,2,시작낮음 · B깊음 · 끝중간,크게감,0.663,-0.194,False
2022-08-24 23:00:00,2022-08-25 06:00:00,숏,14,시작중간 · B중간 · 끝중간,제자리,0.067,-0.442,False
2022-08-25 06:00:00,2022-08-25 15:00:00,롱,18,시작중간 · B얕음 · 끝높음,조금감,0.225,-0.206,False
2022-08-25 15:00:00,2022-08-26 13:00:00,숏,23,시작높음 · B중간 · 끝중간,깨고하락,0.919,-0.358,True
2022-08-26 13:00:00,2022-08-26 14:00:00,롱,14,시작중간 · B중간 · 끝중간,제자리,0.073,-0.766,False
2022-08-26 14:00:00,2022-08-27 08:00:00,숏,18,시작중간 · B얕음 · 끝높음,크게감,1.607,1.245,False
2022-08-27 08:00:00,2022-08-28 23:00:00,롱,19,시작높음 · B깊음 · 끝낮음,깨고하락,0.026,-0.327,True
2022-08-28 23:00:00,2022-08-29 06:00:00,숏,9,시작낮음 · B얕음 · 끝높음,제자리,0.0,-0.127,False
2022-08-29 06:00:00,2022-08-30 12:00:00,롱,23,시작높음 · B중간 · 끝중간,크게감,0.974,0.654,False
2022-08-30 12:00:00,2022-08-31 01:00:00,숏,10,시작중간 · B깊음 · 끝낮음,크게감,0.755,0.101,False
2022-08-31 01:00:00,2022-08-31 14:00:00,롱,1,시작낮음 · B깊음 · 끝낮음,조금감,0.267,-0.128,False
2022-08-31 14:00:00,2022-09-01 20:00:00,숏,5,시작낮음 · B중간 · 끝중간,크게감,0.545,0.031,False
2022-09-01 20:00:00,2022-09-02 17:00:00,롱,1,시작낮음 · B깊음 · 끝낮음,조금감,0.393,-0.285,False
2022-09-02 17:00:00,2022-09-03 22:00:00,숏,2,시작낮음 · B깊음 · 끝중간,제자리,0.171,0.009,False
2022-09-03 22:00:00,2022-09-04 07:00:00,롱,4,시작낮음 · B중간 · 끝낮음,깨고하락,0.085,-0.193,True
2022-09-04 07:00:00,2022-09-04 09:00:00,숏,9,시작낮음 · B얕음 · 끝높음,제자리,0.088,-0.249,False
2022-09-04 09:00:00,2022-09-05 05:00:00,롱,27,시작높음 · B얕음 · 끝높음,크게감,1.076,-0.161,False
2022-09-05 05:00:00,2022-09-05 15:00:00,숏,20,시작높음 · B깊음 · 끝중간,조금감,0.207,-0.274,False
2022-09-05 15:00:00,2022-09-05 19:00:00,롱,14,시작중간 · B중간 · 끝중간,제자리,0.122,-0.329,False
2022-09-05 19:00:00,2022-09-05 22:00:00,숏,18,시작중간 · B얕음 · 끝높음,제자리,0.043,-0.284,False
2022-09-05 22:00:00,2022-09-06 05:00:00,롱,27,시작높음 · B얕음 · 끝높음,깨고하락,1.336,-0.081,True
2022-09-06 05:00:00,2022-09-06 06:00:00,숏,20,시작높음 · B깊음 · 끝중간,제자리,0.032,-0.14,False
2022-09-06 06:00:00,2022-09-06 13:00:00,롱,18,시작중간 · B얕음 · 끝높음,깨고하락,0.341,-0.13,True
2022-09-06 13:00:00,2022-09-07 08:00:00,숏,20,시작높음 · B깊음 · 끝중간,크게감,4.279,3.16,False
2022-09-07 08:00:00,2022-09-08 12:00:00,롱,10,시작중간 · B깊음 · 끝낮음,조금감,0.414,0.215,False
2022-09-08 12:00:00,2022-09-08 20:00:00,숏,4,시작낮음 · B중간 · 끝낮음,제자리,0.086,-0.158,False
2022-09-08 20:00:00,2022-09-09 21:00:00,롱,5,시작낮음 · B중간 · 끝중간,크게감,2.644,2.41,False
2022-09-09 21:00:00,2022-09-10 22:00:00,숏,19,시작높음 · B깊음 · 끝낮음,깨고하락,0.052,-0.21,True
2022-09-10 22:00:00,2022-09-11 00:00:00,롱,9,시작낮음 · B얕음 · 끝높음,제자리,0.01,-0.082,False
2022-09-11 00:00:00,2022-09-12 01:00:00,숏,26,시작높음 · B얕음 · 끝중간,깨고하락,0.297,-0.72,True
2022-09-12 01:00:00,2022-09-12 22:00:00,롱,27,시작높음 · B얕음 · 끝높음,조금감,0.433,0.27,False
2022-09-12 22:00:00,2022-09-13 11:00:00,숏,10,시작중간 · B깊음 · 끝낮음,깨고하락,0.223,-0.179,True
2022-09-13 11:00:00,2022-09-13 12:00:00,롱,9,시작낮음 · B얕음 · 끝높음,깨고하락,0.23,-0.958,True
2022-09-13 12:00:00,2022-09-14 04:00:00,숏,27,시작높음 · B얕음 · 끝높음,크게감,1.068,0.693,False
2022-09-14 04:00:00,2022-09-15 14:00:00,롱,19,시작높음 · B깊음 · 끝낮음,깨고하락,0.009,-0.23,True
2022-09-15 14:00:00,2022-09-16 02:00:00,숏,9,시작낮음 · B얕음 · 끝높음,제자리,0.071,-0.012,False
2022-09-16 02:00:00,2022-09-16 16:00:00,롱,22,시작높음 · B중간 · 끝낮음,깨고하락,0.148,-0.229,True
2022-09-16 16:00:00,2022-09-16 20:00:00,숏,9,시작낮음 · B얕음 · 끝높음,조금감,0.286,-0.295,False
2022-09-16 20:00:00,2022-09-18 01:00:00,롱,24,시작높음 · B중간 · 끝높음,크게감,0.769,0.44,False
2022-09-18 01:00:00,2022-09-19 12:00:00,숏,10,시작중간 · B깊음 · 끝낮음,크게감,2.183,1.376,False
2022-09-19 12:00:00,2022-09-20 08:00:00,롱,10,시작중간 · B깊음 · 끝낮음,조금감,0.421,0.237,False
2022-09-20 08:00:00,2022-09-21 03:00:00,숏,4,시작낮음 · B중간 · 끝낮음,조금감,0.293,0.142,False
2022-09-21 03:00:00,2022-09-21 21:00:00,롱,1,시작낮음 · B깊음 · 끝낮음,깨고하락,1.022,-0.556,True
2022-09-21 21:00:00,2022-09-22 07:00:00,숏,18,시작중간 · B얕음 · 끝높음,제자리,0.199,-0.265,False
2022-09-22 07:00:00,2022-09-23 07:00:00,롱,23,시작높음 · B중간 · 끝중간,조금감,0.307,0.149,False
2022-09-23 07:00:00,2022-09-23 22:00:00,숏,13,시작중간 · B중간 · 끝낮음,조금감,0.485,-0.079,False
2022-09-23 22:00:00,2022-09-24 10:00:00,롱,2,시작낮음 · B깊음 · 끝중간,제자리,0.071,-0.298,False
2022-09-24 10:00:00,2022-09-24 12:00:00,숏,14,시작중간 · B중간 · 끝중간,제자리,0.029,-0.138,False
2022-09-24 12:00:00,2022-09-24 21:00:00,롱,27,시작높음 · B얕음 · 끝높음,깨고하락,0.132,-0.407,True
2022-09-24 21:00:00,2022-09-25 07:00:00,숏,24,시작높음 · B중간 · 끝높음,조금감,0.381,-0.383,False
2022-09-25 07:00:00,2022-09-25 14:00:00,롱,11,시작중간 · B깊음 · 끝중간,조금감,0.232,-0.434,False
2022-09-25 14:00:00,2022-09-26 08:00:00,숏,6,시작낮음 · B중간 · 끝높음,깨고하락,0.757,-0.919,True
2022-09-26 08:00:00,2022-09-27 15:00:00,롱,24,시작높음 · B중간 · 끝높음,크게감,1.698,0.933,False
2022-09-27 15:00:00,2022-09-28 11:00:00,숏,10,시작중간 · B깊음 · 끝낮음,크게감,0.809,0.528,False
2022-09-28 11:00:00,2022-09-29 06:00:00,롱,1,시작낮음 · B깊음 · 끝낮음,조금감,0.437,0.221,False
2022-09-29 06:00:00,2022-09-29 20:00:00,숏,4,시작낮음 · B중간 · 끝낮음,조금감,0.303,-0.068,False
2022-09-29 20:00:00,2022-09-30 05:00:00,롱,2,시작낮음 · B깊음 · 끝중간,조금감,0.206,-0.065,False
2022-09-30 05:00:00,2022-09-30 07:00:00,숏,17,시작중간 · B얕음 · 끝중간,제자리,0.054,-0.141,False
2022-09-30 07:00:00,2022-09-30 11:00:00,롱,18,시작중간 · B얕음 · 끝높음,깨고하락,0.154,-0.316,True
2022-09-30 11:00:00,2022-09-30 14:00:00,숏,20,시작높음 · B깊음 · 끝중간,깨고하락,1.133,-2.104,True
2022-09-30 14:00:00,2022-09-30 20:00:00,롱,18,시작중간 · B얕음 · 끝높음,조금감,0.21,-0.614,False
2022-09-30 20:00:00,2022-10-01 22:00:00,숏,20,시작높음 · B깊음 · 끝중간,조금감,0.262,0.102,False
2022-10-01 22:00:00,2022-10-02 10:00:00,롱,26,시작높음 · B얕음 · 끝중간,깨고하락,0.069,-0.218,True
2022-10-02 10:00:00,2022-10-02 18:00:00,숏,18,시작중간 · B얕음 · 끝높음,제자리,0.068,-0.229,False
2022-10-02 18:00:00,2022-10-02 23:00:00,롱,20,시작높음 · B깊음 · 끝중간,깨고하락,0.341,-0.436,True
2022-10-02 23:00:00,2022-10-03 01:00:00,숏,18,시작중간 · B얕음 · 끝높음,조금감,0.242,-0.353,False
2022-10-03 01:00:00,2022-10-03 04:00:00,롱,23,시작높음 · B중간 · 끝중간,제자리,0.044,-0.266,False
2022-10-03 04:00:00,2022-10-03 05:00:00,숏,14,시작중간 · B중간 · 끝중간,깨고하락,0.119,-0.401,True
2022-10-03 05:00:00,2022-10-05 01:00:00,롱,15,시작중간 · B중간 · 끝높음,크게감,5.15,4.097,False
2022-10-05 01:00:00,2022-10-06 00:00:00,숏,10,시작중간 · B깊음 · 끝낮음,조금감,0.334,-0.037,False
2022-10-06 00:00:00,2022-10-06 07:00:00,롱,8,시작낮음 · B얕음 · 끝중간,제자리,0.129,-0.026,False
2022-10-06 07:00:00,2022-10-07 09:00:00,숏,14,시작중간 · B중간 · 끝중간,크게감,0.612,0.36,False
2022-10-07 09:00:00,2022-10-07 12:00:00,롱,22,시작높음 · B중간 · 끝낮음,깨고하락,0.176,-0.544,True
2022-10-07 12:00:00,2022-10-08 00:00:00,숏,18,시작중간 · B얕음 · 끝높음,조금감,0.345,0.056,False
2022-10-08 00:00:00,2022-10-08 21:00:00,롱,10,시작중간 · B깊음 · 끝낮음,깨고하락,0.032,-0.335,True
2022-10-08 21:00:00,2022-10-09 01:00:00,숏,9,시작낮음 · B얕음 · 끝높음,제자리,0.055,-0.089,False
2022-10-09 01:00:00,2022-10-09 23:00:00,롱,26,시작높음 · B얕음 · 끝중간,조금감,0.368,0.105,False
2022-10-09 23:00:00,2022-10-10 00:00:00,숏,14,시작중간 · B중간 · 끝중간,제자리,0.097,-0.127,False
2022-10-10 00:00:00,2022-10-10 05:00:00,롱,27,시작높음 · B얕음 · 끝높음,제자리,0.151,-0.294,False
2022-10-10 05:00:00,2022-10-11 08:00:00,숏,24,시작높음 · B중간 · 끝높음,크게감,2.92,1.901,False
2022-10-11 08:00:00,2022-10-13 02:00:00,롱,10,시작중간 · B깊음 · 끝낮음,깨고하락,0.265,-0.041,True
2022-10-13 02:00:00,2022-10-13 17:00:00,숏,8,시작낮음 · B얕음 · 끝중간,크게감,1.637,-0.111,False
2022-10-13 17:00:00,2022-10-14 10:00:00,롱,11,시작중간 · B깊음 · 끝중간,크게감,0.671,0.448,False
2022-10-14 10:00:00,2022-10-15 12:00:00,숏,13,시작중간 · B중간 · 끝낮음,조금감,0.346,0.279,False
2022-10-15 12:00:00,2022-10-17 03:00:00,롱,1,시작낮음 · B깊음 · 끝낮음,깨고복귀,0.279,0.029,True
2022-10-17 03:00:00,2022-10-17 04:00:00,숏,8,시작낮음 · B얕음 · 끝중간,제자리,0.032,-0.043,False
2022-10-17 04:00:00,2022-10-17 23:00:00,롱,17,시작중간 · B얕음 · 끝중간,크게감,0.997,0.712,False
2022-10-17 23:00:00,2022-10-18 00:00:00,숏,19,시작높음 · B깊음 · 끝낮음,제자리,0.085,-0.085,False
2022-10-18 00:00:00,2022-10-18 01:00:00,롱,9,시작낮음 · B얕음 · 끝높음,제자리,0.058,-0.117,False
2022-10-18 01:00:00,2022-10-18 07:00:00,숏,23,시작높음 · B중간 · 끝중간,깨고하락,0.435,-1.076,True
2022-10-18 07:00:00,2022-10-18 08:00:00,롱,6,시작낮음 · B중간 · 끝높음,제자리,0.0,-0.577,False
2022-10-18 08:00:00,2022-10-19 15:00:00,숏,27,시작높음 · B얕음 · 끝높음,크게감,2.097,1.188,False
2022-10-19 15:00:00,2022-10-20 00:00:00,롱,10,시작중간 · B깊음 · 끝낮음,깨고하락,0.015,-0.48,True
2022-10-20 00:00:00,2022-10-20 04:00:00,숏,9,시작낮음 · B얕음 · 끝높음,제자리,0.058,-0.255,False
2022-10-20 04:00:00,2022-10-20 18:00:00,롱,23,시작높음 · B중간 · 끝중간,조금감,0.402,-0.253,False
2022-10-20 18:00:00,2022-10-21 15:00:00,숏,11,시작중간 · B깊음 · 끝중간,크게감,0.919,-0.192,False
2022-10-21 15:00:00,2022-10-22 09:00:00,롱,14,시작중간 · B중간 · 끝중간,제자리,0.128,-0.033,False
2022-10-22 09:00:00,2022-10-22 11:00:00,숏,13,시작중간 · B중간 · 끝낮음,제자리,0.0,-0.054,False
2022-10-22 11:00:00,2022-10-22 17:00:00,롱,8,시작낮음 · B얕음 · 끝중간,조금감,0.242,-0.071,False
2022-10-22 17:00:00,2022-10-22 21:00:00,숏,23,시작높음 · B중간 · 끝중간,제자리,0.138,-0.518,False
2022-10-22 21:00:00,2022-10-22 22:00:00,롱,14,시작중간 · B중간 · 끝중간,제자리,0.0,-0.143,False
2022-10-22 22:00:00,2022-10-23 17:00:00,숏,27,시작높음 · B얕음 · 끝높음,깨고하락,1.52,-3.194,True
2022-10-23 17:00:00,2022-10-24 03:00:00,롱,27,시작높음 · B얕음 · 끝높음,크게감,0.502,-0.189,False
2022-10-24 03:00:00,2022-10-25 13:00:00,숏,10,시작중간 · B깊음 · 끝낮음,조금감,0.354,-0.132,False
2022-10-25 13:00:00,2022-10-26 06:00:00,롱,5,시작낮음 · B중간 · 끝중간,크게감,1.773,1.405,False
2022-10-26 06:00:00,2022-10-26 08:00:00,숏,10,시작중간 · B깊음 · 끝낮음,깨고하락,0.012,-0.361,True
2022-10-26 08:00:00,2022-10-26 18:00:00,롱,9,시작낮음 · B얕음 · 끝높음,조금감,0.239,0.021,False
2022-10-26 18:00:00,2022-10-28 13:00:00,숏,19,시작높음 · B깊음 · 끝낮음,크게감,0.858,0.268,False
2022-10-28 13:00:00,2022-10-29 13:00:00,롱,1,시작낮음 · B깊음 · 끝낮음,크게감,0.611,0.294,False
2022-10-29 13:00:00,2022-10-29 15:00:00,숏,1,시작낮음 · B깊음 · 끝낮음,제자리,0.017,-0.129,False
2022-10-29 15:00:00,2022-10-29 17:00:00,롱,9,시작낮음 · B얕음 · 끝높음,제자리,0.058,-0.124,False
2022-10-29 17:00:00,2022-10-31 09:00:00,숏,26,시작높음 · B얕음 · 끝중간,크게감,1.342,0.333,False
2022-10-31 09:00:00,2022-10-31 14:00:00,롱,10,시작중간 · B깊음 · 끝낮음,깨고하락,0.23,-0.678,True
2022-10-31 14:00:00,2022-10-31 23:00:00,숏,6,시작낮음 · B중간 · 끝높음,제자리,0.071,-0.199,False
2022-10-31 23:00:00,2022-11-01 14:00:00,롱,27,시작높음 · B얕음 · 끝높음,조금감,0.343,-0.142,False
2022-11-01 14:00:00,2022-11-01 23:00:00,숏,24,시작높음 · B중간 · 끝높음,제자리,0.057,-0.169,False
2022-11-01 23:00:00,2022-11-02 07:00:00,롱,27,시작높음 · B얕음 · 끝높음,조금감,0.209,-0.143,False
2022-11-02 07:00:00,2022-11-02 08:00:00,숏,24,시작높음 · B중간 · 끝높음,제자리,0.071,-0.31,False
2022-11-02 08:00:00,2022-11-02 09:00:00,롱,23,시작높음 · B중간 · 끝중간,제자리,0.167,-0.187,False
2022-11-02 09:00:00,2022-11-02 16:00:00,숏,13,시작중간 · B중간 · 끝낮음,깨고하락,0.685,-0.364,True
2022-11-02 16:00:00,2022-11-02 19:00:00,롱,5,시작낮음 · B중간 · 끝중간,깨고하락,1.316,-1.35,True
2022-11-02 19:00:00,2022-11-03 04:00:00,숏,15,시작중간 · B중간 · 끝높음,조금감,0.266,-0.15,False
2022-11-03 04:00:00,2022-11-03 11:00:00,롱,14,시작중간 · B중간 · 끝중간,깨고하락,0.043,-0.307,True
2022-11-03 11:00:00,2022-11-03 15:00:00,숏,9,시작낮음 · B얕음 · 끝높음,제자리,0.189,-0.222,False
2022-11-03 15:00:00,2022-11-05 08:00:00,롱,23,시작높음 · B중간 · 끝중간,크게감,3.327,2.818,False
2022-11-05 08:00:00,2022-11-07 17:00:00,숏,19,시작높음 · B깊음 · 끝낮음,조금감,0.489,0.406,False
2022-11-07 17:00:00,2022-11-07 22:00:00,롱,4,시작낮음 · B중간 · 끝낮음,깨고하락,0.142,-0.177,True
2022-11-07 22:00:00,2022-11-08 16:00:00,숏,9,시작낮음 · B얕음 · 끝높음,크게감,1.197,0.096,False
2022-11-08 16:00:00,2022-11-08 18:00:00,롱,19,시작높음 · B깊음 · 끝낮음,깨고하락,0.038,-1.051,True
2022-11-08 18:00:00,2022-11-09 05:00:00,숏,6,시작낮음 · B중간 · 끝높음,크게감,0.771,0.088,False
2022-11-09 05:00:00,2022-11-09 10:00:00,롱,22,시작높음 · B중간 · 끝낮음,제자리,0.016,-0.184,False
2022-11-09 10:00:00,2022-11-10 03:00:00,숏,9,시작낮음 · B얕음 · 끝높음,크게감,0.805,0.481,False
2022-11-10 03:00:00,2022-11-11 03:00:00,롱,19,시작높음 · B깊음 · 끝낮음,크게감,0.605,0.227,False
2022-11-11 03:00:00,2022-11-12 03:00:00,숏,1,시작낮음 · B깊음 · 끝낮음,조금감,0.269,0.056,False
2022-11-12 03:00:00,2022-11-12 04:00:00,롱,8,시작낮음 · B얕음 · 끝중간,제자리,0.022,-0.068,False
2022-11-12 04:00:00,2022-11-12 08:00:00,숏,17,시작중간 · B얕음 · 끝중간,제자리,0.106,-0.063,False
2022-11-12 08:00:00,2022-11-13 06:00:00,롱,19,시작높음 · B깊음 · 끝낮음,크게감,0.507,-0.509,False
2022-11-13 06:00:00,2022-11-14 07:00:00,숏,15,시작중간 · B중간 · 끝높음,크게감,2.385,-0.384,False
2022-11-14 07:00:00,2022-11-14 19:00:00,롱,11,시작중간 · B깊음 · 끝중간,조금감,0.337,-0.473,False
2022-11-14 19:00:00,2022-11-15 01:00:00,숏,15,시작중간 · B중간 · 끝높음,제자리,0.055,-0.315,False
2022-11-15 01:00:00,2022-11-15 18:00:00,롱,14,시작중간 · B중간 · 끝중간,조금감,0.443,0.024,False
2022-11-15 18:00:00,2022-11-16 23:00:00,숏,13,시작중간 · B중간 · 끝낮음,조금감,0.358,0.08,False
2022-11-16 23:00:00,2022-11-18 08:00:00,롱,1,시작낮음 · B깊음 · 끝낮음,조금감,0.446,0.111,False
2022-11-18 08:00:00,2022-11-19 11:00:00,숏,5,시작낮음 · B중간 · 끝중간,조금감,0.294,0.101,False
2022-11-19 11:00:00,2022-11-20 08:00:00,롱,17,시작중간 · B얕음 · 끝중간,깨고하락,0.223,-0.098,True
2022-11-20 08:00:00,2022-11-21 12:00:00,숏,14,시작중간 · B중간 · 끝중간,크게감,2.336,1.615,False
2022-11-21 12:00:00,2022-11-21 19:00:00,롱,10,시작중간 · B깊음 · 끝낮음,깨고하락,0.193,-0.434,True
2022-11-21 19:00:00,2022-11-22 02:00:00,숏,9,시작낮음 · B얕음 · 끝높음,깨고하락,0.224,-0.142,True
2022-11-22 02:00:00,2022-11-23 13:00:00,롱,23,시작높음 · B중간 · 끝중간,크게감,0.912,0.581,False
2022-11-23 13:00:00,2022-11-24 01:00:00,숏,10,시작중간 · B깊음 · 끝낮음,깨고하락,0.071,-0.279,True
2022-11-24 01:00:00,2022-11-24 07:00:00,롱,9,시작낮음 · B얕음 · 끝높음,제자리,0.065,-0.106,False
2022-11-24 07:00:00,2022-11-25 12:00:00,숏,23,시작높음 · B중간 · 끝중간,크게감,0.534,0.228,False
2022-11-25 12:00:00,2022-11-26 11:00:00,롱,10,시작중간 · B깊음 · 끝낮음,조금감,0.404,0.149,False
2022-11-26 11:00:00,2022-11-27 04:00:00,숏,5,시작낮음 · B중간 · 끝중간,크게감,0.507,0.022,False
2022-11-27 04:00:00,2022-11-27 23:00:00,롱,11,시작중간 · B깊음 · 끝중간,제자리,0.089,-0.423,False
2022-11-27 23:00:00,2022-11-28 14:00:00,숏,18,시작중간 · B얕음 · 끝높음,크게감,1.251,0.756,False
2022-11-28 14:00:00,2022-11-28 15:00:00,롱,10,시작중간 · B깊음 · 끝낮음,제자리,0.035,-0.119,False
2022-11-28 15:00:00,2022-11-28 16:00:00,숏,8,시작낮음 · B얕음 · 끝중간,깨고하락,0.294,-0.31,True
2022-11-28 16:00:00,2022-11-29 15:00:00,롱,18,시작중간 · B얕음 · 끝높음,크게감,0.638,0.232,False
2022-11-29 15:00:00,2022-11-29 22:00:00,숏,10,시작중간 · B깊음 · 끝낮음,제자리,0.093,-0.18,False
2022-11-29 22:00:00,2022-11-29 23:00:00,롱,9,시작낮음 · B얕음 · 끝높음,제자리,0.047,-0.108,False
2022-11-29 23:00:00,2022-11-30 00:00:00,숏,26,시작높음 · B얕음 · 끝중간,깨고하락,0.049,-2.2,True
2022-11-30 00:00:00,2022-11-30 12:00:00,롱,18,시작중간 · B얕음 · 끝높음,크게감,0.611,-0.11,False
2022-11-30 12:00:00,2022-11-30 20:00:00,숏,10,시작중간 · B깊음 · 끝낮음,깨고하락,0.094,-0.428,True
2022-11-30 20:00:00,2022-12-01 04:00:00,롱,9,시작낮음 · B얕음 · 끝높음,조금감,0.264,0.06,False
2022-12-01 04:00:00,2022-12-02 10:00:00,숏,26,시작높음 · B얕음 · 끝중간,깨고복귀,0.485,0.292,True
2022-12-02 10:00:00,2022-12-02 14:00:00,롱,13,시작중간 · B중간 · 끝낮음,깨고하락,0.262,-0.11,True
2022-12-02 14:00:00,2022-12-02 19:00:00,숏,17,시작중간 · B얕음 · 끝중간,제자리,0.027,-0.126,False
2022-12-02 19:00:00,2022-12-03 06:00:00,롱,27,시작높음 · B얕음 · 끝높음,크게감,0.523,-0.027,False
2022-12-03 06:00:00,2022-12-04 02:00:00,숏,20,시작높음 · B깊음 · 끝중간,조금감,0.373,0.018,False
2022-12-04 02:00:00,2022-12-04 12:00:00,롱,14,시작중간 · B중간 · 끝중간,조금감,0.354,-0.044,False
2022-12-04 12:00:00,2022-12-04 15:00:00,숏,14,시작중간 · B중간 · 끝중간,제자리,0.172,-0.321,False
2022-12-04 15:00:00,2022-12-05 12:00:00,롱,27,시작높음 · B얕음 · 끝높음,크게감,2.458,1.34,False
2022-12-05 12:00:00,2022-12-06 08:00:00,숏,19,시작높음 · B깊음 · 끝낮음,크게감,0.728,0.41,False
2022-12-06 08:00:00,2022-12-06 10:00:00,롱,1,시작낮음 · B깊음 · 끝낮음,제자리,0.001,-0.122,False
2022-12-06 10:00:00,2022-12-06 11:00:00,숏,8,시작낮음 · B얕음 · 끝중간,제자리,0.137,-0.033,False
2022-12-06 11:00:00,2022-12-07 07:00:00,롱,26,시작높음 · B얕음 · 끝중간,깨고하락,1.178,-1.563,True
2022-12-07 07:00:00,2022-12-07 21:00:00,숏,24,시작높음 · B중간 · 끝높음,조금감,0.236,-0.139,False
2022-12-07 21:00:00,2022-12-09 07:00:00,롱,22,시작높음 · B중간 · 끝낮음,크게감,0.988,0.815,False
2022-12-09 07:00:00,2022-12-10 15:00:00,숏,10,시작중간 · B깊음 · 끝낮음,깨고복귀,0.258,0.008,True
2022-12-10 15:00:00,2022-12-10 20:00:00,롱,8,시작낮음 · B얕음 · 끝중간,제자리,0.03,-0.077,False
2022-12-10 20:00:00,2022-12-11 05:00:00,숏,17,시작중간 · B얕음 · 끝중간,조금감,0.213,-0.04,False
2022-12-11 05:00:00,2022-12-11 13:00:00,롱,14,시작중간 · B중간 · 끝중간,제자리,0.169,-0.127,False
2022-12-11 13:00:00,2022-12-11 18:00:00,숏,17,시작중간 · B얕음 · 끝중간,깨고하락,0.187,-0.46,True
2022-12-11 18:00:00,2022-12-11 20:00:00,롱,15,시작중간 · B중간 · 끝높음,깨고하락,0.844,-1.144,True
2022-12-11 20:00:00,2022-12-12 11:00:00,숏,24,시작높음 · B중간 · 끝높음,크게감,1.216,0.636,False
2022-12-12 11:00:00,2022-12-14 01:00:00,롱,19,시작높음 · B깊음 · 끝낮음,크게감,2.612,2.038,False
2022-12-14 01:00:00,2022-12-14 15:00:00,숏,10,시작중간 · B깊음 · 끝낮음,깨고하락,0.042,-0.232,True
2022-12-14 15:00:00,2022-12-14 19:00:00,롱,9,시작낮음 · B얕음 · 끝높음,깨고하락,0.287,-0.227,True
2022-12-14 19:00:00,2022-12-16 02:00:00,숏,27,시작높음 · B얕음 · 끝높음,크게감,0.586,0.432,False
2022-12-16 02:00:00,2022-12-16 09:00:00,롱,10,시작중간 · B깊음 · 끝낮음,깨고하락,0.121,-0.325,True
2022-12-16 09:00:00,2022-12-17 04:00:00,숏,9,시작낮음 · B얕음 · 끝높음,조금감,0.349,0.233,False
2022-12-17 04:00:00,2022-12-19 04:00:00,롱,19,시작높음 · B깊음 · 끝낮음,조금감,0.202,0.001,False
2022-12-19 04:00:00,2022-12-19 08:00:00,숏,8,시작낮음 · B얕음 · 끝중간,제자리,0.02,-0.074,False
2022-12-19 08:00:00,2022-12-19 13:00:00,롱,18,시작중간 · B얕음 · 끝높음,제자리,0.084,-0.172,False
2022-12-19 13:00:00,2022-12-20 02:00:00,숏,23,시작높음 · B중간 · 끝중간,깨고하락,4.511,-0.104,True
2022-12-20 02:00:00,2022-12-21 00:00:00,롱,14,시작중간 · B중간 · 끝중간,조금감,0.433,0.157,False
2022-12-21 00:00:00,2022-12-22 02:00:00,숏,13,시작중간 · B중간 · 끝낮음,제자리,0.149,-0.006,False
2022-12-22 02:00:00,2022-12-22 13:00:00,롱,8,시작낮음 · B얕음 · 끝중간,제자리,0.04,-0.13,False
2022-12-22 13:00:00,2022-12-22 21:00:00,숏,9,시작낮음 · B얕음 · 끝높음,크게감,1.031,-0.139,False
2022-12-22 21:00:00,2022-12-23 14:00:00,롱,11,시작중간 · B깊음 · 끝중간,크게감,0.614,-0.075,False
2022-12-23 14:00:00,2022-12-24 15:00:00,숏,17,시작중간 · B얕음 · 끝중간,제자리,0.042,-0.121,False
2022-12-24 15:00:00,2022-12-24 21:00:00,롱,17,시작중간 · B얕음 · 끝중간,제자리,0.088,-0.06,False
2022-12-24 21:00:00,2022-12-25 01:00:00,숏,26,시작높음 · B얕음 · 끝중간,제자리,0.1,-0.186,False
2022-12-25 01:00:00,2022-12-25 02:00:00,롱,14,시작중간 · B중간 · 끝중간,제자리,0.0,-0.324,False
2022-12-25 02:00:00,2022-12-25 23:00:00,숏,27,시작높음 · B얕음 · 끝높음,깨고하락,2.663,-0.024,True
2022-12-25 23:00:00,2022-12-26 13:00:00,롱,11,시작중간 · B깊음 · 끝중간,크게감,0.621,0.039,False
2022-12-26 13:00:00,2022-12-26 23:00:00,숏,14,시작중간 · B중간 · 끝중간,깨고하락,0.239,-0.406,True
2022-12-26 23:00:00,2022-12-27 08:00:00,롱,18,시작중간 · B얕음 · 끝높음,조금감,0.324,-0.45,False
2022-12-27 08:00:00,2022-12-28 09:00:00,숏,11,시작중간 · B깊음 · 끝중간,크게감,1.61,1.053,False
2022-12-28 09:00:00,2022-12-28 21:00:00,롱,10,시작중간 · B깊음 · 끝낮음,깨고하락,0.305,-0.296,True
2022-12-28 21:00:00,2022-12-29 04:00:00,숏,6,시작낮음 · B중간 · 끝높음,제자리,0.133,-0.095,False
2022-12-29 04:00:00,2022-12-30 05:00:00,롱,26,시작높음 · B얕음 · 끝중간,조금감,0.301,-0.029,False
2022-12-30 05:00:00,2022-12-30 16:00:00,숏,14,시작중간 · B중간 · 끝중간,크게감,1.074,0.026,False
2022-12-30 16:00:00,2022-12-31 09:00:00,롱,10,시작중간 · B깊음 · 끝낮음,크게감,0.535,0.027,False
2022-12-31 09:00:00,2022-12-31 10:00:00,숏,17,시작중간 · B얕음 · 끝중간,제자리,0.001,-0.05,False
2022-12-31 10:00:00,2022-12-31 20:00:00,롱,26,시작높음 · B얕음 · 끝중간,조금감,0.327,-0.02,False
2022-12-31 20:00:00,2023-01-01 11:00:00,숏,19,시작높음 · B깊음 · 끝낮음,크게감,1.092,0.136,False
2023-01-01 11:00:00,2023-01-02 17:00:00,롱,17,시작중간 · B얕음 · 끝중간,크게감,1.209,0.835,False
2023-01-02 17:00:00,2023-01-02 21:00:00,숏,10,시작중간 · B깊음 · 끝낮음,깨고하락,0.012,-0.141,True
2023-01-02 21:00:00,2023-01-02 22:00:00,롱,9,시작낮음 · B얕음 · 끝높음,깨고하락,0.032,-0.229,True
2023-01-02 22:00:00,2023-01-04 01:00:00,숏,27,시작높음 · B얕음 · 끝높음,크게감,0.729,-0.028,False
2023-01-04 01:00:00,2023-01-04 16:00:00,롱,10,시작중간 · B깊음 · 끝낮음,크게감,1.054,0.784,False
2023-01-04 16:00:00,2023-01-04 17:00:00,숏,10,시작중간 · B깊음 · 끝낮음,깨고하락,0.023,-0.102,True
2023-01-04 17:00:00,2023-01-04 20:00:00,롱,8,시작낮음 · B얕음 · 끝중간,깨고하락,0.391,-0.291,True
2023-01-04 20:00:00,2023-01-05 19:00:00,숏,27,시작높음 · B얕음 · 끝높음,조금감,0.247,-0.24,False
2023-01-05 19:00:00,2023-01-06 01:00:00,롱,26,시작높음 · B얕음 · 끝중간,제자리,0.023,-0.141,False
2023-01-06 01:00:00,2023-01-06 16:00:00,숏,26,시작높음 · B얕음 · 끝중간,크게감,1.15,-0.032,False
2023-01-06 16:00:00,2023-01-07 08:00:00,롱,14,시작중간 · B중간 · 끝중간,크게감,1.095,0.519,False
2023-01-07 08:00:00,2023-01-08 15:00:00,숏,13,시작중간 · B중간 · 끝낮음,제자리,0.052,-0.189,False
2023-01-08 15:00:00,2023-01-08 17:00:00,롱,9,시작낮음 · B얕음 · 끝높음,제자리,0.088,-0.298,False
2023-01-08 17:00:00,2023-01-08 21:00:00,숏,24,시작높음 · B중간 · 끝높음,제자리,0.042,-0.258,False
2023-01-08 21:00:00,2023-01-09 20:00:00,롱,27,시작높음 · B얕음 · 끝높음,크게감,4.555,2.733,False
2023-01-09 20:00:00,2023-01-10 15:00:00,숏,19,시작높음 · B깊음 · 끝낮음,제자리,0.195,-0.209,False
2023-01-10 15:00:00,2023-01-11 04:00:00,롱,8,시작낮음 · B얕음 · 끝중간,조금감,0.417,0.208,False
2023-01-11 04:00:00,2023-01-11 19:00:00,숏,22,시작높음 · B중간 · 끝낮음,깨고하락,0.245,-0.359,True
2023-01-11 19:00:00,2023-01-12 14:00:00,롱,9,시작낮음 · B얕음 · 끝높음,크게감,2.875,1.542,False
2023-01-12 14:00:00,2023-01-12 17:00:00,숏,19,시작높음 · B깊음 · 끝낮음,깨고하락,0.008,-0.793,True
2023-01-12 17:00:00,2023-01-13 03:00:00,롱,9,시작낮음 · B얕음 · 끝높음,조금감,0.208,0.019,False
2023-01-13 03:00:00,2023-01-13 17:00:00,숏,10,시작중간 · B깊음 · 끝낮음,깨고하락,0.078,-0.309,True
2023-01-13 17:00:00,2023-01-14 10:00:00,롱,9,시작낮음 · B얕음 · 끝높음,크게감,1.78,0.98,False
2023-01-14 10:00:00,2023-01-16 01:00:00,숏,19,시작높음 · B깊음 · 끝낮음,제자리,0.01,-0.245,False
2023-01-16 01:00:00,2023-01-16 08:00:00,롱,9,시작낮음 · B얕음 · 끝높음,제자리,0.105,-0.18,False
2023-01-16 08:00:00,2023-01-16 18:00:00,숏,24,시작높음 · B중간 · 끝높음,제자리,0.124,-0.432,False
2023-01-16 18:00:00,2023-01-17 01:00:00,롱,15,시작중간 · B중간 · 끝높음,조금감,0.254,-0.279,False
2023-01-17 01:00:00,2023-01-17 12:00:00,숏,14,시작중간 · B중간 · 끝중간,제자리,0.059,-0.234,False
2023-01-17 12:00:00,2023-01-17 16:00:00,롱,18,시작중간 · B얕음 · 끝높음,크게감,0.578,-0.133,False
2023-01-17 16:00:00,2023-01-17 18:00:00,숏,23,시작높음 · B중간 · 끝중간,제자리,0.102,-0.245,False
2023-01-17 18:00:00,2023-01-17 22:00:00,롱,27,시작높음 · B얕음 · 끝높음,제자리,0.066,-0.222,False
2023-01-17 22:00:00,2023-01-18 13:00:00,숏,23,시작높음 · B중간 · 끝중간,깨고하락,0.502,-0.55,True
2023-01-18 13:00:00,2023-01-18 15:00:00,롱,18,시작중간 · B얕음 · 끝높음,깨고하락,0.6,-0.816,True
2023-01-18 15:00:00,2023-01-19 06:00:00,숏,18,시작중간 · B얕음 · 끝높음,크게감,0.733,0.233,False
2023-01-19 06:00:00,2023-01-20 06:00:00,롱,10,시작중간 · B깊음 · 끝낮음,조금감,0.304,0.082,False
2023-01-20 06:00:00,2023-01-20 13:00:00,숏,8,시작낮음 · B얕음 · 끝중간,제자리,0.063,-0.099,False
2023-01-20 13:00:00,2023-01-21 13:00:00,롱,17,시작중간 · B얕음 · 끝중간,크게감,4.055,3.302,False
2023-01-21 13:00:00,2023-01-23 09:00:00,숏,19,시작높음 · B깊음 · 끝낮음,깨고복귀,0.258,0.054,True
2023-01-23 09:00:00,2023-01-24 09:00:00,롱,8,시작낮음 · B얕음 · 끝중간,제자리,0.169,0.027,False
2023-01-24 09:00:00,2023-01-24 20:00:00,숏,14,시작중간 · B중간 · 끝중간,제자리,0.148,-0.145,False
2023-01-24 20:00:00,2023-01-24 21:00:00,롱,5,시작낮음 · B중간 · 끝중간,제자리,0.098,-0.149,False
2023-01-24 21:00:00,2023-01-25 12:00:00,숏,27,시작높음 · B얕음 · 끝높음,크게감,1.459,0.507,False
2023-01-25 12:00:00,2023-01-25 14:00:00,롱,19,시작높음 · B깊음 · 끝낮음,제자리,0.05,-0.345,False
2023-01-25 14:00:00,2023-01-25 16:00:00,숏,9,시작낮음 · B얕음 · 끝높음,제자리,0.135,-0.258,False
2023-01-25 16:00:00,2023-01-26 08:00:00,롱,23,시작높음 · B중간 · 끝중간,크게감,2.967,0.878,False
2023-01-26 08:00:00,2023-01-27 07:00:00,숏,19,시작높음 · B깊음 · 끝낮음,조금감,0.31,-0.05,False
2023-01-27 07:00:00,2023-01-27 13:00:00,롱,17,시작중간 · B얕음 · 끝중간,제자리,0.004,-0.127,False
2023-01-27 13:00:00,2023-01-27 14:00:00,숏,17,시작중간 · B얕음 · 끝중간,제자리,0.093,-0.093,False
2023-01-27 14:00:00,2023-01-28 04:00:00,롱,27,시작높음 · B얕음 · 끝높음,크게감,2.218,0.48,False
2023-01-28 04:00:00,2023-01-28 19:00:00,숏,10,시작중간 · B깊음 · 끝낮음,조금감,0.318,0.078,False
2023-01-28 19:00:00,2023-01-28 20:00:00,롱,8,시작낮음 · B얕음 · 끝중간,제자리,0.01,-0.114,False
2023-01-28 20:00:00,2023-01-28 23:00:00,숏,8,시작낮음 · B얕음 · 끝중간,제자리,0.105,-0.249,False
2023-01-28 23:00:00,2023-01-30 01:00:00,롱,2,시작낮음 · B깊음 · 끝중간,크게감,8.317,5.714,False
2023-01-30 01:00:00,2023-01-31 06:00:00,숏,10,시작중간 · B깊음 · 끝낮음,크게감,1.152,0.837,False
2023-01-31 06:00:00,2023-02-01 07:00:00,롱,1,시작낮음 · B깊음 · 끝낮음,조금감,0.383,0.179,False
2023-02-01 07:00:00,2023-02-01 19:00:00,숏,4,시작낮음 · B중간 · 끝낮음,깨고하락,0.247,-0.24,True
2023-02-01 19:00:00,2023-02-02 08:00:00,롱,9,시작낮음 · B얕음 · 끝높음,크게감,1.178,0.551,False
2023-02-02 08:00:00,2023-02-03 15:00:00,숏,19,시작높음 · B깊음 · 끝낮음,조금감,0.383,0.13,False
2023-02-03 15:00:00,2023-02-03 19:00:00,롱,5,시작낮음 · B중간 · 끝중간,제자리,0.078,-0.189,False
2023-02-03 19:00:00,2023-02-04 02:00:00,숏,18,시작중간 · B얕음 · 끝높음,제자리,0.119,-0.082,False
2023-02-04 02:00:00,2023-02-04 03:00:00,롱,26,시작높음 · B얕음 · 끝중간,제자리,0.005,-0.086,False
2023-02-04 03:00:00,2023-02-04 09:00:00,숏,17,시작중간 · B얕음 · 끝중간,조금감,0.322,-0.004,False
2023-02-04 09:00:00,2023-02-04 23:00:00,롱,10,시작중간 · B깊음 · 끝낮음,크게감,1.691,-0.181,False
2023-02-04 23:00:00,2023-02-05 06:00:00,숏,11,시작중간 · B깊음 · 끝중간,조금감,0.303,-0.229,False
2023-02-05 06:00:00,2023-02-05 12:00:00,롱,14,시작중간 · B중간 · 끝중간,깨고하락,0.065,-0.653,True
2023-02-05 12:00:00,2023-02-06 08:00:00,숏,18,시작중간 · B얕음 · 끝높음,크게감,1.217,0.67,False
2023-02-06 08:00:00,2023-02-07 00:00:00,롱,19,시작높음 · B깊음 · 끝낮음,조금감,0.372,-0.082,False
2023-02-07 00:00:00,2023-02-07 04:00:00,숏,5,시작낮음 · B중간 · 끝중간,제자리,0.006,-0.096,False
2023-02-07 04:00:00,2023-02-08 07:00:00,롱,27,시작높음 · B얕음 · 끝높음,크게감,1.113,0.694,False
2023-02-08 07:00:00,2023-02-09 12:00:00,숏,19,시작높음 · B깊음 · 끝낮음,크게감,1.238,0.761,False
2023-02-09 12:00:00,2023-02-09 16:00:00,롱,10,시작중간 · B깊음 · 끝낮음,제자리,0.137,-0.168,False
2023-02-09 16:00:00,2023-02-10 07:00:00,숏,9,시작낮음 · B얕음 · 끝높음,크게감,1.001,0.675,False
2023-02-10 07:00:00,2023-02-12 21:00:00,롱,19,시작높음 · B깊음 · 끝낮음,깨고하락,0.138,-0.151,True
2023-02-12 21:00:00,2023-02-13 20:00:00,숏,8,시작낮음 · B얕음 · 끝중간,조금감,0.335,0.058,False
2023-02-13 20:00:00,2023-02-15 02:00:00,롱,10,시작중간 · B깊음 · 끝낮음,크게감,0.87,0.537,False
2023-02-15 02:00:00,2023-02-15 11:00:00,숏,1,시작낮음 · B깊음 · 끝낮음,깨고하락,0.004,-0.373,True
2023-02-15 11:00:00,2023-02-16 09:00:00,롱,9,시작낮음 · B얕음 · 끝높음,크게감,2.573,2.29,False
2023-02-16 09:00:00,2023-02-17 15:00:00,숏,19,시작높음 · B깊음 · 끝낮음,깨고복귀,0.455,0.184,True
2023-02-17 15:00:00,2023-02-18 08:00:00,롱,5,시작낮음 · B중간 · 끝중간,조금감,0.297,0.15,False
2023-02-18 08:00:00,2023-02-19 15:00:00,숏,1,시작낮음 · B깊음 · 끝낮음,깨고하락,0.076,-0.17,True
2023-02-19 15:00:00,2023-02-19 17:00:00,롱,9,시작낮음 · B얕음 · 끝높음,깨고하락,0.225,-0.468,True
2023-02-19 17:00:00,2023-02-20 06:00:00,숏,24,시작높음 · B중간 · 끝높음,크게감,0.614,-0.168,False
2023-02-20 06:00:00,2023-02-20 21:00:00,롱,10,시작중간 · B깊음 · 끝낮음,조금감,0.465,0.195,False
2023-02-20 21:00:00,2023-02-21 03:00:00,숏,13,시작중간 · B중간 · 끝낮음,제자리,0.093,-0.118,False
2023-02-21 03:00:00,2023-02-21 04:00:00,롱,9,시작낮음 · B얕음 · 끝높음,제자리,0.024,-0.039,False
2023-02-21 04:00:00,2023-02-21 05:00:00,숏,26,시작높음 · B얕음 · 끝중간,제자리,0.049,-0.106,False
2023-02-21 05:00:00,2023-02-21 08:00:00,롱,5,시작낮음 · B중간 · 끝중간,깨고하락,1.966,-1.491,True
2023-02-21 08:00:00,2023-02-22 11:00:00,숏,18,시작중간 · B얕음 · 끝높음,크게감,1.243,0.79,False
2023-02-22 11:00:00,2023-02-22 15:00:00,롱,10,시작중간 · B깊음 · 끝낮음,깨고하락,0.052,-0.305,True
2023-02-22 15:00:00,2023-02-22 22:00:00,숏,9,시작낮음 · B얕음 · 끝높음,제자리,0.09,-0.236,False
2023-02-22 22:00:00,2023-02-23 11:00:00,롱,24,시작높음 · B중간 · 끝높음,크게감,0.738,-0.501,False
2023-02-23 11:00:00,2023-02-24 01:00:00,숏,11,시작중간 · B깊음 · 끝중간,제자리,0.184,-0.222,False
2023-02-24 01:00:00,2023-02-24 13:00:00,롱,4,시작낮음 · B중간 · 끝낮음,제자리,0.02,-0.229,False
2023-02-24 13:00:00,2023-02-25 04:00:00,숏,9,시작낮음 · B얕음 · 끝높음,크게감,1.423,0.959,False
2023-02-25 04:00:00,2023-02-27 05:00:00,롱,19,시작높음 · B깊음 · 끝낮음,깨고복귀,0.426,0.2,True
2023-02-27 05:00:00,2023-02-27 14:00:00,숏,4,시작낮음 · B중간 · 끝낮음,깨고하락,0.043,-0.32,True
2023-02-27 14:00:00,2023-02-27 16:00:00,롱,9,시작낮음 · B얕음 · 끝높음,깨고하락,0.083,-0.358,True
2023-02-27 16:00:00,2023-02-28 12:00:00,숏,27,시작높음 · B얕음 · 끝높음,조금감,0.404,-0.075,False
2023-02-28 12:00:00,2023-02-28 20:00:00,롱,23,시작높음 · B중간 · 끝중간,제자리,0.184,-0.226,False
2023-02-28 20:00:00,2023-03-01 03:00:00,숏,6,시작낮음 · B중간 · 끝높음,조금감,0.489,-0.324,False
2023-03-01 03:00:00,2023-03-01 17:00:00,롱,27,시작높음 · B얕음 · 끝높음,크게감,1.027,0.456,False
2023-03-01 17:00:00,2023-03-02 19:00:00,숏,19,시작높음 · B깊음 · 끝낮음,크게감,0.5,0.227,False
2023-03-02 19:00:00,2023-03-03 01:00:00,롱,4,시작낮음 · B중간 · 끝낮음,깨고하락,0.122,-1.566,True
2023-03-03 01:00:00,2023-03-03 14:00:00,숏,18,시작중간 · B얕음 · 끝높음,제자리,0.03,-0.118,False
2023-03-03 14:00:00,2023-03-06 01:00:00,롱,19,시작높음 · B깊음 · 끝낮음,제자리,0.183,0.002,False
2023-03-06 01:00:00,2023-03-06 13:00:00,숏,8,시작낮음 · B얕음 · 끝중간,제자리,0.092,-0.036,False
2023-03-06 13:00:00,2023-03-06 20:00:00,롱,26,시작높음 · B얕음 · 끝중간,조금감,0.314,-0.163,False
2023-03-06 20:00:00,2023-03-07 02:00:00,숏,14,시작중간 · B중간 · 끝중간,제자리,0.087,-0.407,False
2023-03-07 02:00:00,2023-03-07 07:00:00,롱,18,시작중간 · B얕음 · 끝높음,제자리,0.187,-0.295,False
2023-03-07 07:00:00,2023-03-08 11:00:00,숏,27,시작높음 · B얕음 · 끝높음,크게감,2.518,1.478,False
2023-03-08 11:00:00,2023-03-08 22:00:00,롱,19,시작높음 · B깊음 · 끝낮음,깨고하락,0.229,-0.364,True
2023-03-08 22:00:00,2023-03-09 13:00:00,숏,9,시작낮음 · B얕음 · 끝높음,조금감,0.317,0.103,False
2023-03-09 13:00:00,2023-03-09 16:00:00,롱,22,시작높음 · B중간 · 끝낮음,깨고하락,0.18,-0.343,True
2023-03-09 16:00:00,2023-03-10 11:00:00,숏,6,시작낮음 · B중간 · 끝높음,크게감,3.137,2.787,False
2023-03-10 11:00:00,2023-03-11 12:00:00,롱,10,시작중간 · B깊음 · 끝낮음,조금감,0.4,0.12,False
2023-03-11 12:00:00,2023-03-11 14:00:00,숏,4,시작낮음 · B중간 · 끝낮음,제자리,0.001,-0.035,False
2023-03-11 14:00:00,2023-03-12 13:00:00,롱,8,시작낮음 · B얕음 · 끝중간,깨고복귀,0.38,0.239,True
2023-03-12 13:00:00,2023-03-12 17:00:00,숏,10,시작중간 · B깊음 · 끝낮음,깨고하락,0.17,-0.735,True
2023-03-12 17:00:00,2023-03-13 09:00:00,롱,9,시작낮음 · B얕음 · 끝높음,크게감,2.026,1.318,False
2023-03-13 09:00:00,2023-03-13 14:00:00,숏,19,시작높음 · B깊음 · 끝낮음,깨고하락,0.065,-0.657,True
2023-03-13 14:00:00,2023-03-14 02:00:00,롱,9,시작낮음 · B얕음 · 끝높음,조금감,0.336,0.246,False
2023-03-14 02:00:00,2023-03-14 12:00:00,숏,19,시작높음 · B깊음 · 끝낮음,깨고하락,0.054,-0.579,True
2023-03-14 12:00:00,2023-03-14 18:00:00,롱,9,시작낮음 · B얕음 · 끝높음,제자리,0.171,-0.231,False
2023-03-14 18:00:00,2023-03-16 06:00:00,숏,20,시작높음 · B깊음 · 끝중간,조금감,0.478,0.183,False
2023-03-16 06:00:00,2023-03-17 17:00:00,롱,1,시작낮음 · B깊음 · 끝낮음,크게감,0.915,0.728,False
2023-03-17 17:00:00,2023-03-17 19:00:00,숏,1,시작낮음 · B깊음 · 끝낮음,제자리,0.08,-0.111,False
2023-03-17 19:00:00,2023-03-17 20:00:00,롱,9,시작낮음 · B얕음 · 끝높음,제자리,0.022,-0.026,False
2023-03-17 20:00:00,2023-03-17 21:00:00,숏,25,시작높음 · B얕음 · 끝낮음,깨고하락,0.06,-0.51,True
2023-03-17 21:00:00,2023-03-18 04:00:00,롱,18,시작중간 · B얕음 · 끝높음,크게감,0.976,0.318,False
2023-03-18 04:00:00,2023-03-19 13:00:00,숏,19,시작높음 · B깊음 · 끝낮음,크게감,0.632,0.121,False
2023-03-19 13:00:00,2023-03-20 02:00:00,롱,5,시작낮음 · B중간 · 끝중간,크게감,1.033,0.215,False
2023-03-20 02:00:00,2023-03-20 08:00:00,숏,14,시작중간 · B중간 · 끝중간,깨고하락,0.163,-0.471,True
2023-03-20 08:00:00,2023-03-20 14:00:00,롱,6,시작낮음 · B중간 · 끝높음,제자리,0.13,-0.189,False
2023-03-20 14:00:00,2023-03-21 11:00:00,숏,26,시작높음 · B얕음 · 끝중간,크게감,0.556,0.012,False
2023-03-21 11:00:00,2023-03-21 22:00:00,롱,24,시작높음 · B중간 · 끝높음,조금감,0.371,-0.014,False
2023-03-21 22:00:00,2023-03-21 23:00:00,숏,17,시작중간 · B얕음 · 끝중간,제자리,0.037,-0.064,False
2023-03-21 23:00:00,2023-03-22 00:00:00,롱,26,시작높음 · B얕음 · 끝중간,제자리,0.01,-0.105,False
2023-03-22 00:00:00,2023-03-22 04:00:00,숏,23,시작높음 · B중간 · 끝중간,깨고하락,0.254,-0.777,True
2023-03-22 04:00:00,2023-03-22 08:00:00,롱,15,시작중간 · B중간 · 끝높음,조금감,0.301,-0.327,False
2023-03-22 08:00:00,2023-03-22 13:00:00,숏,27,시작높음 · B얕음 · 끝높음,깨고하락,0.292,-0.562,True
2023-03-22 13:00:00,2023-03-22 19:00:00,롱,27,시작높음 · B얕음 · 끝높음,깨고하락,1.482,-3.876,True
2023-03-22 19:00:00,2023-03-23 06:00:00,숏,27,시작높음 · B얕음 · 끝높음,제자리,0.026,-0.437,False
2023-03-23 06:00:00,2023-03-24 04:00:00,롱,22,시작높음 · B중간 · 끝낮음,조금감,0.493,0.21,False
2023-03-24 04:00:00,2023-03-25 09:00:00,숏,22,시작높음 · B중간 · 끝낮음,크게감,0.532,0.301,False
2023-03-25 09:00:00,2023-03-25 19:00:00,롱,1,시작낮음 · B깊음 · 끝낮음,제자리,0.178,-0.158,False
2023-03-25 19:00:00,2023-03-25 22:00:00,숏,9,시작낮음 · B얕음 · 끝높음,제자리,0.025,-0.187,False
2023-03-25 22:00:00,2023-03-27 02:00:00,롱,17,시작중간 · B얕음 · 끝중간,크게감,1.165,0.657,False
2023-03-27 02:00:00,2023-03-28 05:00:00,숏,19,시작높음 · B깊음 · 끝낮음,크게감,1.305,0.845,False
2023-03-28 05:00:00,2023-03-29 18:00:00,롱,10,시작중간 · B깊음 · 끝낮음,크게감,0.976,0.782,False
2023-03-29 18:00:00,2023-03-31 13:00:00,숏,1,시작낮음 · B깊음 · 끝낮음,깨고하락,0.379,-0.021,True
2023-03-31 13:00:00,2023-04-01 07:00:00,롱,8,시작낮음 · B얕음 · 끝중간,제자리,0.187,0.022,False
2023-04-01 07:00:00,2023-04-01 22:00:00,숏,13,시작중간 · B중간 · 끝낮음,제자리,0.134,-0.05,False
2023-04-01 22:00:00,2023-04-02 00:00:00,롱,8,시작낮음 · B얕음 · 끝중간,제자리,0.06,-0.198,False
2023-04-02 00:00:00,2023-04-02 06:00:00,숏,27,시작높음 · B얕음 · 끝높음,제자리,0.052,-0.255,False
2023-04-02 06:00:00,2023-04-02 07:00:00,롱,26,시작높음 · B얕음 · 끝중간,제자리,0.111,-0.188,False
2023-04-02 07:00:00,2023-04-03 08:00:00,숏,27,시작높음 · B얕음 · 끝높음,크게감,4.261,0.435,False
2023-04-03 08:00:00,2023-04-03 20:00:00,롱,11,시작중간 · B깊음 · 끝중간,깨고하락,0.249,-0.81,True
2023-04-03 20:00:00,2023-04-04 05:00:00,숏,6,시작낮음 · B중간 · 끝높음,조금감,0.342,-0.27,False
2023-04-04 05:00:00,2023-04-05 11:00:00,롱,14,시작중간 · B중간 · 끝중간,크게감,0.673,0.489,False
2023-04-05 11:00:00,2023-04-06 15:00:00,숏,13,시작중간 · B중간 · 끝낮음,크게감,0.54,0.285,False
2023-04-06 15:00:00,2023-04-07 07:00:00,롱,1,시작낮음 · B깊음 · 끝낮음,제자리,0.065,-0.229,False
2023-04-07 07:00:00,2023-04-07 15:00:00,숏,8,시작낮음 · B얕음 · 끝중간,제자리,0.05,-0.101,False
2023-04-07 15:00:00,2023-04-08 16:00:00,롱,26,시작높음 · B얕음 · 끝중간,크게감,0.553,0.13,False
2023-04-08 16:00:00,2023-04-09 01:00:00,숏,10,시작중간 · B깊음 · 끝낮음,조금감,0.333,-0.184,False
2023-04-09 01:00:00,2023-04-09 06:00:00,롱,15,시작중간 · B중간 · 끝높음,깨고하락,0.023,-0.563,True
2023-04-09 06:00:00,2023-04-09 18:00:00,숏,27,시작높음 · B얕음 · 끝높음,조금감,0.436,-0.545,False
2023-04-09 18:00:00,2023-04-10 09:00:00,롱,23,시작높음 · B중간 · 끝중간,크게감,1.675,0.925,False
2023-04-10 09:00:00,2023-04-10 16:00:00,숏,10,시작중간 · B깊음 · 끝낮음,깨고하락,0.208,-0.965,True
2023-04-10 16:00:00,2023-04-11 10:00:00,롱,18,시작중간 · B얕음 · 끝높음,크게감,1.119,0.845,False
2023-04-11 10:00:00,2023-04-13 02:00:00,숏,19,시작높음 · B깊음 · 끝낮음,깨고복귀,0.208,0.007,True
2023-04-13 02:00:00,2023-04-13 21:00:00,롱,8,시작낮음 · B얕음 · 끝중간,조금감,0.228,0.077,False
2023-04-13 21:00:00,2023-04-14 00:00:00,숏,22,시작높음 · B중간 · 끝낮음,깨고하락,0.002,-0.487,True
2023-04-14 00:00:00,2023-04-14 12:00:00,롱,18,시작중간 · B얕음 · 끝높음,조금감,0.379,-0.157,False
2023-04-14 12:00:00,2023-04-15 09:00:00,숏,19,시작높음 · B깊음 · 끝낮음,크게감,0.797,0.198,False
2023-04-15 09:00:00,2023-04-15 14:00:00,롱,1,시작낮음 · B깊음 · 끝낮음,제자리,0.011,-0.072,False
2023-04-15 14:00:00,2023-04-16 05:00:00,숏,8,시작낮음 · B얕음 · 끝중간,조금감,0.265,0.053,False
2023-04-16 05:00:00,2023-04-16 12:00:00,롱,23,시작높음 · B중간 · 끝중간,조금감,0.236,-0.17,False
2023-04-16 12:00:00,2023-04-16 14:00:00,숏,17,시작중간 · B얕음 · 끝중간,조금감,0.329,-0.188,False
2023-04-16 14:00:00,2023-04-17 00:00:00,롱,27,시작높음 · B얕음 · 끝높음,깨고하락,1.094,-2.007,True
2023-04-17 00:00:00,2023-04-17 22:00:00,숏,27,시작높음 · B얕음 · 끝높음,크게감,0.782,0.432,False
2023-04-17 22:00:00,2023-04-19 02:00:00,롱,10,시작중간 · B깊음 · 끝낮음,깨고복귀,0.746,0.518,True
2023-04-19 02:00:00,2023-04-20 06:00:00,숏,1,시작낮음 · B깊음 · 끝낮음,크게감,1.159,0.888,False
2023-04-20 06:00:00,2023-04-20 16:00:00,롱,1,시작낮음 · B깊음 · 끝낮음,깨고하락,0.022,-0.248,True
2023-04-20 16:00:00,2023-04-21 01:00:00,숏,9,시작낮음 · B얕음 · 끝높음,조금감,0.21,0.106,False
2023-04-21 01:00:00,2023-04-21 19:00:00,롱,22,시작높음 · B중간 · 끝낮음,깨고하락,0.134,-0.842,True
2023-04-21 19:00:00,2023-04-22 05:00:00,숏,18,시작중간 · B얕음 · 끝높음,제자리,0.144,-0.081,False
2023-04-22 05:00:00,2023-04-23 14:00:00,롱,22,시작높음 · B중간 · 끝낮음,조금감,0.378,0.111,False
2023-04-23 14:00:00,2023-04-23 23:00:00,숏,1,시작낮음 · B깊음 · 끝낮음,조금감,0.286,-0.043,False
2023-04-23 23:00:00,2023-04-24 07:00:00,롱,5,시작낮음 · B중간 · 끝중간,크게감,0.594,-0.181,False
2023-04-24 07:00:00,2023-04-24 21:00:00,숏,15,시작중간 · B중간 · 끝높음,크게감,0.747,0.066,False
2023-04-24 21:00:00,2023-04-25 07:00:00,롱,23,시작높음 · B중간 · 끝중간,제자리,0.174,-0.137,False
2023-04-25 07:00:00,2023-04-25 08:00:00,숏,18,시작중간 · B얕음 · 끝높음,제자리,0.097,-0.212,False
2023-04-25 08:00:00,2023-04-25 09:00:00,롱,24,시작높음 · B중간 · 끝높음,제자리,0.032,-0.278,False
2023-04-25 09:00:00,2023-04-25 11:00:00,숏,4,시작낮음 · B중간 · 끝낮음,제자리,0.094,-0.283,False
2023-04-25 11:00:00,2023-04-25 14:00:00,롱,4,시작낮음 · B중간 · 끝낮음,깨고하락,0.351,-0.381,True
2023-04-25 14:00:00,2023-04-25 15:00:00,숏,14,시작중간 · B중간 · 끝중간,제자리,0.098,-0.186,False
2023-04-25 15:00:00,2023-04-26 19:00:00,롱,17,시작중간 · B얕음 · 끝중간,크게감,10.408,2.064,False
2023-04-26 19:00:00,2023-04-27 17:00:00,숏,10,시작중간 · B깊음 · 끝낮음,조금감,0.235,-0.495,False
2023-04-27 17:00:00,2023-04-28 02:00:00,롱,1,시작낮음 · B깊음 · 끝낮음,조금감,0.208,0.034,False
2023-04-28 02:00:00,2023-04-28 22:00:00,숏,17,시작중간 · B얕음 · 끝중간,제자리,0.192,0.021,False
2023-04-28 22:00:00,2023-04-29 00:00:00,롱,4,시작낮음 · B중간 · 끝낮음,제자리,0.052,-0.08,False
2023-04-29 00:00:00,2023-04-29 02:00:00,숏,17,시작중간 · B얕음 · 끝중간,제자리,0.06,-0.152,False
2023-04-29 02:00:00,2023-04-29 09:00:00,롱,24,시작높음 · B중간 · 끝높음,조금감,0.302,-0.271,False
2023-04-29 09:00:00,2023-04-30 05:00:00,숏,14,시작중간 · B중간 · 끝중간,크게감,1.093,0.17,False
2023-04-30 05:00:00,2023-04-30 22:00:00,롱,14,시작중간 · B중간 · 끝중간,크게감,1.703,0.285,False
2023-04-30 22:00:00,2023-05-02 01:00:00,숏,10,시작중간 · B깊음 · 끝낮음,크게감,1.823,1.526,False
2023-05-02 01:00:00,2023-05-03 05:00:00,롱,10,시작중간 · B깊음 · 끝낮음,조금감,0.41,0.238,False
2023-05-03 05:00:00,2023-05-03 07:00:00,숏,4,시작낮음 · B중간 · 끝낮음,제자리,0.026,-0.093,False
2023-05-03 07:00:00,2023-05-03 10:00:00,롱,8,시작낮음 · B얕음 · 끝중간,제자리,0.121,-0.072,False
2023-05-03 10:00:00,2023-05-03 21:00:00,숏,26,시작높음 · B얕음 · 끝중간,깨고하락,1.483,-1.047,True
2023-05-03 21:00:00,2023-05-04 12:00:00,롱,15,시작중간 · B중간 · 끝높음,조금감,0.482,0.136,False
2023-05-04 12:00:00,2023-05-05 01:00:00,숏,10,시작중간 · B깊음 · 끝낮음,조금감,0.315,-0.203,False
2023-05-05 01:00:00,2023-05-05 09:00:00,롱,6,시작낮음 · B중간 · 끝높음,조금감,0.253,-0.251,False
2023-05-05 09:00:00,2023-05-05 14:00:00,숏,13,시작중간 · B중간 · 끝낮음,조금감,0.378,-0.176,False
2023-05-05 14:00:00,2023-05-06 03:00:00,롱,18,시작중간 · B얕음 · 끝높음,크게감,0.742,0.138,False
2023-05-06 03:00:00,2023-05-07 00:00:00,숏,19,시작높음 · B깊음 · 끝낮음,크게감,0.954,0.399,False
2023-05-07 00:00:00,2023-05-07 22:00:00,롱,10,시작중간 · B깊음 · 끝낮음,제자리,0.134,-0.135,False
2023-05-07 22:00:00,2023-05-08 16:00:00,숏,8,시작낮음 · B얕음 · 끝중간,크게감,1.026,0.766,False
2023-05-08 16:00:00,2023-05-08 17:00:00,롱,19,시작높음 · B깊음 · 끝낮음,깨고하락,0.029,-0.239,True
2023-05-08 17:00:00,2023-05-08 22:00:00,숏,9,시작낮음 · B얕음 · 끝높음,제자리,0.165,-0.122,False
2023-05-08 22:00:00,2023-05-10 09:00:00,롱,19,시작높음 · B깊음 · 끝낮음,조금감,0.305,-0.107,False
2023-05-10 09:00:00,2023-05-10 11:00:00,숏,5,시작낮음 · B중간 · 끝중간,제자리,0.077,-0.137,False
2023-05-10 11:00:00,2023-05-10 18:00:00,롱,18,시작중간 · B얕음 · 끝높음,깨고하락,1.245,-0.472,True
2023-05-10 18:00:00,2023-05-12 13:00:00,숏,23,시작높음 · B중간 · 끝중간,크게감,0.825,0.612,False
2023-05-12 13:00:00,2023-05-13 18:00:00,롱,19,시작높음 · B깊음 · 끝낮음,깨고복귀,0.272,0.149,True
2023-05-13 18:00:00,2023-05-13 19:00:00,숏,7,시작낮음 · B얕음 · 끝낮음,제자리,0.007,-0.025,False
2023-05-13 19:00:00,2023-05-13 23:00:00,롱,8,시작낮음 · B얕음 · 끝중간,깨고하락,0.084,-0.045,True
2023-05-13 23:00:00,2023-05-14 13:00:00,숏,11,시작중간 · B깊음 · 끝중간,크게감,0.781,-0.439,False
2023-05-14 13:00:00,2023-05-14 21:00:00,롱,14,시작중간 · B중간 · 끝중간,크게감,0.742,-0.01,False
2023-05-14 21:00:00,2023-05-15 01:00:00,숏,14,시작중간 · B중간 · 끝중간,깨고하락,0.292,-0.454,True
2023-05-15 01:00:00,2023-05-15 15:00:00,롱,18,시작중간 · B얕음 · 끝높음,크게감,0.586,0.318,False
2023-05-15 15:00:00,2023-05-15 16:00:00,숏,10,시작중간 · B깊음 · 끝낮음,깨고하락,0.031,-0.11,True
2023-05-15 16:00:00,2023-05-15 18:00:00,롱,8,시작낮음 · B얕음 · 끝중간,조금감,0.218,-0.064,False
2023-05-15 18:00:00,2023-05-16 23:00:00,숏,11,시작중간 · B깊음 · 끝중간,크게감,1.998,1.327,False
2023-05-16 23:00:00,2023-05-17 07:00:00,롱,10,시작중간 · B깊음 · 끝낮음,깨고하락,0.248,-0.222,True
2023-05-17 07:00:00,2023-05-17 17:00:00,숏,9,시작낮음 · B얕음 · 끝높음,조금감,0.435,-0.301,False
2023-05-17 17:00:00,2023-05-18 12:00:00,롱,14,시작중간 · B중간 · 끝중간,크게감,0.686,0.216,False
2023-05-18 12:00:00,2023-05-19 05:00:00,숏,13,시작중간 · B중간 · 끝낮음,크게감,0.83,0.338,False
2023-05-19 05:00:00,2023-05-21 07:00:00,롱,1,시작낮음 · B깊음 · 끝낮음,조금감,0.341,0.146,False
2023-05-21 07:00:00,2023-05-22 06:00:00,숏,4,시작낮음 · B중간 · 끝낮음,조금감,0.473,0.203,False
2023-05-22 06:00:00,2023-05-23 15:00:00,롱,10,시작중간 · B깊음 · 끝낮음,크게감,0.883,0.637,False
2023-05-23 15:00:00,2023-05-24 23:00:00,숏,1,시작낮음 · B깊음 · 끝낮음,크게감,1.275,1.01,False
2023-05-24 23:00:00,2023-05-25 01:00:00,롱,1,시작낮음 · B깊음 · 끝낮음,깨고하락,0.054,-0.14,True
2023-05-25 01:00:00,2023-05-25 03:00:00,숏,9,시작낮음 · B얕음 · 끝높음,제자리,0.049,-0.042,False
2023-05-25 03:00:00,2023-05-27 00:00:00,롱,23,시작높음 · B중간 · 끝중간,크게감,1.408,0.87,False
2023-05-27 00:00:00,2023-05-27 22:00:00,숏,10,시작중간 · B깊음 · 끝낮음,제자리,0.103,-0.143,False
2023-05-27 22:00:00,2023-05-28 12:00:00,롱,8,시작낮음 · B얕음 · 끝중간,크게감,0.671,0.405,False
2023-05-28 12:00:00,2023-05-28 17:00:00,숏,19,시작높음 · B깊음 · 끝낮음,깨고하락,0.0,-0.253,True
2023-05-28 17:00:00,2023-05-29 07:00:00,롱,9,시작낮음 · B얕음 · 끝높음,크게감,1.609,0.815,False
2023-05-29 07:00:00,2023-05-30 09:00:00,숏,19,시작높음 · B깊음 · 끝낮음,조금감,0.286,0.043,False
2023-05-30 09:00:00,2023-05-30 14:00:00,롱,5,시작낮음 · B중간 · 끝중간,제자리,0.156,-0.182,False
2023-05-30 14:00:00,2023-05-31 19:00:00,숏,6,시작낮음 · B중간 · 끝높음,크게감,1.509,1.169,False
2023-05-31 19:00:00,2023-06-01 03:00:00,롱,10,시작중간 · B깊음 · 끝낮음,깨고하락,0.285,-0.189,True
2023-06-01 03:00:00,2023-06-01 08:00:00,숏,9,시작낮음 · B얕음 · 끝높음,제자리,0.016,-0.105,False
2023-06-01 08:00:00,2023-06-02 14:00:00,롱,27,시작높음 · B얕음 · 끝높음,깨고복귀,0.481,0.071,True
2023-06-02 14:00:00,2023-06-02 15:00:00,숏,22,시작높음 · B중간 · 끝낮음,제자리,0.0,-0.171,False
2023-06-02 15:00:00,2023-06-03 02:00:00,롱,18,시작중간 · B얕음 · 끝높음,조금감,0.262,0.072,False
2023-06-03 02:00:00,2023-06-03 15:00:00,숏,19,시작높음 · B깊음 · 끝낮음,깨고하락,0.114,-0.34,True
2023-06-03 15:00:00,2023-06-03 17:00:00,롱,18,시작중간 · B얕음 · 끝높음,제자리,0.062,-0.37,False
2023-06-03 17:00:00,2023-06-04 07:00:00,숏,20,시작높음 · B깊음 · 끝중간,크게감,1.07,0.044,False
2023-06-04 07:00:00,2023-06-04 23:00:00,롱,10,시작중간 · B깊음 · 끝낮음,크게감,0.74,-0.082,False
2023-06-04 23:00:00,2023-06-06 03:00:00,숏,14,시작중간 · B중간 · 끝중간,크게감,3.205,2.548,False
2023-06-06 03:00:00,2023-06-07 06:00:00,롱,10,시작중간 · B깊음 · 끝낮음,깨고복귀,0.803,0.527,True
2023-06-07 06:00:00,2023-06-08 06:00:00,숏,1,시작낮음 · B깊음 · 끝낮음,조금감,0.34,0.196,False
2023-06-08 06:00:00,2023-06-09 00:00:00,롱,4,시작낮음 · B중간 · 끝낮음,제자리,0.191,0.013,False
2023-06-09 00:00:00,2023-06-09 08:00:00,숏,5,시작낮음 · B중간 · 끝중간,조금감,0.21,-0.217,False
2023-06-09 08:00:00,2023-06-09 15:00:00,롱,18,시작중간 · B얕음 · 끝높음,조금감,0.256,-0.29,False
2023-06-09 15:00:00,2023-06-10 17:00:00,숏,14,시작중간 · B중간 · 끝중간,크게감,2.185,0.904,False
2023-06-10 17:00:00,2023-06-12 02:00:00,롱,10,시작중간 · B깊음 · 끝낮음,깨고하락,0.133,-0.171,True
2023-06-12 02:00:00,2023-06-12 09:00:00,숏,5,시작낮음 · B중간 · 끝중간,제자리,0.028,-0.145,False
2023-06-12 09:00:00,2023-06-12 13:00:00,롱,8,시작낮음 · B얕음 · 끝중간,제자리,0.11,-0.189,False
2023-06-12 13:00:00,2023-06-12 21:00:00,숏,18,시작중간 · B얕음 · 끝높음,조금감,0.309,-0.264,False
2023-06-12 21:00:00,2023-06-13 14:00:00,롱,23,시작높음 · B중간 · 끝중간,크게감,1.094,0.118,False
2023-06-13 14:00:00,2023-06-14 01:00:00,숏,14,시작중간 · B중간 · 끝중간,조금감,0.34,-0.076,False
2023-06-14 01:00:00,2023-06-14 05:00:00,롱,14,시작중간 · B중간 · 끝중간,제자리,0.022,-0.278,False
2023-06-14 05:00:00,2023-06-14 09:00:00,숏,18,시작중간 · B얕음 · 끝높음,제자리,0.022,-0.393,False
2023-06-14 09:00:00,2023-06-14 19:00:00,롱,20,시작높음 · B깊음 · 끝중간,깨고하락,0.582,-0.493,True
2023-06-14 19:00:00,2023-06-15 11:00:00,숏,18,시작중간 · B얕음 · 끝높음,크게감,3.096,2.45,False
2023-06-15 11:00:00,2023-06-16 13:00:00,롱,19,시작높음 · B깊음 · 끝낮음,크게감,0.565,0.361,False
2023-06-16 13:00:00,2023-06-16 15:00:00,숏,1,시작낮음 · B깊음 · 끝낮음,깨고하락,0.273,-0.297,True
2023-06-16 15:00:00,2023-06-17 03:00:00,롱,9,시작낮음 · B얕음 · 끝높음,크게감,0.603,0.371,False
2023-06-17 03:00:00,2023-06-17 05:00:00,숏,19,시작높음 · B깊음 · 끝낮음,깨고하락,0.014,-0.326,True
2023-06-17 05:00:00,2023-06-17 11:00:00,롱,9,시작낮음 · B얕음 · 끝높음,제자리,0.067,-0.145,False
2023-06-17 11:00:00,2023-06-18 18:00:00,숏,22,시작높음 · B중간 · 끝낮음,조금감,0.314,-0.185,False
2023-06-18 18:00:00,2023-06-18 20:00:00,롱,8,시작낮음 · B얕음 · 끝중간,제자리,0.142,-0.245,False
2023-06-18 20:00:00,2023-06-19 12:00:00,숏,27,시작높음 · B얕음 · 끝높음,크게감,0.558,-0.129,False
2023-06-19 12:00:00,2023-06-20 08:00:00,롱,13,시작중간 · B중간 · 끝낮음,크게감,1.391,0.492,False
2023-06-20 08:00:00,2023-06-20 16:00:00,숏,10,시작중간 · B깊음 · 끝낮음,깨고하락,0.112,-0.66,True
2023-06-20 16:00:00,2023-06-21 10:00:00,롱,9,시작낮음 · B얕음 · 끝높음,크게감,1.697,1.333,False
2023-06-21 10:00:00,2023-06-21 14:00:00,숏,19,시작높음 · B깊음 · 끝낮음,깨고하락,0.014,-0.27,True
2023-06-21 14:00:00,2023-06-21 23:00:00,롱,9,시작낮음 · B얕음 · 끝높음,조금감,0.492,0.18,False
2023-06-21 23:00:00,2023-06-23 14:00:00,숏,19,시작높음 · B깊음 · 끝낮음,조금감,0.239,-0.141,False
2023-06-23 14:00:00,2023-06-24 00:00:00,롱,8,시작낮음 · B얕음 · 끝중간,크게감,0.672,0.115,False
2023-06-24 00:00:00,2023-06-25 03:00:00,숏,10,시작중간 · B깊음 · 끝낮음,제자리,0.116,-0.139,False
2023-06-25 03:00:00,2023-06-25 10:00:00,롱,8,시작낮음 · B얕음 · 끝중간,조금감,0.208,-0.091,False
2023-06-25 10:00:00,2023-06-26 07:00:00,숏,14,시작중간 · B중간 · 끝중간,크게감,0.863,0.28,False
2023-06-26 07:00:00,2023-06-26 10:00:00,롱,13,시작중간 · B중간 · 끝낮음,제자리,0.025,-0.125,False
2023-06-26 10:00:00,2023-06-26 11:00:00,숏,18,시작중간 · B얕음 · 끝높음,제자리,0.012,-0.082,False
2023-06-26 11:00:00,2023-06-26 17:00:00,롱,26,시작높음 · B얕음 · 끝중간,깨고하락,0.742,-0.546,True
2023-06-26 17:00:00,2023-06-26 23:00:00,숏,24,시작높음 · B중간 · 끝높음,제자리,0.063,-0.262,False
2023-06-26 23:00:00,2023-06-27 22:00:00,롱,27,시작높음 · B얕음 · 끝높음,크게감,1.003,0.42,False
2023-06-27 22:00:00,2023-06-29 03:00:00,숏,19,시작높음 · B깊음 · 끝낮음,크게감,0.697,0.379,False
2023-06-29 03:00:00,2023-06-29 21:00:00,롱,1,시작낮음 · B깊음 · 끝낮음,크게감,0.568,0.207,False
2023-06-29 21:00:00,2023-06-30 03:00:00,숏,1,시작낮음 · B깊음 · 끝낮음,깨고하락,0.069,-0.324,True
2023-06-30 03:00:00,2023-06-30 13:00:00,롱,9,시작낮음 · B얕음 · 끝높음,깨고하락,0.704,-0.774,True
2023-06-30 13:00:00,2023-07-01 06:00:00,숏,27,시작높음 · B얕음 · 끝높음,제자리,0.109,-0.172,False
2023-07-01 06:00:00,2023-07-02 01:00:00,롱,10,시작중간 · B깊음 · 끝낮음,제자리,0.111,0.061,False
2023-07-02 01:00:00,2023-07-02 14:00:00,숏,17,시작중간 · B얕음 · 끝중간,제자리,0.063,-0.017,False
2023-07-02 14:00:00,2023-07-02 15:00:00,롱,8,시작낮음 · B얕음 · 끝중간,깨고하락,0.077,-0.364,True
2023-07-02 15:00:00,2023-07-02 16:00:00,숏,17,시작중간 · B얕음 · 끝중간,깨고하락,0.037,-0.127,True
2023-07-02 16:00:00,2023-07-02 17:00:00,롱,11,시작중간 · B깊음 · 끝중간,제자리,0.043,-0.215,False
2023-07-02 17:00:00,2023-07-02 20:00:00,숏,17,시작중간 · B얕음 · 끝중간,제자리,0.141,-0.255,False
2023-07-02 20:00:00,2023-07-03 09:00:00,롱,14,시작중간 · B중간 · 끝중간,크게감,0.624,0.074,False
2023-07-03 09:00:00,2023-07-03 15:00:00,숏,17,시작중간 · B얕음 · 끝중간,깨고하락,0.128,-1.041,True
2023-07-03 15:00:00,2023-07-04 04:00:00,롱,18,시작중간 · B얕음 · 끝높음,조금감,0.446,-0.02,False
2023-07-04 04:00:00,2023-07-05 20:00:00,숏,19,시작높음 · B깊음 · 끝낮음,크게감,1.007,0.7,False
2023-07-05 20:00:00,2023-07-06 14:00:00,롱,10,시작중간 · B깊음 · 끝낮음,깨고하락,0.902,-0.195,True
2023-07-06 14:00:00,2023-07-07 09:00:00,숏,2,시작낮음 · B깊음 · 끝중간,조금감,0.312,0.047,False
2023-07-07 09:00:00,2023-07-08 06:00:00,롱,26,시작높음 · B얕음 · 끝중간,제자리,0.173,0.025,False
2023-07-08 06:00:00,2023-07-08 16:00:00,숏,4,시작낮음 · B중간 · 끝낮음,제자리,0.037,-0.09,False
2023-07-08 16:00:00,2023-07-08 19:00:00,롱,8,시작낮음 · B얕음 · 끝중간,깨고하락,0.051,-0.338,True
2023-07-08 19:00:00,2023-07-08 23:00:00,숏,18,시작중간 · B얕음 · 끝높음,제자리,0.177,-0.62,False
2023-07-08 23:00:00,2023-07-09 18:00:00,롱,24,시작높음 · B중간 · 끝높음,크게감,0.637,-0.075,False
2023-07-09 18:00:00,2023-07-10 10:00:00,숏,23,시작높음 · B중간 · 끝중간,크게감,0.757,0.184,False
2023-07-10 10:00:00,2023-07-11 04:00:00,롱,13,시작중간 · B중간 · 끝낮음,크게감,1.65,0.488,False
2023-07-11 04:00:00,2023-07-11 06:00:00,숏,10,시작중간 · B깊음 · 끝낮음,제자리,0.006,-0.17,False
2023-07-11 06:00:00,2023-07-11 08:00:00,롱,9,시작낮음 · B얕음 · 끝높음,제자리,0.02,-0.149,False
2023-07-11 08:00:00,2023-07-11 16:00:00,숏,10,시작중간 · B깊음 · 끝낮음,깨고하락,1.006,-0.675,True
2023-07-11 16:00:00,2023-07-11 18:00:00,롱,18,시작중간 · B얕음 · 끝높음,제자리,0.036,-0.3,False
2023-07-11 18:00:00,2023-07-11 19:00:00,숏,27,시작높음 · B얕음 · 끝높음,제자리,0.031,-0.193,False
2023-07-11 19:00:00,2023-07-11 21:00:00,롱,23,시작높음 · B중간 · 끝중간,제자리,0.167,-0.055,False
2023-07-11 21:00:00,2023-07-11 23:00:00,숏,1,시작낮음 · B깊음 · 끝낮음,깨고하락,0.293,-0.194,True
2023-07-11 23:00:00,2023-07-12 00:00:00,롱,9,시작낮음 · B얕음 · 끝높음,제자리,0.069,-0.533,False
2023-07-12 00:00:00,2023-07-12 05:00:00,숏,24,시작높음 · B중간 · 끝높음,깨고하락,0.091,-0.899,True
2023-07-12 05:00:00,2023-07-12 13:00:00,롱,15,시작중간 · B중간 · 끝높음,깨고복귀,1.669,0.094,True
2023-07-12 13:00:00,2023-07-13 08:00:00,숏,26,시작높음 · B얕음 · 끝중간,크게감,0.914,0.493,False
2023-07-13 08:00:00,2023-07-14 06:00:00,롱,10,시작중간 · B깊음 · 끝낮음,크게감,1.858,1.13,False
2023-07-14 06:00:00,2023-07-15 07:00:00,숏,10,시작중간 · B깊음 · 끝낮음,크게감,0.847,0.584,False
2023-07-15 07:00:00,2023-07-16 23:00:00,롱,1,시작낮음 · B깊음 · 끝낮음,제자리,0.069,-0.045,False
2023-07-16 23:00:00,2023-07-17 03:00:00,숏,8,시작낮음 · B얕음 · 끝중간,제자리,0.043,-0.049,False
2023-07-17 03:00:00,2023-07-17 09:00:00,롱,14,시작중간 · B중간 · 끝중간,제자리,0.06,-0.312,False
2023-07-17 09:00:00,2023-07-17 14:00:00,숏,18,시작중간 · B얕음 · 끝높음,크게감,1.129,-0.444,False
2023-07-17 14:00:00,2023-07-17 15:00:00,롱,14,시작중간 · B중간 · 끝중간,제자리,0.047,-0.259,False
2023-07-17 15:00:00,2023-07-17 23:00:00,숏,27,시작높음 · B얕음 · 끝높음,크게감,1.491,0.109,False
2023-07-17 23:00:00,2023-07-18 06:00:00,롱,19,시작높음 · B깊음 · 끝낮음,제자리,0.153,-0.21,False
2023-07-18 06:00:00,2023-07-18 23:00:00,숏,18,시작중간 · B얕음 · 끝높음,크게감,0.902,0.184,False
2023-07-18 23:00:00,2023-07-19 14:00:00,롱,22,시작높음 · B중간 · 끝낮음,조금감,0.393,-0.049,False
2023-07-19 14:00:00,2023-07-19 18:00:00,숏,5,시작낮음 · B중간 · 끝중간,제자리,0.09,-0.309,False
2023-07-19 18:00:00,2023-07-19 22:00:00,롱,6,시작낮음 · B중간 · 끝높음,제자리,0.078,-0.456,False
2023-07-19 22:00:00,2023-07-20 01:00:00,숏,27,시작높음 · B얕음 · 끝높음,제자리,0.128,-0.33,False
2023-07-20 01:00:00,2023-07-20 14:00:00,롱,27,시작높음 · B얕음 · 끝높음,깨고하락,1.481,-0.75,True
2023-07-20 14:00:00,2023-07-21 03:00:00,숏,24,시작높음 · B중간 · 끝높음,조금감,0.323,-0.151,False
2023-07-21 03:00:00,2023-07-21 09:00:00,롱,10,시작중간 · B깊음 · 끝낮음,제자리,0.006,-0.158,False
2023-07-21 09:00:00,2023-07-21 11:00:00,숏,9,시작낮음 · B얕음 · 끝높음,제자리,0.042,-0.033,False
2023-07-21 11:00:00,2023-07-22 06:00:00,롱,26,시작높음 · B얕음 · 끝중간,크게감,1.32,0.52,False
2023-07-22 06:00:00,2023-07-22 07:00:00,숏,19,시작높음 · B깊음 · 끝낮음,제자리,0.083,-0.141,False
2023-07-22 07:00:00,2023-07-22 11:00:00,롱,18,시작중간 · B얕음 · 끝높음,제자리,0.103,-0.15,False
2023-07-22 11:00:00,2023-07-23 03:00:00,숏,23,시작높음 · B중간 · 끝중간,크게감,1.847,0.31,False
2023-07-23 03:00:00,2023-07-24 01:00:00,롱,13,시작중간 · B중간 · 끝낮음,크게감,1.364,0.186,False
2023-07-24 01:00:00,2023-07-24 22:00:00,숏,11,시작중간 · B깊음 · 끝중간,크게감,1.452,1.043,False
2023-07-24 22:00:00,2023-07-26 11:00:00,롱,10,시작중간 · B깊음 · 끝낮음,제자리,0.183,0.008,False
2023-07-26 11:00:00,2023-07-26 12:00:00,숏,8,시작낮음 · B얕음 · 끝중간,제자리,0.008,-0.049,False
2023-07-26 12:00:00,2023-07-27 06:00:00,롱,17,시작중간 · B얕음 · 끝중간,크게감,1.158,0.401,False
2023-07-27 06:00:00,2023-07-27 09:00:00,숏,10,시작중간 · B깊음 · 끝낮음,제자리,0.008,-0.302,False
2023-07-27 09:00:00,2023-07-27 13:00:00,롱,9,시작낮음 · B얕음 · 끝높음,제자리,0.02,-0.195,False
2023-07-27 13:00:00,2023-07-28 04:00:00,숏,14,시작중간 · B중간 · 끝중간,크게감,1.928,0.987,False
2023-07-28 04:00:00,2023-07-28 05:00:00,롱,10,시작중간 · B깊음 · 끝낮음,제자리,0.006,-0.151,False
2023-07-28 05:00:00,2023-07-28 10:00:00,숏,9,시작낮음 · B얕음 · 끝높음,제자리,0.144,-0.079,False
2023-07-28 10:00:00,2023-07-29 07:00:00,롱,10,시작중간 · B깊음 · 끝낮음,크게감,2.461,0.541,False
2023-07-29 07:00:00,2023-07-29 19:00:00,숏,10,시작중간 · B깊음 · 끝낮음,제자리,0.086,-0.102,False
2023-07-29 19:00:00,2023-07-30 03:00:00,롱,8,시작낮음 · B얕음 · 끝중간,제자리,0.114,-0.071,False
2023-07-30 03:00:00,2023-07-30 14:00:00,숏,5,시작낮음 · B중간 · 끝중간,깨고하락,0.616,-0.586,True
2023-07-30 14:00:00,2023-07-30 19:00:00,롱,24,시작높음 · B중간 · 끝높음,깨고하락,0.354,-0.844,True
2023-07-30 19:00:00,2023-07-31 00:00:00,숏,15,시작중간 · B중간 · 끝높음,깨고하락,0.556,-0.732,True
2023-07-31 00:00:00,2023-07-31 14:00:00,롱,15,시작중간 · B중간 · 끝높음,제자리,0.089,-0.288,False
2023-07-31 14:00:00,2023-08-01 15:00:00,숏,14,시작중간 · B중간 · 끝중간,크게감,1.423,0.677,False
2023-08-01 15:00:00,2023-08-02 09:00:00,롱,13,시작중간 · B중간 · 끝낮음,크게감,1.137,0.521,False
2023-08-02 09:00:00,2023-08-03 10:00:00,숏,1,시작낮음 · B깊음 · 끝낮음,조금감,0.367,0.188,False
2023-08-03 10:00:00,2023-08-04 02:00:00,롱,7,시작낮음 · B얕음 · 끝낮음,제자리,0.179,-0.008,False
2023-08-04 02:00:00,2023-08-04 13:00:00,숏,5,시작낮음 · B중간 · 끝중간,제자리,0.055,-0.105,False
2023-08-04 13:00:00,2023-08-04 18:00:00,롱,17,시작중간 · B얕음 · 끝중간,깨고하락,0.161,-0.468,True
2023-08-04 18:00:00,2023-08-05 08:00:00,숏,27,시작높음 · B얕음 · 끝높음,크게감,0.669,-0.05,False
2023-08-05 08:00:00,2023-08-05 12:00:00,롱,22,시작높음 · B중간 · 끝낮음,제자리,0.0,-0.123,False
2023-08-05 12:00:00,2023-08-05 14:00:00,숏,17,시작중간 · B얕음 · 끝중간,제자리,0.054,-0.13,False
2023-08-05 14:00:00,2023-08-06 13:00:00,롱,24,시작높음 · B중간 · 끝높음,크게감,0.637,-0.502,False
2023-08-06 13:00:00,2023-08-06 17:00:00,숏,11,시작중간 · B깊음 · 끝중간,제자리,0.165,-0.466,False
2023-08-06 17:00:00,2023-08-07 07:00:00,롱,27,시작높음 · B얕음 · 끝높음,크게감,0.892,0.013,False
2023-08-07 07:00:00,2023-08-07 19:00:00,숏,23,시작높음 · B중간 · 끝중간,크게감,1.74,-0.277,False
2023-08-07 19:00:00,2023-08-09 02:00:00,롱,24,시작높음 · B중간 · 끝높음,크게감,2.09,1.003,False
2023-08-09 02:00:00,2023-08-09 12:00:00,숏,19,시작높음 · B깊음 · 끝낮음,제자리,0.018,-0.238,False
2023-08-09 12:00:00,2023-08-09 13:00:00,롱,9,시작낮음 · B얕음 · 끝높음,제자리,0.054,-0.156,False
2023-08-09 13:00:00,2023-08-10 13:00:00,숏,26,시작높음 · B얕음 · 끝중간,크게감,1.003,0.398,False
2023-08-10 13:00:00,2023-08-10 15:00:00,롱,10,시작중간 · B깊음 · 끝낮음,제자리,0.082,-0.281,False
2023-08-10 15:00:00,2023-08-11 00:00:00,숏,8,시작낮음 · B얕음 · 끝중간,제자리,0.191,-0.019,False
2023-08-11 00:00:00,2023-08-11 02:00:00,롱,26,시작높음 · B얕음 · 끝중간,제자리,0.013,-0.242,False
2023-08-11 02:00:00,2023-08-11 05:00:00,숏,18,시작중간 · B얕음 · 끝높음,제자리,0.092,-0.396,False
2023-08-11 05:00:00,2023-08-11 17:00:00,롱,14,시작중간 · B중간 · 끝중간,깨고하락,0.835,-0.8,True
2023-08-11 17:00:00,2023-08-11 20:00:00,숏,18,시작중간 · B얕음 · 끝높음,제자리,0.02,-0.218,False
2023-08-11 20:00:00,2023-08-13 04:00:00,롱,27,시작높음 · B얕음 · 끝높음,제자리,0.165,-0.079,False
2023-08-13 04:00:00,2023-08-13 18:00:00,숏,23,시작높음 · B중간 · 끝중간,조금감,0.395,-0.203,False
2023-08-13 18:00:00,2023-08-13 22:00:00,롱,14,시작중간 · B중간 · 끝중간,깨고하락,0.339,-0.677,True
2023-08-13 22:00:00,2023-08-14 04:00:00,숏,15,시작중간 · B중간 · 끝높음,크게감,1.179,-0.446,False
2023-08-14 04:00:00,2023-08-14 19:00:00,롱,23,시작높음 · B중간 · 끝중간,크게감,0.729,-0.132,False
2023-08-14 19:00:00,2023-08-15 14:00:00,숏,23,시작높음 · B중간 · 끝중간,제자리,0.041,-0.159,False
2023-08-15 14:00:00,2023-08-15 15:00:00,롱,27,시작높음 · B얕음 · 끝높음,깨고하락,0.113,-0.278,True
2023-08-15 15:00:00,2023-08-16 10:00:00,숏,24,시작높음 · B중간 · 끝높음,크게감,1.405,0.661,False
2023-08-16 10:00:00,2023-08-16 13:00:00,롱,10,시작중간 · B깊음 · 끝낮음,깨고하락,0.033,-0.249,True
2023-08-16 13:00:00,2023-08-16 17:00:00,숏,9,시작낮음 · B얕음 · 끝높음,조금감,0.285,-0.172,False
2023-08-16 17:00:00,2023-08-16 20:00:00,롱,20,시작높음 · B깊음 · 끝중간,깨고하락,0.262,-0.724,True
2023-08-16 20:00:00,2023-08-18 08:00:00,숏,15,시작중간 · B중간 · 끝높음,크게감,11.423,5.744,False
2023-08-18 08:00:00,2023-08-20 16:00:00,롱,10,시작중간 · B깊음 · 끝낮음,제자리,0.006,-0.106,False
2023-08-20 16:00:00,2023-08-20 17:00:00,숏,8,시작낮음 · B얕음 · 끝중간,제자리,0.005,-0.015,False
2023-08-20 17:00:00,2023-08-21 02:00:00,롱,26,시작높음 · B얕음 · 끝중간,제자리,0.191,-0.026,False
2023-08-21 02:00:00,2023-08-21 14:00:00,숏,11,시작중간 · B깊음 · 끝중간,크게감,0.681,-0.041,False
2023-08-21 14:00:00,2023-08-21 15:00:00,롱,14,시작중간 · B중간 · 끝중간,깨고하락,0.055,-0.38,True
2023-08-21 15:00:00,2023-08-21 19:00:00,숏,18,시작중간 · B얕음 · 끝높음,제자리,0.007,-0.395,False
2023-08-21 19:00:00,2023-08-22 04:00:00,롱,11,시작중간 · B깊음 · 끝중간,조금감,0.488,-0.211,False
2023-08-22 04:00:00,2023-08-22 07:00:00,숏,14,시작중간 · B중간 · 끝중간,제자리,0.041,-0.186,False
2023-08-22 07:00:00,2023-08-22 09:00:00,롱,27,시작높음 · B얕음 · 끝높음,제자리,0.015,-0.209,False
2023-08-22 09:00:00,2023-08-23 00:00:00,숏,24,시작높음 · B중간 · 끝높음,깨고복귀,6.439,0.003,True
2023-08-23 00:00:00,2023-08-23 12:00:00,롱,23,시작높음 · B중간 · 끝중간,제자리,0.155,-0.217,False
2023-08-23 12:00:00,2023-08-23 14:00:00,숏,18,시작중간 · B얕음 · 끝높음,제자리,0.032,-0.219,False
2023-08-23 14:00:00,2023-08-24 03:00:00,롱,27,시작높음 · B얕음 · 끝높음,크게감,2.07,1.029,False
2023-08-24 03:00:00,2023-08-25 09:00:00,숏,19,시작높음 · B깊음 · 끝낮음,크게감,0.578,0.352,False
2023-08-25 09:00:00,2023-08-25 14:00:00,롱,13,시작중간 · B중간 · 끝낮음,깨고하락,0.239,-0.241,True
2023-08-25 14:00:00,2023-08-25 19:00:00,숏,9,시작낮음 · B얕음 · 끝높음,제자리,0.04,-0.163,False
2023-08-25 19:00:00,2023-08-26 23:00:00,롱,22,시작높음 · B중간 · 끝낮음,조금감,0.285,0.09,False
2023-08-26 23:00:00,2023-08-27 05:00:00,숏,26,시작높음 · B얕음 · 끝중간,제자리,0.094,-0.024,False
2023-08-27 05:00:00,2023-08-27 21:00:00,롱,23,시작높음 · B중간 · 끝중간,크게감,0.849,0.199,False
2023-08-27 21:00:00,2023-08-28 12:00:00,숏,13,시작중간 · B중간 · 끝낮음,깨고하락,1.008,-0.31,True
2023-08-28 12:00:00,2023-08-28 20:00:00,롱,14,시작중간 · B중간 · 끝중간,제자리,0.161,-0.357,False
2023-08-28 20:00:00,2023-08-28 23:00:00,숏,14,시작중간 · B중간 · 끝중간,제자리,0.109,-0.308,False
2023-08-28 23:00:00,2023-08-29 05:00:00,롱,18,시작중간 · B얕음 · 끝높음,조금감,0.295,-0.139,False
2023-08-29 05:00:00,2023-08-29 14:00:00,숏,23,시작높음 · B중간 · 끝중간,깨고하락,0.536,-5.316,True
2023-08-29 14:00:00,2023-08-30 02:00:00,롱,27,시작높음 · B얕음 · 끝높음,조금감,0.369,-0.052,False
2023-08-30 02:00:00,2023-09-01 06:00:00,숏,10,시작중간 · B깊음 · 끝낮음,크게감,0.79,0.629,False
2023-09-01 06:00:00,2023-09-01 17:00:00,롱,1,시작낮음 · B깊음 · 끝낮음,깨고하락,0.063,-0.207,True
2023-09-01 17:00:00,2023-09-01 20:00:00,숏,9,시작낮음 · B얕음 · 끝높음,제자리,0.01,-0.128,False
2023-09-01 20:00:00,2023-09-03 16:00:00,롱,23,시작높음 · B중간 · 끝중간,조금감,0.377,0.081,False
2023-09-03 16:00:00,2023-09-03 19:00:00,숏,13,시작중간 · B중간 · 끝낮음,제자리,0.014,-0.216,False
2023-09-03 19:00:00,2023-09-04 01:00:00,롱,9,시작낮음 · B얕음 · 끝높음,조금감,0.253,-0.196,False
2023-09-04 01:00:00,2023-09-04 02:00:00,숏,23,시작높음 · B중간 · 끝중간,제자리,0.037,-0.214,False
2023-09-04 02:00:00,2023-09-04 05:00:00,롱,27,시작높음 · B얕음 · 끝높음,조금감,0.446,-0.187,False
2023-09-04 05:00:00,2023-09-04 08:00:00,숏,14,시작중간 · B중간 · 끝중간,제자리,0.1,-0.241,False
2023-09-04 08:00:00,2023-09-04 09:00:00,롱,8,시작낮음 · B얕음 · 끝중간,제자리,0.0,-0.142,False
2023-09-04 09:00:00,2023-09-05 09:00:00,숏,14,시작중간 · B중간 · 끝중간,크게감,3.783,1.96,False
2023-09-05 09:00:00,2023-09-06 09:00:00,롱,10,시작중간 · B깊음 · 끝낮음,조금감,0.359,0.002,False
2023-09-06 09:00:00,2023-09-06 21:00:00,숏,5,시작낮음 · B중간 · 끝중간,깨고복귀,0.914,0.051,True
2023-09-06 21:00:00,2023-09-07 11:00:00,롱,14,시작중간 · B중간 · 끝중간,제자리,0.167,-0.025,False
2023-09-07 11:00:00,2023-09-07 16:00:00,숏,17,시작중간 · B얕음 · 끝중간,깨고하락,0.134,-0.166,True
2023-09-07 16:00:00,2023-09-08 08:00:00,롱,18,시작중간 · B얕음 · 끝높음,크게감,1.716,0.997,False
2023-09-08 08:00:00,2023-09-09 06:00:00,숏,19,시작높음 · B깊음 · 끝낮음,크게감,0.651,0.372,False
2023-09-09 06:00:00,2023-09-10 04:00:00,롱,1,시작낮음 · B깊음 · 끝낮음,제자리,0.087,-0.059,False
2023-09-10 04:00:00,2023-09-10 08:00:00,숏,8,시작낮음 · B얕음 · 끝중간,제자리,0.043,-0.047,False
2023-09-10 08:00:00,2023-09-10 09:00:00,롱,14,시작중간 · B중간 · 끝중간,제자리,0.022,-0.16,False
2023-09-10 09:00:00,2023-09-10 21:00:00,숏,18,시작중간 · B얕음 · 끝높음,깨고하락,2.177,-0.579,True
2023-09-10 21:00:00,2023-09-11 01:00:00,롱,14,시작중간 · B중간 · 끝중간,조금감,0.363,-0.605,False
2023-09-11 01:00:00,2023-09-11 05:00:00,숏,15,시작중간 · B중간 · 끝높음,제자리,0.059,-0.435,False
2023-09-11 05:00:00,2023-09-11 10:00:00,롱,27,시작높음 · B얕음 · 끝높음,깨고하락,0.021,-0.491,True
2023-09-11 10:00:00,2023-09-12 02:00:00,숏,27,시작높음 · B얕음 · 끝높음,크게감,2.487,1.478,False
2023-09-12 02:00:00,2023-09-12 21:00:00,롱,19,시작높음 · B깊음 · 끝낮음,크게감,1.339,0.862,False
2023-09-12 21:00:00,2023-09-13 10:00:00,숏,1,시작낮음 · B깊음 · 끝낮음,조금감,0.202,-0.029,False
2023-09-13 10:00:00,2023-09-13 18:00:00,롱,8,시작낮음 · B얕음 · 끝중간,제자리,0.176,-0.031,False
2023-09-13 18:00:00,2023-09-14 00:00:00,숏,26,시작높음 · B얕음 · 끝중간,깨고하락,0.097,-0.635,True
2023-09-14 00:00:00,2023-09-14 03:00:00,롱,27,시작높음 · B얕음 · 끝높음,제자리,0.059,-0.492,False
2023-09-14 03:00:00,2023-09-14 11:00:00,숏,23,시작높음 · B중간 · 끝중간,조금감,0.208,-0.35,False
2023-09-14 11:00:00,2023-09-14 21:00:00,롱,18,시작중간 · B얕음 · 끝높음,크게감,0.987,0.211,False
2023-09-14 21:00:00,2023-09-15 22:00:00,숏,22,시작높음 · B중간 · 끝낮음,조금감,0.443,-0.332,False
2023-09-15 22:00:00,2023-09-16 07:00:00,롱,6,시작낮음 · B중간 · 끝높음,제자리,0.197,-0.425,False
2023-09-16 07:00:00,2023-09-16 18:00:00,숏,14,시작중간 · B중간 · 끝중간,제자리,0.075,-0.128,False
2023-09-16 18:00:00,2023-09-16 19:00:00,롱,18,시작중간 · B얕음 · 끝높음,제자리,0.005,-0.1,False
2023-09-16 19:00:00,2023-09-16 22:00:00,숏,27,시작높음 · B얕음 · 끝높음,제자리,0.057,-0.129,False
2023-09-16 22:00:00,2023-09-17 00:00:00,롱,19,시작높음 · B깊음 · 끝낮음,깨고하락,0.14,-0.824,True
2023-09-17 00:00:00,2023-09-17 09:00:00,숏,18,시작중간 · B얕음 · 끝높음,깨고하락,0.279,-0.592,True
2023-09-17 09:00:00,2023-09-17 15:00:00,롱,23,시작높음 · B중간 · 끝중간,조금감,0.244,-0.164,False
2023-09-17 15:00:00,2023-09-18 02:00:00,숏,17,시작중간 · B얕음 · 끝중간,깨고하락,0.834,-0.527,True
2023-09-18 02:00:00,2023-09-18 18:00:00,롱,24,시작높음 · B중간 · 끝높음,크게감,1.909,0.126,False
2023-09-18 18:00:00,2023-09-19 08:00:00,숏,10,시작중간 · B깊음 · 끝낮음,제자리,0.046,-0.337,False
2023-09-19 08:00:00,2023-09-19 21:00:00,롱,18,시작중간 · B얕음 · 끝높음,조금감,0.453,0.098,False
2023-09-19 21:00:00,2023-09-20 01:00:00,숏,19,시작높음 · B깊음 · 끝낮음,제자리,0.076,-0.21,False
2023-09-20 01:00:00,2023-09-20 02:00:00,롱,9,시작낮음 · B얕음 · 끝높음,제자리,0.083,-0.264,False
2023-09-20 02:00:00,2023-09-20 17:00:00,숏,26,시작높음 · B얕음 · 끝중간,크게감,0.564,-0.065,False
2023-09-20 17:00:00,2023-09-20 19:00:00,롱,10,시작중간 · B깊음 · 끝낮음,깨고하락,0.243,-0.591,True
2023-09-20 19:00:00,2023-09-21 22:00:00,숏,18,시작중간 · B얕음 · 끝높음,크게감,0.816,0.498,False
2023-09-21 22:00:00,2023-09-24 05:00:00,롱,19,시작높음 · B깊음 · 끝낮음,제자리,0.168,-0.029,False
2023-09-24 05:00:00,2023-09-24 08:00:00,숏,8,시작낮음 · B얕음 · 끝중간,제자리,0.018,-0.037,False
2023-09-24 08:00:00,2023-09-24 19:00:00,롱,26,시작높음 · B얕음 · 끝중간,깨고하락,0.512,-0.52,True
2023-09-24 19:00:00,2023-09-25 13:00:00,숏,18,시작중간 · B얕음 · 끝높음,크게감,1.103,0.685,False
2023-09-25 13:00:00,2023-09-26 10:00:00,롱,10,시작중간 · B깊음 · 끝낮음,조금감,0.383,0.119,False
2023-09-26 10:00:00,2023-09-27 00:00:00,숏,4,시작낮음 · B중간 · 끝낮음,조금감,0.268,-0.012,False
2023-09-27 00:00:00,2023-09-27 16:00:00,롱,5,시작낮음 · B중간 · 끝중간,크게감,1.641,-0.048,False
2023-09-27 16:00:00,2023-09-28 00:00:00,숏,11,시작중간 · B깊음 · 끝중간,제자리,0.184,-0.268,False
2023-09-28 00:00:00,2023-09-29 02:00:00,롱,18,시작중간 · B얕음 · 끝높음,크게감,1.172,0.596,False
2023-09-29 02:00:00,2023-09-30 10:00:00,숏,19,시작높음 · B깊음 · 끝낮음,제자리,0.195,-0.069,False
2023-09-30 10:00:00,2023-09-30 12:00:00,롱,5,시작낮음 · B중간 · 끝중간,제자리,0.02,-0.051,False
2023-09-30 12:00:00,2023-09-30 13:00:00,숏,17,시작중간 · B얕음 · 끝중간,제자리,0.029,-0.077,False
2023-09-30 13:00:00,2023-09-30 23:00:00,롱,27,시작높음 · B얕음 · 끝높음,크게감,1.387,-0.085,False
2023-09-30 23:00:00,2023-10-01 03:00:00,숏,10,시작중간 · B깊음 · 끝낮음,제자리,0.058,-0.458,False
2023-10-01 03:00:00,2023-10-01 16:00:00,롱,9,시작낮음 · B얕음 · 끝높음,크게감,1.311,0.331,False
2023-10-01 16:00:00,2023-10-01 22:00:00,숏,19,시작높음 · B깊음 · 끝낮음,깨고하락,0.258,-2.618,True
2023-10-01 22:00:00,2023-10-02 15:00:00,롱,18,시작중간 · B얕음 · 끝높음,조금감,0.454,0.031,False
2023-10-02 15:00:00,2023-10-03 22:00:00,숏,19,시작높음 · B깊음 · 끝낮음,크게감,0.551,0.399,False
2023-10-03 22:00:00,2023-10-05 06:00:00,롱,1,시작낮음 · B깊음 · 끝낮음,조금감,0.349,0.176,False
2023-10-05 06:00:00,2023-10-05 13:00:00,숏,4,시작낮음 · B중간 · 끝낮음,깨고하락,0.094,-0.261,True
2023-10-05 13:00:00,2023-10-05 16:00:00,롱,18,시작중간 · B얕음 · 끝높음,깨고하락,0.153,-0.595,True
2023-10-05 16:00:00,2023-10-06 07:00:00,숏,24,시작높음 · B중간 · 끝높음,제자리,0.125,-0.253,False
2023-10-06 07:00:00,2023-10-06 12:00:00,롱,26,시작높음 · B얕음 · 끝중간,깨고하락,0.209,-0.506,True
2023-10-06 12:00:00,2023-10-06 14:00:00,숏,15,시작중간 · B중간 · 끝높음,제자리,0.16,-0.681,False
2023-10-06 14:00:00,2023-10-07 03:00:00,롱,2,시작낮음 · B깊음 · 끝중간,크게감,0.96,0.354,False
2023-10-07 03:00:00,2023-10-08 02:00:00,숏,10,시작중간 · B깊음 · 끝낮음,제자리,0.051,-0.096,False
2023-10-08 02:00:00,2023-10-08 04:00:00,롱,9,시작낮음 · B얕음 · 끝높음,제자리,0.09,-0.099,False
2023-10-08 04:00:00,2023-10-08 21:00:00,숏,27,시작높음 · B얕음 · 끝높음,크게감,1.008,0.051,False
2023-10-08 21:00:00,2023-10-09 00:00:00,롱,10,시작중간 · B깊음 · 끝낮음,제자리,0.058,-0.23,False
2023-10-09 00:00:00,2023-10-09 01:00:00,숏,9,시작낮음 · B얕음 · 끝높음,제자리,0.079,-0.351,False
2023-10-09 01:00:00,2023-10-09 07:00:00,롱,21,시작높음 · B깊음 · 끝높음,제자리,0.127,-0.709,False
2023-10-09 07:00:00,2023-10-09 19:00:00,숏,2,시작낮음 · B깊음 · 끝중간,크게감,2.843,1.015,False
2023-10-09 19:00:00,2023-10-10 12:00:00,롱,10,시작중간 · B깊음 · 끝낮음,제자리,0.162,-0.269,False
2023-10-10 12:00:00,2023-10-10 22:00:00,숏,9,시작낮음 · B얕음 · 끝높음,제자리,0.2,-0.043,False
2023-10-10 22:00:00,2023-10-11 02:00:00,롱,23,시작높음 · B중간 · 끝중간,깨고하락,0.06,-0.765,True
2023-10-11 02:00:00,2023-10-11 10:00:00,숏,18,시작중간 · B얕음 · 끝높음,조금감,0.258,-0.268,False
2023-10-11 10:00:00,2023-10-11 15:00:00,롱,19,시작높음 · B깊음 · 끝낮음,깨고하락,0.038,-0.952,True
2023-10-11 15:00:00,2023-10-11 23:00:00,숏,18,시작중간 · B얕음 · 끝높음,조금감,0.343,-0.131,False
2023-10-11 23:00:00,2023-10-12 17:00:00,롱,19,시작높음 · B깊음 · 끝낮음,제자리,0.082,-0.281,False
2023-10-12 17:00:00,2023-10-12 19:00:00,숏,9,시작낮음 · B얕음 · 끝높음,제자리,0.09,-0.109,False
2023-10-12 19:00:00,2023-10-13 15:00:00,롱,26,시작높음 · B얕음 · 끝중간,크게감,0.687,-0.003,False
2023-10-13 15:00:00,2023-10-13 16:00:00,숏,23,시작높음 · B중간 · 끝중간,제자리,0.015,-0.222,False
2023-10-13 16:00:00,2023-10-13 17:00:00,롱,8,시작낮음 · B얕음 · 끝중간,제자리,0.01,-0.095,False
2023-10-13 17:00:00,2023-10-13 20:00:00,숏,1,시작낮음 · B깊음 · 끝낮음,깨고하락,0.368,-1.512,True
2023-10-13 20:00:00,2023-10-14 07:00:00,롱,18,시작중간 · B얕음 · 끝높음,조금감,0.367,-0.276,False
2023-10-14 07:00:00,2023-10-14 15:00:00,숏,10,시작중간 · B깊음 · 끝낮음,제자리,0.047,-0.157,False
2023-10-14 15:00:00,2023-10-14 17:00:00,롱,18,시작중간 · B얕음 · 끝높음,제자리,0.038,-0.14,False
2023-10-14 17:00:00,2023-10-15 06:00:00,숏,23,시작높음 · B중간 · 끝중간,크게감,0.846,0.079,False
2023-10-15 06:00:00,2023-10-15 11:00:00,롱,10,시작중간 · B깊음 · 끝낮음,조금감,0.281,-0.137,False
2023-10-15 11:00:00,2023-10-15 16:00:00,숏,9,시작낮음 · B얕음 · 끝높음,깨고하락,0.328,-0.509,True
2023-10-15 16:00:00,2023-10-17 00:00:00,롱,15,시작중간 · B중간 · 끝높음,크게감,22.876,8.339,False
2023-10-17 00:00:00,2023-10-18 04:00:00,숏,19,시작높음 · B깊음 · 끝낮음,제자리,0.063,-0.117,False
2023-10-18 04:00:00,2023-10-18 08:00:00,롱,8,시작낮음 · B얕음 · 끝중간,제자리,0.036,-0.044,False
2023-10-18 08:00:00,2023-10-19 00:00:00,숏,17,시작중간 · B얕음 · 끝중간,조금감,0.437,0.18,False
2023-10-19 00:00:00,2023-10-19 01:00:00,롱,23,시작높음 · B중간 · 끝중간,깨고하락,0.036,-0.173,True
2023-10-19 01:00:00,2023-10-19 06:00:00,숏,9,시작낮음 · B얕음 · 끝높음,제자리,0.144,-0.098,False
2023-10-19 06:00:00,2023-10-20 16:00:00,롱,10,시작중간 · B깊음 · 끝낮음,크게감,6.002,3.66,False
2023-10-20 16:00:00,2023-10-21 15:00:00,숏,10,시작중간 · B깊음 · 끝낮음,제자리,0.084,-0.198,False
2023-10-21 15:00:00,2023-10-21 22:00:00,롱,9,시작낮음 · B얕음 · 끝높음,조금감,0.228,0.03,False
2023-10-21 22:00:00,2023-10-22 23:00:00,숏,26,시작높음 · B얕음 · 끝중간,조금감,0.346,0.001,False
2023-10-22 23:00:00,2023-10-24 13:00:00,롱,17,시작중간 · B얕음 · 끝중간,크게감,8.716,5.75,False
2023-10-24 13:00:00,2023-10-25 14:00:00,숏,19,시작높음 · B깊음 · 끝낮음,제자리,0.17,-0.049,False
2023-10-25 14:00:00,2023-10-25 21:00:00,롱,8,시작낮음 · B얕음 · 끝중간,제자리,0.058,-0.032,False
2023-10-25 21:00:00,2023-10-27 04:00:00,숏,23,시작높음 · B중간 · 끝중간,조금감,0.418,0.235,False
2023-10-27 04:00:00,2023-10-27 16:00:00,롱,10,시작중간 · B깊음 · 끝낮음,제자리,0.116,-0.163,False
2023-10-27 16:00:00,2023-10-28 00:00:00,숏,9,시작낮음 · B얕음 · 끝높음,조금감,0.481,-0.033,False
2023-10-28 00:00:00,2023-10-28 23:00:00,롱,23,시작높음 · B중간 · 끝중간,크게감,0.735,0.2,False
2023-10-28 23:00:00,2023-10-29 08:00:00,숏,14,시작중간 · B중간 · 끝중간,제자리,0.13,-0.135,False
2023-10-29 08:00:00,2023-10-30 01:00:00,롱,18,시작중간 · B얕음 · 끝높음,크게감,0.745,0.252,False
2023-10-30 01:00:00,2023-10-30 11:00:00,숏,10,시작중간 · B깊음 · 끝낮음,조금감,0.371,-0.224,False
2023-10-30 11:00:00,2023-10-30 17:00:00,롱,6,시작낮음 · B중간 · 끝높음,깨고하락,0.397,-0.444,True
2023-10-30 17:00:00,2023-10-31 10:00:00,숏,27,시작높음 · B얕음 · 끝높음,조금감,0.324,-0.153,False
2023-10-31 10:00:00,2023-10-31 13:00:00,롱,23,시작높음 · B중간 · 끝중간,제자리,0.119,-0.264,False
2023-10-31 13:00:00,2023-10-31 16:00:00,숏,18,시작중간 · B얕음 · 끝높음,제자리,0.154,-0.361,False
2023-10-31 16:00:00,2023-11-01 04:00:00,롱,27,시작높음 · B얕음 · 끝높음,크게감,0.715,0.025,False
2023-11-01 04:00:00,2023-11-01 12:00:00,숏,10,시작중간 · B깊음 · 끝낮음,깨고하락,0.205,-0.581,True
2023-11-01 12:00:00,2023-11-01 14:00:00,롱,18,시작중간 · B얕음 · 끝높음,깨고하락,0.615,-0.897,True
2023-11-01 14:00:00,2023-11-01 18:00:00,숏,24,시작높음 · B중간 · 끝높음,제자리,0.017,-0.335,False
2023-11-01 18:00:00,2023-11-02 07:00:00,롱,14,시작중간 · B중간 · 끝중간,크게감,1.241,0.592,False
2023-11-02 07:00:00,2023-11-03 14:00:00,숏,10,시작중간 · B깊음 · 끝낮음,크게감,0.579,0.286,False
2023-11-03 14:00:00,2023-11-04 15:00:00,롱,1,시작낮음 · B깊음 · 끝낮음,제자리,0.182,-0.003,False
2023-11-04 15:00:00,2023-11-04 18:00:00,숏,8,시작낮음 · B얕음 · 끝중간,제자리,0.02,-0.053,False
2023-11-04 18:00:00,2023-11-04 19:00:00,롱,17,시작중간 · B얕음 · 끝중간,제자리,0.017,-0.067,False
2023-11-04 19:00:00,2023-11-04 21:00:00,숏,27,시작높음 · B얕음 · 끝높음,깨고하락,0.165,-0.359,True
2023-11-04 21:00:00,2023-11-05 11:00:00,롱,17,시작중간 · B얕음 · 끝중간,크게감,2.896,1.69,False
2023-11-05 11:00:00,2023-11-06 09:00:00,숏,10,시작중간 · B깊음 · 끝낮음,깨고하락,1.119,-0.064,True
2023-11-06 09:00:00,2023-11-06 17:00:00,롱,5,시작낮음 · B중간 · 끝중간,제자리,0.152,-0.149,False
2023-11-06 17:00:00,2023-11-07 18:00:00,숏,14,시작중간 · B중간 · 끝중간,깨고하락,0.458,-0.396,True
2023-11-07 18:00:00,2023-11-08 06:00:00,롱,15,시작중간 · B중간 · 끝높음,조금감,0.497,-0.101,False
2023-11-08 06:00:00,2023-11-08 18:00:00,숏,10,시작중간 · B깊음 · 끝낮음,제자리,0.163,-0.228,False
2023-11-08 18:00:00,2023-11-09 16:00:00,롱,9,시작낮음 · B얕음 · 끝높음,크게감,2.374,0.693,False
2023-11-09 16:00:00,2023-11-10 12:00:00,숏,19,시작높음 · B깊음 · 끝낮음,제자리,0.112,-0.278,False
2023-11-10 12:00:00,2023-11-11 01:00:00,롱,5,시작낮음 · B중간 · 끝중간,제자리,0.137,-0.045,False
2023-11-11 01:00:00,2023-11-12 06:00:00,숏,17,시작중간 · B얕음 · 끝중간,조금감,0.237,-0.044,False
2023-11-12 06:00:00,2023-11-12 12:00:00,롱,14,시작중간 · B중간 · 끝중간,제자리,0.03,-0.139,False
2023-11-12 12:00:00,2023-11-12 13:00:00,숏,17,시작중간 · B얕음 · 끝중간,제자리,0.117,-0.093,False
2023-11-12 13:00:00,2023-11-12 23:00:00,롱,23,시작높음 · B중간 · 끝중간,크게감,0.621,-0.055,False
2023-11-12 23:00:00,2023-11-13 01:00:00,숏,10,시작중간 · B깊음 · 끝낮음,깨고하락,0.353,-0.427,True
2023-11-13 01:00:00,2023-11-13 03:00:00,롱,8,시작낮음 · B얕음 · 끝중간,깨고하락,0.136,-0.525,True
2023-11-13 03:00:00,2023-11-14 05:00:00,숏,15,시작중간 · B중간 · 끝높음,크게감,1.244,0.491,False
2023-11-14 05:00:00,2023-11-14 12:00:00,롱,10,시작중간 · B깊음 · 끝낮음,제자리,0.103,-0.222,False
2023-11-14 12:00:00,2023-11-14 13:00:00,숏,9,시작낮음 · B얕음 · 끝높음,제자리,0.001,-0.152,False
2023-11-14 13:00:00,2023-11-14 15:00:00,롱,27,시작높음 · B얕음 · 끝높음,깨고하락,0.337,-0.613,True
2023-11-14 15:00:00,2023-11-15 05:00:00,숏,27,시작높음 · B얕음 · 끝높음,크게감,1.599,0.543,False
2023-11-15 05:00:00,2023-11-16 06:00:00,롱,10,시작중간 · B깊음 · 끝낮음,크게감,1.101,0.909,False
2023-11-16 06:00:00,2023-11-17 03:00:00,숏,10,시작중간 · B깊음 · 끝낮음,크게감,0.604,0.314,False
2023-11-17 03:00:00,2023-11-17 15:00:00,롱,1,시작낮음 · B깊음 · 끝낮음,제자리,0.052,-0.178,False
2023-11-17 15:00:00,2023-11-17 17:00:00,숏,9,시작낮음 · B얕음 · 끝높음,깨고하락,0.067,-0.218,True
2023-11-17 17:00:00,2023-11-18 06:00:00,롱,27,시작높음 · B얕음 · 끝높음,조금감,0.215,-0.239,False
2023-11-18 06:00:00,2023-11-18 07:00:00,숏,22,시작높음 · B중간 · 끝낮음,제자리,0.071,-0.156,False
2023-11-18 07:00:00,2023-11-19 00:00:00,롱,26,시작높음 · B얕음 · 끝중간,조금감,0.477,0.057,False
2023-11-19 00:00:00,2023-11-19 07:00:00,숏,10,시작중간 · B깊음 · 끝낮음,제자리,0.111,-0.218,False
2023-11-19 07:00:00,2023-11-19 11:00:00,롱,8,시작낮음 · B얕음 · 끝중간,깨고하락,0.134,-0.253,True
2023-11-19 11:00:00,2023-11-19 18:00:00,숏,27,시작높음 · B얕음 · 끝높음,깨고하락,0.22,-1.092,True
2023-11-19 18:00:00,2023-11-20 08:00:00,롱,27,시작높음 · B얕음 · 끝높음,크게감,1.218,0.536,False
2023-11-20 08:00:00,2023-11-20 15:00:00,숏,19,시작높음 · B깊음 · 끝낮음,깨고하락,0.462,-0.283,True
2023-11-20 15:00:00,2023-11-20 16:00:00,롱,6,시작낮음 · B중간 · 끝높음,제자리,0.196,-0.229,False
2023-11-20 16:00:00,2023-11-20 17:00:00,숏,27,시작높음 · B얕음 · 끝높음,깨고하락,0.455,-0.332,True
2023-11-20 17:00:00,2023-11-20 22:00:00,롱,14,시작중간 · B중간 · 끝중간,조금감,0.237,-0.155,False
2023-11-20 22:00:00,2023-11-22 07:00:00,숏,4,시작낮음 · B중간 · 끝낮음,크게감,1.726,0.942,False
2023-11-22 07:00:00,2023-11-23 11:00:00,롱,10,시작중간 · B깊음 · 끝낮음,크게감,0.645,0.42,False
2023-11-23 11:00:00,2023-11-24 05:00:00,숏,1,시작낮음 · B깊음 · 끝낮음,조금감,0.228,-0.017,False
2023-11-24 05:00:00,2023-11-24 21:00:00,롱,5,시작낮음 · B중간 · 끝중간,크게감,0.61,0.249,False
2023-11-24 21:00:00,2023-11-26 21:00:00,숏,10,시작중간 · B깊음 · 끝낮음,조금감,0.455,0.129,False
2023-11-26 21:00:00,2023-11-27 02:00:00,롱,4,시작낮음 · B중간 · 끝낮음,제자리,0.103,-0.239,False
2023-11-27 02:00:00,2023-11-27 21:00:00,숏,18,시작중간 · B얕음 · 끝높음,크게감,0.71,0.328,False
2023-11-27 21:00:00,2023-11-29 04:00:00,롱,19,시작높음 · B깊음 · 끝낮음,크게감,1.317,0.856,False
2023-11-29 04:00:00,2023-11-29 06:00:00,숏,1,시작낮음 · B깊음 · 끝낮음,제자리,0.028,-0.138,False
2023-11-29 06:00:00,2023-11-29 10:00:00,롱,8,시작낮음 · B얕음 · 끝중간,조금감,0.258,-0.121,False
2023-11-29 10:00:00,2023-11-30 04:00:00,숏,26,시작높음 · B얕음 · 끝중간,크게감,0.575,0.005,False
2023-11-30 04:00:00,2023-11-30 06:00:00,롱,10,시작중간 · B깊음 · 끝낮음,제자리,0.044,-0.098,False
2023-11-30 06:00:00,2023-11-30 21:00:00,숏,18,시작중간 · B얕음 · 끝높음,크게감,0.608,0.187,False
2023-11-30 21:00:00,2023-11-30 22:00:00,롱,22,시작높음 · B중간 · 끝낮음,제자리,0.101,-0.063,False
2023-11-30 22:00:00,2023-11-30 23:00:00,숏,17,시작중간 · B얕음 · 끝중간,제자리,0.189,-0.059,False
2023-11-30 23:00:00,2023-12-01 00:00:00,롱,14,시작중간 · B중간 · 끝중간,제자리,0.088,-0.214,False
2023-12-01 00:00:00,2023-12-01 01:00:00,숏,17,시작중간 · B얕음 · 끝중간,깨고하락,0.198,-1.199,True
2023-12-01 01:00:00,2023-12-01 23:00:00,롱,18,시작중간 · B얕음 · 끝높음,크게감,2.85,1.94,False
2023-12-01 23:00:00,2023-12-02 19:00:00,숏,10,시작중간 · B깊음 · 끝낮음,깨고하락,0.032,-0.529,True
2023-12-02 19:00:00,2023-12-03 05:00:00,롱,9,시작낮음 · B얕음 · 끝높음,제자리,0.153,-0.004,False
2023-12-03 05:00:00,2023-12-03 22:00:00,숏,22,시작높음 · B중간 · 끝낮음,깨고하락,0.042,-0.537,True
2023-12-03 22:00:00,2023-12-04 15:00:00,롱,18,시작중간 · B얕음 · 끝높음,크게감,1.342,0.759,False
2023-12-04 15:00:00,2023-12-05 16:00:00,숏,19,시작높음 · B깊음 · 끝낮음,깨고하락,0.035,-0.504,True
2023-12-05 16:00:00,2023-12-06 04:00:00,롱,9,시작낮음 · B얕음 · 끝높음,크게감,0.574,0.322,False
2023-12-06 04:00:00,2023-12-08 02:00:00,숏,19,시작높음 · B깊음 · 끝낮음,조금감,0.268,0.063,False
2023-12-08 02:00:00,2023-12-08 08:00:00,롱,8,시작낮음 · B얕음 · 끝중간,제자리,0.032,-0.123,False
2023-12-08 08:00:00,2023-12-08 11:00:00,숏,17,시작중간 · B얕음 · 끝중간,깨고하락,0.088,-0.31,True
2023-12-08 11:00:00,2023-12-09 07:00:00,롱,27,시작높음 · B얕음 · 끝높음,크게감,1.327,0.649,False
2023-12-09 07:00:00,2023-12-10 07:00:00,숏,19,시작높음 · B깊음 · 끝낮음,크게감,0.543,0.139,False
2023-12-10 07:00:00,2023-12-10 08:00:00,롱,4,시작낮음 · B중간 · 끝낮음,제자리,0.052,-0.125,False
2023-12-10 08:00:00,2023-12-10 14:00:00,숏,8,시작낮음 · B얕음 · 끝중간,제자리,0.184,-0.06,False
2023-12-10 14:00:00,2023-12-11 00:00:00,롱,10,시작중간 · B깊음 · 끝낮음,깨고하락,0.543,-0.479,True
2023-12-11 00:00:00,2023-12-12 00:00:00,숏,15,시작중간 · B중간 · 끝높음,크게감,6.435,3.519,False
2023-12-12 00:00:00,2023-12-12 17:00:00,롱,22,시작높음 · B중간 · 끝낮음,제자리,0.105,-0.263,False
2023-12-12 17:00:00,2023-12-12 23:00:00,숏,9,시작낮음 · B얕음 · 끝높음,제자리,0.009,-0.219,False
2023-12-12 23:00:00,2023-12-13 02:00:00,롱,14,시작중간 · B중간 · 끝중간,깨고하락,0.004,-0.329,True
2023-12-13 02:00:00,2023-12-13 07:00:00,숏,18,시작중간 · B얕음 · 끝높음,조금감,0.37,-0.1,False
2023-12-13 07:00:00,2023-12-14 08:00:00,롱,26,시작높음 · B얕음 · 끝중간,크게감,2.277,1.52,False
2023-12-14 08:00:00,2023-12-16 03:00:00,숏,10,시작중간 · B깊음 · 끝낮음,크게감,0.516,0.137,False
2023-12-16 03:00:00,2023-12-16 22:00:00,롱,4,시작낮음 · B중간 · 끝낮음,제자리,0.152,-0.008,False
2023-12-16 22:00:00,2023-12-17 16:00:00,숏,8,시작낮음 · B얕음 · 끝중간,조금감,0.355,0.08,False
2023-12-17 16:00:00,2023-12-17 23:00:00,롱,14,시작중간 · B중간 · 끝중간,깨고하락,0.259,-0.605,True
2023-12-17 23:00:00,2023-12-18 13:00:00,숏,6,시작낮음 · B중간 · 끝높음,크게감,0.678,0.007,False
2023-12-18 13:00:00,2023-12-19 12:00:00,롱,22,시작높음 · B중간 · 끝낮음,크게감,1.13,0.833,False
2023-12-19 12:00:00,2023-12-20 05:00:00,숏,10,시작중간 · B깊음 · 끝낮음,조금감,0.384,0.079,False
2023-12-20 05:00:00,2023-12-20 22:00:00,롱,5,시작낮음 · B중간 · 끝중간,크게감,0.617,0.344,False
2023-12-20 22:00:00,2023-12-21 12:00:00,숏,10,시작중간 · B깊음 · 끝낮음,제자리,0.127,-0.175,False
2023-12-21 12:00:00,2023-12-21 14:00:00,롱,9,시작낮음 · B얕음 · 끝높음,제자리,0.117,-0.314,False
2023-12-21 14:00:00,2023-12-22 01:00:00,숏,27,시작높음 · B얕음 · 끝높음,깨고하락,0.152,-0.649,True
2023-12-22 01:00:00,2023-12-22 06:00:00,롱,11,시작중간 · B깊음 · 끝중간,조금감,0.333,-0.267,False
2023-12-22 06:00:00,2023-12-22 23:00:00,숏,14,시작중간 · B중간 · 끝중간,조금감,0.46,-0.089,False
2023-12-22 23:00:00,2023-12-23 02:00:00,롱,11,시작중간 · B깊음 · 끝중간,제자리,0.018,-0.465,False
2023-12-23 02:00:00,2023-12-23 12:00:00,숏,9,시작낮음 · B얕음 · 끝높음,조금감,0.24,-0.206,False
2023-12-23 12:00:00,2023-12-24 05:00:00,롱,23,시작높음 · B중간 · 끝중간,조금감,0.297,-0.238,False
2023-12-24 05:00:00,2023-12-24 14:00:00,숏,14,시작중간 · B중간 · 끝중간,제자리,0.158,-0.305,False
2023-12-24 14:00:00,2023-12-24 17:00:00,롱,5,시작낮음 · B중간 · 끝중간,제자리,0.138,-0.179,False
2023-12-24 17:00:00,2023-12-25 07:00:00,숏,18,시작중간 · B얕음 · 끝높음,크게감,2.291,0.864,False
2023-12-25 07:00:00,2023-12-26 03:00:00,롱,19,시작높음 · B깊음 · 끝낮음,조금감,0.467,0.185,False
2023-12-26 03:00:00,2023-12-26 23:00:00,숏,4,시작낮음 · B중간 · 끝낮음,크게감,1.366,0.697,False
2023-12-26 23:00:00,2023-12-28 05:00:00,롱,10,시작중간 · B깊음 · 끝낮음,크게감,0.585,0.319,False
2023-12-28 05:00:00,2023-12-29 03:00:00,숏,1,시작낮음 · B깊음 · 끝낮음,크게감,0.52,0.239,False
2023-12-29 03:00:00,2023-12-29 16:00:00,롱,1,시작낮음 · B깊음 · 끝낮음,깨고하락,0.251,-0.423,True
2023-12-29 16:00:00,2023-12-30 05:00:00,숏,9,시작낮음 · B얕음 · 끝높음,조금감,0.462,-0.095,False
2023-12-30 05:00:00,2023-12-30 08:00:00,롱,26,시작높음 · B얕음 · 끝중간,제자리,0.025,-0.284,False
2023-12-30 08:00:00,2023-12-30 11:00:00,숏,18,시작중간 · B얕음 · 끝높음,제자리,0.054,-0.285,False
2023-12-30 11:00:00,2023-12-31 03:00:00,롱,20,시작높음 · B깊음 · 끝중간,크게감,1.123,0.451,False
2023-12-31 03:00:00,2023-12-31 04:00:00,숏,10,시작중간 · B깊음 · 끝낮음,제자리,0.02,-0.041,False
2023-12-31 04:00:00,2023-12-31 05:00:00,롱,18,시작중간 · B얕음 · 끝높음,제자리,0.107,-0.032,False
2023-12-31 05:00:00,2023-12-31 06:00:00,숏,26,시작높음 · B얕음 · 끝중간,제자리,0.025,-0.191,False
2023-12-31 06:00:00,2023-12-31 21:00:00,롱,9,시작낮음 · B얕음 · 끝높음,크게감,3.876,1.584,False
2023-12-31 21:00:00,2024-01-01 09:00:00,숏,10,시작중간 · B깊음 · 끝낮음,크게감,0.651,-0.19,False
2024-01-01 09:00:00,2024-01-02 12:00:00,롱,8,시작낮음 · B얕음 · 끝중간,크게감,3.824,3.14,False
2024-01-02 12:00:00,2024-01-04 01:00:00,숏,10,시작중간 · B깊음 · 끝낮음,크게감,1.339,0.684,False
2024-01-04 01:00:00,2024-01-05 02:00:00,롱,1,시작낮음 · B깊음 · 끝낮음,조금감,0.374,0.136,False
2024-01-05 02:00:00,2024-01-05 09:00:00,숏,8,시작낮음 · B얕음 · 끝중간,제자리,0.062,-0.116,False
2024-01-05 09:00:00,2024-01-05 10:00:00,롱,18,시작중간 · B얕음 · 끝높음,제자리,0.003,-0.196,False
2024-01-05 10:00:00,2024-01-05 21:00:00,숏,27,시작높음 · B얕음 · 끝높음,깨고하락,0.545,-0.258,True
2024-01-05 21:00:00,2024-01-06 05:00:00,롱,14,시작중간 · B중간 · 끝중간,조금감,0.27,-0.169,False
2024-01-06 05:00:00,2024-01-06 15:00:00,숏,18,시작중간 · B얕음 · 끝높음,조금감,0.212,-0.11,False
2024-01-06 15:00:00,2024-01-07 10:00:00,롱,17,시작중간 · B얕음 · 끝중간,조금감,0.434,0.107,False
2024-01-07 10:00:00,2024-01-07 11:00:00,숏,13,시작중간 · B중간 · 끝낮음,제자리,0.0,-0.116,False
2024-01-07 11:00:00,2024-01-07 16:00:00,롱,18,시작중간 · B얕음 · 끝높음,깨고하락,0.588,-0.209,True
2024-01-07 16:00:00,2024-01-07 19:00:00,숏,20,시작높음 · B깊음 · 끝중간,조금감,0.42,-0.486,False
2024-01-07 19:00:00,2024-01-07 20:00:00,롱,18,시작중간 · B얕음 · 끝높음,제자리,0.035,-0.144,False
2024-01-07 20:00:00,2024-01-07 21:00:00,숏,26,시작높음 · B얕음 · 끝중간,제자리,0.02,-0.186,False
2024-01-07 21:00:00,2024-01-07 22:00:00,롱,5,시작낮음 · B중간 · 끝중간,깨고하락,0.0,-1.602,True
2024-01-07 22:00:00,2024-01-08 10:00:00,숏,18,시작중간 · B얕음 · 끝높음,깨고하락,1.421,-0.463,True
2024-01-08 10:00:00,2024-01-09 05:00:00,롱,11,시작중간 · B깊음 · 끝중간,크게감,2.462,2.021,False
2024-01-09 05:00:00,2024-01-10 17:00:00,숏,10,시작중간 · B깊음 · 끝낮음,깨고복귀,0.584,0.075,True
2024-01-10 17:00:00,2024-01-11 06:00:00,롱,5,시작낮음 · B중간 · 끝중간,조금감,0.298,-0.12,False
2024-01-11 06:00:00,2024-01-11 10:00:00,숏,1,시작낮음 · B깊음 · 끝낮음,제자리,0.005,-0.259,False
2024-01-11 10:00:00,2024-01-11 17:00:00,롱,18,시작중간 · B얕음 · 끝높음,깨고하락,0.724,-0.117,True
2024-01-11 17:00:00,2024-01-13 06:00:00,숏,20,시작높음 · B깊음 · 끝중간,크게감,1.475,0.954,False
2024-01-13 06:00:00,2024-01-14 20:00:00,롱,22,시작높음 · B중간 · 끝낮음,제자리,0.014,-0.084,False
2024-01-14 20:00:00,2024-01-15 04:00:00,숏,8,시작낮음 · B얕음 · 끝중간,제자리,0.142,-0.016,False
2024-01-15 04:00:00,2024-01-15 15:00:00,롱,20,시작높음 · B깊음 · 끝중간,조금감,0.245,-0.207,False
2024-01-15 15:00:00,2024-01-15 17:00:00,숏,27,시작높음 · B얕음 · 끝높음,제자리,0.018,-0.332,False
2024-01-15 17:00:00,2024-01-16 00:00:00,롱,27,시작높음 · B얕음 · 끝높음,크게감,0.834,-0.134,False
2024-01-16 00:00:00,2024-01-16 03:00:00,숏,20,시작높음 · B깊음 · 끝중간,제자리,0.037,-0.262,False
2024-01-16 03:00:00,2024-01-16 14:00:00,롱,27,시작높음 · B얕음 · 끝높음,깨고하락,0.25,-0.215,True
2024-01-16 14:00:00,2024-01-16 15:00:00,숏,23,시작높음 · B중간 · 끝중간,깨고하락,0.133,-0.48,True
2024-01-16 15:00:00,2024-01-17 01:00:00,롱,15,시작중간 · B중간 · 끝높음,조금감,0.24,-0.216,False
2024-01-17 01:00:00,2024-01-17 21:00:00,숏,13,시작중간 · B중간 · 끝낮음,조금감,0.488,0.174,False
2024-01-17 21:00:00,2024-01-18 11:00:00,롱,4,시작낮음 · B중간 · 끝낮음,제자리,0.174,-0.098,False
2024-01-18 11:00:00,2024-01-19 06:00:00,숏,9,시작낮음 · B얕음 · 끝높음,크게감,1.884,1.088,False
2024-01-19 06:00:00,2024-01-19 16:00:00,롱,19,시작높음 · B깊음 · 끝낮음,깨고하락,0.046,-0.466,True
2024-01-19 16:00:00,2024-01-19 17:00:00,숏,9,시작낮음 · B얕음 · 끝높음,제자리,0.056,-0.334,False
2024-01-19 17:00:00,2024-01-20 14:00:00,롱,27,시작높음 · B얕음 · 끝높음,크게감,0.725,0.216,False
2024-01-20 14:00:00,2024-01-20 19:00:00,숏,10,시작중간 · B깊음 · 끝낮음,제자리,0.03,-0.049,False
2024-01-20 19:00:00,2024-01-21 05:00:00,롱,8,시작낮음 · B얕음 · 끝중간,제자리,0.125,0.001,False
2024-01-21 05:00:00,2024-01-21 10:00:00,숏,20,시작높음 · B깊음 · 끝중간,제자리,0.195,-0.385,False
2024-01-21 10:00:00,2024-01-21 16:00:00,롱,15,시작중간 · B중간 · 끝높음,깨고하락,0.255,-0.589,True
2024-01-21 16:00:00,2024-01-23 04:00:00,숏,27,시작높음 · B얕음 · 끝높음,크게감,6.278,4.325,False
2024-01-23 04:00:00,2024-01-23 09:00:00,롱,19,시작높음 · B깊음 · 끝낮음,깨고하락,0.028,-0.439,True
2024-01-23 09:00:00,2024-01-23 16:00:00,숏,9,시작낮음 · B얕음 · 끝높음,제자리,0.145,-0.123,False
2024-01-23 16:00:00,2024-01-24 18:00:00,롱,23,시작높음 · B중간 · 끝중간,크게감,0.757,0.265,False
2024-01-24 18:00:00,2024-01-25 00:00:00,숏,10,시작중간 · B깊음 · 끝낮음,제자리,0.13,-0.203,False
2024-01-25 00:00:00,2024-01-25 01:00:00,롱,8,시작낮음 · B얕음 · 끝중간,제자리,0.011,-0.116,False
2024-01-25 01:00:00,2024-01-25 07:00:00,숏,17,시작중간 · B얕음 · 끝중간,조금감,0.284,-0.217,False
2024-01-25 07:00:00,2024-01-25 12:00:00,롱,11,시작중간 · B깊음 · 끝중간,조금감,0.489,-0.661,False
2024-01-25 12:00:00,2024-01-26 02:00:00,숏,15,시작중간 · B중간 · 끝높음,크게감,0.582,-0.495,False
2024-01-26 02:00:00,2024-01-27 01:00:00,롱,11,시작중간 · B깊음 · 끝중간,크게감,2.681,2.134,False
2024-01-27 01:00:00,2024-01-27 22:00:00,숏,10,시작중간 · B깊음 · 끝낮음,제자리,0.164,-0.117,False
2024-01-27 22:00:00,2024-01-28 00:00:00,롱,8,시작낮음 · B얕음 · 끝중간,제자리,0.008,-0.066,False
2024-01-28 00:00:00,2024-01-28 03:00:00,숏,27,시작높음 · B얕음 · 끝높음,깨고하락,0.0,-0.283,True
2024-01-28 03:00:00,2024-01-28 12:00:00,롱,24,시작높음 · B중간 · 끝높음,크게감,2.006,0.637,False
2024-01-28 12:00:00,2024-01-29 04:00:00,숏,10,시작중간 · B깊음 · 끝낮음,크게감,0.876,0.223,False
2024-01-29 04:00:00,2024-01-29 07:00:00,롱,10,시작중간 · B깊음 · 끝낮음,제자리,0.054,-0.126,False
2024-01-29 07:00:00,2024-01-29 09:00:00,숏,18,시작중간 · B얕음 · 끝높음,제자리,0.105,-0.252,False
2024-01-29 09:00:00,2024-01-29 13:00:00,롱,24,시작높음 · B중간 · 끝높음,깨고하락,0.232,-0.763,True
2024-01-29 13:00:00,2024-01-29 15:00:00,숏,15,시작중간 · B중간 · 끝높음,깨고하락,0.467,-1.394,True
2024-01-29 15:00:00,2024-01-30 07:00:00,롱,27,시작높음 · B얕음 · 끝높음,크게감,1.317,0.819,False
2024-01-30 07:00:00,2024-01-31 15:00:00,숏,10,시작중간 · B깊음 · 끝낮음,깨고복귀,0.505,0.012,True
2024-01-31 15:00:00,2024-01-31 21:00:00,롱,5,시작낮음 · B중간 · 끝중간,깨고하락,0.199,-0.425,True
2024-01-31 21:00:00,2024-02-01 12:00:00,숏,6,시작낮음 · B중간 · 끝높음,조금감,0.38,0.205,False
2024-02-01 12:00:00,2024-02-02 09:00:00,롱,22,시작높음 · B중간 · 끝낮음,크게감,0.688,0.446,False
2024-02-02 09:00:00,2024-02-03 00:00:00,숏,1,시작낮음 · B깊음 · 끝낮음,깨고하락,0.285,-0.147,True
2024-02-03 00:00:00,2024-02-03 06:00:00,롱,8,시작낮음 · B얕음 · 끝중간,제자리,0.056,-0.086,False
2024-02-03 06:00:00,2024-02-03 17:00:00,숏,26,시작높음 · B얕음 · 끝중간,조금감,0.225,-0.143,False
2024-02-03 17:00:00,2024-02-03 18:00:00,롱,14,시작중간 · B중간 · 끝중간,제자리,0.056,-0.301,False
2024-02-03 18:00:00,2024-02-04 11:00:00,숏,14,시작중간 · B중간 · 끝중간,크게감,0.88,0.04,False
2024-02-04 11:00:00,2024-02-04 18:00:00,롱,10,시작중간 · B깊음 · 끝낮음,제자리,0.105,-0.5,False
2024-02-04 18:00:00,2024-02-05 05:00:00,숏,9,시작낮음 · B얕음 · 끝높음,크게감,1.164,0.014,False
2024-02-05 05:00:00,2024-02-05 16:00:00,롱,23,시작높음 · B중간 · 끝중간,크게감,0.838,-0.052,False
2024-02-05 16:00:00,2024-02-06 03:00:00,숏,14,시작중간 · B중간 · 끝중간,조금감,0.302,-0.087,False
2024-02-06 03:00:00,2024-02-07 01:00:00,롱,27,시작높음 · B얕음 · 끝높음,조금감,0.417,0.154,False
2024-02-07 01:00:00,2024-02-07 13:00:00,숏,22,시작높음 · B중간 · 끝낮음,조금감,0.239,-0.083,False
2024-02-07 13:00:00,2024-02-07 14:00:00,롱,14,시작중간 · B중간 · 끝중간,조금감,0.251,-0.158,False
2024-02-07 14:00:00,2024-02-07 15:00:00,숏,17,시작중간 · B얕음 · 끝중간,조금감,0.216,-0.08,False
2024-02-07 15:00:00,2024-02-08 11:00:00,롱,13,시작중간 · B중간 · 끝낮음,크게감,4.336,3.839,False
2024-02-08 11:00:00,2024-02-08 14:00:00,숏,10,시작중간 · B깊음 · 끝낮음,깨고하락,0.057,-0.185,True
2024-02-08 14:00:00,2024-02-08 22:00:00,롱,8,시작낮음 · B얕음 · 끝중간,조금감,0.242,0.082,False
2024-02-08 22:00:00,2024-02-09 02:00:00,숏,22,시작높음 · B중간 · 끝낮음,깨고하락,0.032,-0.966,True
2024-02-09 02:00:00,2024-02-09 21:00:00,롱,18,시작중간 · B얕음 · 끝높음,크게감,1.264,0.779,False
2024-02-09 21:00:00,2024-02-10 20:00:00,숏,19,시작높음 · B깊음 · 끝낮음,조금감,0.21,-0.127,False
2024-02-10 20:00:00,2024-02-11 10:00:00,롱,8,시작낮음 · B얕음 · 끝중간,조금감,0.262,0.105,False
2024-02-11 10:00:00,2024-02-11 11:00:00,숏,13,시작중간 · B중간 · 끝낮음,제자리,0.006,-0.149,False
2024-02-11 11:00:00,2024-02-11 13:00:00,롱,9,시작낮음 · B얕음 · 끝높음,제자리,0.054,-0.304,False
2024-02-11 13:00:00,2024-02-12 14:00:00,숏,24,시작높음 · B중간 · 끝높음,깨고하락,0.615,-1.311,True
2024-02-12 14:00:00,2024-02-13 04:00:00,롱,15,시작중간 · B중간 · 끝높음,크게감,1.365,0.937,False
2024-02-13 04:00:00,2024-02-14 00:00:00,숏,10,시작중간 · B깊음 · 끝낮음,크게감,0.599,0.157,False
2024-02-14 00:00:00,2024-02-14 22:00:00,롱,5,시작낮음 · B중간 · 끝중간,크게감,1.037,0.925,False
2024-02-14 22:00:00,2024-02-15 00:00:00,숏,13,시작중간 · B중간 · 끝낮음,깨고하락,0.017,-0.141,True
2024-02-15 00:00:00,2024-02-15 01:00:00,롱,9,시작낮음 · B얕음 · 끝높음,제자리,0.01,-0.125,False
2024-02-15 01:00:00,2024-02-16 11:00:00,숏,20,시작높음 · B깊음 · 끝중간,깨고하락,0.647,-0.328,True
2024-02-16 11:00:00,2024-02-16 15:00:00,롱,2,시작낮음 · B깊음 · 끝중간,조금감,0.246,-0.21,False
2024-02-16 15:00:00,2024-02-17 21:00:00,숏,27,시작높음 · B얕음 · 끝높음,크게감,0.811,0.045,False
2024-02-17 21:00:00,2024-02-19 13:00:00,롱,20,시작높음 · B깊음 · 끝중간,조금감,0.362,0.17,False
2024-02-19 13:00:00,2024-02-20 07:00:00,숏,13,시작중간 · B중간 · 끝낮음,조금감,0.449,0.157,False
2024-02-20 07:00:00,2024-02-20 09:00:00,롱,1,시작낮음 · B깊음 · 끝낮음,제자리,0.032,-0.072,False
2024-02-20 09:00:00,2024-02-20 10:00:00,숏,9,시작낮음 · B얕음 · 끝높음,깨고하락,0.001,-0.346,True
2024-02-20 10:00:00,2024-02-20 16:00:00,롱,27,시작높음 · B얕음 · 끝높음,깨고하락,1.65,-1.263,True
2024-02-20 16:00:00,2024-02-20 21:00:00,숏,12,시작중간 · B깊음 · 끝높음,조금감,0.393,-0.346,False
2024-02-20 21:00:00,2024-02-21 05:00:00,롱,23,시작높음 · B중간 · 끝중간,조금감,0.218,-0.077,False
2024-02-21 05:00:00,2024-02-21 21:00:00,숏,26,시작높음 · B얕음 · 끝중간,크게감,0.775,0.243,False
2024-02-21 21:00:00,2024-02-22 13:00:00,롱,13,시작중간 · B중간 · 끝낮음,조금감,0.316,-0.105,False
2024-02-22 13:00:00,2024-02-22 18:00:00,숏,2,시작낮음 · B깊음 · 끝중간,제자리,0.067,-0.332,False
2024-02-22 18:00:00,2024-02-22 23:00:00,롱,6,시작낮음 · B중간 · 끝높음,조금감,0.332,-0.386,False
2024-02-22 23:00:00,2024-02-23 17:00:00,숏,27,시작높음 · B얕음 · 끝높음,크게감,0.589,0.134,False
2024-02-23 17:00:00,2024-02-23 22:00:00,롱,22,시작높음 · B중간 · 끝낮음,제자리,0.054,-0.229,False
2024-02-23 22:00:00,2024-02-24 04:00:00,숏,9,시작낮음 · B얕음 · 끝높음,조금감,0.273,-0.191,False
2024-02-24 04:00:00,2024-02-25 09:00:00,롱,23,시작높음 · B중간 · 끝중간,크게감,1.379,0.99,False
2024-02-25 09:00:00,2024-02-26 14:00:00,숏,10,시작중간 · B깊음 · 끝낮음,깨고하락,0.533,-0.042,True
2024-02-26 14:00:00,2024-02-27 14:00:00,롱,2,시작낮음 · B깊음 · 끝중간,크게감,5.064,4.563,False
2024-02-27 14:00:00,2024-02-28 08:00:00,숏,10,시작중간 · B깊음 · 끝낮음,깨고하락,0.118,-0.376,True
2024-02-28 08:00:00,2024-02-28 21:00:00,롱,9,시작낮음 · B얕음 · 끝높음,크게감,0.592,0.129,False
2024-02-28 21:00:00,2024-02-28 23:00:00,숏,19,시작높음 · B깊음 · 끝낮음,제자리,0.006,-0.226,False
2024-02-28 23:00:00,2024-02-29 00:00:00,롱,18,시작중간 · B얕음 · 끝높음,제자리,0.003,-0.168,False
2024-02-29 00:00:00,2024-02-29 06:00:00,숏,23,시작높음 · B중간 · 끝중간,깨고하락,0.12,-0.569,True
2024-02-29 06:00:00,2024-02-29 08:00:00,롱,6,시작낮음 · B중간 · 끝높음,제자리,0.065,-0.072,False
2024-02-29 08:00:00,2024-03-01 09:00:00,숏,23,시작높음 · B중간 · 끝중간,크게감,0.891,0.247,False
2024-03-01 09:00:00,2024-03-01 15:00:00,롱,19,시작높음 · B깊음 · 끝낮음,제자리,0.166,-0.263,False
2024-03-01 15:00:00,2024-03-01 18:00:00,숏,18,시작중간 · B얕음 · 끝높음,제자리,0.01,-0.331,False
2024-03-01 18:00:00,2024-03-02 02:00:00,롱,24,시작높음 · B중간 · 끝높음,조금감,0.496,-0.146,False
2024-03-02 02:00:00,2024-03-03 04:00:00,숏,14,시작중간 · B중간 · 끝중간,조금감,0.276,0.032,False
2024-03-03 04:00:00,2024-03-03 07:00:00,롱,17,시작중간 · B얕음 · 끝중간,깨고하락,0.024,-0.279,True
2024-03-03 07:00:00,2024-03-03 12:00:00,숏,18,시작중간 · B얕음 · 끝높음,깨고하락,0.161,-0.522,True
2024-03-03 12:00:00,2024-03-05 04:00:00,롱,27,시작높음 · B얕음 · 끝높음,크게감,4.67,3.678,False
2024-03-05 04:00:00,2024-03-06 05:00:00,숏,10,시작중간 · B깊음 · 끝낮음,깨고복귀,1.107,0.124,True
2024-03-06 05:00:00,2024-03-06 22:00:00,롱,1,시작낮음 · B깊음 · 끝낮음,제자리,0.121,-0.053,False
2024-03-06 22:00:00,2024-03-07 10:00:00,숏,8,시작낮음 · B얕음 · 끝중간,제자리,0.041,-0.096,False
2024-03-07 10:00:00,2024-03-07 23:00:00,롱,8,시작낮음 · B얕음 · 끝중간,조금감,0.35,-0.029,False
2024-03-07 23:00:00,2024-03-08 11:00:00,숏,23,시작높음 · B중간 · 끝중간,제자리,0.026,-0.372,False
2024-03-08 11:00:00,2024-03-09 00:00:00,롱,18,시작중간 · B얕음 · 끝높음,깨고복귀,1.531,0.192,True
2024-03-09 00:00:00,2024-03-10 01:00:00,숏,25,시작높음 · B얕음 · 끝낮음,제자리,0.058,-0.215,False
2024-03-10 01:00:00,2024-03-10 14:00:00,롱,18,시작중간 · B얕음 · 끝높음,조금감,0.237,0.073,False
2024-03-10 14:00:00,2024-03-11 07:00:00,숏,19,시작높음 · B깊음 · 끝낮음,깨고하락,1.134,-0.873,True
2024-03-11 07:00:00,2024-03-11 23:00:00,롱,15,시작중간 · B중간 · 끝높음,조금감,0.374,0.207,False
2024-03-11 23:00:00,2024-03-13 02:00:00,숏,13,시작중간 · B중간 · 끝낮음,깨고복귀,0.581,0.017,True
2024-03-13 02:00:00,2024-03-13 14:00:00,롱,2,시작낮음 · B깊음 · 끝중간,조금감,0.361,0.08,False
2024-03-13 14:00:00,2024-03-13 18:00:00,숏,17,시작중간 · B얕음 · 끝중간,제자리,0.014,-0.155,False
2024-03-13 18:00:00,2024-03-13 22:00:00,롱,18,시작중간 · B얕음 · 끝높음,제자리,0.135,-0.102,False
2024-03-13 22:00:00,2024-03-15 00:00:00,숏,23,시작높음 · B중간 · 끝중간,깨고복귀,3.088,0.716,True
2024-03-15 00:00:00,2024-03-15 02:00:00,롱,10,시작중간 · B깊음 · 끝낮음,깨고하락,0.033,-0.539,True
2024-03-15 02:00:00,2024-03-15 14:00:00,숏,18,시작중간 · B얕음 · 끝높음,크게감,0.579,0.07,False
2024-03-15 14:00:00,2024-03-16 11:00:00,롱,10,시작중간 · B깊음 · 끝낮음,조금감,0.291,-0.055,False
2024-03-16 11:00:00,2024-03-17 05:00:00,숏,8,시작낮음 · B얕음 · 끝중간,크게감,0.571,0.32,False
2024-03-17 05:00:00,2024-03-17 06:00:00,롱,10,시작중간 · B깊음 · 끝낮음,제자리,0.02,-0.216,False
2024-03-17 06:00:00,2024-03-17 08:00:00,숏,9,시작낮음 · B얕음 · 끝높음,깨고하락,0.113,-0.407,True
2024-03-17 08:00:00,2024-03-18 09:00:00,롱,20,시작높음 · B깊음 · 끝중간,크게감,1.105,0.592,False
2024-03-18 09:00:00,2024-03-19 16:00:00,숏,10,시작중간 · B깊음 · 끝낮음,크게감,1.217,0.64,False
2024-03-19 16:00:00,2024-03-19 23:00:00,롱,1,시작낮음 · B깊음 · 끝낮음,깨고하락,0.116,-0.46,True
2024-03-19 23:00:00,2024-03-20 07:00:00,숏,9,시작낮음 · B얕음 · 끝높음,제자리,0.17,-0.143,False
2024-03-20 07:00:00,2024-03-21 07:00:00,롱,26,시작높음 · B얕음 · 끝중간,크게감,1.054,0.796,False
2024-03-21 07:00:00,2024-03-22 05:00:00,숏,10,시작중간 · B깊음 · 끝낮음,조금감,0.328,0.071,False
2024-03-22 05:00:00,2024-03-22 09:00:00,롱,5,시작낮음 · B중간 · 끝중간,제자리,0.031,-0.144,False
2024-03-22 09:00:00,2024-03-23 00:00:00,숏,18,시작중간 · B얕음 · 끝높음,크게감,1.063,0.595,False
2024-03-23 00:00:00,2024-03-23 23:00:00,롱,19,시작높음 · B깊음 · 끝낮음,크게감,0.538,0.085,False
2024-03-23 23:00:00,2024-03-24 08:00:00,숏,5,시작낮음 · B중간 · 끝중간,제자리,0.054,-0.316,False
2024-03-24 08:00:00,2024-03-25 08:00:00,롱,9,시작낮음 · B얕음 · 끝높음,크게감,0.822,0.555,False
2024-03-25 08:00:00,2024-03-25 14:00:00,숏,10,시작중간 · B깊음 · 끝낮음,깨고하락,0.048,-0.619,True
2024-03-25 14:00:00,2024-03-26 00:00:00,롱,9,시작낮음 · B얕음 · 끝높음,조금감,0.364,0.1,False
2024-03-26 00:00:00,2024-03-28 00:00:00,숏,19,시작높음 · B깊음 · 끝낮음,깨고복귀,0.342,0.04,True
2024-03-28 00:00:00,2024-03-28 20:00:00,롱,8,시작낮음 · B얕음 · 끝중간,조금감,0.441,0.232,False
2024-03-28 20:00:00,2024-03-29 23:00:00,숏,10,시작중간 · B깊음 · 끝낮음,조금감,0.496,0.239,False
2024-03-29 23:00:00,2024-03-30 19:00:00,롱,4,시작낮음 · B중간 · 끝낮음,제자리,0.188,0.019,False
2024-03-30 19:00:00,2024-03-31 02:00:00,숏,8,시작낮음 · B얕음 · 끝중간,제자리,0.17,-0.051,False
2024-03-31 02:00:00,2024-04-01 03:00:00,롱,14,시작중간 · B중간 · 끝중간,크게감,1.777,0.733,False
2024-04-01 03:00:00,2024-04-01 20:00:00,숏,19,시작높음 · B깊음 · 끝낮음,크게감,1.354,0.452,False
2024-04-01 20:00:00,2024-04-02 02:00:00,롱,10,시작중간 · B깊음 · 끝낮음,깨고하락,0.057,-0.794,True
2024-04-02 02:00:00,2024-04-02 18:00:00,숏,18,시작중간 · B얕음 · 끝높음,조금감,0.476,0.218,False
2024-04-02 18:00:00,2024-04-04 03:00:00,롱,19,시작높음 · B깊음 · 끝낮음,깨고하락,0.197,-0.041,True
2024-04-04 03:00:00,2024-04-04 07:00:00,숏,8,시작낮음 · B얕음 · 끝중간,제자리,0.12,-0.089,False
2024-04-04 07:00:00,2024-04-05 02:00:00,롱,17,시작중간 · B얕음 · 끝중간,크게감,1.266,0.595,False
2024-04-05 02:00:00,2024-04-05 15:00:00,숏,19,시작높음 · B깊음 · 끝낮음,조금감,0.389,-0.142,False
2024-04-05 15:00:00,2024-04-05 19:00:00,롱,5,시작낮음 · B중간 · 끝중간,제자리,0.054,-0.227,False
2024-04-05 19:00:00,2024-04-05 23:00:00,숏,27,시작높음 · B얕음 · 끝높음,제자리,0.025,-0.16,False
2024-04-05 23:00:00,2024-04-06 02:00:00,롱,27,시작높음 · B얕음 · 끝높음,조금감,0.214,-0.214,False
2024-04-06 02:00:00,2024-04-06 03:00:00,숏,14,시작중간 · B중간 · 끝중간,제자리,0.0,-0.287,False
2024-04-06 03:00:00,2024-04-06 04:00:00,롱,24,시작높음 · B중간 · 끝높음,제자리,0.049,-0.088,False
2024-04-06 04:00:00,2024-04-06 05:00:00,숏,1,시작낮음 · B깊음 · 끝낮음,깨고하락,0.051,-0.659,True
2024-04-06 05:00:00,2024-04-06 10:00:00,롱,18,시작중간 · B얕음 · 끝높음,조금감,0.243,-0.278,False
2024-04-06 10:00:00,2024-04-06 16:00:00,숏,13,시작중간 · B중간 · 끝낮음,깨고하락,0.526,-0.461,True
2024-04-06 16:00:00,2024-04-07 10:00:00,롱,18,시작중간 · B얕음 · 끝높음,크게감,2.092,1.507,False
2024-04-07 10:00:00,2024-04-07 16:00:00,숏,19,시작높음 · B깊음 · 끝낮음,깨고하락,0.057,-0.338,True
2024-04-07 16:00:00,2024-04-07 18:00:00,롱,9,시작낮음 · B얕음 · 끝높음,제자리,0.019,-0.277,False
2024-04-07 18:00:00,2024-04-08 07:00:00,숏,23,시작높음 · B중간 · 끝중간,깨고하락,0.466,-1.1,True
2024-04-08 07:00:00,2024-04-08 19:00:00,롱,15,시작중간 · B중간 · 끝높음,크게감,1.073,0.552,False
2024-04-08 19:00:00,2024-04-10 01:00:00,숏,19,시작높음 · B깊음 · 끝낮음,크게감,0.902,0.622,False
2024-04-10 01:00:00,2024-04-10 02:00:00,롱,1,시작낮음 · B깊음 · 끝낮음,제자리,0.071,-0.134,False
2024-04-10 02:00:00,2024-04-10 03:00:00,숏,8,시작낮음 · B얕음 · 끝중간,제자리,0.009,-0.127,False
2024-04-10 03:00:00,2024-04-10 12:00:00,롱,14,시작중간 · B중간 · 끝중간,깨고하락,0.326,-1.025,True
2024-04-10 12:00:00,2024-04-10 16:00:00,숏,6,시작낮음 · B중간 · 끝높음,깨고하락,0.242,-0.725,True
2024-04-10 16:00:00,2024-04-11 11:00:00,롱,15,시작중간 · B중간 · 끝높음,크게감,0.862,0.218,False
2024-04-11 11:00:00,2024-04-12 03:00:00,숏,10,시작중간 · B깊음 · 끝낮음,제자리,0.11,-0.26,False
2024-04-12 03:00:00,2024-04-12 12:00:00,롱,6,시작낮음 · B중간 · 끝높음,제자리,0.102,-0.157,False
2024-04-12 12:00:00,2024-04-13 05:00:00,숏,23,시작높음 · B중간 · 끝중간,크게감,3.467,1.903,False
2024-04-13 05:00:00,2024-04-13 19:00:00,롱,10,시작중간 · B깊음 · 끝낮음,깨고하락,0.092,-0.397,True
2024-04-13 19:00:00,2024-04-14 06:00:00,숏,9,시작낮음 · B얕음 · 끝높음,크게감,0.639,0.011,False
2024-04-14 06:00:00,2024-04-15 14:00:00,롱,19,시작높음 · B깊음 · 끝낮음,조금감,0.271,-0.052,False
2024-04-15 14:00:00,2024-04-16 07:00:00,숏,8,시작낮음 · B얕음 · 끝중간,조금감,0.343,0.096,False
2024-04-16 07:00:00,2024-04-16 14:00:00,롱,1,시작낮음 · B깊음 · 끝낮음,깨고하락,0.029,-0.273,True
2024-04-16 14:00:00,2024-04-16 17:00:00,숏,9,시작낮음 · B얕음 · 끝높음,제자리,0.091,-0.09,False
2024-04-16 17:00:00,2024-04-17 09:00:00,롱,23,시작높음 · B중간 · 끝중간,크게감,0.889,0.365,False
2024-04-17 09:00:00,2024-04-18 00:00:00,숏,19,시작높음 · B깊음 · 끝낮음,크게감,1.304,0.633,False
2024-04-18 00:00:00,2024-04-19 01:00:00,롱,10,시작중간 · B깊음 · 끝낮음,크게감,0.547,-0.104,False
2024-04-19 01:00:00,2024-04-19 06:00:00,숏,2,시작낮음 · B깊음 · 끝중간,깨고하락,0.322,-0.791,True
2024-04-19 06:00:00,2024-04-19 18:00:00,롱,15,시작중간 · B중간 · 끝높음,제자리,0.152,-0.076,False
2024-04-19 18:00:00,2024-04-20 15:00:00,숏,13,시작중간 · B중간 · 끝낮음,조금감,0.219,-0.1,False
2024-04-20 15:00:00,2024-04-21 08:00:00,롱,5,시작낮음 · B중간 · 끝중간,조금감,0.255,0.037,False
2024-04-21 08:00:00,2024-04-22 03:00:00,숏,10,시작중간 · B깊음 · 끝낮음,깨고하락,0.252,-0.279,True
2024-04-22 03:00:00,2024-04-23 03:00:00,롱,6,시작낮음 · B중간 · 끝높음,크게감,0.646,0.303,False
2024-04-23 03:00:00,2024-04-23 16:00:00,숏,10,시작중간 · B깊음 · 끝낮음,조금감,0.216,-0.109,False
2024-04-23 16:00:00,2024-04-23 20:00:00,롱,8,시작낮음 · B얕음 · 끝중간,제자리,0.07,-0.16,False
2024-04-23 20:00:00,2024-04-24 04:00:00,숏,17,시작중간 · B얕음 · 끝중간,깨고하락,0.174,-0.48,True
2024-04-24 04:00:00,2024-04-24 08:00:00,롱,24,시작높음 · B중간 · 끝높음,제자리,0.063,-0.409,False
2024-04-24 08:00:00,2024-04-25 04:00:00,숏,23,시작높음 · B중간 · 끝중간,크게감,2.553,1.898,False
2024-04-25 04:00:00,2024-04-25 10:00:00,롱,19,시작높음 · B깊음 · 끝낮음,깨고하락,0.011,-0.255,True
2024-04-25 10:00:00,2024-04-25 11:00:00,숏,9,시작낮음 · B얕음 · 끝높음,제자리,0.003,-0.114,False
2024-04-25 11:00:00,2024-04-25 12:00:00,롱,23,시작높음 · B중간 · 끝중간,깨고하락,0.448,-0.393,True
2024-04-25 12:00:00,2024-04-25 15:00:00,숏,5,시작낮음 · B중간 · 끝중간,크게감,0.602,-0.666,False
2024-04-25 15:00:00,2024-04-26 11:00:00,롱,15,시작중간 · B중간 · 끝높음,크게감,0.753,0.073,False
2024-04-26 11:00:00,2024-04-26 13:00:00,숏,10,시작중간 · B깊음 · 끝낮음,조금감,0.231,-0.098,False
2024-04-26 13:00:00,2024-04-26 14:00:00,롱,9,시작낮음 · B얕음 · 끝높음,제자리,0.163,-0.308,False
2024-04-26 14:00:00,2024-04-27 12:00:00,숏,24,시작높음 · B중간 · 끝높음,크게감,1.253,0.701,False
2024-04-27 12:00:00,2024-04-28 11:00:00,롱,10,시작중간 · B깊음 · 끝낮음,크게감,0.545,0.185,False
2024-04-28 11:00:00,2024-04-28 18:00:00,숏,4,시작낮음 · B중간 · 끝낮음,제자리,0.031,-0.181,False
2024-04-28 18:00:00,2024-04-28 19:00:00,롱,8,시작낮음 · B얕음 · 끝중간,제자리,0.002,-0.128,False
2024-04-28 19:00:00,2024-04-29 14:00:00,숏,26,시작높음 · B얕음 · 끝중간,크게감,3.179,1.423,False
2024-04-29 14:00:00,2024-04-30 07:00:00,롱,10,시작중간 · B깊음 · 끝낮음,크게감,0.844,0.134,False
2024-04-30 07:00:00,2024-05-01 01:00:00,숏,1,시작낮음 · B깊음 · 끝낮음,크게감,1.339,1.009,False
2024-05-01 01:00:00,2024-05-01 07:00:00,롱,10,시작중간 · B깊음 · 끝낮음,깨고하락,0.04,-0.473,True
2024-05-01 07:00:00,2024-05-01 18:00:00,숏,9,시작낮음 · B얕음 · 끝높음,제자리,0.151,-0.221,False
2024-05-01 18:00:00,2024-05-03 07:00:00,롱,19,시작높음 · B깊음 · 끝낮음,조금감,0.282,0.068,False
2024-05-03 07:00:00,2024-05-03 12:00:00,숏,1,시작낮음 · B깊음 · 끝낮음,깨고하락,0.096,-0.417,True
2024-05-03 12:00:00,2024-05-04 06:00:00,롱,18,시작중간 · B얕음 · 끝높음,크게감,0.761,0.584,False
2024-05-04 06:00:00,2024-05-04 12:00:00,숏,10,시작중간 · B깊음 · 끝낮음,깨고하락,0.016,-0.228,True
2024-05-04 12:00:00,2024-05-04 13:00:00,롱,8,시작낮음 · B얕음 · 끝중간,제자리,0.019,-0.063,False
2024-05-04 13:00:00,2024-05-05 14:00:00,숏,26,시작높음 · B얕음 · 끝중간,깨고하락,0.502,-0.235,True
2024-05-05 14:00:00,2024-05-05 19:00:00,롱,11,시작중간 · B깊음 · 끝중간,조금감,0.398,-0.162,False
2024-05-05 19:00:00,2024-05-06 07:00:00,숏,26,시작높음 · B얕음 · 끝중간,제자리,0.178,-0.378,False
2024-05-06 07:00:00,2024-05-06 12:00:00,롱,18,시작중간 · B얕음 · 끝높음,깨고하락,0.936,-0.859,True
2024-05-06 12:00:00,2024-05-07 01:00:00,숏,24,시작높음 · B중간 · 끝높음,조금감,0.406,-0.138,False
2024-05-07 01:00:00,2024-05-07 03:00:00,롱,23,시작높음 · B중간 · 끝중간,제자리,0.022,-0.232,False
2024-05-07 03:00:00,2024-05-07 04:00:00,숏,9,시작낮음 · B얕음 · 끝높음,제자리,0.091,-0.13,False
2024-05-07 04:00:00,2024-05-07 13:00:00,롱,13,시작중간 · B중간 · 끝낮음,크게감,0.805,-0.201,False
2024-05-07 13:00:00,2024-05-07 14:00:00,숏,11,시작중간 · B깊음 · 끝중간,제자리,0.109,-0.512,False
2024-05-07 14:00:00,2024-05-07 17:00:00,롱,6,시작낮음 · B중간 · 끝높음,조금감,0.213,-0.463,False
2024-05-07 17:00:00,2024-05-08 13:00:00,숏,2,시작낮음 · B깊음 · 끝중간,크게감,1.269,0.738,False
2024-05-08 13:00:00,2024-05-08 20:00:00,롱,10,시작중간 · B깊음 · 끝낮음,깨고하락,0.154,-0.347,True
2024-05-08 20:00:00,2024-05-09 05:00:00,숏,9,시작낮음 · B얕음 · 끝높음,조금감,0.303,-0.002,False
2024-05-09 05:00:00,2024-05-09 10:00:00,롱,10,시작중간 · B깊음 · 끝낮음,깨고하락,0.11,-0.391,True
2024-05-09 10:00:00,2024-05-09 12:00:00,숏,9,시작낮음 · B얕음 · 끝높음,제자리,0.152,-0.476,False
2024-05-09 12:00:00,2024-05-10 13:00:00,롱,24,시작높음 · B중간 · 끝높음,크게감,1.621,1.225,False
2024-05-10 13:00:00,2024-05-11 05:00:00,숏,10,시작중간 · B깊음 · 끝낮음,크게감,0.984,0.708,False
2024-05-11 05:00:00,2024-05-13 02:00:00,롱,1,시작낮음 · B깊음 · 끝낮음,조금감,0.282,0.026,False
2024-05-13 02:00:00,2024-05-13 07:00:00,숏,5,시작낮음 · B중간 · 끝중간,깨고하락,0.098,-0.443,True
2024-05-13 07:00:00,2024-05-13 22:00:00,롱,9,시작낮음 · B얕음 · 끝높음,크게감,0.574,0.213,False
2024-05-13 22:00:00,2024-05-15 01:00:00,숏,19,시작높음 · B깊음 · 끝낮음,크게감,0.633,0.39,False
2024-05-15 01:00:00,2024-05-16 04:00:00,롱,4,시작낮음 · B중간 · 끝낮음,크게감,2.055,1.693,False
2024-05-16 04:00:00,2024-05-17 07:00:00,숏,10,시작중간 · B깊음 · 끝낮음,깨고하락,0.213,-0.101,True
2024-05-17 07:00:00,2024-05-18 00:00:00,롱,8,시작낮음 · B얕음 · 끝중간,조금감,0.202,0.093,False
2024-05-18 00:00:00,2024-05-19 03:00:00,숏,13,시작중간 · B중간 · 끝낮음,제자리,0.137,-0.095,False
2024-05-19 03:00:00,2024-05-19 06:00:00,롱,8,시작낮음 · B얕음 · 끝중간,제자리,0.011,-0.075,False
2024-05-19 06:00:00,2024-05-19 07:00:00,숏,27,시작높음 · B얕음 · 끝높음,깨고하락,0.061,-0.329,True
2024-05-19 07:00:00,2024-05-19 12:00:00,롱,27,시작높음 · B얕음 · 끝높음,깨고하락,1.048,-1.178,True
2024-05-19 12:00:00,2024-05-20 03:00:00,숏,15,시작중간 · B중간 · 끝높음,크게감,0.994,0.163,False
2024-05-20 03:00:00,2024-05-21 09:00:00,롱,10,시작중간 · B깊음 · 끝낮음,크게감,2.829,2.276,False
2024-05-21 09:00:00,2024-05-22 15:00:00,숏,10,시작중간 · B깊음 · 끝낮음,조금감,0.296,0.083,False
2024-05-22 15:00:00,2024-05-22 18:00:00,롱,8,시작낮음 · B얕음 · 끝중간,제자리,0.04,-0.149,False
2024-05-22 18:00:00,2024-05-23 06:00:00,숏,9,시작낮음 · B얕음 · 끝높음,조금감,0.344,0.003,False
2024-05-23 06:00:00,2024-05-23 13:00:00,롱,23,시작높음 · B중간 · 끝중간,깨고하락,0.29,-0.817,True
2024-05-23 13:00:00,2024-05-24 02:00:00,숏,18,시작중간 · B얕음 · 끝높음,크게감,0.702,0.015,False
2024-05-24 02:00:00,2024-05-24 06:00:00,롱,19,시작높음 · B깊음 · 끝낮음,제자리,0.008,-0.288,False
2024-05-24 06:00:00,2024-05-24 09:00:00,숏,9,시작낮음 · B얕음 · 끝높음,제자리,0.086,-0.144,False
2024-05-24 09:00:00,2024-05-25 15:00:00,롱,23,시작높음 · B중간 · 끝중간,크게감,1.583,1.101,False
2024-05-25 15:00:00,2024-05-27 02:00:00,숏,10,시작중간 · B깊음 · 끝낮음,조금감,0.276,-0.063,False
2024-05-27 02:00:00,2024-05-27 05:00:00,롱,8,시작낮음 · B얕음 · 끝중간,제자리,0.04,-0.218,False
2024-05-27 05:00:00,2024-05-27 13:00:00,숏,27,시작높음 · B얕음 · 끝높음,제자리,0.183,-0.273,False
2024-05-27 13:00:00,2024-05-28 00:00:00,롱,24,시작높음 · B중간 · 끝높음,크게감,1.714,0.431,False
2024-05-28 00:00:00,2024-05-28 19:00:00,숏,10,시작중간 · B깊음 · 끝낮음,크게감,0.874,0.383,False
2024-05-28 19:00:00,2024-05-29 08:00:00,롱,10,시작중간 · B깊음 · 끝낮음,제자리,0.152,-0.16,False
2024-05-29 08:00:00,2024-05-29 23:00:00,숏,5,시작낮음 · B중간 · 끝중간,조금감,0.327,0.094,False
2024-05-29 23:00:00,2024-05-30 23:00:00,롱,22,시작높음 · B중간 · 끝낮음,크게감,1.011,0.373,False
2024-05-30 23:00:00,2024-06-01 02:00:00,숏,10,시작중간 · B깊음 · 끝낮음,크게감,0.703,0.254,False
2024-06-01 02:00:00,2024-06-02 08:00:00,롱,10,시작중간 · B깊음 · 끝낮음,제자리,0.065,0.006,False
2024-06-02 08:00:00,2024-06-02 11:00:00,숏,17,시작중간 · B얕음 · 끝중간,깨고하락,0.163,-0.203,True
2024-06-02 11:00:00,2024-06-02 18:00:00,롱,18,시작중간 · B얕음 · 끝높음,조금감,0.247,-0.577,False
2024-06-02 18:00:00,2024-06-03 01:00:00,숏,11,시작중간 · B깊음 · 끝중간,깨고하락,0.376,-0.708,True
2024-06-03 01:00:00,2024-06-03 19:00:00,롱,18,시작중간 · B얕음 · 끝높음,크게감,1.411,0.577,False
2024-06-03 19:00:00,2024-06-04 14:00:00,숏,19,시작높음 · B깊음 · 끝낮음,조금감,0.212,-0.141,False
2024-06-04 14:00:00,2024-06-05 08:00:00,롱,8,시작낮음 · B얕음 · 끝중간,크게감,0.69,0.514,False
2024-06-05 08:00:00,2024-06-06 14:00:00,숏,19,시작높음 · B깊음 · 끝낮음,깨고하락,0.203,-0.186,True
2024-06-06 14:00:00,2024-06-06 16:00:00,롱,8,시작낮음 · B얕음 · 끝중간,제자리,0.08,-0.213,False
2024-06-06 16:00:00,2024-06-07 04:00:00,숏,14,시작중간 · B중간 · 끝중간,크게감,0.585,-0.199,False
2024-06-07 04:00:00,2024-06-07 16:00:00,롱,11,시작중간 · B깊음 · 끝중간,크게감,0.589,-0.22,False
2024-06-07 16:00:00,2024-06-08 07:00:00,숏,17,시작중간 · B얕음 · 끝중간,크게감,1.271,0.643,False
2024-06-08 07:00:00,2024-06-10 05:00:00,롱,19,시작높음 · B깊음 · 끝낮음,제자리,0.067,-0.011,False
2024-06-10 05:00:00,2024-06-10 15:00:00,숏,8,시작낮음 · B얕음 · 끝중간,깨고하락,0.138,-0.164,True
2024-06-10 15:00:00,2024-06-10 21:00:00,롱,15,시작중간 · B중간 · 끝높음,제자리,0.079,-0.45,False
2024-06-10 21:00:00,2024-06-11 19:00:00,숏,23,시작높음 · B중간 · 끝중간,크게감,3.608,2.174,False
2024-06-11 19:00:00,2024-06-12 20:00:00,롱,19,시작높음 · B깊음 · 끝낮음,크게감,0.616,0.163,False
2024-06-12 20:00:00,2024-06-14 02:00:00,숏,1,시작낮음 · B깊음 · 끝낮음,조금감,0.455,0.282,False
2024-06-14 02:00:00,2024-06-14 16:00:00,롱,16,시작중간 · B얕음 · 끝낮음,깨고하락,0.109,-0.442,True
2024-06-14 16:00:00,2024-06-15 00:00:00,숏,18,시작중간 · B얕음 · 끝높음,제자리,0.065,-0.253,False
2024-06-15 00:00:00,2024-06-16 21:00:00,롱,20,시작높음 · B깊음 · 끝중간,조금감,0.273,0.145,False
2024-06-16 21:00:00,2024-06-16 22:00:00,숏,13,시작중간 · B중간 · 끝낮음,깨고하락,0.0,-0.133,True
2024-06-16 22:00:00,2024-06-17 01:00:00,롱,9,시작낮음 · B얕음 · 끝높음,깨고하락,0.147,-0.241,True
2024-06-17 01:00:00,2024-06-17 17:00:00,숏,20,시작높음 · B깊음 · 끝중간,크게감,1.988,-0.194,False
2024-06-17 17:00:00,2024-06-18 01:00:00,롱,20,시작높음 · B깊음 · 끝중간,깨고하락,0.376,-0.781,True
2024-06-18 01:00:00,2024-06-18 21:00:00,숏,15,시작중간 · B중간 · 끝높음,조금감,0.387,-0.034,False
2024-06-18 21:00:00,2024-06-19 14:00:00,롱,22,시작높음 · B중간 · 끝낮음,제자리,0.155,-0.087,False
2024-06-19 14:00:00,2024-06-20 00:00:00,숏,5,시작낮음 · B중간 · 끝중간,제자리,0.138,-0.085,False
2024-06-20 00:00:00,2024-06-20 14:00:00,롱,14,시작중간 · B중간 · 끝중간,깨고하락,1.32,-0.126,True
2024-06-20 14:00:00,2024-06-21 18:00:00,숏,11,시작중간 · B깊음 · 끝중간,크게감,0.872,0.43,False
2024-06-21 18:00:00,2024-06-23 10:00:00,롱,13,시작중간 · B중간 · 끝낮음,제자리,0.112,0.042,False
2024-06-23 10:00:00,2024-06-25 00:00:00,숏,4,시작낮음 · B중간 · 끝낮음,크게감,3.193,2.095,False
2024-06-25 00:00:00,2024-06-26 05:00:00,롱,10,시작중간 · B깊음 · 끝낮음,조금감,0.34,0.188,False
2024-06-26 05:00:00,2024-06-27 09:00:00,숏,4,시작낮음 · B중간 · 끝낮음,제자리,0.159,0.044,False
2024-06-27 09:00:00,2024-06-28 05:00:00,롱,4,시작낮음 · B중간 · 끝낮음,조금감,0.495,0.136,False
2024-06-28 05:00:00,2024-06-29 02:00:00,숏,1,시작낮음 · B깊음 · 끝낮음,크게감,0.86,0.48,False
2024-06-29 02:00:00,2024-06-30 01:00:00,롱,1,시작낮음 · B깊음 · 끝낮음,조금감,0.21,0.092,False
2024-06-30 01:00:00,2024-06-30 07:00:00,숏,8,시작낮음 · B얕음 · 끝중간,깨고하락,0.134,-0.319,True
2024-06-30 07:00:00,2024-07-01 09:00:00,롱,18,시작중간 · B얕음 · 끝높음,크게감,2.008,1.234,False
2024-07-01 09:00:00,2024-07-03 17:00:00,숏,19,시작높음 · B깊음 · 끝낮음,깨고복귀,1.094,0.826,True
2024-07-03 17:00:00,2024-07-03 19:00:00,롱,1,시작낮음 · B깊음 · 끝낮음,제자리,0.02,-0.164,False
2024-07-03 19:00:00,2024-07-03 21:00:00,숏,9,시작낮음 · B얕음 · 끝높음,제자리,0.063,-0.137,False
2024-07-03 21:00:00,2024-07-04 01:00:00,롱,20,시작높음 · B깊음 · 끝중간,깨고하락,0.214,-1.473,True
2024-07-04 01:00:00,2024-07-04 16:00:00,숏,15,시작중간 · B중간 · 끝높음,크게감,0.9,0.133,False
2024-07-04 16:00:00,2024-07-05 02:00:00,롱,10,시작중간 · B깊음 · 끝낮음,깨고하락,0.145,-0.675,True
2024-07-05 02:00:00,2024-07-05 12:00:00,숏,9,시작낮음 · B얕음 · 끝높음,조금감,0.472,0.138,False
2024-07-05 12:00:00,2024-07-07 04:00:00,롱,19,시작높음 · B깊음 · 끝낮음,크게감,0.63,0.467,False
2024-07-07 04:00:00,2024-07-08 08:00:00,숏,1,시작낮음 · B깊음 · 끝낮음,크게감,0.65,-0.037,False
2024-07-08 08:00:00,2024-07-08 16:00:00,롱,2,시작낮음 · B깊음 · 끝중간,제자리,0.097,-0.469,False
2024-07-08 16:00:00,2024-07-08 19:00:00,숏,5,시작낮음 · B중간 · 끝중간,제자리,0.054,-0.17,False
2024-07-08 19:00:00,2024-07-09 14:00:00,롱,27,시작높음 · B얕음 · 끝높음,크게감,0.508,0.171,False
2024-07-09 14:00:00,2024-07-09 16:00:00,숏,22,시작높음 · B중간 · 끝낮음,제자리,0.059,-0.233,False
2024-07-09 16:00:00,2024-07-10 00:00:00,롱,9,시작낮음 · B얕음 · 끝높음,조금감,0.314,-0.102,False
2024-07-10 00:00:00,2024-07-10 03:00:00,숏,23,시작높음 · B중간 · 끝중간,제자리,0.107,-0.483,False
2024-07-10 03:00:00,2024-07-10 11:00:00,롱,5,시작낮음 · B중간 · 끝중간,크게감,1.295,0.307,False
2024-07-10 11:00:00,2024-07-11 05:00:00,숏,10,시작중간 · B깊음 · 끝낮음,크게감,0.676,0.238,False
2024-07-11 05:00:00,2024-07-11 15:00:00,롱,13,시작중간 · B중간 · 끝낮음,크게감,0.692,-0.236,False
2024-07-11 15:00:00,2024-07-12 10:00:00,숏,2,시작낮음 · B깊음 · 끝중간,조금감,0.328,0.085,False
2024-07-12 10:00:00,2024-07-13 20:00:00,롱,22,시작높음 · B중간 · 끝낮음,크게감,0.57,0.447,False
2024-07-13 20:00:00,2024-07-13 22:00:00,숏,1,시작낮음 · B깊음 · 끝낮음,깨고하락,0.138,-0.366,True
2024-07-13 22:00:00,2024-07-14 12:00:00,롱,9,시작낮음 · B얕음 · 끝높음,조금감,0.303,0.034,False
2024-07-14 12:00:00,2024-07-14 21:00:00,숏,19,시작높음 · B깊음 · 끝낮음,깨고하락,0.063,-0.787,True
2024-07-14 21:00:00,2024-07-15 12:00:00,롱,9,시작낮음 · B얕음 · 끝높음,크게감,0.658,0.423,False
2024-07-15 12:00:00,2024-07-15 22:00:00,숏,10,시작중간 · B깊음 · 끝낮음,깨고하락,0.033,-0.438,True
2024-07-15 22:00:00,2024-07-16 05:00:00,롱,9,시작낮음 · B얕음 · 끝높음,제자리,0.15,-0.14,False
2024-07-16 05:00:00,2024-07-16 16:00:00,숏,23,시작높음 · B중간 · 끝중간,깨고하락,0.495,-0.325,True
2024-07-16 16:00:00,2024-07-17 07:00:00,롱,2,시작낮음 · B깊음 · 끝중간,크게감,0.574,0.263,False
2024-07-17 07:00:00,2024-07-18 05:00:00,숏,23,시작높음 · B중간 · 끝중간,조금감,0.379,0.133,False
2024-07-18 05:00:00,2024-07-18 14:00:00,롱,10,시작중간 · B깊음 · 끝낮음,깨고하락,0.155,-0.327,True
2024-07-18 14:00:00,2024-07-19 03:00:00,숏,9,시작낮음 · B얕음 · 끝높음,조금감,0.406,-0.178,False
2024-07-19 03:00:00,2024-07-20 03:00:00,롱,11,시작중간 · B깊음 · 끝중간,크게감,1.624,1.199,False
2024-07-20 03:00:00,2024-07-20 18:00:00,숏,10,시작중간 · B깊음 · 끝낮음,깨고하락,0.076,-0.21,True
2024-07-20 18:00:00,2024-07-20 21:00:00,롱,9,시작낮음 · B얕음 · 끝높음,제자리,0.008,-0.088,False
2024-07-20 21:00:00,2024-07-21 16:00:00,숏,27,시작높음 · B얕음 · 끝높음,깨고하락,0.381,-0.348,True
2024-07-21 16:00:00,2024-07-21 17:00:00,롱,12,시작중간 · B깊음 · 끝높음,깨고하락,0.175,-0.899,True
2024-07-21 17:00:00,2024-07-21 20:00:00,숏,27,시작높음 · B얕음 · 끝높음,깨고하락,0.658,-0.826,True
2024-07-21 20:00:00,2024-07-22 05:00:00,롱,14,시작중간 · B중간 · 끝중간,조금감,0.313,-0.038,False
2024-07-22 05:00:00,2024-07-22 19:00:00,숏,23,시작높음 · B중간 · 끝중간,조금감,0.389,-0.213,False
2024-07-22 19:00:00,2024-07-23 01:00:00,롱,3,시작낮음 · B깊음 · 끝높음,제자리,0.019,-0.421,False
2024-07-23 01:00:00,2024-07-24 03:00:00,숏,14,시작중간 · B중간 · 끝중간,크게감,1.174,0.787,False
2024-07-24 03:00:00,2024-07-24 19:00:00,롱,19,시작높음 · B깊음 · 끝낮음,조금감,0.373,-0.136,False
2024-07-24 19:00:00,2024-07-25 14:00:00,숏,5,시작낮음 · B중간 · 끝중간,크게감,0.977,0.358,False
2024-07-25 14:00:00,2024-07-26 17:00:00,롱,19,시작높음 · B깊음 · 끝낮음,크게감,0.859,0.679,False
2024-07-26 17:00:00,2024-07-27 13:00:00,숏,1,시작낮음 · B깊음 · 끝낮음,깨고하락,0.009,-0.406,True
2024-07-27 13:00:00,2024-07-27 17:00:00,롱,9,시작낮음 · B얕음 · 끝높음,제자리,0.029,-0.118,False
2024-07-27 17:00:00,2024-07-28 13:00:00,숏,23,시작높음 · B중간 · 끝중간,크게감,0.897,0.25,False
2024-07-28 13:00:00,2024-07-28 15:00:00,롱,13,시작중간 · B중간 · 끝낮음,제자리,0.016,-0.12,False
2024-07-28 15:00:00,2024-07-28 17:00:00,숏,17,시작중간 · B얕음 · 끝중간,제자리,0.011,-0.127,False
2024-07-28 17:00:00,2024-07-29 14:00:00,롱,27,시작높음 · B얕음 · 끝높음,크게감,4.75,0.464,False
2024-07-29 14:00:00,2024-07-30 08:00:00,숏,10,시작중간 · B깊음 · 끝낮음,크게감,0.938,0.574,False
2024-07-30 08:00:00,2024-07-30 14:00:00,롱,1,시작낮음 · B깊음 · 끝낮음,깨고하락,0.045,-0.218,True
2024-07-30 14:00:00,2024-07-30 15:00:00,숏,9,시작낮음 · B얕음 · 끝높음,제자리,0.072,-0.116,False
2024-07-30 15:00:00,2024-07-30 17:00:00,롱,23,시작높음 · B중간 · 끝중간,조금감,0.237,-0.256,False
2024-07-30 17:00:00,2024-07-30 20:00:00,숏,2,시작낮음 · B깊음 · 끝중간,크게감,0.564,-0.321,False
2024-07-30 20:00:00,2024-07-31 19:00:00,롱,5,시작낮음 · B중간 · 끝중간,깨고하락,0.514,-0.742,True
2024-07-31 19:00:00,2024-08-01 09:00:00,숏,15,시작중간 · B중간 · 끝높음,크게감,0.861,0.398,False
2024-08-01 09:00:00,2024-08-01 15:00:00,롱,10,시작중간 · B깊음 · 끝낮음,깨고하락,0.152,-0.471,True
2024-08-01 15:00:00,2024-08-01 20:00:00,숏,9,시작낮음 · B얕음 · 끝높음,제자리,0.162,-0.463,False
2024-08-01 20:00:00,2024-08-02 14:00:00,롱,24,시작높음 · B중간 · 끝높음,조금감,0.333,-0.589,False
2024-08-02 14:00:00,2024-08-03 07:00:00,숏,11,시작중간 · B깊음 · 끝중간,크게감,0.778,0.437,False
2024-08-03 07:00:00,2024-08-03 17:00:00,롱,1,시작낮음 · B깊음 · 끝낮음,깨고하락,0.101,-0.211,True
2024-08-03 17:00:00,2024-08-03 23:00:00,숏,9,시작낮음 · B얕음 · 끝높음,제자리,0.142,-0.028,False
2024-08-03 23:00:00,2024-08-04 15:00:00,롱,23,시작높음 · B중간 · 끝중간,깨고하락,0.174,-0.695,True
2024-08-04 15:00:00,2024-08-05 14:00:00,숏,18,시작중간 · B얕음 · 끝높음,크게감,4.681,2.32,False
2024-08-05 14:00:00,2024-08-07 00:00:00,롱,19,시작높음 · B깊음 · 끝낮음,조금감,0.249,0.182,False
2024-08-07 00:00:00,2024-08-07 01:00:00,숏,4,시작낮음 · B중간 · 끝낮음,제자리,0.046,-0.065,False
2024-08-07 01:00:00,2024-08-07 12:00:00,롱,9,시작낮음 · B얕음 · 끝높음,제자리,0.161,0.066,False
2024-08-07 12:00:00,2024-08-08 02:00:00,숏,19,시작높음 · B깊음 · 끝낮음,크게감,1.228,-0.029,False
2024-08-08 02:00:00,2024-08-09 05:00:00,롱,11,시작중간 · B깊음 · 끝중간,크게감,1.666,1.115,False
2024-08-09 05:00:00,2024-08-10 19:00:00,숏,10,시작중간 · B깊음 · 끝낮음,제자리,0.178,-0.005,False
2024-08-10 19:00:00,2024-08-11 04:00:00,롱,8,시작낮음 · B얕음 · 끝중간,제자리,0.061,-0.021,False
2024-08-11 04:00:00,2024-08-11 07:00:00,숏,26,시작높음 · B얕음 · 끝중간,제자리,0.008,-0.182,False
2024-08-11 07:00:00,2024-08-11 10:00:00,롱,18,시작중간 · B얕음 · 끝높음,크게감,1.012,-0.346,False
2024-08-11 10:00:00,2024-08-12 10:00:00,숏,23,시작높음 · B중간 · 끝중간,크게감,3.327,1.983,False
2024-08-12 10:00:00,2024-08-13 09:00:00,롱,19,시작높음 · B깊음 · 끝낮음,조금감,0.403,-0.005,False
2024-08-13 09:00:00,2024-08-13 13:00:00,숏,4,시작낮음 · B중간 · 끝낮음,제자리,0.148,-0.122,False
2024-08-13 13:00:00,2024-08-14 06:00:00,롱,8,시작낮음 · B얕음 · 끝중간,크게감,0.746,0.494,False
2024-08-14 06:00:00,2024-08-15 10:00:00,숏,19,시작높음 · B깊음 · 끝낮음,깨고복귀,0.984,0.783,True
2024-08-15 10:00:00,2024-08-15 19:00:00,롱,1,시작낮음 · B깊음 · 끝낮음,깨고하락,0.352,-0.307,True
2024-08-15 19:00:00,2024-08-16 03:00:00,숏,9,시작낮음 · B얕음 · 끝높음,제자리,0.182,-0.158,False
2024-08-16 03:00:00,2024-08-17 10:00:00,롱,23,시작높음 · B중간 · 끝중간,크게감,0.51,0.321,False
2024-08-17 10:00:00,2024-08-17 16:00:00,숏,22,시작높음 · B중간 · 끝낮음,제자리,0.014,-0.133,False
2024-08-17 16:00:00,2024-08-17 18:00:00,롱,8,시작낮음 · B얕음 · 끝중간,제자리,0.031,-0.083,False
2024-08-17 18:00:00,2024-08-18 02:00:00,숏,23,시작높음 · B중간 · 끝중간,깨고하락,0.437,-1.086,True
2024-08-18 02:00:00,2024-08-18 03:00:00,롱,27,시작높음 · B얕음 · 끝높음,제자리,0.118,-0.678,False
2024-08-18 03:00:00,2024-08-18 09:00:00,숏,11,시작중간 · B깊음 · 끝중간,제자리,0.071,-0.46,False
2024-08-18 09:00:00,2024-08-18 16:00:00,롱,1,시작낮음 · B깊음 · 끝낮음,조금감,0.372,-0.04,False
2024-08-18 16:00:00,2024-08-19 14:00:00,숏,17,시작중간 · B얕음 · 끝중간,크게감,1.999,1.19,False
2024-08-19 14:00:00,2024-08-20 13:00:00,롱,10,시작중간 · B깊음 · 끝낮음,크게감,1.149,0.909,False
2024-08-20 13:00:00,2024-08-21 06:00:00,숏,1,시작낮음 · B깊음 · 끝낮음,크게감,0.663,0.34,False
2024-08-21 06:00:00,2024-08-22 03:00:00,롱,4,시작낮음 · B중간 · 끝낮음,크게감,0.658,0.273,False
2024-08-22 03:00:00,2024-08-22 10:00:00,숏,1,시작낮음 · B깊음 · 끝낮음,제자리,0.028,-0.234,False
2024-08-22 10:00:00,2024-08-22 12:00:00,롱,18,시작중간 · B얕음 · 끝높음,제자리,0.016,-0.153,False
2024-08-22 12:00:00,2024-08-23 05:00:00,숏,23,시작높음 · B중간 · 끝중간,크게감,0.589,0.019,False
2024-08-23 05:00:00,2024-08-24 07:00:00,롱,1,시작낮음 · B깊음 · 끝낮음,크게감,3.186,2.615,False
2024-08-24 07:00:00,2024-08-25 21:00:00,숏,10,시작중간 · B깊음 · 끝낮음,제자리,0.154,-0.015,False
2024-08-25 21:00:00,2024-08-26 00:00:00,롱,8,시작낮음 · B얕음 · 끝중간,제자리,0.143,-0.068,False
2024-08-26 00:00:00,2024-08-28 09:00:00,숏,23,시작높음 · B중간 · 끝중간,크게감,4.21,2.648,False
2024-08-28 09:00:00,2024-08-29 19:00:00,롱,19,시작높음 · B깊음 · 끝낮음,깨고하락,0.137,-0.132,True
2024-08-29 19:00:00,2024-08-30 09:00:00,숏,8,시작낮음 · B얕음 · 끝중간,제자리,0.092,-0.049,False
2024-08-30 09:00:00,2024-08-30 14:00:00,롱,26,시작높음 · B얕음 · 끝중간,깨고하락,0.109,-0.339,True
2024-08-30 14:00:00,2024-08-30 21:00:00,숏,27,시작높음 · B얕음 · 끝높음,조금감,0.498,-0.399,False
2024-08-30 21:00:00,2024-08-31 09:00:00,롱,10,시작중간 · B깊음 · 끝낮음,제자리,0.18,-0.065,False
2024-08-31 09:00:00,2024-08-31 10:00:00,숏,8,시작낮음 · B얕음 · 끝중간,제자리,0.018,-0.101,False
2024-08-31 10:00:00,2024-08-31 16:00:00,롱,27,시작높음 · B얕음 · 끝높음,제자리,0.199,-0.246,False
2024-08-31 16:00:00,2024-08-31 22:00:00,숏,11,시작중간 · B깊음 · 끝중간,크게감,0.563,-0.132,False
2024-08-31 22:00:00,2024-09-01 01:00:00,롱,17,시작중간 · B얕음 · 끝중간,제자리,0.094,-0.381,False
2024-09-01 01:00:00,2024-09-01 17:00:00,숏,27,시작높음 · B얕음 · 끝높음,크게감,4.315,1.618,False
2024-09-01 17:00:00,2024-09-01 22:00:00,롱,19,시작높음 · B깊음 · 끝낮음,조금감,0.318,-0.375,False
2024-09-01 22:00:00,2024-09-02 06:00:00,숏,9,시작낮음 · B얕음 · 끝높음,제자리,0.1,-0.19,False
2024-09-02 06:00:00,2024-09-03 06:00:00,롱,10,시작중간 · B깊음 · 끝낮음,크게감,1.249,0.7,False
2024-09-03 06:00:00,2024-09-04 12:00:00,숏,10,시작중간 · B깊음 · 끝낮음,크게감,1.23,0.837,False
2024-09-04 12:00:00,2024-09-05 03:00:00,롱,1,시작낮음 · B깊음 · 끝낮음,조금감,0.447,0.121,False
2024-09-05 03:00:00,2024-09-06 01:00:00,숏,5,시작낮음 · B중간 · 끝중간,조금감,0.414,0.146,False
2024-09-06 01:00:00,2024-09-06 08:00:00,롱,4,시작낮음 · B중간 · 끝낮음,깨고하락,0.103,-0.262,True
2024-09-06 08:00:00,2024-09-06 12:00:00,숏,9,시작낮음 · B얕음 · 끝높음,깨고하락,0.057,-0.447,True
2024-09-06 12:00:00,2024-09-06 14:00:00,롱,27,시작높음 · B얕음 · 끝높음,깨고하락,0.085,-1.232,True
2024-09-06 14:00:00,2024-09-07 02:00:00,숏,24,시작높음 · B중간 · 끝높음,크게감,0.829,0.344,False
2024-09-07 02:00:00,2024-09-08 15:00:00,롱,19,시작높음 · B깊음 · 끝낮음,조금감,0.231,-0.026,False
2024-09-08 15:00:00,2024-09-08 18:00:00,숏,8,시작낮음 · B얕음 · 끝중간,제자리,0.018,-0.213,False
2024-09-08 18:00:00,2024-09-10 03:00:00,롱,18,시작중간 · B얕음 · 끝높음,크게감,3.078,1.722,False
2024-09-10 03:00:00,2024-09-10 19:00:00,숏,19,시작높음 · B깊음 · 끝낮음,제자리,0.032,-0.316,False
2024-09-10 19:00:00,2024-09-11 01:00:00,롱,9,시작낮음 · B얕음 · 끝높음,제자리,0.006,-0.311,False
2024-09-11 01:00:00,2024-09-11 16:00:00,숏,27,시작높음 · B얕음 · 끝높음,크게감,0.686,-0.352,False
2024-09-11 16:00:00,2024-09-12 11:00:00,롱,11,시작중간 · B깊음 · 끝중간,조금감,0.471,0.299,False
2024-09-12 11:00:00,2024-09-12 19:00:00,숏,10,시작중간 · B깊음 · 끝낮음,깨고하락,0.248,-0.119,True
2024-09-12 19:00:00,2024-09-12 21:00:00,롱,9,시작낮음 · B얕음 · 끝높음,제자리,0.004,-0.252,False
2024-09-12 21:00:00,2024-09-13 14:00:00,숏,27,시작높음 · B얕음 · 끝높음,깨고하락,0.245,-0.425,True
2024-09-13 14:00:00,2024-09-14 05:00:00,롱,24,시작높음 · B중간 · 끝높음,크게감,2.278,1.519,False
2024-09-14 05:00:00,2024-09-15 15:00:00,숏,10,시작중간 · B깊음 · 끝낮음,제자리,0.176,-0.138,False
2024-09-15 15:00:00,2024-09-15 16:00:00,롱,8,시작낮음 · B얕음 · 끝중간,제자리,0.006,-0.137,False
2024-09-15 16:00:00,2024-09-16 11:00:00,숏,27,시작높음 · B얕음 · 끝높음,크게감,1.797,1.248,False
2024-09-16 11:00:00,2024-09-16 14:00:00,롱,19,시작높음 · B깊음 · 끝낮음,깨고하락,0.054,-0.453,True
2024-09-16 14:00:00,2024-09-16 22:00:00,숏,9,시작낮음 · B얕음 · 끝높음,제자리,0.047,-0.133,False
2024-09-16 22:00:00,2024-09-18 01:00:00,롱,19,시작높음 · B깊음 · 끝낮음,크게감,2.433,1.532,False
2024-09-18 01:00:00,2024-09-18 21:00:00,숏,10,시작중간 · B깊음 · 끝낮음,깨고하락,0.245,-0.024,True
2024-09-18 21:00:00,2024-09-19 20:00:00,롱,8,시작낮음 · B얕음 · 끝중간,크게감,0.975,0.745,False
2024-09-19 20:00:00,2024-09-21 11:00:00,숏,19,시작높음 · B깊음 · 끝낮음,깨고하락,0.143,-0.014,True
2024-09-21 11:00:00,2024-09-21 21:00:00,롱,8,시작낮음 · B얕음 · 끝중간,제자리,0.084,0.002,False
2024-09-21 21:00:00,2024-09-21 23:00:00,숏,17,시작중간 · B얕음 · 끝중간,깨고하락,0.019,-0.136,True
2024-09-21 23:00:00,2024-09-22 01:00:00,롱,18,시작중간 · B얕음 · 끝높음,깨고하락,0.182,-0.506,True
2024-09-22 01:00:00,2024-09-22 17:00:00,숏,24,시작높음 · B중간 · 끝높음,크게감,0.985,-0.047,False
2024-09-22 17:00:00,2024-09-23 09:00:00,롱,11,시작중간 · B깊음 · 끝중간,깨고복귀,1.568,0.515,True
2024-09-23 09:00:00,2024-09-24 07:00:00,숏,10,시작중간 · B깊음 · 끝낮음,조금감,0.401,0.032,False
2024-09-24 07:00:00,2024-09-24 15:00:00,롱,17,시작중간 · B얕음 · 끝중간,제자리,0.168,-0.167,False
2024-09-24 15:00:00,2024-09-24 17:00:00,숏,14,시작중간 · B중간 · 끝중간,깨고하락,0.051,-0.476,True
2024-09-24 17:00:00,2024-09-25 06:00:00,롱,27,시작높음 · B얕음 · 끝높음,크게감,0.858,0.023,False
2024-09-25 06:00:00,2024-09-26 04:00:00,숏,19,시작높음 · B깊음 · 끝낮음,크게감,0.583,0.193,False
2024-09-26 04:00:00,2024-09-27 02:00:00,롱,1,시작낮음 · B깊음 · 끝낮음,크게감,1.1,0.651,False
2024-09-27 02:00:00,2024-09-27 03:00:00,숏,10,시작중간 · B깊음 · 끝낮음,제자리,0.019,-0.149,False
2024-09-27 03:00:00,2024-09-27 04:00:00,롱,8,시작낮음 · B얕음 · 끝중간,제자리,0.048,-0.02,False
2024-09-27 04:00:00,2024-09-27 08:00:00,숏,1,시작낮음 · B깊음 · 끝낮음,깨고하락,0.325,-0.658,True
2024-09-27 08:00:00,2024-09-27 11:00:00,롱,9,시작낮음 · B얕음 · 끝높음,조금감,0.268,-0.296,False
2024-09-27 11:00:00,2024-09-27 14:00:00,숏,23,시작높음 · B중간 · 끝중간,깨고하락,0.146,-0.864,True
2024-09-27 14:00:00,2024-09-27 18:00:00,롱,27,시작높음 · B얕음 · 끝높음,제자리,0.154,-0.297,False
2024-09-27 18:00:00,2024-09-29 01:00:00,숏,22,시작높음 · B중간 · 끝낮음,조금감,0.431,-0.004,False
2024-09-29 01:00:00,2024-09-29 05:00:00,롱,14,시작중간 · B중간 · 끝중간,제자리,0.054,-0.229,False
2024-09-29 05:00:00,2024-09-29 13:00:00,숏,17,시작중간 · B얕음 · 끝중간,제자리,0.199,-0.226,False
2024-09-29 13:00:00,2024-09-29 23:00:00,롱,23,시작높음 · B중간 · 끝중간,크게감,0.689,-0.42,False
2024-09-29 23:00:00,2024-09-30 20:00:00,숏,14,시작중간 · B중간 · 끝중간,크게감,3.176,2.226,False
2024-09-30 20:00:00,2024-10-01 13:00:00,롱,10,시작중간 · B깊음 · 끝낮음,깨고하락,0.1,-0.3,True
2024-10-01 13:00:00,2024-10-02 03:00:00,숏,9,시작낮음 · B얕음 · 끝높음,크게감,0.833,0.34,False
2024-10-02 03:00:00,2024-10-02 19:00:00,롱,10,시작중간 · B깊음 · 끝낮음,깨고하락,0.173,-0.391,True
2024-10-02 19:00:00,2024-10-02 21:00:00,숏,9,시작낮음 · B얕음 · 끝높음,제자리,0.019,-0.173,False
2024-10-02 21:00:00,2024-10-02 23:00:00,롱,26,시작높음 · B얕음 · 끝중간,제자리,0.014,-0.079,False
2024-10-02 23:00:00,2024-10-03 00:00:00,숏,27,시작높음 · B얕음 · 끝높음,깨고하락,0.108,-0.336,True
2024-10-03 00:00:00,2024-10-03 12:00:00,롱,18,시작중간 · B얕음 · 끝높음,깨고하락,0.692,-0.732,True
2024-10-03 12:00:00,2024-10-03 18:00:00,숏,11,시작중간 · B깊음 · 끝중간,조금감,0.435,-0.194,False
2024-10-03 18:00:00,2024-10-05 01:00:00,롱,14,시작중간 · B중간 · 끝중간,크게감,1.092,0.833,False
2024-10-05 01:00:00,2024-10-06 10:00:00,숏,19,시작높음 · B깊음 · 끝낮음,제자리,0.152,0.02,False
2024-10-06 10:00:00,2024-10-07 09:00:00,롱,8,시작낮음 · B얕음 · 끝중간,크게감,0.95,0.578,False
2024-10-07 09:00:00,2024-10-07 16:00:00,숏,10,시작중간 · B깊음 · 끝낮음,깨고하락,0.24,-0.268,True
2024-10-07 16:00:00,2024-10-07 18:00:00,롱,5,시작낮음 · B중간 · 끝중간,제자리,0.038,-0.394,False
2024-10-07 18:00:00,2024-10-08 13:00:00,숏,27,시작높음 · B얕음 · 끝높음,조금감,0.48,-0.097,False
2024-10-08 13:00:00,2024-10-08 18:00:00,롱,10,시작중간 · B깊음 · 끝낮음,깨고하락,0.097,-0.472,True
2024-10-08 18:00:00,2024-10-09 01:00:00,숏,6,시작낮음 · B중간 · 끝높음,제자리,0.121,-0.151,False
2024-10-09 01:00:00,2024-10-09 12:00:00,롱,26,시작높음 · B얕음 · 끝중간,깨고하락,0.104,-0.31,True
2024-10-09 12:00:00,2024-10-10 05:00:00,숏,6,시작낮음 · B중간 · 끝높음,크게감,2.079,1.292,False
2024-10-10 05:00:00,2024-10-10 17:00:00,롱,10,시작중간 · B깊음 · 끝낮음,깨고하락,0.17,-0.584,True
2024-10-10 17:00:00,2024-10-10 23:00:00,숏,9,시작낮음 · B얕음 · 끝높음,조금감,0.238,-0.247,False
2024-10-10 23:00:00,2024-10-12 03:00:00,롱,20,시작높음 · B깊음 · 끝중간,크게감,1.315,0.94,False
2024-10-12 03:00:00,2024-10-13 21:00:00,숏,10,시작중간 · B깊음 · 끝낮음,깨고하락,0.117,-0.071,True
2024-10-13 21:00:00,2024-10-15 00:00:00,롱,8,시작낮음 · B얕음 · 끝중간,크게감,1.304,0.899,False
2024-10-15 00:00:00,2024-10-15 13:00:00,숏,19,시작높음 · B깊음 · 끝낮음,깨고하락,0.135,-0.33,True
2024-10-15 13:00:00,2024-10-15 14:00:00,롱,9,시작낮음 · B얕음 · 끝높음,깨고하락,0.062,-0.432,True
2024-10-15 14:00:00,2024-10-15 16:00:00,숏,12,시작중간 · B깊음 · 끝높음,조금감,0.205,-0.528,False
2024-10-15 16:00:00,2024-10-15 21:00:00,롱,1,시작낮음 · B깊음 · 끝낮음,제자리,0.164,-0.139,False
2024-10-15 21:00:00,2024-10-15 23:00:00,숏,5,시작낮음 · B중간 · 끝중간,제자리,0.008,-0.199,False
2024-10-15 23:00:00,2024-10-16 04:00:00,롱,18,시작중간 · B얕음 · 끝높음,조금감,0.36,-0.053,False
2024-10-16 04:00:00,2024-10-16 10:00:00,숏,22,시작높음 · B중간 · 끝낮음,깨고하락,0.158,-0.505,True
2024-10-16 10:00:00,2024-10-16 14:00:00,롱,18,시작중간 · B얕음 · 끝높음,크게감,0.686,-0.059,False
2024-10-16 14:00:00,2024-10-17 23:00:00,숏,23,시작높음 · B중간 · 끝중간,크게감,0.567,0.15,False
2024-10-17 23:00:00,2024-10-18 12:00:00,롱,26,시작높음 · B얕음 · 끝중간,크게감,0.538,0.134,False
2024-10-18 12:00:00,2024-10-18 13:00:00,숏,14,시작중간 · B중간 · 끝중간,제자리,0.008,-0.308,False
2024-10-18 13:00:00,2024-10-18 22:00:00,롱,18,시작중간 · B얕음 · 끝높음,크게감,0.7,0.008,False
2024-10-18 22:00:00,2024-10-19 23:00:00,숏,10,시작중간 · B깊음 · 끝낮음,제자리,0.147,-0.126,False
2024-10-19 23:00:00,2024-10-20 00:00:00,롱,8,시작낮음 · B얕음 · 끝중간,제자리,0.051,-0.105,False
2024-10-20 00:00:00,2024-10-20 06:00:00,숏,26,시작높음 · B얕음 · 끝중간,조금감,0.206,-0.218,False
2024-10-20 06:00:00,2024-10-21 06:00:00,롱,11,시작중간 · B깊음 · 끝중간,크게감,3.216,0.878,False
2024-10-21 06:00:00,2024-10-22 04:00:00,숏,10,시작중간 · B깊음 · 끝낮음,크게감,1.443,0.809,False
2024-10-22 04:00:00,2024-10-22 08:00:00,롱,10,시작중간 · B깊음 · 끝낮음,제자리,0.099,-0.19,False
2024-10-22 08:00:00,2024-10-22 11:00:00,숏,9,시작낮음 · B얕음 · 끝높음,제자리,0.076,-0.139,False
2024-10-22 11:00:00,2024-10-22 12:00:00,롱,14,시작중간 · B중간 · 끝중간,제자리,0.161,-0.302,False
2024-10-22 12:00:00,2024-10-22 14:00:00,숏,18,시작중간 · B얕음 · 끝높음,깨고하락,0.455,-0.72,True
2024-10-22 14:00:00,2024-10-23 05:00:00,롱,18,시작중간 · B얕음 · 끝높음,조금감,0.289,-0.448,False
2024-10-23 05:00:00,2024-10-23 20:00:00,숏,2,시작낮음 · B깊음 · 끝중간,크게감,1.482,0.318,False
2024-10-23 20:00:00,2024-10-25 02:00:00,롱,10,시작중간 · B깊음 · 끝낮음,크게감,0.833,0.522,False
2024-10-25 02:00:00,2024-10-25 13:00:00,숏,10,시작중간 · B깊음 · 끝낮음,조금감,0.228,-0.08,False
2024-10-25 13:00:00,2024-10-25 15:00:00,롱,9,시작낮음 · B얕음 · 끝높음,제자리,0.171,-0.268,False
2024-10-25 15:00:00,2024-10-26 06:00:00,숏,24,시작높음 · B중간 · 끝높음,크게감,1.382,0.331,False
2024-10-26 06:00:00,2024-10-28 03:00:00,롱,10,시작중간 · B깊음 · 끝낮음,조금감,0.361,0.17,False
2024-10-28 03:00:00,2024-10-28 07:00:00,숏,4,시작낮음 · B중간 · 끝낮음,깨고하락,0.041,-0.235,True
2024-10-28 07:00:00,2024-10-29 12:00:00,롱,9,시작낮음 · B얕음 · 끝높음,크게감,1.645,1.375,False
2024-10-29 12:00:00,2024-10-29 13:00:00,숏,19,시작높음 · B깊음 · 끝낮음,깨고하락,0.046,-0.172,True
2024-10-29 13:00:00,2024-10-29 21:00:00,롱,8,시작낮음 · B얕음 · 끝중간,조금감,0.476,0.128,False
2024-10-29 21:00:00,2024-11-01 10:00:00,숏,10,시작중간 · B깊음 · 끝낮음,크게감,1.254,0.836,False
2024-11-01 10:00:00,2024-11-01 19:00:00,롱,10,시작중간 · B깊음 · 끝낮음,깨고하락,0.34,-0.152,True
2024-11-01 19:00:00,2024-11-01 23:00:00,숏,5,시작낮음 · B중간 · 끝중간,제자리,0.103,-0.052,False
2024-11-01 23:00:00,2024-11-02 14:00:00,롱,26,시작높음 · B얕음 · 끝중간,제자리,0.149,-0.086,False
2024-11-02 14:00:00,2024-11-02 15:00:00,숏,24,시작높음 · B중간 · 끝높음,제자리,0.121,-0.118,False
2024-11-02 15:00:00,2024-11-03 00:00:00,롱,26,시작높음 · B얕음 · 끝중간,조금감,0.238,-0.247,False
2024-11-03 00:00:00,2024-11-03 17:00:00,숏,15,시작중간 · B중간 · 끝높음,크게감,2.72,1.291,False
2024-11-03 17:00:00,2024-11-04 11:00:00,롱,10,시작중간 · B깊음 · 끝낮음,크게감,0.536,0.202,False
2024-11-04 11:00:00,2024-11-04 12:00:00,숏,1,시작낮음 · B깊음 · 끝낮음,제자리,0.029,-0.085,False
2024-11-04 12:00:00,2024-11-04 13:00:00,롱,17,시작중간 · B얕음 · 끝중간,깨고하락,0.158,-0.162,True
2024-11-04 13:00:00,2024-11-05 02:00:00,숏,21,시작높음 · B깊음 · 끝높음,크게감,3.01,1.276,False
2024-11-05 02:00:00,2024-11-05 23:00:00,롱,10,시작중간 · B깊음 · 끝낮음,크게감,1.095,0.605,False
2024-11-05 23:00:00,2024-11-06 00:00:00,숏,10,시작중간 · B깊음 · 끝낮음,깨고하락,0.024,-0.462,True
2024-11-06 00:00:00,2024-11-06 14:00:00,롱,9,시작낮음 · B얕음 · 끝높음,크게감,1.224,0.719,False
2024-11-06 14:00:00,2024-11-06 19:00:00,숏,10,시작중간 · B깊음 · 끝낮음,깨고하락,0.021,-0.345,True
2024-11-06 19:00:00,2024-11-06 23:00:00,롱,9,시작낮음 · B얕음 · 끝높음,제자리,0.09,-0.034,False
2024-11-06 23:00:00,2024-11-07 17:00:00,숏,26,시작높음 · B얕음 · 끝중간,깨고하락,0.383,-0.237,True
2024-11-07 17:00:00,2024-11-07 22:00:00,롱,12,시작중간 · B깊음 · 끝높음,조금감,0.287,-0.2,False
2024-11-07 22:00:00,2024-11-08 18:00:00,숏,23,시작높음 · B중간 · 끝중간,깨고하락,0.112,-0.394,True
2024-11-08 18:00:00,2024-11-08 22:00:00,롱,27,시작높음 · B얕음 · 끝높음,조금감,0.24,-0.281,False
2024-11-08 22:00:00,2024-11-09 23:00:00,숏,23,시작높음 · B중간 · 끝중간,조금감,0.391,-0.189,False
2024-11-09 23:00:00,2024-11-10 20:00:00,롱,14,시작중간 · B중간 · 끝중간,크게감,2.942,1.521,False
2024-11-10 20:00:00,2024-11-11 01:00:00,숏,10,시작중간 · B깊음 · 끝낮음,깨고하락,0.088,-0.415,True
2024-11-11 01:00:00,2024-11-11 06:00:00,롱,9,시작낮음 · B얕음 · 끝높음,제자리,0.125,-0.061,False
2024-11-11 06:00:00,2024-11-11 11:00:00,숏,23,시작높음 · B중간 · 끝중간,깨고하락,0.046,-0.362,True
2024-11-11 11:00:00,2024-11-11 13:00:00,롱,18,시작중간 · B얕음 · 끝높음,제자리,0.184,-0.154,False
2024-11-11 13:00:00,2024-11-11 14:00:00,숏,26,시작높음 · B얕음 · 끝중간,깨고하락,0.186,-0.339,True
2024-11-11 14:00:00,2024-11-12 08:00:00,롱,15,시작중간 · B중간 · 끝높음,크게감,5.917,5.448,False
2024-11-12 08:00:00,2024-11-13 13:00:00,숏,10,시작중간 · B깊음 · 끝낮음,크게감,0.503,0.028,False
2024-11-13 13:00:00,2024-11-13 21:00:00,롱,5,시작낮음 · B중간 · 끝중간,조금감,0.486,-0.081,False
2024-11-13 21:00:00,2024-11-14 11:00:00,숏,11,시작중간 · B깊음 · 끝중간,제자리,0.023,-0.365,False
2024-11-14 11:00:00,2024-11-14 13:00:00,롱,9,시작낮음 · B얕음 · 끝높음,제자리,0.023,-0.125,False
2024-11-14 13:00:00,2024-11-15 09:00:00,숏,26,시작높음 · B얕음 · 끝중간,깨고복귀,1.099,0.422,True
2024-11-15 09:00:00,2024-11-16 09:00:00,롱,10,시작중간 · B깊음 · 끝낮음,크게감,0.52,0.399,False
2024-11-16 09:00:00,2024-11-17 09:00:00,숏,1,시작낮음 · B깊음 · 끝낮음,조금감,0.358,-0.018,False
2024-11-17 09:00:00,2024-11-17 14:00:00,롱,5,시작낮음 · B중간 · 끝중간,제자리,0.009,-0.246,False
2024-11-17 14:00:00,2024-11-18 01:00:00,숏,18,시작중간 · B얕음 · 끝높음,크게감,0.727,-0.201,False
2024-11-18 01:00:00,2024-11-18 13:00:00,롱,23,시작높음 · B중간 · 끝중간,크게감,0.56,-0.448,False
2024-11-18 13:00:00,2024-11-18 15:00:00,숏,11,시작중간 · B깊음 · 끝중간,깨고하락,0.02,-0.78,True
2024-11-18 15:00:00,2024-11-18 18:00:00,롱,15,시작중간 · B중간 · 끝높음,제자리,0.09,-0.605,False
2024-11-18 18:00:00,2024-11-18 21:00:00,숏,20,시작높음 · B깊음 · 끝중간,조금감,0.212,-0.281,False
2024-11-18 21:00:00,2024-11-18 23:00:00,롱,2,시작낮음 · B깊음 · 끝중간,제자리,0.056,-0.273,False
2024-11-18 23:00:00,2024-11-19 03:00:00,숏,27,시작높음 · B얕음 · 끝높음,제자리,0.043,-0.422,False
2024-11-19 03:00:00,2024-11-19 13:00:00,롱,24,시작높음 · B중간 · 끝높음,크게감,0.783,-0.193,False
2024-11-19 13:00:00,2024-11-19 15:00:00,숏,20,시작높음 · B깊음 · 끝중간,제자리,0.062,-0.495,False
2024-11-19 15:00:00,2024-11-19 22:00:00,롱,5,시작낮음 · B중간 · 끝중간,크게감,0.822,-0.323,False
2024-11-19 22:00:00,2024-11-20 08:00:00,숏,11,시작중간 · B깊음 · 끝중간,제자리,0.116,-0.475,False
2024-11-20 08:00:00,2024-11-20 22:00:00,롱,18,시작중간 · B얕음 · 끝높음,크게감,0.595,0.331,False
2024-11-20 22:00:00,2024-11-21 00:00:00,숏,22,시작높음 · B중간 · 끝낮음,깨고하락,0.106,-0.162,True
2024-11-21 00:00:00,2024-11-21 02:00:00,롱,9,시작낮음 · B얕음 · 끝높음,제자리,0.107,-0.16,False
2024-11-21 02:00:00,2024-11-21 03:00:00,숏,14,시작중간 · B중간 · 끝중간,깨고하락,0.012,-1.189,True
2024-11-21 03:00:00,2024-11-21 15:00:00,롱,18,시작중간 · B얕음 · 끝높음,크게감,1.253,0.425,False
2024-11-21 15:00:00,2024-11-24 02:00:00,숏,10,시작중간 · B깊음 · 끝낮음,깨고하락,0.088,-0.394,True
2024-11-24 02:00:00,2024-11-24 10:00:00,롱,9,시작낮음 · B얕음 · 끝높음,제자리,0.009,-0.138,False
2024-11-24 10:00:00,2024-11-24 22:00:00,숏,26,시작높음 · B얕음 · 끝중간,조금감,0.485,-0.09,False
2024-11-24 22:00:00,2024-11-25 14:00:00,롱,20,시작높음 · B깊음 · 끝중간,깨고하락,0.305,-0.925,True
2024-11-25 14:00:00,2024-11-26 05:00:00,숏,15,시작중간 · B중간 · 끝높음,크게감,0.796,0.212,False
2024-11-26 05:00:00,2024-11-26 08:00:00,롱,10,시작중간 · B깊음 · 끝낮음,깨고하락,0.055,-0.24,True
2024-11-26 08:00:00,2024-11-26 16:00:00,숏,9,시작낮음 · B얕음 · 끝높음,조금감,0.313,-0.169,False
2024-11-26 16:00:00,2024-11-26 20:00:00,롱,23,시작높음 · B중간 · 끝중간,깨고하락,0.009,-0.834,True
2024-11-26 20:00:00,2024-11-26 23:00:00,숏,15,시작중간 · B중간 · 끝높음,제자리,0.053,-0.23,False
2024-11-26 23:00:00,2024-11-28 03:00:00,롱,26,시작높음 · B얕음 · 끝중간,크게감,1.341,0.899,False
2024-11-28 03:00:00,2024-11-29 01:00:00,숏,19,시작높음 · B깊음 · 끝낮음,제자리,0.13,-0.069,False
2024-11-29 01:00:00,2024-11-29 20:00:00,롱,8,시작낮음 · B얕음 · 끝중간,조금감,0.488,0.246,False
2024-11-29 20:00:00,2024-11-30 18:00:00,숏,10,시작중간 · B깊음 · 끝낮음,조금감,0.302,0.083,False
2024-11-30 18:00:00,2024-11-30 22:00:00,롱,5,시작낮음 · B중간 · 끝중간,제자리,0.029,-0.155,False
2024-11-30 22:00:00,2024-12-01 08:00:00,숏,9,시작낮음 · B얕음 · 끝높음,깨고하락,0.501,-0.379,True
2024-12-01 08:00:00,2024-12-02 03:00:00,롱,21,시작높음 · B깊음 · 끝높음,크게감,0.745,-0.381,False
2024-12-02 03:00:00,2024-12-02 15:00:00,숏,14,시작중간 · B중간 · 끝중간,크게감,0.705,-0.234,False
2024-12-02 15:00:00,2024-12-02 17:00:00,롱,1,시작낮음 · B깊음 · 끝낮음,깨고하락,0.092,-0.703,True
2024-12-02 17:00:00,2024-12-02 20:00:00,숏,9,시작낮음 · B얕음 · 끝높음,제자리,0.037,-0.32,False
2024-12-02 20:00:00,2024-12-02 21:00:00,롱,13,시작중간 · B중간 · 끝낮음,제자리,0.033,-0.088,False
2024-12-02 21:00:00,2024-12-02 23:00:00,숏,9,시작낮음 · B얕음 · 끝높음,제자리,0.141,-0.196,False
2024-12-02 23:00:00,2024-12-03 09:00:00,롱,23,시작높음 · B중간 · 끝중간,조금감,0.402,-0.448,False
2024-12-03 09:00:00,2024-12-03 16:00:00,숏,11,시작중간 · B깊음 · 끝중간,크게감,1.386,0.127,False
2024-12-03 16:00:00,2024-12-04 13:00:00,롱,10,시작중간 · B깊음 · 끝낮음,크게감,0.682,0.207,False
2024-12-04 13:00:00,2024-12-04 19:00:00,숏,23,시작높음 · B중간 · 끝중간,깨고하락,0.32,-0.445,True
2024-12-04 19:00:00,2024-12-05 15:00:00,롱,15,시작중간 · B중간 · 끝높음,크게감,2.779,1.536,False
2024-12-05 15:00:00,2024-12-06 13:00:00,숏,19,시작높음 · B깊음 · 끝낮음,크게감,1.079,0.273,False
2024-12-06 13:00:00,2024-12-07 03:00:00,롱,1,시작낮음 · B깊음 · 끝낮음,조금감,0.237,0.051,False
2024-12-07 03:00:00,2024-12-07 18:00:00,숏,5,시작낮음 · B중간 · 끝중간,제자리,0.036,-0.063,False
2024-12-07 18:00:00,2024-12-08 04:00:00,롱,8,시작낮음 · B얕음 · 끝중간,제자리,0.078,-0.084,False
2024-12-08 04:00:00,2024-12-08 13:00:00,숏,14,시작중간 · B중간 · 끝중간,깨고하락,0.656,-0.4,True
2024-12-08 13:00:00,2024-12-09 01:00:00,롱,12,시작중간 · B깊음 · 끝높음,크게감,0.529,-0.481,False
2024-12-09 01:00:00,2024-12-09 14:00:00,숏,15,시작중간 · B중간 · 끝높음,크게감,0.575,-0.236,False
2024-12-09 14:00:00,2024-12-09 15:00:00,롱,23,시작높음 · B중간 · 끝중간,깨고하락,0.08,-0.688,True
2024-12-09 15:00:00,2024-12-10 01:00:00,숏,15,시작중간 · B중간 · 끝높음,크게감,1.345,-0.038,False
2024-12-10 01:00:00,2024-12-10 02:00:00,롱,10,시작중간 · B깊음 · 끝낮음,제자리,0.003,-0.192,False
2024-12-10 02:00:00,2024-12-10 05:00:00,숏,9,시작낮음 · B얕음 · 끝높음,제자리,0.171,-0.042,False
2024-12-10 05:00:00,2024-12-10 16:00:00,롱,10,시작중간 · B깊음 · 끝낮음,깨고하락,0.524,-0.261,True
2024-12-10 16:00:00,2024-12-10 22:00:00,숏,18,시작중간 · B얕음 · 끝높음,크게감,0.556,-0.13,False
2024-12-10 22:00:00,2024-12-12 04:00:00,롱,27,시작높음 · B얕음 · 끝높음,크게감,1.257,0.954,False
2024-12-12 04:00:00,2024-12-13 10:00:00,숏,19,시작높음 · B깊음 · 끝낮음,깨고복귀,0.2,0.032,True
2024-12-13 10:00:00,2024-12-14 09:00:00,롱,8,시작낮음 · B얕음 · 끝중간,조금감,0.322,0.156,False
2024-12-14 09:00:00,2024-12-15 01:00:00,숏,10,시작중간 · B깊음 · 끝낮음,조금감,0.278,-0.155,False
2024-12-15 01:00:00,2024-12-16 09:00:00,롱,5,시작낮음 · B중간 · 끝중간,크게감,1.475,0.823,False
2024-12-16 09:00:00,2024-12-16 15:00:00,숏,10,시작중간 · B깊음 · 끝낮음,조금감,0.226,-0.269,False
2024-12-16 15:00:00,2024-12-16 22:00:00,롱,9,시작낮음 · B얕음 · 끝높음,조금감,0.283,-0.098,False
2024-12-16 22:00:00,2024-12-17 09:00:00,숏,23,시작높음 · B중간 · 끝중간,제자리,0.078,-0.329,False
2024-12-17 09:00:00,2024-12-17 11:00:00,롱,18,시작중간 · B얕음 · 끝높음,제자리,0.018,-0.195,False
2024-12-17 11:00:00,2024-12-17 14:00:00,숏,27,시작높음 · B얕음 · 끝높음,깨고하락,0.137,-0.704,True
2024-12-17 14:00:00,2024-12-17 15:00:00,롱,24,시작높음 · B중간 · 끝높음,깨고하락,0.0,-0.964,True
2024-12-17 15:00:00,2024-12-18 13:00:00,숏,24,시작높음 · B중간 · 끝높음,크게감,1.24,0.702,False
2024-12-18 13:00:00,2024-12-18 14:00:00,롱,10,시작중간 · B깊음 · 끝낮음,제자리,0.053,-0.103,False
2024-12-18 14:00:00,2024-12-18 15:00:00,숏,9,시작낮음 · B얕음 · 끝높음,제자리,0.072,-0.078,False
2024-12-18 15:00:00,2024-12-18 19:00:00,롱,23,시작높음 · B중간 · 끝중간,깨고하락,0.362,-1.0,True
2024-12-18 19:00:00,2024-12-19 06:00:00,숏,15,시작중간 · B중간 · 끝높음,크게감,1.861,0.752,False
2024-12-19 06:00:00,2024-12-19 17:00:00,롱,10,시작중간 · B깊음 · 끝낮음,깨고하락,0.257,-0.375,True
2024-12-19 17:00:00,2024-12-20 06:00:00,숏,9,시작낮음 · B얕음 · 끝높음,조금감,0.417,0.204,False
2024-12-20 06:00:00,2024-12-20 09:00:00,롱,19,시작높음 · B깊음 · 끝낮음,깨고하락,0.137,-0.351,True
2024-12-20 09:00:00,2024-12-20 15:00:00,숏,9,시작낮음 · B얕음 · 끝높음,조금감,0.415,-0.361,False
2024-12-20 15:00:00,2024-12-21 13:00:00,롱,24,시작높음 · B중간 · 끝높음,조금감,0.424,0.055,False
2024-12-21 13:00:00,2024-12-22 10:00:00,숏,22,시작높음 · B중간 · 끝낮음,제자리,0.198,0.043,False
2024-12-22 10:00:00,2024-12-22 14:00:00,롱,17,시작중간 · B얕음 · 끝중간,깨고하락,0.079,-0.396,True
2024-12-22 14:00:00,2024-12-23 03:00:00,숏,18,시작중간 · B얕음 · 끝높음,크게감,0.618,-0.235,False
2024-12-23 03:00:00,2024-12-23 15:00:00,롱,10,시작중간 · B깊음 · 끝낮음,깨고하락,0.144,-0.752,True
2024-12-23 15:00:00,2024-12-23 22:00:00,숏,6,시작낮음 · B중간 · 끝높음,제자리,0.186,-0.493,False
2024-12-23 22:00:00,2024-12-25 03:00:00,롱,24,시작높음 · B중간 · 끝높음,크게감,1.061,0.705,False
2024-12-25 03:00:00,2024-12-26 22:00:00,숏,19,시작높음 · B깊음 · 끝낮음,깨고복귀,0.411,0.318,True
2024-12-26 22:00:00,2024-12-27 15:00:00,롱,4,시작낮음 · B중간 · 끝낮음,깨고하락,0.266,-0.195,True
2024-12-27 15:00:00,2024-12-28 04:00:00,숏,9,시작낮음 · B얕음 · 끝높음,제자리,0.191,0.01,False
2024-12-28 04:00:00,2024-12-29 11:00:00,롱,22,시작높음 · B중간 · 끝낮음,조금감,0.299,0.123,False
2024-12-29 11:00:00,2024-12-30 06:00:00,숏,4,시작낮음 · B중간 · 끝낮음,크게감,0.883,0.483,False
2024-12-30 06:00:00,2024-12-30 13:00:00,롱,10,시작중간 · B깊음 · 끝낮음,깨고하락,0.136,-0.447,True
2024-12-30 13:00:00,2024-12-30 18:00:00,숏,9,시작낮음 · B얕음 · 끝높음,깨고하락,0.436,-0.736,True
2024-12-30 18:00:00,2024-12-30 23:00:00,롱,12,시작중간 · B깊음 · 끝높음,제자리,0.139,-0.569,False
2024-12-30 23:00:00,2024-12-31 07:00:00,숏,24,시작높음 · B중간 · 끝높음,조금감,0.214,-0.02,False
2024-12-31 07:00:00,2024-12-31 20:00:00,롱,26,시작높음 · B얕음 · 끝중간,크게감,1.108,0.229,False
2024-12-31 20:00:00,2025-01-01 14:00:00,숏,19,시작높음 · B깊음 · 끝낮음,제자리,0.161,-0.137,False
2025-01-01 14:00:00,2025-01-02 22:00:00,롱,8,시작낮음 · B얕음 · 끝중간,크게감,1.029,0.753,False
2025-01-02 22:00:00,2025-01-03 16:00:00,숏,10,시작중간 · B깊음 · 끝낮음,깨고하락,0.157,-0.196,True
2025-01-03 16:00:00,2025-01-04 03:00:00,롱,8,시작낮음 · B얕음 · 끝중간,조금감,0.234,0.066,False
2025-01-04 03:00:00,2025-01-04 20:00:00,숏,22,시작높음 · B중간 · 끝낮음,조금감,0.243,-0.148,False
2025-01-04 20:00:00,2025-01-05 01:00:00,롱,6,시작낮음 · B중간 · 끝높음,제자리,0.118,-0.298,False
2025-01-05 01:00:00,2025-01-05 06:00:00,숏,14,시작중간 · B중간 · 끝중간,제자리,0.05,-0.244,False
2025-01-05 06:00:00,2025-01-05 07:00:00,롱,27,시작높음 · B얕음 · 끝높음,제자리,0.036,-0.256,False
2025-01-05 07:00:00,2025-01-05 20:00:00,숏,27,시작높음 · B얕음 · 끝높음,깨고하락,2.003,-0.02,True
2025-01-05 20:00:00,2025-01-07 02:00:00,롱,11,시작중간 · B깊음 · 끝중간,크게감,3.109,2.358,False
2025-01-07 02:00:00,2025-01-08 10:00:00,숏,10,시작중간 · B깊음 · 끝낮음,크게감,1.17,1.041,False
2025-01-08 10:00:00,2025-01-08 11:00:00,롱,1,시작낮음 · B깊음 · 끝낮음,깨고하락,0.014,-0.108,True
2025-01-08 11:00:00,2025-01-08 13:00:00,숏,8,시작낮음 · B얕음 · 끝중간,제자리,0.04,-0.033,False
2025-01-08 13:00:00,2025-01-08 18:00:00,롱,10,시작중간 · B깊음 · 끝낮음,깨고하락,0.444,-0.741,True
2025-01-08 18:00:00,2025-01-08 21:00:00,숏,9,시작낮음 · B얕음 · 끝높음,제자리,0.182,-0.058,False
2025-01-08 21:00:00,2025-01-09 08:00:00,롱,26,시작높음 · B얕음 · 끝중간,깨고하락,0.259,-0.39,True
2025-01-09 08:00:00,2025-01-09 12:00:00,숏,15,시작중간 · B중간 · 끝높음,제자리,0.024,-0.147,False
2025-01-09 12:00:00,2025-01-09 13:00:00,롱,26,시작높음 · B얕음 · 끝중간,깨고하락,0.031,-0.541,True
2025-01-09 13:00:00,2025-01-09 15:00:00,숏,27,시작높음 · B얕음 · 끝높음,깨고하락,0.098,-1.137,True
2025-01-09 15:00:00,2025-01-09 19:00:00,롱,24,시작높음 · B중간 · 끝높음,제자리,0.162,-0.835,False
2025-01-09 19:00:00,2025-01-09 23:00:00,숏,12,시작중간 · B깊음 · 끝높음,조금감,0.242,-0.221,False
2025-01-09 23:00:00,2025-01-10 16:00:00,롱,14,시작중간 · B중간 · 끝중간,크게감,0.775,0.317,False
2025-01-10 16:00:00,2025-01-10 17:00:00,숏,10,시작중간 · B깊음 · 끝낮음,깨고하락,0.081,-0.526,True
2025-01-10 17:00:00,2025-01-11 00:00:00,롱,9,시작낮음 · B얕음 · 끝높음,제자리,0.0,-0.311,False
2025-01-11 00:00:00,2025-01-11 21:00:00,숏,19,시작높음 · B깊음 · 끝낮음,조금감,0.28,-0.123,False
2025-01-11 21:00:00,2025-01-12 06:00:00,롱,5,시작낮음 · B중간 · 끝중간,제자리,0.019,-0.22,False
2025-01-12 06:00:00,2025-01-12 14:00:00,숏,15,시작중간 · B중간 · 끝높음,크게감,0.561,-0.379,False
2025-01-12 14:00:00,2025-01-12 21:00:00,롱,21,시작높음 · B깊음 · 끝높음,조금감,0.495,-0.358,False
2025-01-12 21:00:00,2025-01-13 00:00:00,숏,24,시작높음 · B중간 · 끝높음,깨고하락,0.317,-0.551,True
2025-01-13 00:00:00,2025-01-13 01:00:00,롱,27,시작높음 · B얕음 · 끝높음,제자리,0.04,-0.5,False
2025-01-13 01:00:00,2025-01-13 19:00:00,숏,15,시작중간 · B중간 · 끝높음,크게감,2.293,0.866,False
2025-01-13 19:00:00,2025-01-14 20:00:00,롱,10,시작중간 · B깊음 · 끝낮음,크게감,0.749,0.613,False
2025-01-14 20:00:00,2025-01-15 13:00:00,숏,1,시작낮음 · B깊음 · 끝낮음,깨고하락,0.023,-0.297,True
2025-01-15 13:00:00,2025-01-16 03:00:00,롱,9,시작낮음 · B얕음 · 끝높음,조금감,0.26,0.068,False
2025-01-16 03:00:00,2025-01-16 19:00:00,숏,19,시작높음 · B깊음 · 끝낮음,조금감,0.45,-0.196,False
2025-01-16 19:00:00,2025-01-17 23:00:00,롱,6,시작낮음 · B중간 · 끝높음,크게감,1.34,0.905,False
2025-01-17 23:00:00,2025-01-18 23:00:00,숏,10,시작중간 · B깊음 · 끝낮음,조금감,0.212,-0.055,False
2025-01-18 23:00:00,2025-01-19 00:00:00,롱,8,시작낮음 · B얕음 · 끝중간,제자리,0.0,-0.068,False
2025-01-19 00:00:00,2025-01-19 01:00:00,숏,17,시작중간 · B얕음 · 끝중간,제자리,0.04,-0.137,False
2025-01-19 01:00:00,2025-01-19 10:00:00,롱,14,시작중간 · B중간 · 끝중간,깨고복귀,1.519,0.462,True
2025-01-19 10:00:00,2025-01-19 19:00:00,숏,10,시작중간 · B깊음 · 끝낮음,깨고하락,0.284,-0.65,True
2025-01-19 19:00:00,2025-01-19 21:00:00,롱,6,시작낮음 · B중간 · 끝높음,깨고하락,0.087,-0.904,True
2025-01-19 21:00:00,2025-01-20 06:00:00,숏,24,시작높음 · B중간 · 끝높음,깨고하락,1.481,-1.369,True
2025-01-20 06:00:00,2025-01-20 17:00:00,롱,14,시작중간 · B중간 · 끝중간,제자리,0.198,-0.437,False
2025-01-20 17:00:00,2025-01-21 10:00:00,숏,5,시작낮음 · B중간 · 끝중간,조금감,0.285,-0.016,False
2025-01-21 10:00:00,2025-01-22 04:00:00,롱,1,시작낮음 · B깊음 · 끝낮음,조금감,0.414,0.244,False
2025-01-22 04:00:00,2025-01-23 14:00:00,숏,10,시작중간 · B깊음 · 끝낮음,크게감,0.601,0.051,False
2025-01-23 14:00:00,2025-01-24 01:00:00,롱,2,시작낮음 · B깊음 · 끝중간,조금감,0.276,-0.333,False
2025-01-24 01:00:00,2025-01-24 04:00:00,숏,2,시작낮음 · B깊음 · 끝중간,제자리,0.087,-0.246,False
2025-01-24 04:00:00,2025-01-24 20:00:00,롱,18,시작중간 · B얕음 · 끝높음,크게감,0.517,0.048,False
2025-01-24 20:00:00,2025-01-25 15:00:00,숏,19,시작높음 · B깊음 · 끝낮음,제자리,0.176,-0.007,False
2025-01-25 15:00:00,2025-01-26 01:00:00,롱,4,시작낮음 · B중간 · 끝낮음,제자리,0.127,-0.077,False
2025-01-26 01:00:00,2025-01-26 03:00:00,숏,5,시작낮음 · B중간 · 끝중간,제자리,0.056,-0.255,False
2025-01-26 03:00:00,2025-01-26 09:00:00,롱,27,시작높음 · B얕음 · 끝높음,깨고하락,0.633,-0.477,True
2025-01-26 09:00:00,2025-01-26 15:00:00,숏,20,시작높음 · B깊음 · 끝중간,제자리,0.146,-0.283,False
2025-01-26 15:00:00,2025-01-26 21:00:00,롱,14,시작중간 · B중간 · 끝중간,조금감,0.26,-0.342,False
2025-01-26 21:00:00,2025-01-27 13:00:00,숏,15,시작중간 · B중간 · 끝높음,크게감,8.1,4.838,False
2025-01-27 13:00:00,2025-01-28 16:00:00,롱,10,시작중간 · B깊음 · 끝낮음,조금감,0.444,0.232,False
2025-01-28 16:00:00,2025-01-29 05:00:00,숏,4,시작낮음 · B중간 · 끝낮음,조금감,0.274,-0.002,False
2025-01-29 05:00:00,2025-01-29 13:00:00,롱,5,시작낮음 · B중간 · 끝중간,제자리,0.152,-0.083,False
2025-01-29 13:00:00,2025-01-29 18:00:00,숏,14,시작중간 · B중간 · 끝중간,제자리,0.099,-0.349,False
2025-01-29 18:00:00,2025-01-30 12:00:00,롱,18,시작중간 · B얕음 · 끝높음,깨고복귀,1.906,1.497,True
2025-01-30 12:00:00,2025-01-31 15:00:00,숏,19,시작높음 · B깊음 · 끝낮음,깨고하락,0.265,-0.099,True
2025-01-31 15:00:00,2025-01-31 18:00:00,롱,8,시작낮음 · B얕음 · 끝중간,깨고하락,0.026,-0.557,True
2025-01-31 18:00:00,2025-02-01 12:00:00,숏,18,시작중간 · B얕음 · 끝높음,조금감,0.313,0.096,False
2025-02-01 12:00:00,2025-02-01 22:00:00,롱,19,시작높음 · B깊음 · 끝낮음,깨고하락,0.005,-0.343,True
2025-02-01 22:00:00,2025-02-03 08:00:00,숏,9,시작낮음 · B얕음 · 끝높음,크게감,2.182,1.231,False
2025-02-03 08:00:00,2025-02-04 05:00:00,롱,19,시작높음 · B깊음 · 끝낮음,크게감,0.649,0.319,False
2025-02-04 05:00:00,2025-02-05 11:00:00,숏,1,시작낮음 · B깊음 · 끝낮음,조금감,0.241,0.055,False
2025-02-05 11:00:00,2025-02-05 18:00:00,롱,4,시작낮음 · B중간 · 끝낮음,제자리,0.118,-0.181,False
2025-02-05 18:00:00,2025-02-06 03:00:00,숏,9,시작낮음 · B얕음 · 끝높음,제자리,0.122,-0.136,False
2025-02-06 03:00:00,2025-02-06 16:00:00,롱,23,시작높음 · B중간 · 끝중간,크게감,0.583,-0.251,False
2025-02-06 16:00:00,2025-02-07 02:00:00,숏,12,시작중간 · B깊음 · 끝높음,조금감,0.303,-0.329,False
2025-02-07 02:00:00,2025-02-07 19:00:00,롱,23,시작높음 · B중간 · 끝중간,크게감,0.748,-0.195,False
2025-02-07 19:00:00,2025-02-08 13:00:00,숏,11,시작중간 · B깊음 · 끝중간,조금감,0.289,0.147,False
2025-02-08 13:00:00,2025-02-09 11:00:00,롱,13,시작중간 · B중간 · 끝낮음,조금감,0.237,0.071,False
2025-02-09 11:00:00,2025-02-10 00:00:00,숏,4,시작낮음 · B중간 · 끝낮음,크게감,0.836,-0.076,False
2025-02-10 00:00:00,2025-02-10 01:00:00,롱,11,시작중간 · B깊음 · 끝중간,제자리,0.044,-0.435,False
2025-02-10 01:00:00,2025-02-10 03:00:00,숏,18,시작중간 · B얕음 · 끝높음,제자리,0.071,-0.499,False
2025-02-10 03:00:00,2025-02-10 19:00:00,롱,20,시작높음 · B깊음 · 끝중간,크게감,0.832,0.303,False
2025-02-10 19:00:00,2025-02-11 01:00:00,숏,10,시작중간 · B깊음 · 끝낮음,제자리,0.081,-0.199,False
2025-02-11 01:00:00,2025-02-11 03:00:00,롱,9,시작낮음 · B얕음 · 끝높음,제자리,0.046,-0.15,False
2025-02-11 03:00:00,2025-02-11 04:00:00,숏,27,시작높음 · B얕음 · 끝높음,깨고하락,0.063,-0.42,True
2025-02-11 04:00:00,2025-02-11 10:00:00,롱,24,시작높음 · B중간 · 끝높음,크게감,0.627,-0.159,False
2025-02-11 10:00:00,2025-02-12 06:00:00,숏,19,시작높음 · B깊음 · 끝낮음,크게감,3.059,2.097,False
2025-02-12 06:00:00,2025-02-13 05:00:00,롱,10,시작중간 · B깊음 · 끝낮음,깨고복귀,0.632,0.228,True
2025-02-13 05:00:00,2025-02-13 21:00:00,숏,4,시작낮음 · B중간 · 끝낮음,조금감,0.35,0.043,False
2025-02-13 21:00:00,2025-02-14 22:00:00,롱,14,시작중간 · B중간 · 끝중간,크게감,0.581,0.156,False
2025-02-14 22:00:00,2025-02-15 02:00:00,숏,10,시작중간 · B깊음 · 끝낮음,제자리,0.038,-0.198,False
2025-02-15 02:00:00,2025-02-15 03:00:00,롱,9,시작낮음 · B얕음 · 끝높음,제자리,0.048,-0.07,False
2025-02-15 03:00:00,2025-02-17 12:00:00,숏,26,시작높음 · B얕음 · 끝중간,크게감,1.809,1.155,False
2025-02-17 12:00:00,2025-02-17 16:00:00,롱,10,시작중간 · B깊음 · 끝낮음,깨고하락,0.26,-0.513,True
2025-02-17 16:00:00,2025-02-17 21:00:00,숏,6,시작낮음 · B중간 · 끝높음,제자리,0.047,-0.403,False
2025-02-17 21:00:00,2025-02-18 07:00:00,롱,27,시작높음 · B얕음 · 끝높음,제자리,0.004,-0.521,False
2025-02-18 07:00:00,2025-02-18 10:00:00,숏,24,시작높음 · B중간 · 끝높음,조금감,0.349,-0.245,False
2025-02-18 10:00:00,2025-02-18 16:00:00,롱,27,시작높음 · B얕음 · 끝높음,깨고하락,0.741,-0.801,True
2025-02-18 16:00:00,2025-02-18 23:00:00,숏,24,시작높음 · B중간 · 끝높음,크게감,0.588,-0.467,False
2025-02-18 23:00:00,2025-02-20 14:00:00,롱,20,시작높음 · B깊음 · 끝중간,크게감,0.698,0.384,False
2025-02-20 14:00:00,2025-02-20 17:00:00,숏,13,시작중간 · B중간 · 끝낮음,제자리,0.036,-0.212,False
2025-02-20 17:00:00,2025-02-21 02:00:00,롱,8,시작낮음 · B얕음 · 끝중간,조금감,0.254,0.05,False
2025-02-21 02:00:00,2025-02-21 13:00:00,숏,10,시작중간 · B깊음 · 끝낮음,깨고하락,0.013,-0.637,True
2025-02-21 13:00:00,2025-02-21 15:00:00,롱,9,시작낮음 · B얕음 · 끝높음,깨고하락,0.022,-0.624,True
2025-02-21 15:00:00,2025-02-22 06:00:00,숏,27,시작높음 · B얕음 · 끝높음,크게감,1.384,0.698,False
2025-02-22 06:00:00,2025-02-23 05:00:00,롱,19,시작높음 · B깊음 · 끝낮음,제자리,0.133,-0.048,False
2025-02-23 05:00:00,2025-02-23 07:00:00,숏,8,시작낮음 · B얕음 · 끝중간,제자리,0.021,-0.063,False
2025-02-23 07:00:00,2025-02-23 09:00:00,롱,26,시작높음 · B얕음 · 끝중간,제자리,0.0,-0.253,False
2025-02-23 09:00:00,2025-02-23 21:00:00,숏,15,시작중간 · B중간 · 끝높음,크게감,2.403,1.156,False
2025-02-23 21:00:00,2025-02-24 04:00:00,롱,10,시작중간 · B깊음 · 끝낮음,깨고하락,0.589,-0.361,True
2025-02-24 04:00:00,2025-02-24 06:00:00,숏,6,시작낮음 · B중간 · 끝높음,제자리,0.037,-0.385,False
2025-02-24 06:00:00,2025-02-24 14:00:00,롱,27,시작높음 · B얕음 · 끝높음,깨고하락,0.22,-0.817,True
2025-02-24 14:00:00,2025-02-25 20:00:00,숏,27,시작높음 · B얕음 · 끝높음,크게감,5.364,4.046,False
2025-02-25 20:00:00,2025-02-26 15:00:00,롱,19,시작높음 · B깊음 · 끝낮음,깨고하락,0.129,-0.067,True
2025-02-26 15:00:00,2025-02-27 03:00:00,숏,8,시작낮음 · B얕음 · 끝중간,크게감,0.521,0.222,False
2025-02-27 03:00:00,2025-02-27 17:00:00,롱,19,시작높음 · B깊음 · 끝낮음,조금감,0.251,-0.084,False
2025-02-27 17:00:00,2025-02-28 12:00:00,숏,5,시작낮음 · B중간 · 끝중간,크게감,0.989,0.593,False
2025-02-28 12:00:00,2025-03-01 11:00:00,롱,19,시작높음 · B깊음 · 끝낮음,크게감,0.655,0.435,False
2025-03-01 11:00:00,2025-03-01 21:00:00,숏,1,시작낮음 · B깊음 · 끝낮음,제자리,0.037,-0.174,False
2025-03-01 21:00:00,2025-03-02 03:00:00,롱,9,시작낮음 · B얕음 · 끝높음,제자리,0.066,-0.031,False
2025-03-02 03:00:00,2025-03-02 16:00:00,숏,22,시작높음 · B중간 · 끝낮음,깨고하락,0.378,-2.464,True
2025-03-02 16:00:00,2025-03-03 04:00:00,롱,18,시작중간 · B얕음 · 끝높음,크게감,0.554,0.237,False
2025-03-03 04:00:00,2025-03-04 11:00:00,숏,19,시작높음 · B깊음 · 끝낮음,크게감,1.042,0.89,False
2025-03-04 11:00:00,2025-03-06 08:00:00,롱,1,시작낮음 · B깊음 · 끝낮음,깨고복귀,0.7,0.57,True
2025-03-06 08:00:00,2025-03-07 09:00:00,숏,1,시작낮음 · B깊음 · 끝낮음,크게감,0.532,0.182,False
2025-03-07 09:00:00,2025-03-07 17:00:00,롱,4,시작낮음 · B중간 · 끝낮음,제자리,0.195,-0.108,False
2025-03-07 17:00:00,2025-03-08 10:00:00,숏,5,시작낮음 · B중간 · 끝중간,조금감,0.353,0.225,False
2025-03-08 10:00:00,2025-03-09 09:00:00,롱,22,시작높음 · B중간 · 끝낮음,제자리,0.087,-0.093,False
2025-03-09 09:00:00,2025-03-10 03:00:00,숏,8,시작낮음 · B얕음 · 끝중간,크게감,1.457,0.917,False
2025-03-10 03:00:00,2025-03-10 15:00:00,롱,19,시작높음 · B깊음 · 끝낮음,깨고하락,0.307,-0.296,True
2025-03-10 15:00:00,2025-03-11 02:00:00,숏,9,시작낮음 · B얕음 · 끝높음,크게감,0.515,0.104,False
2025-03-11 02:00:00,2025-03-12 04:00:00,롱,23,시작높음 · B중간 · 끝중간,크게감,0.59,0.328,False
2025-03-12 04:00:00,2025-03-12 12:00:00,숏,10,시작중간 · B깊음 · 끝낮음,깨고하락,0.074,-0.313,True
2025-03-12 12:00:00,2025-03-12 14:00:00,롱,9,시작낮음 · B얕음 · 끝높음,제자리,0.027,-0.455,False
2025-03-12 14:00:00,2025-03-12 21:00:00,숏,27,시작높음 · B얕음 · 끝높음,조금감,0.29,-0.489,False
2025-03-12 21:00:00,2025-03-13 05:00:00,롱,23,시작높음 · B중간 · 끝중간,조금감,0.324,0.016,False
2025-03-13 05:00:00,2025-03-14 01:00:00,숏,26,시작높음 · B얕음 · 끝중간,크게감,0.85,0.415,False
2025-03-14 01:00:00,2025-03-15 00:00:00,롱,10,시작중간 · B깊음 · 끝낮음,크게감,0.843,0.609,False
2025-03-15 00:00:00,2025-03-16 18:00:00,숏,1,시작낮음 · B깊음 · 끝낮음,조금감,0.36,0.111,False
2025-03-16 18:00:00,2025-03-16 19:00:00,롱,5,시작낮음 · B중간 · 끝중간,제자리,0.01,-0.143,False
2025-03-16 19:00:00,2025-03-17 02:00:00,숏,18,시작중간 · B얕음 · 끝높음,조금감,0.4,-0.04,False
2025-03-17 02:00:00,2025-03-17 14:00:00,롱,19,시작높음 · B깊음 · 끝낮음,조금감,0.386,-0.141,False
2025-03-17 14:00:00,2025-03-17 15:00:00,숏,18,시작중간 · B얕음 · 끝높음,제자리,0.103,-0.299,False
2025-03-17 15:00:00,2025-03-18 01:00:00,롱,27,시작높음 · B얕음 · 끝높음,크게감,0.77,-0.236,False
2025-03-18 01:00:00,2025-03-18 22:00:00,숏,20,시작높음 · B깊음 · 끝중간,크게감,0.87,0.334,False
2025-03-18 22:00:00,2025-03-20 05:00:00,롱,10,시작중간 · B깊음 · 끝낮음,크게감,1.391,0.949,False
2025-03-20 05:00:00,2025-03-21 17:00:00,숏,10,시작중간 · B깊음 · 끝낮음,조금감,0.421,0.287,False
2025-03-21 17:00:00,2025-03-22 14:00:00,롱,4,시작낮음 · B중간 · 끝낮음,제자리,0.107,-0.003,False
2025-03-22 14:00:00,2025-03-22 18:00:00,숏,8,시작낮음 · B얕음 · 끝중간,제자리,0.01,-0.068,False
2025-03-22 18:00:00,2025-03-22 19:00:00,롱,17,시작중간 · B얕음 · 끝중간,제자리,0.047,-0.071,False
2025-03-22 19:00:00,2025-03-23 02:00:00,숏,27,시작높음 · B얕음 · 끝높음,크게감,1.484,-0.189,False
2025-03-23 02:00:00,2025-03-24 20:00:00,롱,11,시작중간 · B깊음 · 끝중간,크게감,6.848,5.41,False
2025-03-24 20:00:00,2025-03-25 14:00:00,숏,10,시작중간 · B깊음 · 끝낮음,조금감,0.298,-0.032,False
2025-03-25 14:00:00,2025-03-25 23:00:00,롱,5,시작낮음 · B중간 · 끝중간,제자리,0.114,-0.123,False
2025-03-25 23:00:00,2025-03-26 07:00:00,숏,14,시작중간 · B중간 · 끝중간,제자리,0.171,-0.331,False
2025-03-26 07:00:00,2025-03-26 13:00:00,롱,27,시작높음 · B얕음 · 끝높음,깨고하락,0.086,-0.861,True
2025-03-26 13:00:00,2025-03-27 00:00:00,숏,27,시작높음 · B얕음 · 끝높음,크게감,0.608,-0.274,False
2025-03-27 00:00:00,2025-03-27 11:00:00,롱,19,시작높음 · B깊음 · 끝낮음,제자리,0.196,-0.138,False
2025-03-27 11:00:00,2025-03-27 20:00:00,숏,5,시작낮음 · B중간 · 끝중간,크게감,0.581,-0.171,False
2025-03-27 20:00:00,2025-03-28 03:00:00,롱,11,시작중간 · B깊음 · 끝중간,조금감,0.219,-0.251,False
2025-03-28 03:00:00,2025-03-28 22:00:00,숏,14,시작중간 · B중간 · 끝중간,크게감,1.596,1.15,False
2025-03-28 22:00:00,2025-03-29 10:00:00,롱,19,시작높음 · B깊음 · 끝낮음,깨고하락,0.032,-0.373,True
2025-03-29 10:00:00,2025-03-29 19:00:00,숏,9,시작낮음 · B얕음 · 끝높음,조금감,0.306,0.039,False
2025-03-29 19:00:00,2025-03-30 16:00:00,롱,19,시작높음 · B깊음 · 끝낮음,조금감,0.259,-0.164,False
2025-03-30 16:00:00,2025-03-31 08:00:00,숏,2,시작낮음 · B깊음 · 끝중간,크게감,0.535,0.192,False
2025-03-31 08:00:00,2025-03-31 09:00:00,롱,10,시작중간 · B깊음 · 끝낮음,제자리,0.028,-0.202,False
2025-03-31 09:00:00,2025-03-31 10:00:00,숏,9,시작낮음 · B얕음 · 끝높음,제자리,0.108,-0.438,False
2025-03-31 10:00:00,2025-03-31 23:00:00,롱,24,시작높음 · B중간 · 끝높음,크게감,1.751,0.366,False
2025-03-31 23:00:00,2025-04-01 02:00:00,숏,10,시작중간 · B깊음 · 끝낮음,제자리,0.048,-0.206,False
2025-04-01 02:00:00,2025-04-02 01:00:00,롱,9,시작낮음 · B얕음 · 끝높음,크게감,0.94,0.773,False
2025-04-02 01:00:00,2025-04-02 14:00:00,숏,19,시작높음 · B깊음 · 끝낮음,깨고하락,0.374,-0.217,True
2025-04-02 14:00:00,2025-04-02 21:00:00,롱,9,시작낮음 · B얕음 · 끝높음,크게감,0.767,-0.288,False
2025-04-02 21:00:00,2025-04-03 21:00:00,숏,20,시작높음 · B깊음 · 끝중간,크게감,0.78,0.45,False
2025-04-03 21:00:00,2025-04-04 14:00:00,롱,19,시작높음 · B깊음 · 끝낮음,조금감,0.275,-0.024,False
2025-04-04 14:00:00,2025-04-04 16:00:00,숏,5,시작낮음 · B중간 · 끝중간,제자리,0.019,-0.185,False
2025-04-04 16:00:00,2025-04-05 03:00:00,롱,8,시작낮음 · B얕음 · 끝중간,조금감,0.396,0.077,False
2025-04-05 03:00:00,2025-04-05 23:00:00,숏,13,시작중간 · B중간 · 끝낮음,조금감,0.449,0.037,False
2025-04-05 23:00:00,2025-04-06 08:00:00,롱,1,시작낮음 · B깊음 · 끝낮음,제자리,0.123,-0.226,False
2025-04-06 08:00:00,2025-04-07 11:00:00,숏,5,시작낮음 · B중간 · 끝중간,크게감,5.341,3.967,False
2025-04-07 11:00:00,2025-04-08 10:00:00,롱,19,시작높음 · B깊음 · 끝낮음,조금감,0.49,0.251,False
2025-04-08 10:00:00,2025-04-08 11:00:00,숏,4,시작낮음 · B중간 · 끝낮음,제자리,0.006,-0.111,False
2025-04-08 11:00:00,2025-04-08 14:00:00,롱,9,시작낮음 · B얕음 · 끝높음,깨고하락,0.072,-0.278,True
2025-04-08 14:00:00,2025-04-09 07:00:00,숏,24,시작높음 · B중간 · 끝높음,크게감,2.011,0.405,False
2025-04-09 07:00:00,2025-04-10 06:00:00,롱,10,시작중간 · B깊음 · 끝낮음,크게감,1.021,0.77,False
2025-04-10 06:00:00,2025-04-11 03:00:00,숏,1,시작낮음 · B깊음 · 끝낮음,조금감,0.41,0.145,False
2025-04-11 03:00:00,2025-04-12 01:00:00,롱,4,시작낮음 · B중간 · 끝낮음,조금감,0.445,0.304,False
2025-04-12 01:00:00,2025-04-12 14:00:00,숏,1,시작낮음 · B깊음 · 끝낮음,깨고하락,0.073,-0.273,True
2025-04-12 14:00:00,2025-04-13 01:00:00,롱,9,시작낮음 · B얕음 · 끝높음,조금감,0.264,0.084,False
2025-04-13 01:00:00,2025-04-14 02:00:00,숏,22,시작높음 · B중간 · 끝낮음,크게감,0.672,0.035,False
2025-04-14 02:00:00,2025-04-14 16:00:00,롱,2,시작낮음 · B깊음 · 끝중간,조금감,0.218,-0.247,False
2025-04-14 16:00:00,2025-04-14 18:00:00,숏,5,시작낮음 · B중간 · 끝중간,제자리,0.04,-0.205,False
2025-04-14 18:00:00,2025-04-14 22:00:00,롱,27,시작높음 · B얕음 · 끝높음,제자리,0.104,-0.231,False
2025-04-14 22:00:00,2025-04-15 01:00:00,숏,27,시작높음 · B얕음 · 끝높음,제자리,0.116,-0.35,False
2025-04-15 01:00:00,2025-04-15 14:00:00,롱,24,시작높음 · B중간 · 끝높음,크게감,1.728,0.194,False
2025-04-15 14:00:00,2025-04-16 10:00:00,숏,20,시작높음 · B깊음 · 끝중간,크게감,0.956,0.564,False
2025-04-16 10:00:00,2025-04-17 14:00:00,롱,10,시작중간 · B깊음 · 끝낮음,조금감,0.48,0.046,False
2025-04-17 14:00:00,2025-04-17 16:00:00,숏,4,시작낮음 · B중간 · 끝낮음,제자리,0.0,-0.291,False
2025-04-17 16:00:00,2025-04-18 02:00:00,롱,9,시작낮음 · B얕음 · 끝높음,조금감,0.247,-0.01,False
2025-04-18 02:00:00,2025-04-19 02:00:00,숏,22,시작높음 · B중간 · 끝낮음,조금감,0.346,0.071,False
2025-04-19 02:00:00,2025-04-19 16:00:00,롱,5,시작낮음 · B중간 · 끝중간,크게감,0.75,0.061,False
2025-04-19 16:00:00,2025-04-20 19:00:00,숏,10,시작중간 · B깊음 · 끝낮음,크게감,0.668,0.153,False
2025-04-20 19:00:00,2025-04-21 13:00:00,롱,1,시작낮음 · B깊음 · 끝낮음,크게감,1.8,1.362,False
2025-04-21 13:00:00,2025-04-21 14:00:00,숏,10,시작중간 · B깊음 · 끝낮음,깨고하락,0.026,-0.301,True
2025-04-21 14:00:00,2025-04-21 16:00:00,롱,9,시작낮음 · B얕음 · 끝높음,제자리,0.032,-0.259,False
2025-04-21 16:00:00,2025-04-22 02:00:00,숏,20,시작높음 · B깊음 · 끝중간,깨고하락,0.472,-0.589,True
2025-04-22 02:00:00,2025-04-23 10:00:00,롱,5,시작낮음 · B중간 · 끝중간,크게감,2.554,2.223,False
2025-04-23 10:00:00,2025-04-24 15:00:00,숏,19,시작높음 · B깊음 · 끝낮음,깨고복귀,0.251,0.064,True
2025-04-24 15:00:00,2025-04-25 03:00:00,롱,5,시작낮음 · B중간 · 끝중간,제자리,0.179,0.014,False
2025-04-25 03:00:00,2025-04-25 07:00:00,숏,14,시작중간 · B중간 · 끝중간,제자리,0.1,-0.158,False
2025-04-25 07:00:00,2025-04-25 22:00:00,롱,27,시작높음 · B얕음 · 끝높음,크게감,1.106,0.586,False
2025-04-25 22:00:00,2025-04-26 22:00:00,숏,19,시작높음 · B깊음 · 끝낮음,조금감,0.324,0.02,False
2025-04-26 22:00:00,2025-04-27 03:00:00,롱,8,시작낮음 · B얕음 · 끝중간,조금감,0.24,-0.271,False
2025-04-27 03:00:00,2025-04-27 18:00:00,숏,14,시작중간 · B중간 · 끝중간,조금감,0.404,-0.093,False
2025-04-27 18:00:00,2025-04-27 23:00:00,롱,23,시작높음 · B중간 · 끝중간,제자리,0.151,-0.318,False
2025-04-27 23:00:00,2025-04-28 05:00:00,숏,6,시작낮음 · B중간 · 끝높음,크게감,0.971,-0.496,False
2025-04-28 05:00:00,2025-04-28 15:00:00,롱,24,시작높음 · B중간 · 끝높음,크게감,0.781,-0.228,False
2025-04-28 15:00:00,2025-04-28 22:00:00,숏,23,시작높음 · B중간 · 끝중간,제자리,0.142,-0.349,False
2025-04-28 22:00:00,2025-04-29 04:00:00,롱,15,시작중간 · B중간 · 끝높음,조금감,0.31,-0.206,False
2025-04-29 04:00:00,2025-04-29 08:00:00,숏,23,시작높음 · B중간 · 끝중간,제자리,0.082,-0.326,False
2025-04-29 08:00:00,2025-04-29 15:00:00,롱,15,시작중간 · B중간 · 끝높음,조금감,0.216,-0.15,False
2025-04-29 15:00:00,2025-04-29 17:00:00,숏,26,시작높음 · B얕음 · 끝중간,깨고하락,0.171,-0.367,True
2025-04-29 17:00:00,2025-04-29 21:00:00,롱,18,시작중간 · B얕음 · 끝높음,깨고하락,0.201,-0.523,True
2025-04-29 21:00:00,2025-04-30 05:00:00,숏,24,시작높음 · B중간 · 끝높음,크게감,0.868,-0.147,False
2025-04-30 05:00:00,2025-04-30 06:00:00,롱,11,시작중간 · B깊음 · 끝중간,제자리,0.038,-0.083,False
2025-04-30 06:00:00,2025-04-30 09:00:00,숏,27,시작높음 · B얕음 · 끝높음,제자리,0.182,-0.144,False
2025-04-30 09:00:00,2025-04-30 12:00:00,롱,20,시작높음 · B깊음 · 끝중간,깨고하락,0.408,-0.7,True
2025-04-30 12:00:00,2025-04-30 21:00:00,숏,15,시작중간 · B중간 · 끝높음,크게감,1.803,0.113,False
2025-04-30 21:00:00,2025-05-01 22:00:00,롱,10,시작중간 · B깊음 · 끝낮음,크게감,1.283,0.833,False
2025-05-01 22:00:00,2025-05-02 14:00:00,숏,10,시작중간 · B깊음 · 끝낮음,깨고하락,0.044,-0.303,True
2025-05-02 14:00:00,2025-05-02 18:00:00,롱,9,시작낮음 · B얕음 · 끝높음,제자리,0.037,-0.151,False
2025-05-02 18:00:00,2025-05-03 19:00:00,숏,19,시작높음 · B깊음 · 끝낮음,크게감,0.764,0.462,False
2025-05-03 19:00:00,2025-05-03 23:00:00,롱,10,시작중간 · B깊음 · 끝낮음,깨고하락,0.049,-0.236,True
2025-05-03 23:00:00,2025-05-04 19:00:00,숏,8,시작낮음 · B얕음 · 끝중간,조금감,0.355,0.155,False
2025-05-04 19:00:00,2025-05-04 23:00:00,롱,10,시작중간 · B깊음 · 끝낮음,깨고하락,0.144,-1.036,True
2025-05-04 23:00:00,2025-05-05 07:00:00,숏,9,시작낮음 · B얕음 · 끝높음,조금감,0.354,-0.229,False
2025-05-05 07:00:00,2025-05-05 11:00:00,롱,20,시작높음 · B깊음 · 끝중간,제자리,0.013,-0.321,False
2025-05-05 11:00:00,2025-05-05 13:00:00,숏,18,시작중간 · B얕음 · 끝높음,조금감,0.255,-0.14,False
2025-05-05 13:00:00,2025-05-05 14:00:00,롱,26,시작높음 · B얕음 · 끝중간,조금감,0.253,-0.327,False
2025-05-05 14:00:00,2025-05-05 17:00:00,숏,27,시작높음 · B얕음 · 끝높음,깨고하락,0.312,-0.693,True
2025-05-05 17:00:00,2025-05-06 10:00:00,롱,21,시작높음 · B깊음 · 끝높음,크게감,0.672,-0.522,False
2025-05-06 10:00:00,2025-05-06 15:00:00,숏,12,시작중간 · B깊음 · 끝높음,조금감,0.356,-0.379,False
2025-05-06 15:00:00,2025-05-07 13:00:00,롱,24,시작높음 · B중간 · 끝높음,크게감,1.755,1.349,False
2025-05-07 13:00:00,2025-05-08 01:00:00,숏,10,시작중간 · B깊음 · 끝낮음,깨고하락,0.283,-0.185,True
2025-05-08 01:00:00,2025-05-08 14:00:00,롱,9,시작낮음 · B얕음 · 끝높음,조금감,0.49,0.362,False
2025-05-08 14:00:00,2025-05-08 15:00:00,숏,22,시작높음 · B중간 · 끝낮음,깨고하락,0.011,-0.336,True
2025-05-08 15:00:00,2025-05-09 04:00:00,롱,9,시작낮음 · B얕음 · 끝높음,크게감,0.897,0.526,False
2025-05-09 04:00:00,2025-05-10 23:00:00,숏,10,시작중간 · B깊음 · 끝낮음,깨고하락,0.102,-0.388,True
2025-05-10 23:00:00,2025-05-11 06:00:00,롱,9,시작낮음 · B얕음 · 끝높음,제자리,0.027,-0.17,False
2025-05-11 06:00:00,2025-05-11 10:00:00,숏,23,시작높음 · B중간 · 끝중간,조금감,0.207,-0.287,False
2025-05-11 10:00:00,2025-05-11 14:00:00,롱,18,시작중간 · B얕음 · 끝높음,제자리,0.15,-0.259,False
2025-05-11 14:00:00,2025-05-12 08:00:00,숏,26,시작높음 · B얕음 · 끝중간,깨고하락,0.377,-0.269,True
2025-05-12 08:00:00,2025-05-12 11:00:00,롱,27,시작높음 · B얕음 · 끝높음,제자리,0.031,-0.376,False
2025-05-12 11:00:00,2025-05-13 05:00:00,숏,27,시작높음 · B얕음 · 끝높음,크게감,1.314,0.56,False
2025-05-13 05:00:00,2025-05-14 01:00:00,롱,10,시작중간 · B깊음 · 끝낮음,크게감,0.626,0.312,False
2025-05-14 01:00:00,2025-05-15 00:00:00,숏,4,시작낮음 · B중간 · 끝낮음,조금감,0.265,-0.017,False
2025-05-15 00:00:00,2025-05-15 01:00:00,롱,5,시작낮음 · B중간 · 끝중간,제자리,0.0,-0.286,False
2025-05-15 01:00:00,2025-05-15 15:00:00,숏,18,시작중간 · B얕음 · 끝높음,크게감,0.924,-0.123,False
2025-05-15 15:00:00,2025-05-16 08:00:00,롱,10,시작중간 · B깊음 · 끝낮음,조금감,0.498,0.06,False
2025-05-16 08:00:00,2025-05-16 16:00:00,숏,1,시작낮음 · B깊음 · 끝낮음,깨고하락,0.02,-0.246,True
2025-05-16 16:00:00,2025-05-16 17:00:00,롱,9,시작낮음 · B얕음 · 끝높음,제자리,0.1,-0.111,False
2025-05-16 17:00:00,2025-05-17 19:00:00,숏,27,시작높음 · B얕음 · 끝높음,크게감,0.838,0.462,False
2025-05-17 19:00:00,2025-05-18 20:00:00,롱,19,시작높음 · B깊음 · 끝낮음,크게감,1.41,0.452,False
2025-05-18 20:00:00,2025-05-18 22:00:00,숏,1,시작낮음 · B깊음 · 끝낮음,깨고하락,0.031,-0.562,True
2025-05-18 22:00:00,2025-05-19 02:00:00,롱,18,시작중간 · B얕음 · 끝높음,조금감,0.381,-0.422,False
2025-05-19 02:00:00,2025-05-19 15:00:00,숏,20,시작높음 · B깊음 · 끝중간,크게감,0.668,-0.036,False
2025-05-19 15:00:00,2025-05-20 07:00:00,롱,14,시작중간 · B중간 · 끝중간,조금감,0.408,0.041,False
2025-05-20 07:00:00,2025-05-20 19:00:00,숏,14,시작중간 · B중간 · 끝중간,깨고하락,0.172,-0.419,True
2025-05-20 19:00:00,2025-05-21 08:00:00,롱,6,시작낮음 · B중간 · 끝높음,조금감,0.337,-0.214,False
2025-05-21 08:00:00,2025-05-21 14:00:00,숏,10,시작중간 · B깊음 · 끝낮음,깨고하락,0.081,-0.695,True
2025-05-21 14:00:00,2025-05-21 18:00:00,롱,18,시작중간 · B얕음 · 끝높음,조금감,0.203,-0.541,False
2025-05-21 18:00:00,2025-05-21 19:00:00,숏,20,시작높음 · B깊음 · 끝중간,제자리,0.09,-0.43,False
2025-05-21 19:00:00,2025-05-22 10:00:00,롱,27,시작높음 · B얕음 · 끝높음,크게감,0.887,0.585,False
2025-05-22 10:00:00,2025-05-24 04:00:00,숏,19,시작높음 · B깊음 · 끝낮음,깨고복귀,0.71,0.411,True
2025-05-24 04:00:00,2025-05-24 23:00:00,롱,1,시작낮음 · B깊음 · 끝낮음,제자리,0.188,-0.134,False
2025-05-24 23:00:00,2025-05-25 17:00:00,숏,8,시작낮음 · B얕음 · 끝중간,조금감,0.226,0.074,False
2025-05-25 17:00:00,2025-05-26 14:00:00,롱,22,시작높음 · B중간 · 끝낮음,크게감,0.987,0.783,False
2025-05-26 14:00:00,2025-05-27 08:00:00,숏,10,시작중간 · B깊음 · 끝낮음,깨고하락,0.597,-0.011,True
2025-05-27 08:00:00,2025-05-27 21:00:00,롱,5,시작낮음 · B중간 · 끝중간,조금감,0.309,-0.248,False
2025-05-27 21:00:00,2025-05-29 00:00:00,숏,18,시작중간 · B얕음 · 끝높음,크게감,0.64,0.173,False
2025-05-29 00:00:00,2025-05-29 15:00:00,롱,19,시작높음 · B깊음 · 끝낮음,깨고하락,0.15,-0.323,True
2025-05-29 15:00:00,2025-05-30 05:00:00,숏,6,시작낮음 · B중간 · 끝높음,크게감,0.744,0.284,False
2025-05-30 05:00:00,2025-05-30 07:00:00,롱,19,시작높음 · B깊음 · 끝낮음,제자리,0.012,-0.239,False
2025-05-30 07:00:00,2025-05-30 09:00:00,숏,9,시작낮음 · B얕음 · 끝높음,제자리,0.14,-0.204,False
2025-05-30 09:00:00,2025-05-30 16:00:00,롱,23,시작높음 · B중간 · 끝중간,깨고하락,0.207,-1.024,True
2025-05-30 16:00:00,2025-05-31 06:00:00,숏,15,시작중간 · B중간 · 끝높음,조금감,0.36,0.026,False
2025-05-31 06:00:00,2025-06-01 09:00:00,롱,10,시작중간 · B깊음 · 끝낮음,조금감,0.366,0.024,False
2025-06-01 09:00:00,2025-06-01 14:00:00,숏,4,시작낮음 · B중간 · 끝낮음,제자리,0.067,-0.272,False
2025-06-01 14:00:00,2025-06-02 04:00:00,롱,8,시작낮음 · B얕음 · 끝중간,크게감,0.775,0.099,False
2025-06-02 04:00:00,2025-06-02 20:00:00,숏,10,시작중간 · B깊음 · 끝낮음,깨고하락,0.522,-0.05,True
2025-06-02 20:00:00,2025-06-03 07:00:00,롱,14,시작중간 · B중간 · 끝중간,크게감,0.719,0.126,False
2025-06-03 07:00:00,2025-06-03 14:00:00,숏,10,시작중간 · B깊음 · 끝낮음,깨고하락,0.107,-0.484,True
2025-06-03 14:00:00,2025-06-03 21:00:00,롱,9,시작낮음 · B얕음 · 끝높음,제자리,0.113,-0.521,False
2025-06-03 21:00:00,2025-06-05 03:00:00,숏,11,시작중간 · B깊음 · 끝중간,크게감,0.597,0.165,False
2025-06-05 03:00:00,2025-06-05 06:00:00,롱,13,시작중간 · B중간 · 끝낮음,제자리,0.083,-0.219,False
2025-06-05 06:00:00,2025-06-05 09:00:00,숏,9,시작낮음 · B얕음 · 끝높음,제자리,0.027,-0.246,False
2025-06-05 09:00:00,2025-06-05 16:00:00,롱,27,시작높음 · B얕음 · 끝높음,깨고하락,1.141,-1.811,True
2025-06-05 16:00:00,2025-06-06 04:00:00,숏,24,시작높음 · B중간 · 끝높음,크게감,1.095,0.191,False
2025-06-06 04:00:00,2025-06-07 09:00:00,롱,19,시작높음 · B깊음 · 끝낮음,조금감,0.47,0.373,False
2025-06-07 09:00:00,2025-06-07 10:00:00,숏,4,시작낮음 · B중간 · 끝낮음,제자리,0.002,-0.06,False
2025-06-07 10:00:00,2025-06-07 23:00:00,롱,8,시작낮음 · B얕음 · 끝중간,조금감,0.263,0.14,False
2025-06-07 23:00:00,2025-06-08 15:00:00,숏,10,시작중간 · B깊음 · 끝낮음,깨고하락,0.494,-0.362,True
2025-06-08 15:00:00,2025-06-08 23:00:00,롱,2,시작낮음 · B깊음 · 끝중간,조금감,0.393,-0.19,False
2025-06-08 23:00:00,2025-06-09 09:00:00,숏,23,시작높음 · B중간 · 끝중간,깨고하락,0.276,-0.603,True
2025-06-09 09:00:00,2025-06-10 05:00:00,롱,27,시작높음 · B얕음 · 끝높음,크게감,2.504,1.646,False
2025-06-10 05:00:00,2025-06-10 23:00:00,숏,19,시작높음 · B깊음 · 끝낮음,제자리,0.182,-0.178,False
2025-06-10 23:00:00,2025-06-11 01:00:00,롱,9,시작낮음 · B얕음 · 끝높음,제자리,0.001,-0.138,False
2025-06-11 01:00:00,2025-06-12 16:00:00,숏,26,시작높음 · B얕음 · 끝중간,깨고복귀,1.447,0.893,True
2025-06-12 16:00:00,2025-06-12 20:00:00,롱,19,시작높음 · B깊음 · 끝낮음,깨고하락,0.183,-0.471,True
2025-06-12 20:00:00,2025-06-13 08:00:00,숏,9,시작낮음 · B얕음 · 끝높음,크게감,0.7,0.259,False
2025-06-13 08:00:00,2025-06-14 08:00:00,롱,19,시작높음 · B깊음 · 끝낮음,조금감,0.256,0.061,False
2025-06-14 08:00:00,2025-06-14 21:00:00,숏,8,시작낮음 · B얕음 · 끝중간,제자리,0.185,-0.055,False
2025-06-14 21:00:00,2025-06-15 09:00:00,롱,14,시작중간 · B중간 · 끝중간,조금감,0.38,-0.186,False
2025-06-15 09:00:00,2025-06-15 14:00:00,숏,11,시작중간 · B깊음 · 끝중간,제자리,0.007,-0.407,False
2025-06-15 14:00:00,2025-06-15 20:00:00,롱,18,시작중간 · B얕음 · 끝높음,깨고하락,0.107,-0.747,True
2025-06-15 20:00:00,2025-06-16 01:00:00,숏,27,시작높음 · B얕음 · 끝높음,깨고하락,0.204,-0.864,True
2025-06-16 01:00:00,2025-06-16 23:00:00,롱,24,시작높음 · B중간 · 끝높음,크게감,2.224,0.686,False
2025-06-16 23:00:00,2025-06-18 00:00:00,숏,19,시작높음 · B깊음 · 끝낮음,크게감,0.762,0.433,False
2025-06-18 00:00:00,2025-06-18 18:00:00,롱,1,시작낮음 · B깊음 · 끝낮음,제자리,0.126,-0.218,False
2025-06-18 18:00:00,2025-06-18 20:00:00,숏,9,시작낮음 · B얕음 · 끝높음,제자리,0.03,-0.261,False
2025-06-18 20:00:00,2025-06-19 13:00:00,롱,27,시작높음 · B얕음 · 끝높음,조금감,0.203,-0.258,False
2025-06-19 13:00:00,2025-06-19 22:00:00,숏,10,시작중간 · B깊음 · 끝낮음,조금감,0.21,-0.178,False
2025-06-19 22:00:00,2025-06-20 14:00:00,롱,5,시작낮음 · B중간 · 끝중간,깨고하락,1.215,-0.43,True
2025-06-20 14:00:00,2025-06-21 06:00:00,숏,12,시작중간 · B깊음 · 끝높음,크게감,0.595,0.128,False
2025-06-21 06:00:00,2025-06-21 18:00:00,롱,10,시작중간 · B깊음 · 끝낮음,제자리,0.102,-0.213,False
2025-06-21 18:00:00,2025-06-22 04:00:00,숏,9,시작낮음 · B얕음 · 끝높음,크게감,0.519,0.028,False
2025-06-22 04:00:00,2025-06-22 13:00:00,롱,22,시작높음 · B중간 · 끝낮음,깨고하락,0.127,-0.543,True
2025-06-22 13:00:00,2025-06-22 23:00:00,숏,18,시작중간 · B얕음 · 끝높음,크게감,0.846,-0.031,False
2025-06-22 23:00:00,2025-06-24 09:00:00,롱,10,시작중간 · B깊음 · 끝낮음,크게감,1.069,0.887,False
2025-06-24 09:00:00,2025-06-25 11:00:00,숏,10,시작중간 · B깊음 · 끝낮음,깨고하락,0.05,-0.25,True
2025-06-25 11:00:00,2025-06-25 16:00:00,롱,9,시작낮음 · B얕음 · 끝높음,제자리,0.127,-0.006,False
2025-06-25 16:00:00,2025-06-27 04:00:00,숏,26,시작높음 · B얕음 · 끝중간,깨고하락,0.219,-0.11,True
2025-06-27 04:00:00,2025-06-27 07:00:00,롱,27,시작높음 · B얕음 · 끝높음,제자리,0.127,-0.333,False
2025-06-27 07:00:00,2025-06-27 16:00:00,숏,27,시작높음 · B얕음 · 끝높음,깨고하락,0.286,-0.322,True
2025-06-27 16:00:00,2025-06-27 18:00:00,롱,23,시작높음 · B중간 · 끝중간,제자리,0.014,-0.534,False
2025-06-27 18:00:00,2025-06-27 20:00:00,숏,27,시작높음 · B얕음 · 끝높음,제자리,0.09,-0.285,False
2025-06-27 20:00:00,2025-06-28 14:00:00,롱,27,시작높음 · B얕음 · 끝높음,조금감,0.28,0.068,False
2025-06-28 14:00:00,2025-06-28 15:00:00,숏,10,시작중간 · B깊음 · 끝낮음,깨고하락,0.008,-0.231,True
2025-06-28 15:00:00,2025-06-28 19:00:00,롱,9,시작낮음 · B얕음 · 끝높음,제자리,0.123,-0.314,False
2025-06-28 19:00:00,2025-06-29 00:00:00,숏,23,시작높음 · B중간 · 끝중간,제자리,0.138,-0.568,False
2025-06-29 00:00:00,2025-06-29 01:00:00,롱,15,시작중간 · B중간 · 끝높음,제자리,0.0,-0.367,False
2025-06-29 01:00:00,2025-06-29 08:00:00,숏,14,시작중간 · B중간 · 끝중간,깨고하락,0.446,-1.095,True
2025-06-29 08:00:00,2025-06-29 16:00:00,롱,6,시작낮음 · B중간 · 끝높음,크게감,1.535,-0.261,False
2025-06-29 16:00:00,2025-06-29 23:00:00,숏,11,시작중간 · B깊음 · 끝중간,조금감,0.235,-0.586,False
2025-06-29 23:00:00,2025-06-30 06:00:00,롱,15,시작중간 · B중간 · 끝높음,조금감,0.338,-0.608,False
2025-06-30 06:00:00,2025-07-02 02:00:00,숏,24,시작높음 · B중간 · 끝높음,크게감,1.532,1.032,False
2025-07-02 02:00:00,2025-07-03 01:00:00,롱,10,시작중간 · B깊음 · 끝낮음,크게감,1.047,0.831,False
2025-07-03 01:00:00,2025-07-03 10:00:00,숏,1,시작낮음 · B깊음 · 끝낮음,깨고하락,0.104,-0.182,True
2025-07-03 10:00:00,2025-07-03 11:00:00,롱,9,시작낮음 · B얕음 · 끝높음,제자리,0.001,-0.051,False
2025-07-03 11:00:00,2025-07-04 23:00:00,숏,27,시작높음 · B얕음 · 끝높음,깨고복귀,1.294,0.89,True
2025-07-04 23:00:00,2025-07-06 05:00:00,롱,19,시작높음 · B깊음 · 끝낮음,제자리,0.148,-0.001,False
2025-07-06 05:00:00,2025-07-06 06:00:00,숏,8,시작낮음 · B얕음 · 끝중간,제자리,0.009,-0.036,False
2025-07-06 06:00:00,2025-07-06 08:00:00,롱,27,시작높음 · B얕음 · 끝높음,깨고하락,0.094,-0.146,True
2025-07-06 08:00:00,2025-07-06 12:00:00,숏,20,시작높음 · B깊음 · 끝중간,깨고하락,0.717,-0.928,True
2025-07-06 12:00:00,2025-07-07 06:00:00,롱,15,시작중간 · B중간 · 끝높음,크게감,3.423,1.226,False
2025-07-07 06:00:00,2025-07-08 05:00:00,숏,19,시작높음 · B깊음 · 끝낮음,크게감,0.708,0.297,False
2025-07-08 05:00:00,2025-07-09 02:00:00,롱,1,시작낮음 · B깊음 · 끝낮음,조금감,0.444,0.179,False
2025-07-09 02:00:00,2025-07-09 11:00:00,숏,4,시작낮음 · B중간 · 끝낮음,제자리,0.171,-0.245,False
2025-07-09 11:00:00,2025-07-10 08:00:00,롱,9,시작낮음 · B얕음 · 끝높음,크게감,2.36,1.724,False
2025-07-10 08:00:00,2025-07-10 16:00:00,숏,19,시작높음 · B깊음 · 끝낮음,깨고하락,0.199,-0.377,True
2025-07-10 16:00:00,2025-07-11 12:00:00,롱,9,시작낮음 · B얕음 · 끝높음,크게감,1.47,1.236,False
2025-07-11 12:00:00,2025-07-13 04:00:00,숏,19,시작높음 · B깊음 · 끝낮음,제자리,0.149,0.003,False
2025-07-13 04:00:00,2025-07-14 14:00:00,롱,8,시작낮음 · B얕음 · 끝중간,크게감,0.717,0.442,False
2025-07-14 14:00:00,2025-07-15 17:00:00,숏,10,시작중간 · B깊음 · 끝낮음,크게감,0.816,0.565,False
2025-07-15 17:00:00,2025-07-16 23:00:00,롱,1,시작낮음 · B깊음 · 끝낮음,조금감,0.359,0.161,False
2025-07-16 23:00:00,2025-07-17 15:00:00,숏,4,시작낮음 · B중간 · 끝낮음,제자리,0.189,-0.046,False
2025-07-17 15:00:00,2025-07-18 08:00:00,롱,8,시작낮음 · B얕음 · 끝중간,크게감,0.524,-0.055,False
2025-07-18 08:00:00,2025-07-19 02:00:00,숏,20,시작높음 · B깊음 · 끝중간,크게감,0.519,0.129,False
2025-07-19 02:00:00,2025-07-19 18:00:00,롱,10,시작중간 · B깊음 · 끝낮음,제자리,0.071,-0.087,False
2025-07-19 18:00:00,2025-07-19 19:00:00,숏,8,시작낮음 · B얕음 · 끝중간,제자리,0.101,-0.054,False
2025-07-19 19:00:00,2025-07-19 20:00:00,롱,27,시작높음 · B얕음 · 끝높음,제자리,0.181,-0.301,False
2025-07-19 20:00:00,2025-07-20 00:00:00,숏,24,시작높음 · B중간 · 끝높음,크게감,0.813,-0.389,False
2025-07-20 00:00:00,2025-07-20 21:00:00,롱,14,시작중간 · B중간 · 끝중간,크게감,1.041,0.089,False
2025-07-20 21:00:00,2025-07-21 04:00:00,숏,11,시작중간 · B깊음 · 끝중간,크게감,0.934,-0.195,False
2025-07-21 04:00:00,2025-07-21 12:00:00,롱,14,시작중간 · B중간 · 끝중간,크게감,0.559,-0.057,False
2025-07-21 12:00:00,2025-07-21 13:00:00,숏,23,시작높음 · B중간 · 끝중간,제자리,0.091,-0.203,False
2025-07-21 13:00:00,2025-07-21 15:00:00,롱,27,시작높음 · B얕음 · 끝높음,조금감,0.209,-0.266,False
2025-07-21 15:00:00,2025-07-22 06:00:00,숏,23,시작높음 · B중간 · 끝중간,크게감,1.513,0.349,False
2025-07-22 06:00:00,2025-07-23 02:00:00,롱,10,시작중간 · B깊음 · 끝낮음,크게감,0.775,0.408,False
2025-07-23 02:00:00,2025-07-23 22:00:00,숏,1,시작낮음 · B깊음 · 끝낮음,조금감,0.442,0.142,False
2025-07-23 22:00:00,2025-07-24 05:00:00,롱,1,시작낮음 · B깊음 · 끝낮음,조금감,0.238,-0.323,False
2025-07-24 05:00:00,2025-07-24 08:00:00,숏,6,시작낮음 · B중간 · 끝높음,조금감,0.229,-0.512,False
2025-07-24 08:00:00,2025-07-24 22:00:00,롱,27,시작높음 · B얕음 · 끝높음,조금감,0.323,-0.225,False
2025-07-24 22:00:00,2025-07-25 13:00:00,숏,23,시작높음 · B중간 · 끝중간,크게감,1.458,0.828,False
2025-07-25 13:00:00,2025-07-25 14:00:00,롱,10,시작중간 · B깊음 · 끝낮음,제자리,0.016,-0.265,False
2025-07-25 14:00:00,2025-07-25 16:00:00,숏,9,시작낮음 · B얕음 · 끝높음,제자리,0.016,-0.308,False
2025-07-25 16:00:00,2025-07-26 21:00:00,롱,11,시작중간 · B깊음 · 끝중간,크게감,1.255,1.072,False
2025-07-26 21:00:00,2025-07-27 15:00:00,숏,10,시작중간 · B깊음 · 끝낮음,깨고하락,0.062,-0.165,True
2025-07-27 15:00:00,2025-07-28 07:00:00,롱,9,시작낮음 · B얕음 · 끝높음,조금감,0.395,0.094,False
2025-07-28 07:00:00,2025-07-29 03:00:00,숏,19,시작높음 · B깊음 · 끝낮음,크게감,0.729,0.061,False
2025-07-29 03:00:00,2025-07-29 14:00:00,롱,1,시작낮음 · B깊음 · 끝낮음,조금감,0.22,-0.388,False
2025-07-29 14:00:00,2025-07-30 02:00:00,숏,5,시작낮음 · B중간 · 끝중간,조금감,0.438,-0.091,False
2025-07-30 02:00:00,2025-07-30 12:00:00,롱,10,시작중간 · B깊음 · 끝낮음,제자리,0.195,-0.13,False
2025-07-30 12:00:00,2025-07-30 14:00:00,숏,5,시작낮음 · B중간 · 끝중간,깨고하락,0.203,-0.575,True
2025-07-30 14:00:00,2025-07-30 17:00:00,롱,27,시작높음 · B얕음 · 끝높음,제자리,0.058,-0.629,False
2025-07-30 17:00:00,2025-07-31 00:00:00,숏,20,시작높음 · B깊음 · 끝중간,크게감,1.384,-0.429,False
2025-07-31 00:00:00,2025-07-31 14:00:00,롱,12,시작중간 · B깊음 · 끝높음,제자리,0.171,-0.165,False
2025-07-31 14:00:00,2025-08-01 12:00:00,숏,23,시작높음 · B중간 · 끝중간,크게감,1.223,0.698,False
2025-08-01 12:00:00,2025-08-01 13:00:00,롱,10,시작중간 · B깊음 · 끝낮음,제자리,0.057,-0.284,False
2025-08-01 13:00:00,2025-08-01 14:00:00,숏,9,시작낮음 · B얕음 · 끝높음,제자리,0.09,-0.263,False
2025-08-01 14:00:00,2025-08-01 18:00:00,롱,11,시작중간 · B깊음 · 끝중간,깨고하락,0.047,-0.845,True
2025-08-01 18:00:00,2025-08-02 02:00:00,숏,3,시작낮음 · B깊음 · 끝높음,조금감,0.471,0.054,False
2025-08-02 02:00:00,2025-08-02 17:00:00,롱,13,시작중간 · B중간 · 끝낮음,깨고하락,0.114,-0.314,True
2025-08-02 17:00:00,2025-08-02 22:00:00,숏,9,시작낮음 · B얕음 · 끝높음,조금감,0.386,-0.067,False
2025-08-02 22:00:00,2025-08-04 05:00:00,롱,19,시작높음 · B깊음 · 끝낮음,깨고복귀,1.044,0.734,True
2025-08-04 05:00:00,2025-08-04 15:00:00,숏,10,시작중간 · B깊음 · 끝낮음,깨고하락,0.088,-0.132,True
2025-08-04 15:00:00,2025-08-04 20:00:00,롱,8,시작낮음 · B얕음 · 끝중간,조금감,0.262,0.001,False
2025-08-04 20:00:00,2025-08-04 21:00:00,숏,23,시작높음 · B중간 · 끝중간,제자리,0.0,-0.198,False
2025-08-04 21:00:00,2025-08-05 00:00:00,롱,27,시작높음 · B얕음 · 끝높음,조금감,0.212,-0.184,False
2025-08-05 00:00:00,2025-08-05 23:00:00,숏,20,시작높음 · B깊음 · 끝중간,크게감,2.929,0.992,False
2025-08-05 23:00:00,2025-08-07 01:00:00,롱,10,시작중간 · B깊음 · 끝낮음,크게감,0.577,0.226,False
2025-08-07 01:00:00,2025-08-07 10:00:00,숏,4,시작낮음 · B중간 · 끝낮음,깨고하락,0.156,-0.512,True
2025-08-07 10:00:00,2025-08-08 02:00:00,롱,18,시작중간 · B얕음 · 끝높음,조금감,0.416,0.122,False
2025-08-08 02:00:00,2025-08-09 08:00:00,숏,19,시작높음 · B깊음 · 끝낮음,조금감,0.24,-0.12,False
2025-08-09 08:00:00,2025-08-09 15:00:00,롱,5,시작낮음 · B중간 · 끝중간,조금감,0.324,-0.091,False
2025-08-09 15:00:00,2025-08-10 02:00:00,숏,14,시작중간 · B중간 · 끝중간,조금감,0.256,-0.216,False
2025-08-10 02:00:00,2025-08-10 20:00:00,롱,15,시작중간 · B중간 · 끝높음,크게감,1.355,0.634,False
2025-08-10 20:00:00,2025-08-10 23:00:00,숏,10,시작중간 · B깊음 · 끝낮음,제자리,0.074,-0.316,False
2025-08-10 23:00:00,2025-08-11 11:00:00,롱,9,시작낮음 · B얕음 · 끝높음,크게감,1.082,0.436,False
2025-08-11 11:00:00,2025-08-12 12:00:00,숏,19,시작높음 · B깊음 · 끝낮음,크게감,0.614,0.307,False
2025-08-12 12:00:00,2025-08-13 04:00:00,롱,1,시작낮음 · B깊음 · 끝낮음,조금감,0.237,0.026,False
2025-08-13 04:00:00,2025-08-13 08:00:00,숏,4,시작낮음 · B중간 · 끝낮음,제자리,0.122,-0.214,False
2025-08-13 08:00:00,2025-08-14 05:00:00,롱,9,시작낮음 · B얕음 · 끝높음,크게감,2.179,1.038,False
2025-08-14 05:00:00,2025-08-15 02:00:00,숏,10,시작중간 · B깊음 · 끝낮음,크게감,0.897,0.624,False
2025-08-15 02:00:00,2025-08-15 14:00:00,롱,1,시작낮음 · B깊음 · 끝낮음,제자리,0.073,-0.175,False
2025-08-15 14:00:00,2025-08-15 22:00:00,숏,9,시작낮음 · B얕음 · 끝높음,제자리,0.105,-0.048,False
2025-08-15 22:00:00,2025-08-17 00:00:00,롱,23,시작높음 · B중간 · 끝중간,제자리,0.082,-0.187,False
2025-08-17 00:00:00,2025-08-17 02:00:00,숏,5,시작낮음 · B중간 · 끝중간,제자리,0.056,-0.235,False
2025-08-17 02:00:00,2025-08-17 17:00:00,롱,18,시작중간 · B얕음 · 끝높음,크게감,1.179,0.358,False
2025-08-17 17:00:00,2025-08-18 14:00:00,숏,19,시작높음 · B깊음 · 끝낮음,크게감,2.211,1.529,False
2025-08-18 14:00:00,2025-08-19 03:00:00,롱,10,시작중간 · B깊음 · 끝낮음,조금감,0.338,-0.209,False
2025-08-19 03:00:00,2025-08-19 11:00:00,숏,2,시작낮음 · B깊음 · 끝중간,제자리,0.136,-0.211,False
2025-08-19 11:00:00,2025-08-19 14:00:00,롱,14,시작중간 · B중간 · 끝중간,깨고하락,0.142,-0.619,True
2025-08-19 14:00:00,2025-08-20 03:00:00,숏,18,시작중간 · B얕음 · 끝높음,크게감,0.603,0.156,False
2025-08-20 03:00:00,2025-08-21 06:00:00,롱,19,시작높음 · B깊음 · 끝낮음,깨고복귀,0.392,0.085,True
2025-08-21 06:00:00,2025-08-22 01:00:00,숏,5,시작낮음 · B중간 · 끝중간,크게감,0.597,0.316,False
2025-08-22 01:00:00,2025-08-22 12:00:00,롱,10,시작중간 · B깊음 · 끝낮음,깨고하락,0.246,-0.176,True
2025-08-22 12:00:00,2025-08-22 14:00:00,숏,5,시작낮음 · B중간 · 끝중간,깨고하락,0.187,-1.473,True
2025-08-22 14:00:00,2025-08-23 03:00:00,롱,27,시작높음 · B얕음 · 끝높음,조금감,0.366,-0.049,False
2025-08-23 03:00:00,2025-08-25 14:00:00,숏,19,시작높음 · B깊음 · 끝낮음,크게감,0.865,0.572,False
2025-08-25 14:00:00,2025-08-25 20:00:00,롱,13,시작중간 · B중간 · 끝낮음,깨고하락,0.103,-0.398,True
2025-08-25 20:00:00,2025-08-26 05:00:00,숏,9,시작낮음 · B얕음 · 끝높음,제자리,0.127,-0.096,False
2025-08-26 05:00:00,2025-08-27 08:00:00,롱,23,시작높음 · B중간 · 끝중간,크게감,0.509,0.126,False
2025-08-27 08:00:00,2025-08-27 13:00:00,숏,10,시작중간 · B깊음 · 끝낮음,제자리,0.012,-0.201,False
2025-08-27 13:00:00,2025-08-27 22:00:00,롱,18,시작중간 · B얕음 · 끝높음,조금감,0.382,-0.028,False
2025-08-27 22:00:00,2025-08-28 04:00:00,숏,23,시작높음 · B중간 · 끝중간,깨고하락,0.252,-0.689,True
2025-08-28 04:00:00,2025-08-28 15:00:00,롱,18,시작중간 · B얕음 · 끝높음,조금감,0.226,-0.134,False
2025-08-28 15:00:00,2025-08-30 00:00:00,숏,22,시작높음 · B중간 · 끝낮음,크게감,1.957,1.64,False
2025-08-30 00:00:00,2025-08-30 01:00:00,롱,10,시작중간 · B깊음 · 끝낮음,깨고하락,0.01,-0.143,True
2025-08-30 01:00:00,2025-08-30 02:00:00,숏,9,시작낮음 · B얕음 · 끝높음,제자리,0.011,-0.057,False
2025-08-30 02:00:00,2025-08-31 09:00:00,롱,10,시작중간 · B깊음 · 끝낮음,크게감,1.544,0.656,False
2025-08-31 09:00:00,2025-08-31 16:00:00,숏,1,시작낮음 · B깊음 · 끝낮음,제자리,0.156,-0.187,False
2025-08-31 16:00:00,2025-08-31 23:00:00,롱,5,시작낮음 · B중간 · 끝중간,깨고하락,0.157,-0.32,True
2025-08-31 23:00:00,2025-09-01 07:00:00,숏,15,시작중간 · B중간 · 끝높음,깨고하락,0.838,-0.999,True
2025-09-01 07:00:00,2025-09-01 21:00:00,롱,12,시작중간 · B깊음 · 끝높음,조금감,0.22,-0.748,False
2025-09-01 21:00:00,2025-09-02 01:00:00,숏,11,시작중간 · B깊음 · 끝중간,제자리,0.08,-0.573,False
2025-09-02 01:00:00,2025-09-02 12:00:00,롱,15,시작중간 · B중간 · 끝높음,크게감,0.603,-0.219,False
2025-09-02 12:00:00,2025-09-02 13:00:00,숏,23,시작높음 · B중간 · 끝중간,깨고하락,0.019,-0.709,True
2025-09-02 13:00:00,2025-09-03 02:00:00,롱,15,시작중간 · B중간 · 끝높음,조금감,0.222,0.077,False
2025-09-03 02:00:00,2025-09-03 14:00:00,숏,10,시작중간 · B깊음 · 끝낮음,깨고하락,0.252,-0.259,True
2025-09-03 14:00:00,2025-09-03 22:00:00,롱,9,시작낮음 · B얕음 · 끝높음,제자리,0.083,-0.087,False
2025-09-03 22:00:00,2025-09-04 21:00:00,숏,22,시작높음 · B중간 · 끝낮음,크게감,1.265,0.706,False
2025-09-04 21:00:00,2025-09-05 15:00:00,롱,10,시작중간 · B깊음 · 끝낮음,크게감,0.893,0.067,False
2025-09-05 15:00:00,2025-09-06 13:00:00,숏,2,시작낮음 · B깊음 · 끝중간,제자리,0.123,-0.054,False
2025-09-06 13:00:00,2025-09-06 15:00:00,롱,17,시작중간 · B얕음 · 끝중간,제자리,0.016,-0.168,False
2025-09-06 15:00:00,2025-09-07 01:00:00,숏,27,시작높음 · B얕음 · 끝높음,조금감,0.3,-0.112,False
2025-09-07 01:00:00,2025-09-07 23:00:00,롱,19,시작높음 · B깊음 · 끝낮음,크게감,1.006,0.555,False
2025-09-07 23:00:00,2025-09-08 08:00:00,숏,10,시작중간 · B깊음 · 끝낮음,깨고하락,0.318,-0.326,True
2025-09-08 08:00:00,2025-09-08 20:00:00,롱,6,시작낮음 · B중간 · 끝높음,크게감,0.771,0.171,False
2025-09-08 20:00:00,2025-09-09 06:00:00,숏,10,시작중간 · B깊음 · 끝낮음,깨고하락,0.365,-0.462,True
2025-09-09 06:00:00,2025-09-09 14:00:00,롱,6,시작낮음 · B중간 · 끝높음,제자리,0.128,-0.621,False
2025-09-09 14:00:00,2025-09-10 04:00:00,숏,24,시작높음 · B중간 · 끝높음,조금감,0.455,0.097,False
2025-09-10 04:00:00,2025-09-11 02:00:00,롱,10,시작중간 · B깊음 · 끝낮음,크게감,1.092,0.9,False
2025-09-11 02:00:00,2025-09-11 03:00:00,숏,10,시작중간 · B깊음 · 끝낮음,깨고하락,0.001,-0.162,True
2025-09-11 03:00:00,2025-09-11 06:00:00,롱,9,시작낮음 · B얕음 · 끝높음,제자리,0.023,-0.02,False
2025-09-11 06:00:00,2025-09-11 22:00:00,숏,10,시작중간 · B깊음 · 끝낮음,깨고하락,1.372,-1.005,True
2025-09-11 22:00:00,2025-09-12 07:00:00,롱,18,시작중간 · B얕음 · 끝높음,크게감,0.612,0.01,False
2025-09-12 07:00:00,2025-09-12 18:00:00,숏,19,시작높음 · B깊음 · 끝낮음,깨고하락,0.118,-0.458,True
2025-09-12 18:00:00,2025-09-13 01:00:00,롱,9,시작낮음 · B얕음 · 끝높음,제자리,0.08,-0.357,False
2025-09-13 01:00:00,2025-09-14 01:00:00,숏,23,시작높음 · B중간 · 끝중간,조금감,0.377,-0.107,False
2025-09-14 01:00:00,2025-09-14 02:00:00,롱,14,시작중간 · B중간 · 끝중간,제자리,0.099,-0.06,False
2025-09-14 02:00:00,2025-09-14 09:00:00,숏,17,시작중간 · B얕음 · 끝중간,깨고하락,0.338,-0.154,True
2025-09-14 09:00:00,2025-09-14 12:00:00,롱,11,시작중간 · B깊음 · 끝중간,제자리,0.122,-0.369,False
2025-09-14 12:00:00,2025-09-14 21:00:00,숏,15,시작중간 · B중간 · 끝높음,크게감,0.84,-0.406,False
2025-09-14 21:00:00,2025-09-15 00:00:00,롱,24,시작높음 · B중간 · 끝높음,깨고하락,0.018,-0.976,True
2025-09-15 00:00:00,2025-09-15 04:00:00,숏,18,시작중간 · B얕음 · 끝높음,깨고하락,0.248,-0.864,True
2025-09-15 04:00:00,2025-09-15 08:00:00,롱,27,시작높음 · B얕음 · 끝높음,깨고하락,0.531,-0.939,True
2025-09-15 08:00:00,2025-09-15 18:00:00,숏,21,시작높음 · B깊음 · 끝높음,제자리,0.176,-0.276,False
2025-09-15 18:00:00,2025-09-16 13:00:00,롱,10,시작중간 · B깊음 · 끝낮음,조금감,0.288,-0.048,False
2025-09-16 13:00:00,2025-09-16 15:00:00,숏,14,시작중간 · B중간 · 끝중간,조금감,0.24,-0.426,False
2025-09-16 15:00:00,2025-09-17 04:00:00,롱,15,시작중간 · B중간 · 끝높음,크게감,0.912,0.301,False
2025-09-17 04:00:00,2025-09-17 05:00:00,숏,10,시작중간 · B깊음 · 끝낮음,깨고하락,0.003,-0.339,True
2025-09-17 05:00:00,2025-09-17 09:00:00,롱,9,시작낮음 · B얕음 · 끝높음,제자리,0.082,-0.246,False
2025-09-17 09:00:00,2025-09-17 23:00:00,숏,10,시작중간 · B깊음 · 끝낮음,크게감,1.588,0.105,False
2025-09-17 23:00:00,2025-09-18 20:00:00,롱,10,시작중간 · B깊음 · 끝낮음,크게감,0.587,0.415,False
2025-09-18 20:00:00,2025-09-20 01:00:00,숏,13,시작중간 · B중간 · 끝낮음,크게감,0.761,0.595,False
2025-09-20 01:00:00,2025-09-21 01:00:00,롱,10,시작중간 · B깊음 · 끝낮음,제자리,0.186,-0.038,False
2025-09-21 01:00:00,2025-09-21 06:00:00,숏,8,시작낮음 · B얕음 · 끝중간,제자리,0.025,-0.074,False
2025-09-21 06:00:00,2025-09-21 15:00:00,롱,26,시작높음 · B얕음 · 끝중간,깨고하락,0.181,-0.246,True
2025-09-21 15:00:00,2025-09-22 20:00:00,숏,27,시작높음 · B얕음 · 끝높음,크게감,7.635,5.246,False
2025-09-22 20:00:00,2025-09-23 18:00:00,롱,19,시작높음 · B깊음 · 끝낮음,깨고하락,0.118,-0.24,True
2025-09-23 18:00:00,2025-09-24 01:00:00,숏,8,시작낮음 · B얕음 · 끝중간,제자리,0.086,-0.16,False
2025-09-24 01:00:00,2025-09-24 03:00:00,롱,27,시작높음 · B얕음 · 끝높음,제자리,0.03,-0.4,False
2025-09-24 03:00:00,2025-09-24 04:00:00,숏,27,시작높음 · B얕음 · 끝높음,크게감,0.661,-0.444,False
2025-09-24 04:00:00,2025-09-25 00:00:00,롱,23,시작높음 · B중간 · 끝중간,크게감,1.161,0.583,False
2025-09-25 00:00:00,2025-09-26 03:00:00,숏,10,시작중간 · B깊음 · 끝낮음,크게감,1.485,1.163,False
2025-09-26 03:00:00,2025-09-28 11:00:00,롱,1,시작낮음 · B깊음 · 끝낮음,깨고하락,0.137,-0.037,True
2025-09-28 11:00:00,2025-09-28 13:00:00,숏,8,시작낮음 · B얕음 · 끝중간,제자리,0.039,-0.054,False
2025-09-28 13:00:00,2025-09-29 11:00:00,롱,27,시작높음 · B얕음 · 끝높음,크게감,1.658,1.453,False
2025-09-29 11:00:00,2025-09-29 13:00:00,숏,10,시작중간 · B깊음 · 끝낮음,깨고하락,0.062,-0.341,True
2025-09-29 13:00:00,2025-09-30 02:00:00,롱,9,시작낮음 · B얕음 · 끝높음,조금감,0.391,0.292,False
2025-09-30 02:00:00,2025-09-30 20:00:00,숏,19,시작높음 · B깊음 · 끝낮음,크게감,0.611,-0.062,False
2025-09-30 20:00:00,2025-10-02 05:00:00,롱,2,시작낮음 · B깊음 · 끝중간,크게감,1.628,1.256,False
2025-10-02 05:00:00,2025-10-02 18:00:00,숏,10,시작중간 · B깊음 · 끝낮음,깨고하락,0.012,-0.315,True
2025-10-02 18:00:00,2025-10-02 22:00:00,롱,9,시작낮음 · B얕음 · 끝높음,제자리,0.077,-0.038,False
2025-10-02 22:00:00,2025-10-03 15:00:00,숏,23,시작높음 · B중간 · 끝중간,깨고하락,0.37,-0.727,True
2025-10-03 15:00:00,2025-10-04 01:00:00,롱,18,시작중간 · B얕음 · 끝높음,크게감,0.516,-0.129,False
2025-10-04 01:00:00,2025-10-05 02:00:00,숏,19,시작높음 · B깊음 · 끝낮음,깨고하락,0.073,-0.466,True
2025-10-05 02:00:00,2025-10-05 10:00:00,롱,9,시작낮음 · B얕음 · 끝높음,조금감,0.485,-0.268,False
2025-10-05 10:00:00,2025-10-06 01:00:00,숏,20,시작높음 · B깊음 · 끝중간,조금감,0.2,-0.231,False
2025-10-06 01:00:00,2025-10-06 23:00:00,롱,18,시작중간 · B얕음 · 끝높음,크게감,0.577,0.164,False
2025-10-06 23:00:00,2025-10-08 02:00:00,숏,19,시작높음 · B깊음 · 끝낮음,크게감,1.004,0.645,False
2025-10-08 02:00:00,2025-10-08 03:00:00,롱,10,시작중간 · B깊음 · 끝낮음,제자리,0.0,-0.118,False
2025-10-08 03:00:00,2025-10-08 04:00:00,숏,8,시작낮음 · B얕음 · 끝중간,제자리,0.071,-0.115,False
2025-10-08 04:00:00,2025-10-09 02:00:00,롱,11,시작중간 · B깊음 · 끝중간,깨고하락,1.936,-0.257,True
2025-10-09 02:00:00,2025-10-09 12:00:00,숏,11,시작중간 · B깊음 · 끝중간,제자리,0.15,-0.616,False
2025-10-09 12:00:00,2025-10-09 14:00:00,롱,6,시작낮음 · B중간 · 끝높음,깨고하락,0.032,-0.708,True
2025-10-09 14:00:00,2025-10-09 22:00:00,숏,27,시작높음 · B얕음 · 끝높음,크게감,0.555,-0.125,False
2025-10-09 22:00:00,2025-10-10 15:00:00,롱,19,시작높음 · B깊음 · 끝낮음,깨고하락,0.203,-0.645,True
2025-10-10 15:00:00,2025-10-11 10:00:00,숏,18,시작중간 · B얕음 · 끝높음,크게감,4.315,1.658,False
2025-10-11 10:00:00,2025-10-13 08:00:00,롱,19,시작높음 · B깊음 · 끝낮음,제자리,0.181,0.146,False
2025-10-13 08:00:00,2025-10-13 20:00:00,숏,7,시작낮음 · B얕음 · 끝낮음,제자리,0.086,-0.023,False
2025-10-13 20:00:00,2025-10-13 23:00:00,롱,8,시작낮음 · B얕음 · 끝중간,제자리,0.02,-0.084,False
2025-10-13 23:00:00,2025-10-14 16:00:00,숏,27,시작높음 · B얕음 · 끝높음,크게감,2.283,1.211,False
2025-10-14 16:00:00,2025-10-15 11:00:00,롱,19,시작높음 · B깊음 · 끝낮음,조금감,0.214,-0.075,False
2025-10-15 11:00:00,2025-10-16 02:00:00,숏,9,시작낮음 · B얕음 · 끝높음,조금감,0.312,0.065,False
2025-10-16 02:00:00,2025-10-16 15:00:00,롱,22,시작높음 · B중간 · 끝낮음,깨고하락,0.14,-0.855,True
2025-10-16 15:00:00,2025-10-17 02:00:00,숏,18,시작중간 · B얕음 · 끝높음,조금감,0.257,-0.109,False
2025-10-17 02:00:00,2025-10-17 06:00:00,롱,19,시작높음 · B깊음 · 끝낮음,깨고하락,0.058,-0.486,True
2025-10-17 06:00:00,2025-10-17 15:00:00,숏,9,시작낮음 · B얕음 · 끝높음,크게감,0.79,-0.008,False
2025-10-17 15:00:00,2025-10-19 06:00:00,롱,19,시작높음 · B깊음 · 끝낮음,제자리,0.148,-0.001,False
2025-10-19 06:00:00,2025-10-19 09:00:00,숏,4,시작낮음 · B중간 · 끝낮음,깨고하락,0.132,-0.126,True
2025-10-19 09:00:00,2025-10-20 00:00:00,롱,9,시작낮음 · B얕음 · 끝높음,크게감,0.663,0.207,False
2025-10-20 00:00:00,2025-10-20 03:00:00,숏,10,시작중간 · B깊음 · 끝낮음,깨고하락,0.061,-0.621,True
2025-10-20 03:00:00,2025-10-20 16:00:00,롱,9,시작낮음 · B얕음 · 끝높음,조금감,0.365,0.124,False
2025-10-20 16:00:00,2025-10-21 14:00:00,숏,19,시작높음 · B깊음 · 끝낮음,깨고하락,0.748,-0.352,True
2025-10-21 14:00:00,2025-10-21 22:00:00,롱,3,시작낮음 · B깊음 · 끝높음,조금감,0.374,-0.641,False
2025-10-21 22:00:00,2025-10-22 14:00:00,숏,2,시작낮음 · B깊음 · 끝중간,조금감,0.367,0.012,False
2025-10-22 14:00:00,2025-10-22 21:00:00,롱,13,시작중간 · B중간 · 끝낮음,제자리,0.027,-0.239,False
2025-10-22 21:00:00,2025-10-23 00:00:00,숏,9,시작낮음 · B얕음 · 끝높음,제자리,0.074,-0.158,False
2025-10-23 00:00:00,2025-10-23 21:00:00,롱,26,시작높음 · B얕음 · 끝중간,크게감,1.38,0.668,False
2025-10-23 21:00:00,2025-10-24 00:00:00,숏,19,시작높음 · B깊음 · 끝낮음,제자리,0.007,-0.206,False
2025-10-24 00:00:00,2025-10-24 12:00:00,롱,9,시작낮음 · B얕음 · 끝높음,조금감,0.45,0.215,False
2025-10-24 12:00:00,2025-10-25 04:00:00,숏,22,시작높음 · B중간 · 끝낮음,크게감,0.58,0.029,False
2025-10-25 04:00:00,2025-10-25 15:00:00,롱,5,시작낮음 · B중간 · 끝중간,조금감,0.294,0.064,False
2025-10-25 15:00:00,2025-10-26 09:00:00,숏,14,시작중간 · B중간 · 끝중간,깨고하락,0.093,-0.446,True
2025-10-26 09:00:00,2025-10-27 09:00:00,롱,9,시작낮음 · B얕음 · 끝높음,크게감,2.185,1.522,False
2025-10-27 09:00:00,2025-10-28 10:00:00,숏,19,시작높음 · B깊음 · 끝낮음,조금감,0.352,0.123,False
2025-10-28 10:00:00,2025-10-28 19:00:00,롱,5,시작낮음 · B중간 · 끝중간,조금감,0.321,-0.197,False
2025-10-28 19:00:00,2025-10-29 07:00:00,숏,15,시작중간 · B중간 · 끝높음,크게감,0.585,0.039,False
2025-10-29 07:00:00,2025-10-29 15:00:00,롱,10,시작중간 · B깊음 · 끝낮음,깨고하락,0.021,-0.511,True
2025-10-29 15:00:00,2025-10-30 07:00:00,숏,9,시작낮음 · B얕음 · 끝높음,크게감,0.961,0.034,False
2025-10-30 07:00:00,2025-10-30 12:00:00,롱,19,시작높음 · B깊음 · 끝낮음,제자리,0.013,-0.521,False
2025-10-30 12:00:00,2025-10-30 22:00:00,숏,9,시작낮음 · B얕음 · 끝높음,조금감,0.451,0.096,False
2025-10-30 22:00:00,2025-10-31 18:00:00,롱,19,시작높음 · B깊음 · 끝낮음,크게감,0.611,0.282,False
2025-10-31 18:00:00,2025-11-01 03:00:00,숏,1,시작낮음 · B깊음 · 끝낮음,제자리,0.068,-0.162,False
2025-11-01 03:00:00,2025-11-01 13:00:00,롱,9,시작낮음 · B얕음 · 끝높음,제자리,0.093,-0.075,False
2025-11-01 13:00:00,2025-11-01 16:00:00,숏,23,시작높음 · B중간 · 끝중간,제자리,0.141,-0.321,False
2025-11-01 16:00:00,2025-11-01 21:00:00,롱,18,시작중간 · B얕음 · 끝높음,제자리,0.044,-0.694,False
2025-11-01 21:00:00,2025-11-02 04:00:00,숏,27,시작높음 · B얕음 · 끝높음,깨고하락,0.0,-0.967,True
2025-11-02 04:00:00,2025-11-02 14:00:00,롱,15,시작중간 · B중간 · 끝높음,크게감,0.583,-0.263,False
2025-11-02 14:00:00,2025-11-03 14:00:00,숏,10,시작중간 · B깊음 · 끝낮음,크게감,2.55,1.638,False
2025-11-03 14:00:00,2025-11-03 15:00:00,롱,10,시작중간 · B깊음 · 끝낮음,깨고하락,0.022,-0.513,True
2025-11-03 15:00:00,2025-11-03 19:00:00,숏,9,시작낮음 · B얕음 · 끝높음,제자리,0.099,-0.252,False
2025-11-03 19:00:00,2025-11-04 05:00:00,롱,10,시작중간 · B깊음 · 끝낮음,깨고하락,0.073,-0.927,True
2025-11-04 05:00:00,2025-11-05 02:00:00,숏,18,시작중간 · B얕음 · 끝높음,크게감,1.322,0.631,False
2025-11-05 02:00:00,2025-11-06 05:00:00,롱,10,시작중간 · B깊음 · 끝낮음,조금감,0.339,0.173,False
2025-11-06 05:00:00,2025-11-07 02:00:00,숏,4,시작낮음 · B중간 · 끝낮음,조금감,0.367,0.159,False
2025-11-07 02:00:00,2025-11-07 10:00:00,롱,1,시작낮음 · B깊음 · 끝낮음,제자리,0.148,-0.269,False
2025-11-07 10:00:00,2025-11-07 16:00:00,숏,9,시작낮음 · B얕음 · 끝높음,조금감,0.404,-0.107,False
2025-11-07 16:00:00,2025-11-08 05:00:00,롱,23,시작높음 · B중간 · 끝중간,크게감,0.89,0.346,False
2025-11-08 05:00:00,2025-11-08 22:00:00,숏,10,시작중간 · B깊음 · 끝낮음,제자리,0.175,-0.015,False
2025-11-08 22:00:00,2025-11-09 00:00:00,롱,8,시작낮음 · B얕음 · 끝중간,제자리,0.031,-0.163,False
2025-11-09 00:00:00,2025-11-09 08:00:00,숏,18,시작중간 · B얕음 · 끝높음,조금감,0.398,-0.157,False
2025-11-09 08:00:00,2025-11-09 09:00:00,롱,10,시작중간 · B깊음 · 끝낮음,제자리,0.124,-0.294,False
2025-11-09 09:00:00,2025-11-09 11:00:00,숏,9,시작낮음 · B얕음 · 끝높음,깨고하락,0.136,-0.578,True
2025-11-09 11:00:00,2025-11-10 10:00:00,롱,15,시작중간 · B중간 · 끝높음,크게감,5.144,4.345,False
2025-11-10 10:00:00,2025-11-12 03:00:00,숏,10,시작중간 · B깊음 · 끝낮음,깨고복귀,0.68,0.516,True
2025-11-12 03:00:00,2025-11-12 16:00:00,롱,1,시작낮음 · B깊음 · 끝낮음,깨고하락,0.362,-0.333,True
2025-11-12 16:00:00,2025-11-13 03:00:00,숏,6,시작낮음 · B중간 · 끝높음,제자리,0.105,-0.112,False
2025-11-13 03:00:00,2025-11-13 15:00:00,롱,26,시작높음 · B얕음 · 끝중간,조금감,0.427,-0.167,False
2025-11-13 15:00:00,2025-11-14 16:00:00,숏,21,시작높음 · B깊음 · 끝높음,크게감,2.071,1.318,False
2025-11-14 16:00:00,2025-11-14 20:00:00,롱,10,시작중간 · B깊음 · 끝낮음,깨고하락,0.012,-0.277,True
2025-11-14 20:00:00,2025-11-14 22:00:00,숏,9,시작낮음 · B얕음 · 끝높음,제자리,0.017,-0.091,False
2025-11-14 22:00:00,2025-11-16 00:00:00,롱,22,시작높음 · B중간 · 끝낮음,깨고복귀,0.507,0.053,True
2025-11-16 00:00:00,2025-11-16 02:00:00,숏,11,시작중간 · B깊음 · 끝중간,제자리,0.192,-0.211,False
2025-11-16 02:00:00,2025-11-16 14:00:00,롱,17,시작중간 · B얕음 · 끝중간,조금감,0.236,-0.149,False
2025-11-16 14:00:00,2025-11-17 00:00:00,숏,11,시작중간 · B깊음 · 끝중간,크게감,1.401,0.125,False
2025-11-17 00:00:00,2025-11-17 13:00:00,롱,14,시작중간 · B중간 · 끝중간,제자리,0.198,-0.365,False
2025-11-17 13:00:00,2025-11-18 09:00:00,숏,5,시작낮음 · B중간 · 끝중간,깨고복귀,1.524,0.834,True
2025-11-18 09:00:00,2025-11-19 04:00:00,롱,10,시작중간 · B깊음 · 끝낮음,조금감,0.359,-0.035,False
2025-11-19 04:00:00,2025-11-19 14:00:00,숏,5,시작낮음 · B중간 · 끝중간,제자리,0.169,-0.081,False
2025-11-19 14:00:00,2025-11-19 15:00:00,롱,14,시작중간 · B중간 · 끝중간,깨고하락,0.177,-0.466,True
2025-11-19 15:00:00,2025-11-19 23:00:00,숏,18,시작중간 · B얕음 · 끝높음,크게감,0.517,-0.637,False
2025-11-19 23:00:00,2025-11-20 13:00:00,롱,11,시작중간 · B깊음 · 끝중간,조금감,0.435,-0.007,False
2025-11-20 13:00:00,2025-11-21 14:00:00,숏,4,시작낮음 · B중간 · 끝낮음,크게감,2.375,1.46,False
2025-11-21 14:00:00,2025-11-24 00:00:00,롱,10,시작중간 · B깊음 · 끝낮음,조금감,0.262,0.151,False
2025-11-24 00:00:00,2025-11-24 17:00:00,숏,4,시작낮음 · B중간 · 끝낮음,깨고하락,0.124,-0.137,True
2025-11-24 17:00:00,2025-11-25 03:00:00,롱,9,시작낮음 · B얕음 · 끝높음,제자리,0.137,-0.092,False
2025-11-25 03:00:00,2025-11-25 23:00:00,숏,22,시작높음 · B중간 · 끝낮음,조금감,0.432,0.112,False
2025-11-25 23:00:00,2025-11-26 09:00:00,롱,13,시작중간 · B중간 · 끝낮음,조금감,0.283,-0.169,False
2025-11-26 09:00:00,2025-11-26 16:00:00,숏,18,시작중간 · B얕음 · 끝높음,조금감,0.219,-0.411,False
2025-11-26 16:00:00,2025-11-27 11:00:00,롱,24,시작높음 · B중간 · 끝높음,크게감,2.111,1.819,False
2025-11-27 11:00:00,2025-11-28 13:00:00,숏,10,시작중간 · B깊음 · 끝낮음,깨고하락,0.164,-0.174,True
2025-11-28 13:00:00,2025-11-28 16:00:00,롱,8,시작낮음 · B얕음 · 끝중간,제자리,0.135,-0.254,False
2025-11-28 16:00:00,2025-11-29 14:00:00,숏,15,시작중간 · B중간 · 끝높음,조금감,0.271,0.11,False
2025-11-29 14:00:00,2025-11-30 21:00:00,롱,10,시작중간 · B깊음 · 끝낮음,깨고복귀,0.472,0.19,True
2025-11-30 21:00:00,2025-12-01 19:00:00,숏,4,시작낮음 · B중간 · 끝낮음,크게감,3.247,2.711,False
2025-12-01 19:00:00,2025-12-03 09:00:00,롱,10,시작중간 · B깊음 · 끝낮음,크게감,1.091,0.993,False
2025-12-03 09:00:00,2025-12-06 02:00:00,숏,1,시작낮음 · B깊음 · 끝낮음,깨고복귀,0.504,0.372,True
2025-12-06 02:00:00,2025-12-07 10:00:00,롱,4,시작낮음 · B중간 · 끝낮음,제자리,0.093,-0.016,False
2025-12-07 10:00:00,2025-12-07 12:00:00,숏,8,시작낮음 · B얕음 · 끝중간,제자리,0.019,-0.039,False
2025-12-07 12:00:00,2025-12-07 13:00:00,롱,27,시작높음 · B얕음 · 끝높음,깨고하락,0.032,-0.31,True
2025-12-07 13:00:00,2025-12-07 16:00:00,숏,23,시작높음 · B중간 · 끝중간,깨고하락,1.373,-0.884,True
2025-12-07 16:00:00,2025-12-08 14:00:00,롱,12,시작중간 · B깊음 · 끝높음,크게감,1.09,0.429,False
2025-12-08 14:00:00,2025-12-09 11:00:00,숏,19,시작높음 · B깊음 · 끝낮음,조금감,0.305,0.101,False
2025-12-09 11:00:00,2025-12-10 01:00:00,롱,4,시작낮음 · B중간 · 끝낮음,크게감,1.257,0.575,False
2025-12-10 01:00:00,2025-12-11 18:00:00,숏,10,시작중간 · B깊음 · 끝낮음,크게감,0.597,0.313,False
2025-12-11 18:00:00,2025-12-12 13:00:00,롱,4,시작낮음 · B중간 · 끝낮음,크게감,0.54,0.302,False
2025-12-12 13:00:00,2025-12-13 06:00:00,숏,1,시작낮음 · B깊음 · 끝낮음,크게감,0.543,0.374,False
2025-12-13 06:00:00,2025-12-14 10:00:00,롱,1,시작낮음 · B깊음 · 끝낮음,제자리,0.069,-0.12,False
2025-12-14 10:00:00,2025-12-15 01:00:00,숏,9,시작낮음 · B얕음 · 끝높음,크게감,0.712,0.188,False
2025-12-15 01:00:00,2025-12-15 14:00:00,롱,19,시작높음 · B깊음 · 끝낮음,조금감,0.254,-0.395,False
2025-12-15 14:00:00,2025-12-16 05:00:00,숏,6,시작낮음 · B중간 · 끝높음,크게감,1.135,0.784,False
2025-12-16 05:00:00,2025-12-17 04:00:00,롱,10,시작중간 · B깊음 · 끝낮음,조금감,0.442,0.149,False
2025-12-17 04:00:00,2025-12-17 13:00:00,숏,4,시작낮음 · B중간 · 끝낮음,제자리,0.114,-0.184,False
2025-12-17 13:00:00,2025-12-17 17:00:00,롱,6,시작낮음 · B중간 · 끝높음,깨고하락,1.151,-0.509,True
2025-12-17 17:00:00,2025-12-18 03:00:00,숏,11,시작중간 · B깊음 · 끝중간,조금감,0.264,-0.052,False
2025-12-18 03:00:00,2025-12-18 18:00:00,롱,26,시작높음 · B얕음 · 끝중간,크게감,0.568,-0.13,False
2025-12-18 18:00:00,2025-12-19 04:00:00,숏,21,시작높음 · B깊음 · 끝높음,조금감,0.361,-0.267,False
2025-12-19 04:00:00,2025-12-19 17:00:00,롱,26,시작높음 · B얕음 · 끝중간,조금감,0.457,-0.032,False
2025-12-19 17:00:00,2025-12-19 22:00:00,숏,23,시작높음 · B중간 · 끝중간,제자리,0.026,-0.282,False
2025-12-19 22:00:00,2025-12-20 01:00:00,롱,5,시작낮음 · B중간 · 끝중간,제자리,0.009,-0.095,False
2025-12-20 01:00:00,2025-12-20 04:00:00,숏,17,시작중간 · B얕음 · 끝중간,제자리,0.062,-0.125,False
2025-12-20 04:00:00,2025-12-20 05:00:00,롱,27,시작높음 · B얕음 · 끝높음,조금감,0.483,-0.003,False
2025-12-20 05:00:00,2025-12-21 09:00:00,숏,23,시작높음 · B중간 · 끝중간,깨고하락,0.848,-0.979,True
2025-12-21 09:00:00,2025-12-21 13:00:00,롱,18,시작중간 · B얕음 · 끝높음,깨고하락,0.065,-0.94,True
2025-12-21 13:00:00,2025-12-21 19:00:00,숏,24,시작높음 · B중간 · 끝높음,제자리,0.036,-0.549,False
2025-12-21 19:00:00,2025-12-21 20:00:00,롱,20,시작높음 · B깊음 · 끝중간,제자리,0.019,-0.165,False
2025-12-21 20:00:00,2025-12-21 23:00:00,숏,27,시작높음 · B얕음 · 끝높음,깨고하락,0.143,-0.378,True
2025-12-21 23:00:00,2025-12-22 17:00:00,롱,15,시작중간 · B중간 · 끝높음,깨고복귀,2.635,0.851,True
2025-12-22 17:00:00,2025-12-23 16:00:00,숏,19,시작높음 · B깊음 · 끝낮음,크게감,0.991,0.476,False
2025-12-23 16:00:00,2025-12-23 17:00:00,롱,10,시작중간 · B깊음 · 끝낮음,제자리,0.072,-0.205,False
2025-12-23 17:00:00,2025-12-23 18:00:00,숏,8,시작낮음 · B얕음 · 끝중간,제자리,0.008,-0.268,False
2025-12-23 18:00:00,2025-12-24 05:00:00,롱,20,시작높음 · B깊음 · 끝중간,깨고하락,0.36,-0.896,True
2025-12-24 05:00:00,2025-12-24 11:00:00,숏,2,시작낮음 · B깊음 · 끝중간,제자리,0.147,-0.155,False
2025-12-24 11:00:00,2025-12-25 09:00:00,롱,26,시작높음 · B얕음 · 끝중간,깨고복귀,0.522,0.194,True
2025-12-25 09:00:00,2025-12-25 15:00:00,숏,13,시작중간 · B중간 · 끝낮음,깨고하락,0.168,-0.512,True
2025-12-25 15:00:00,2025-12-25 22:00:00,롱,18,시작중간 · B얕음 · 끝높음,제자리,0.054,-0.331,False
2025-12-25 22:00:00,2025-12-26 02:00:00,숏,23,시작높음 · B중간 · 끝중간,깨고하락,0.583,-1.134,True
2025-12-26 02:00:00,2025-12-26 14:00:00,롱,15,시작중간 · B중간 · 끝높음,제자리,0.149,-0.697,False
2025-12-26 14:00:00,2025-12-27 06:00:00,숏,11,시작중간 · B깊음 · 끝중간,조금감,0.268,-0.03,False
2025-12-27 06:00:00,2025-12-28 17:00:00,롱,1,시작낮음 · B깊음 · 끝낮음,조금감,0.217,0.097,False
2025-12-28 17:00:00,2025-12-28 23:00:00,숏,8,시작낮음 · B얕음 · 끝중간,제자리,0.145,-0.081,False
2025-12-28 23:00:00,2025-12-29 10:00:00,롱,6,시작낮음 · B중간 · 끝높음,크게감,3.157,-0.206,False
2025-12-29 10:00:00,2025-12-30 06:00:00,숏,20,시작높음 · B깊음 · 끝중간,조금감,0.325,0.112,False
2025-12-30 06:00:00,2025-12-31 04:00:00,롱,13,시작중간 · B중간 · 끝낮음,크게감,0.536,0.242,False
2025-12-31 04:00:00,2025-12-31 10:00:00,숏,1,시작낮음 · B깊음 · 끝낮음,제자리,0.0,-0.197,False
2025-12-31 10:00:00,2025-12-31 14:00:00,롱,9,시작낮음 · B얕음 · 끝높음,깨고하락,0.176,-0.164,True
2025-12-31 14:00:00,2026-01-01 09:00:00,숏,24,시작높음 · B중간 · 끝높음,크게감,1.331,0.642,False
2026-01-01 09:00:00,2026-01-03 00:00:00,롱,10,시작중간 · B깊음 · 끝낮음,크게감,1.548,1.127,False
2026-01-03 00:00:00,2026-01-03 01:00:00,숏,1,시작낮음 · B깊음 · 끝낮음,제자리,0.023,-0.032,False
2026-01-03 01:00:00,2026-01-03 04:00:00,롱,8,시작낮음 · B얕음 · 끝중간,제자리,0.067,-0.033,False
2026-01-03 04:00:00,2026-01-03 20:00:00,숏,23,시작높음 · B중간 · 끝중간,크게감,1.607,-0.391,False
2026-01-03 20:00:00,2026-01-04 12:00:00,롱,11,시작중간 · B깊음 · 끝중간,크게감,1.209,0.637,False
2026-01-04 12:00:00,2026-01-05 00:00:00,숏,10,시작중간 · B깊음 · 끝낮음,깨고하락,0.113,-0.507,True
2026-01-05 00:00:00,2026-01-05 13:00:00,롱,9,시작낮음 · B얕음 · 끝높음,조금감,0.426,0.136,False
2026-01-05 13:00:00,2026-01-05 14:00:00,숏,19,시작높음 · B깊음 · 끝낮음,깨고하락,0.135,-0.265,True
2026-01-05 14:00:00,2026-01-05 23:00:00,롱,9,시작낮음 · B얕음 · 끝높음,크게감,0.627,0.202,False
2026-01-05 23:00:00,2026-01-06 23:00:00,숏,10,시작중간 · B깊음 · 끝낮음,크게감,1.087,0.046,False
2026-01-06 23:00:00,2026-01-07 00:00:00,롱,2,시작낮음 · B깊음 · 끝중간,제자리,0.0,-0.297,False
2026-01-07 00:00:00,2026-01-08 00:00:00,숏,18,시작중간 · B얕음 · 끝높음,크게감,0.641,0.41,False
2026-01-08 00:00:00,2026-01-08 06:00:00,롱,10,시작중간 · B깊음 · 끝낮음,깨고하락,0.09,-0.485,True
2026-01-08 06:00:00,2026-01-08 15:00:00,숏,9,시작낮음 · B얕음 · 끝높음,제자리,0.149,-0.232,False
2026-01-08 15:00:00,2026-01-09 08:00:00,롱,23,시작높음 · B중간 · 끝중간,조금감,0.361,-0.317,False
2026-01-09 08:00:00,2026-01-09 15:00:00,숏,5,시작낮음 · B중간 · 끝중간,깨고하락,0.085,-0.498,True
2026-01-09 15:00:00,2026-01-09 20:00:00,롱,6,시작낮음 · B중간 · 끝높음,조금감,0.256,-0.376,False
2026-01-09 20:00:00,2026-01-10 01:00:00,숏,11,시작중간 · B깊음 · 끝중간,제자리,0.079,-0.169,False
2026-01-10 01:00:00,2026-01-10 04:00:00,롱,18,시작중간 · B얕음 · 끝높음,제자리,0.044,-0.106,False
2026-01-10 04:00:00,2026-01-10 07:00:00,숏,27,시작높음 · B얕음 · 끝높음,제자리,0.056,-0.321,False
2026-01-10 07:00:00,2026-01-10 17:00:00,롱,14,시작중간 · B중간 · 끝중간,조금감,0.438,-0.344,False
2026-01-10 17:00:00,2026-01-11 01:00:00,숏,11,시작중간 · B깊음 · 끝중간,조금감,0.407,-0.209,False
2026-01-11 01:00:00,2026-01-11 19:00:00,롱,11,시작중간 · B깊음 · 끝중간,크게감,1.359,0.083,False
2026-01-11 19:00:00,2026-01-12 00:00:00,숏,11,시작중간 · B깊음 · 끝중간,크게감,0.506,-0.629,False
2026-01-12 00:00:00,2026-01-12 08:00:00,롱,15,시작중간 · B중간 · 끝높음,크게감,1.185,-0.481,False
2026-01-12 08:00:00,2026-01-12 16:00:00,숏,20,시작높음 · B깊음 · 끝중간,조금감,0.274,-0.596,False
2026-01-12 16:00:00,2026-01-12 22:00:00,롱,15,시작중간 · B중간 · 끝높음,제자리,0.082,-0.368,False
2026-01-12 22:00:00,2026-01-13 05:00:00,숏,27,시작높음 · B얕음 · 끝높음,제자리,0.086,-0.311,False
2026-01-13 05:00:00,2026-01-14 06:00:00,롱,27,시작높음 · B얕음 · 끝높음,크게감,3.346,2.178,False
2026-01-14 06:00:00,2026-01-14 15:00:00,숏,19,시작높음 · B깊음 · 끝낮음,깨고하락,0.063,-0.304,True
2026-01-14 15:00:00,2026-01-15 00:00:00,롱,9,시작낮음 · B얕음 · 끝높음,조금감,0.222,-0.018,False
2026-01-15 00:00:00,2026-01-16 09:00:00,숏,23,시작높음 · B중간 · 끝중간,조금감,0.444,0.3,False
2026-01-16 09:00:00,2026-01-16 10:00:00,롱,10,시작중간 · B깊음 · 끝낮음,제자리,0.009,-0.104,False
2026-01-16 10:00:00,2026-01-16 20:00:00,숏,9,시작낮음 · B얕음 · 끝높음,깨고하락,0.489,-0.118,True
2026-01-16 20:00:00,2026-01-17 22:00:00,롱,20,시작높음 · B깊음 · 끝중간,제자리,0.088,-0.264,False
2026-01-17 22:00:00,2026-01-18 09:00:00,숏,5,시작낮음 · B중간 · 끝중간,제자리,0.197,-0.066,False
2026-01-18 09:00:00,2026-01-18 14:00:00,롱,5,시작낮음 · B중간 · 끝중간,제자리,0.119,-0.302,False
2026-01-18 14:00:00,2026-01-18 16:00:00,숏,18,시작중간 · B얕음 · 끝높음,제자리,0.083,-0.393,False
2026-01-18 16:00:00,2026-01-18 23:00:00,롱,26,시작높음 · B얕음 · 끝중간,깨고하락,0.755,-2.984,True
2026-01-18 23:00:00,2026-01-19 11:00:00,숏,18,시작중간 · B얕음 · 끝높음,크게감,0.938,0.247,False
2026-01-19 11:00:00,2026-01-20 04:00:00,롱,10,시작중간 · B깊음 · 끝낮음,제자리,0.063,-0.303,False
2026-01-20 04:00:00,2026-01-21 03:00:00,숏,9,시작낮음 · B얕음 · 끝높음,크게감,1.167,0.725,False
2026-01-21 03:00:00,2026-01-21 17:00:00,롱,19,시작높음 · B깊음 · 끝낮음,깨고하락,0.207,-0.268,True
2026-01-21 17:00:00,2026-01-21 19:00:00,숏,9,시작낮음 · B얕음 · 끝높음,제자리,0.066,-0.468,False
2026-01-21 19:00:00,2026-01-22 13:00:00,롱,27,시작높음 · B얕음 · 끝높음,제자리,0.01,-0.23,False
2026-01-22 13:00:00,2026-01-23 01:00:00,숏,22,시작높음 · B중간 · 끝낮음,조금감,0.341,-0.103,False
2026-01-23 01:00:00,2026-01-23 08:00:00,롱,2,시작낮음 · B깊음 · 끝중간,제자리,0.076,-0.332,False
2026-01-23 08:00:00,2026-01-23 15:00:00,숏,18,시작중간 · B얕음 · 끝높음,조금감,0.363,-0.295,False
2026-01-23 15:00:00,2026-01-23 23:00:00,롱,23,시작높음 · B중간 · 끝중간,크게감,0.943,-0.099,False
2026-01-23 23:00:00,2026-01-24 04:00:00,숏,10,시작중간 · B깊음 · 끝낮음,제자리,0.066,-0.09,False
2026-01-24 04:00:00,2026-01-24 07:00:00,롱,17,시작중간 · B얕음 · 끝중간,제자리,0.007,-0.083,False
2026-01-24 07:00:00,2026-01-25 14:00:00,숏,27,시작높음 · B얕음 · 끝높음,크게감,2.892,1.787,False
2026-01-25 14:00:00,2026-01-25 15:00:00,롱,19,시작높음 · B깊음 · 끝낮음,제자리,0.043,-0.148,False
2026-01-25 15:00:00,2026-01-26 02:00:00,숏,9,시작낮음 · B얕음 · 끝높음,크게감,1.533,0.584,False
2026-01-26 02:00:00,2026-01-27 08:00:00,롱,19,시작높음 · B깊음 · 끝낮음,크게감,0.514,0.218,False
2026-01-27 08:00:00,2026-01-27 19:00:00,숏,4,시작낮음 · B중간 · 끝낮음,조금감,0.303,-0.083,False
2026-01-27 19:00:00,2026-01-28 08:00:00,롱,5,시작낮음 · B중간 · 끝중간,크게감,0.548,0.249,False
2026-01-28 08:00:00,2026-01-28 09:00:00,숏,13,시작중간 · B중간 · 끝낮음,깨고하락,0.031,-0.287,True
2026-01-28 09:00:00,2026-01-28 16:00:00,롱,9,시작낮음 · B얕음 · 끝높음,크게감,0.596,0.033,False
2026-01-28 16:00:00,2026-01-28 17:00:00,숏,10,시작중간 · B깊음 · 끝낮음,깨고하락,0.232,-0.337,True
2026-01-28 17:00:00,2026-01-28 18:00:00,롱,9,시작낮음 · B얕음 · 끝높음,제자리,0.004,-0.366,False
2026-01-28 18:00:00,2026-01-30 08:00:00,숏,20,시작높음 · B깊음 · 끝중간,크게감,6.077,4.915,False
2026-01-30 08:00:00,2026-01-31 09:00:00,롱,10,시작중간 · B깊음 · 끝낮음,조금감,0.21,0.047,False
2026-01-31 09:00:00,2026-02-01 03:00:00,숏,8,시작낮음 · B얕음 · 끝중간,크게감,0.807,0.464,False
2026-02-01 03:00:00,2026-02-01 21:00:00,롱,10,시작중간 · B깊음 · 끝낮음,제자리,0.04,-0.261,False
2026-02-01 21:00:00,2026-02-01 22:00:00,숏,9,시작낮음 · B얕음 · 끝높음,제자리,0.011,-0.095,False
2026-02-01 22:00:00,2026-02-02 04:00:00,롱,26,시작높음 · B얕음 · 끝중간,깨고하락,0.333,-0.47,True
2026-02-02 04:00:00,2026-02-02 07:00:00,숏,15,시작중간 · B중간 · 끝높음,조금감,0.278,-0.209,False
2026-02-02 07:00:00,2026-02-03 05:00:00,롱,23,시작높음 · B중간 · 끝중간,크게감,0.77,0.442,False
2026-02-03 05:00:00,2026-02-03 07:00:00,숏,22,시작높음 · B중간 · 끝낮음,제자리,0.064,-0.122,False
2026-02-03 07:00:00,2026-02-03 09:00:00,롱,8,시작낮음 · B얕음 · 끝중간,깨고하락,0.092,-0.132,True
2026-02-03 09:00:00,2026-02-04 03:00:00,숏,15,시작중간 · B중간 · 끝높음,크게감,4.667,1.431,False
2026-02-04 03:00:00,2026-02-04 13:00:00,롱,10,시작중간 · B깊음 · 끝낮음,제자리,0.023,-0.3,False
2026-02-04 13:00:00,2026-02-05 10:00:00,숏,9,시작낮음 · B얕음 · 끝높음,크게감,0.801,0.677,False
2026-02-05 10:00:00,2026-02-05 11:00:00,롱,10,시작중간 · B깊음 · 끝낮음,깨고하락,0.03,-0.077,True
2026-02-05 11:00:00,2026-02-06 03:00:00,숏,9,시작낮음 · B얕음 · 끝높음,크게감,1.651,0.976,False
2026-02-06 03:00:00,2026-02-07 06:00:00,롱,19,시작높음 · B깊음 · 끝낮음,크게감,0.642,0.389,False
2026-02-07 06:00:00,2026-02-07 20:00:00,숏,4,시작낮음 · B중간 · 끝낮음,제자리,0.121,-0.073,False
2026-02-07 20:00:00,2026-02-08 00:00:00,롱,8,시작낮음 · B얕음 · 끝중간,제자리,0.009,-0.063,False
2026-02-08 00:00:00,2026-02-08 07:00:00,숏,17,시작중간 · B얕음 · 끝중간,깨고하락,0.057,-0.19,True
2026-02-08 07:00:00,2026-02-08 21:00:00,롱,24,시작높음 · B중간 · 끝높음,크게감,1.96,1.052,False
2026-02-08 21:00:00,2026-02-09 17:00:00,숏,10,시작중간 · B깊음 · 끝낮음,깨고복귀,0.914,0.03,True
2026-02-09 17:00:00,2026-02-10 03:00:00,롱,2,시작낮음 · B깊음 · 끝중간,제자리,0.133,-0.275,False
2026-02-10 03:00:00,2026-02-10 16:00:00,숏,17,시작중간 · B얕음 · 끝중간,조금감,0.396,-0.002,False
2026-02-10 16:00:00,2026-02-10 22:00:00,롱,19,시작높음 · B깊음 · 끝낮음,제자리,0.155,-0.25,False
2026-02-10 22:00:00,2026-02-11 00:00:00,숏,9,시작낮음 · B얕음 · 끝높음,제자리,0.085,-0.219,False
2026-02-11 00:00:00,2026-02-11 03:00:00,롱,27,시작높음 · B얕음 · 끝높음,깨고하락,0.062,-0.606,True
2026-02-11 03:00:00,2026-02-11 18:00:00,숏,24,시작높음 · B중간 · 끝높음,크게감,1.868,0.693,False
2026-02-11 18:00:00,2026-02-12 16:00:00,롱,19,시작높음 · B깊음 · 끝낮음,깨고하락,0.324,-0.401,True
2026-02-12 16:00:00,2026-02-13 02:00:00,숏,6,시작낮음 · B중간 · 끝높음,조금감,0.227,-0.248,False
2026-02-13 02:00:00,2026-02-14 04:00:00,롱,11,시작중간 · B깊음 · 끝중간,크게감,0.846,0.636,False
2026-02-14 04:00:00,2026-02-14 08:00:00,숏,10,시작중간 · B깊음 · 끝낮음,깨고하락,0.013,-0.22,True
2026-02-14 08:00:00,2026-02-14 13:00:00,롱,9,시작낮음 · B얕음 · 끝높음,조금감,0.216,-0.069,False
2026-02-14 13:00:00,2026-02-15 07:00:00,숏,20,시작높음 · B깊음 · 끝중간,깨고하락,0.132,-0.722,True
2026-02-15 07:00:00,2026-02-15 11:00:00,롱,18,시작중간 · B얕음 · 끝높음,제자리,0.087,-0.303,False
2026-02-15 11:00:00,2026-02-16 08:00:00,숏,26,시작높음 · B얕음 · 끝중간,크게감,1.267,0.88,False
2026-02-16 08:00:00,2026-02-16 15:00:00,롱,10,시작중간 · B깊음 · 끝낮음,깨고하락,0.475,-0.424,True
2026-02-16 15:00:00,2026-02-16 21:00:00,숏,6,시작낮음 · B중간 · 끝높음,제자리,0.011,-0.404,False
2026-02-16 21:00:00,2026-02-17 08:00:00,롱,24,시작높음 · B중간 · 끝높음,제자리,0.139,-0.245,False
2026-02-17 08:00:00,2026-02-17 20:00:00,숏,27,시작높음 · B얕음 · 끝높음,크게감,0.794,0.207,False
2026-02-17 20:00:00,2026-02-18 00:00:00,롱,19,시작높음 · B깊음 · 끝낮음,제자리,0.07,-0.169,False
2026-02-18 00:00:00,2026-02-18 03:00:00,숏,9,시작낮음 · B얕음 · 끝높음,조금감,0.225,-0.17,False
2026-02-18 03:00:00,2026-02-18 13:00:00,롱,23,시작높음 · B중간 · 끝중간,크게감,0.78,-0.353,False
2026-02-18 13:00:00,2026-02-19 02:00:00,숏,11,시작중간 · B깊음 · 끝중간,크게감,0.872,0.252,False
2026-02-19 02:00:00,2026-02-19 13:00:00,롱,19,시작높음 · B깊음 · 끝낮음,깨고하락,0.192,-0.354,True
2026-02-19 13:00:00,2026-02-19 18:00:00,숏,18,시작중간 · B얕음 · 끝높음,제자리,0.115,-0.436,False
2026-02-19 18:00:00,2026-02-20 13:00:00,롱,27,시작높음 · B얕음 · 끝높음,크게감,0.741,-0.132,False
2026-02-20 13:00:00,2026-02-20 18:00:00,숏,10,시작중간 · B깊음 · 끝낮음,제자리,0.102,-0.411,False
2026-02-20 18:00:00,2026-02-20 19:00:00,롱,6,시작낮음 · B중간 · 끝높음,제자리,0.04,-0.135,False
2026-02-20 19:00:00,2026-02-20 20:00:00,숏,26,시작높음 · B얕음 · 끝중간,제자리,0.083,-0.061,False
2026-02-20 20:00:00,2026-02-21 03:00:00,롱,1,시작낮음 · B깊음 · 끝낮음,크게감,0.832,-0.13,False
2026-02-21 03:00:00,2026-02-21 10:00:00,숏,11,시작중간 · B깊음 · 끝중간,깨고하락,0.118,-0.747,True
2026-02-21 10:00:00,2026-02-21 20:00:00,롱,6,시작낮음 · B중간 · 끝높음,크게감,0.618,-0.018,False
2026-02-21 20:00:00,2026-02-23 09:00:00,숏,23,시작높음 · B중간 · 끝중간,크게감,3.362,1.527,False
2026-02-23 09:00:00,2026-02-23 17:00:00,롱,10,시작중간 · B깊음 · 끝낮음,깨고하락,0.044,-0.361,True
2026-02-23 17:00:00,2026-02-24 11:00:00,숏,9,시작낮음 · B얕음 · 끝높음,조금감,0.474,0.353,False
2026-02-24 11:00:00,2026-02-26 01:00:00,롱,19,시작높음 · B깊음 · 끝낮음,깨고복귀,1.732,1.281,True
2026-02-26 01:00:00,2026-02-27 05:00:00,숏,10,시작중간 · B깊음 · 끝낮음,조금감,0.234,0.07,False
2026-02-27 05:00:00,2026-02-27 10:00:00,롱,8,시작낮음 · B얕음 · 끝중간,제자리,0.058,-0.148,False
2026-02-27 10:00:00,2026-02-28 00:00:00,숏,9,시작낮음 · B얕음 · 끝높음,크게감,0.705,0.279,False
2026-02-28 00:00:00,2026-02-28 06:00:00,롱,19,시작높음 · B깊음 · 끝낮음,깨고하락,0.026,-0.841,True
2026-02-28 06:00:00,2026-02-28 13:00:00,숏,9,시작낮음 · B얕음 · 끝높음,제자리,0.043,-0.428,False
2026-02-28 13:00:00,2026-03-01 09:00:00,롱,19,시작높음 · B깊음 · 끝낮음,크게감,1.029,0.433,False
2026-03-01 09:00:00,2026-03-02 03:00:00,숏,10,시작중간 · B깊음 · 끝낮음,조금감,0.265,-0.079,False
2026-03-02 03:00:00,2026-03-02 09:00:00,롱,5,시작낮음 · B중간 · 끝중간,제자리,0.041,-0.154,False
2026-03-02 09:00:00,2026-03-02 11:00:00,숏,17,시작중간 · B얕음 · 끝중간,제자리,0.075,-0.086,False
2026-03-02 11:00:00,2026-03-02 12:00:00,롱,17,시작중간 · B얕음 · 끝중간,깨고하락,0.022,-0.266,True
2026-03-02 12:00:00,2026-03-02 14:00:00,숏,27,시작높음 · B얕음 · 끝높음,깨고하락,0.819,-1.443,True
2026-03-02 14:00:00,2026-03-03 03:00:00,롱,15,시작중간 · B중간 · 끝높음,크게감,1.494,0.618,False
2026-03-03 03:00:00,2026-03-03 17:00:00,숏,10,시작중간 · B깊음 · 끝낮음,조금감,0.476,0.015,False
2026-03-03 17:00:00,2026-03-04 03:00:00,롱,5,시작낮음 · B중간 · 끝중간,제자리,0.127,-0.121,False
2026-03-04 03:00:00,2026-03-04 06:00:00,숏,18,시작중간 · B얕음 · 끝높음,제자리,0.094,-0.264,False
2026-03-04 06:00:00,2026-03-04 23:00:00,롱,14,시작중간 · B중간 · 끝중간,크게감,3.598,2.703,False
2026-03-04 23:00:00,2026-03-07 01:00:00,숏,19,시작높음 · B깊음 · 끝낮음,크게감,0.737,0.663,False
2026-03-07 01:00:00,2026-03-08 04:00:00,롱,1,시작낮음 · B깊음 · 끝낮음,깨고하락,0.05,-0.257,True
2026-03-08 04:00:00,2026-03-08 05:00:00,숏,9,시작낮음 · B얕음 · 끝높음,제자리,0.003,-0.073,False
2026-03-08 05:00:00,2026-03-08 18:00:00,롱,26,시작높음 · B얕음 · 끝중간,크게감,0.513,-0.163,False
2026-03-08 18:00:00,2026-03-08 19:00:00,숏,11,시작중간 · B깊음 · 끝중간,제자리,0.02,-0.309,False
2026-03-08 19:00:00,2026-03-08 22:00:00,롱,18,시작중간 · B얕음 · 끝높음,깨고하락,0.12,-0.689,True
2026-03-08 22:00:00,2026-03-09 03:00:00,숏,18,시작중간 · B얕음 · 끝높음,깨고하락,0.221,-0.507,True
2026-03-09 03:00:00,2026-03-09 23:00:00,롱,11,시작중간 · B깊음 · 끝중간,크게감,1.113,0.583,False
2026-03-09 23:00:00,2026-03-10 00:00:00,숏,19,시작높음 · B깊음 · 끝낮음,제자리,0.009,-0.185,False
2026-03-10 00:00:00,2026-03-10 13:00:00,롱,9,시작낮음 · B얕음 · 끝높음,크게감,0.722,0.251,False
2026-03-10 13:00:00,2026-03-10 14:00:00,숏,10,시작중간 · B깊음 · 끝낮음,깨고하락,0.219,-0.525,True
2026-03-10 14:00:00,2026-03-10 18:00:00,롱,9,시작낮음 · B얕음 · 끝높음,제자리,0.104,-0.464,False
2026-03-10 18:00:00,2026-03-11 14:00:00,숏,14,시작중간 · B중간 · 끝중간,조금감,0.416,-0.221,False
2026-03-11 14:00:00,2026-03-12 00:00:00,롱,2,시작낮음 · B깊음 · 끝중간,조금감,0.269,-0.128,False
2026-03-12 00:00:00,2026-03-12 10:00:00,숏,14,시작중간 · B중간 · 끝중간,조금감,0.43,-0.087,False
2026-03-12 10:00:00,2026-03-13 16:00:00,롱,23,시작높음 · B중간 · 끝중간,크게감,1.623,0.679,False
2026-03-13 16:00:00,2026-03-14 18:00:00,숏,10,시작중간 · B깊음 · 끝낮음,조금감,0.335,0.259,False
2026-03-14 18:00:00,2026-03-15 16:00:00,롱,7,시작낮음 · B얕음 · 끝낮음,조금감,0.283,0.171,False
2026-03-15 16:00:00,2026-03-15 21:00:00,숏,1,시작낮음 · B깊음 · 끝낮음,깨고하락,0.069,-0.344,True
2026-03-15 21:00:00,2026-03-16 14:00:00,롱,9,시작낮음 · B얕음 · 끝높음,크게감,1.434,0.859,False
2026-03-16 14:00:00,2026-03-16 22:00:00,숏,19,시작높음 · B깊음 · 끝낮음,깨고하락,0.124,-0.368,True
2026-03-16 22:00:00,2026-03-17 04:00:00,롱,9,시작낮음 · B얕음 · 끝높음,조금감,0.4,-0.156,False
2026-03-17 04:00:00,2026-03-17 19:00:00,숏,23,시작높음 · B중간 · 끝중간,조금감,0.286,-0.082,False
2026-03-17 19:00:00,2026-03-17 23:00:00,롱,23,시작높음 · B중간 · 끝중간,제자리,0.113,-0.223,False
2026-03-17 23:00:00,2026-03-19 03:00:00,숏,27,시작높음 · B얕음 · 끝높음,크게감,2.196,1.731,False
2026-03-19 03:00:00,2026-03-19 07:00:00,롱,19,시작높음 · B깊음 · 끝낮음,깨고하락,0.0,-0.235,True
2026-03-19 07:00:00,2026-03-19 09:00:00,숏,9,시작낮음 · B얕음 · 끝높음,제자리,0.058,-0.06,False
2026-03-19 09:00:00,2026-03-19 11:00:00,롱,23,시작높음 · B중간 · 끝중간,제자리,0.013,-0.253,False
2026-03-19 11:00:00,2026-03-19 17:00:00,숏,5,시작낮음 · B중간 · 끝중간,크게감,1.029,0.087,False
2026-03-19 17:00:00,2026-03-20 13:00:00,롱,13,시작중간 · B중간 · 끝낮음,크게감,0.857,0.003,False
2026-03-20 13:00:00,2026-03-20 21:00:00,숏,10,시작중간 · B깊음 · 끝낮음,제자리,0.188,-0.262,False
2026-03-20 21:00:00,2026-03-21 15:00:00,롱,5,시작낮음 · B중간 · 끝중간,조금감,0.248,0.037,False
2026-03-21 15:00:00,2026-03-22 15:00:00,숏,10,시작중간 · B깊음 · 끝낮음,크게감,1.463,1.025,False
2026-03-22 15:00:00,2026-03-22 20:00:00,롱,10,시작중간 · B깊음 · 끝낮음,깨고하락,0.014,-0.227,True
2026-03-22 20:00:00,2026-03-23 02:00:00,숏,9,시작낮음 · B얕음 · 끝높음,조금감,0.307,-0.055,False
2026-03-23 02:00:00,2026-03-24 01:00:00,롱,23,시작높음 · B중간 · 끝중간,크게감,2.012,1.26,False
2026-03-24 01:00:00,2026-03-24 10:00:00,숏,10,시작중간 · B깊음 · 끝낮음,제자리,0.089,-0.171,False
2026-03-24 10:00:00,2026-03-24 11:00:00,롱,8,시작낮음 · B얕음 · 끝중간,제자리,0.013,-0.028,False
2026-03-24 11:00:00,2026-03-25 00:00:00,숏,26,시작높음 · B얕음 · 끝중간,크게감,1.732,0.243,False
2026-03-25 00:00:00,2026-03-25 15:00:00,롱,10,시작중간 · B깊음 · 끝낮음,조금감,0.48,-0.007,False
2026-03-25 15:00:00,2026-03-27 00:00:00,숏,14,시작중간 · B중간 · 끝중간,크게감,0.857,0.65,False
2026-03-27 00:00:00,2026-03-27 08:00:00,롱,10,시작중간 · B깊음 · 끝낮음,깨고하락,0.103,-0.225,True
2026-03-27 08:00:00,2026-03-27 22:00:00,숏,9,시작낮음 · B얕음 · 끝높음,크게감,0.565,0.449,False
2026-03-27 22:00:00,2026-03-29 10:00:00,롱,19,시작높음 · B깊음 · 끝낮음,조금감,0.355,0.131,False
2026-03-29 10:00:00,2026-03-29 11:00:00,숏,5,시작낮음 · B중간 · 끝중간,제자리,0.0,-0.099,False
2026-03-29 11:00:00,2026-03-29 14:00:00,롱,8,시작낮음 · B얕음 · 끝중간,제자리,0.05,-0.149,False
2026-03-29 14:00:00,2026-03-30 02:00:00,숏,13,시작중간 · B중간 · 끝낮음,깨고하락,2.668,-0.853,True
2026-03-30 02:00:00,2026-03-30 17:00:00,롱,21,시작높음 · B깊음 · 끝높음,조금감,0.445,-0.112,False
2026-03-30 17:00:00,2026-03-31 01:00:00,숏,23,시작높음 · B중간 · 끝중간,깨고하락,0.19,-0.337,True
2026-03-31 01:00:00,2026-03-31 08:00:00,롱,6,시작낮음 · B중간 · 끝높음,제자리,0.078,-0.527,False
2026-03-31 08:00:00,2026-03-31 16:00:00,숏,15,시작중간 · B중간 · 끝높음,조금감,0.355,-0.41,False
2026-03-31 16:00:00,2026-04-01 12:00:00,롱,14,시작중간 · B중간 · 끝중간,크게감,0.677,0.295,False
2026-04-01 12:00:00,2026-04-02 15:00:00,숏,10,시작중간 · B깊음 · 끝낮음,크게감,0.806,0.463,False
2026-04-02 15:00:00,2026-04-05 00:00:00,롱,1,시작낮음 · B깊음 · 끝낮음,조금감,0.2,0.1,False
2026-04-05 00:00:00,2026-04-05 15:00:00,숏,8,시작낮음 · B얕음 · 끝중간,깨고하락,0.175,-0.026,True
2026-04-05 15:00:00,2026-04-06 17:00:00,롱,5,시작낮음 · B중간 · 끝중간,크게감,1.941,1.424,False
2026-04-06 17:00:00,2026-04-07 19:00:00,숏,10,시작중간 · B깊음 · 끝낮음,조금감,0.489,0.147,False
2026-04-07 19:00:00,2026-04-08 13:00:00,롱,4,시작낮음 · B중간 · 끝낮음,크게감,1.091,0.727,False
2026-04-08 13:00:00,2026-04-09 15:00:00,숏,10,시작중간 · B깊음 · 끝낮음,조금감,0.221,-0.108,False
2026-04-09 15:00:00,2026-04-10 02:00:00,롱,5,시작낮음 · B중간 · 끝중간,조금감,0.226,-0.041,False
2026-04-10 02:00:00,2026-04-10 13:00:00,숏,1,시작낮음 · B깊음 · 끝낮음,조금감,0.203,-0.132,False
2026-04-10 13:00:00,2026-04-11 00:00:00,롱,5,시작낮음 · B중간 · 끝중간,크게감,0.516,0.221,False
2026-04-11 00:00:00,2026-04-11 18:00:00,숏,22,시작높음 · B중간 · 끝낮음,깨고하락,0.149,-0.351,True
2026-04-11 18:00:00,2026-04-12 00:00:00,롱,9,시작낮음 · B얕음 · 끝높음,제자리,0.152,-0.259,False
2026-04-12 00:00:00,2026-04-12 19:00:00,숏,23,시작높음 · B중간 · 끝중간,크게감,1.877,1.511,False
2026-04-12 19:00:00,2026-04-14 10:00:00,롱,10,시작중간 · B깊음 · 끝낮음,깨고복귀,1.201,1.009,True
2026-04-14 10:00:00,2026-04-15 19:00:00,숏,1,시작낮음 · B깊음 · 끝낮음,깨고하락,0.191,-0.145,True
2026-04-15 19:00:00,2026-04-16 08:00:00,롱,8,시작낮음 · B얕음 · 끝중간,제자리,0.078,-0.059,False
2026-04-16 08:00:00,2026-04-16 19:00:00,숏,14,시작중간 · B중간 · 끝중간,크게감,0.547,-0.268,False
2026-04-16 19:00:00,2026-04-17 02:00:00,롱,15,시작중간 · B중간 · 끝높음,제자리,0.087,-0.301,False
2026-04-17 02:00:00,2026-04-17 07:00:00,숏,26,시작높음 · B얕음 · 끝중간,제자리,0.078,-0.167,False
2026-04-17 07:00:00,2026-04-17 23:00:00,롱,27,시작높음 · B얕음 · 끝높음,크게감,3.202,1.921,False
2026-04-17 23:00:00,2026-04-19 11:00:00,숏,19,시작높음 · B깊음 · 끝낮음,크게감,0.573,0.377,False
2026-04-19 11:00:00,2026-04-19 18:00:00,롱,1,시작낮음 · B깊음 · 끝낮음,깨고하락,0.184,-0.235,True
2026-04-19 18:00:00,2026-04-20 04:00:00,숏,9,시작낮음 · B얕음 · 끝높음,조금감,0.383,0.074,False
2026-04-20 04:00:00,2026-04-21 03:00:00,롱,26,시작높음 · B얕음 · 끝중간,크게감,0.782,0.446,False
2026-04-21 03:00:00,2026-04-21 08:00:00,숏,10,시작중간 · B깊음 · 끝낮음,깨고하락,0.039,-0.279,True
2026-04-21 08:00:00,2026-04-21 13:00:00,롱,9,시작낮음 · B얕음 · 끝높음,제자리,0.133,-0.212,False
2026-04-21 13:00:00,2026-04-22 00:00:00,숏,23,시작높음 · B중간 · 끝중간,크게감,0.729,-0.321,False
2026-04-22 00:00:00,2026-04-22 20:00:00,롱,24,시작높음 · B중간 · 끝높음,크게감,1.426,0.949,False
2026-04-22 20:00:00,2026-04-23 22:00:00,숏,19,시작높음 · B깊음 · 끝낮음,조금감,0.32,0.042,False
2026-04-23 22:00:00,2026-04-24 04:00:00,롱,4,시작낮음 · B중간 · 끝낮음,제자리,0.103,-0.169,False
2026-04-24 04:00:00,2026-04-24 12:00:00,숏,8,시작낮음 · B얕음 · 끝중간,제자리,0.138,-0.3,False
2026-04-24 12:00:00,2026-04-24 17:00:00,롱,27,시작높음 · B얕음 · 끝높음,제자리,0.174,-0.494,False
2026-04-24 17:00:00,2026-04-25 08:00:00,숏,27,시작높음 · B얕음 · 끝높음,조금감,0.414,0.033,False
2026-04-25 08:00:00,2026-04-25 16:00:00,롱,23,시작높음 · B중간 · 끝중간,깨고하락,0.195,-0.205,True
2026-04-25 16:00:00,2026-04-25 22:00:00,숏,14,시작중간 · B중간 · 끝중간,조금감,0.283,-0.217,False
2026-04-25 22:00:00,2026-04-27 05:00:00,롱,27,시작높음 · B얕음 · 끝높음,크게감,2.557,0.298,False
2026-04-27 05:00:00,2026-04-28 00:00:00,숏,20,시작높음 · B깊음 · 끝중간,크게감,0.562,0.171,False
2026-04-28 00:00:00,2026-04-28 11:00:00,롱,1,시작낮음 · B깊음 · 끝낮음,깨고하락,0.008,-0.378,True
2026-04-28 11:00:00,2026-04-28 19:00:00,숏,9,시작낮음 · B얕음 · 끝높음,조금감,0.202,-0.033,False
2026-04-28 19:00:00,2026-04-29 14:00:00,롱,22,시작높음 · B중간 · 끝낮음,크게감,0.861,0.134,False
2026-04-29 14:00:00,2026-04-30 07:00:00,숏,10,시작중간 · B깊음 · 끝낮음,크게감,0.729,0.18,False
2026-04-30 07:00:00,2026-05-01 21:00:00,롱,13,시작중간 · B중간 · 끝낮음,크게감,0.936,0.685,False
2026-05-01 21:00:00,2026-05-02 22:00:00,숏,10,시작중간 · B깊음 · 끝낮음,깨고하락,0.044,-0.16,True
2026-05-02 22:00:00,2026-05-03 00:00:00,롱,9,시작낮음 · B얕음 · 끝높음,제자리,0.0,-0.083,False
2026-05-03 00:00:00,2026-05-03 11:00:00,숏,26,시작높음 · B얕음 · 끝중간,조금감,0.35,-0.087,False
2026-05-03 11:00:00,2026-05-04 00:00:00,롱,20,시작높음 · B깊음 · 끝중간,크게감,0.965,-0.158,False
2026-05-04 00:00:00,2026-05-04 01:00:00,숏,11,시작중간 · B깊음 · 끝중간,깨고하락,0.095,-0.901,True
2026-05-04 01:00:00,2026-05-04 10:00:00,롱,18,시작중간 · B얕음 · 끝높음,깨고하락,0.52,-0.531,True
2026-05-04 10:00:00,2026-05-04 16:00:00,숏,19,시작높음 · B깊음 · 끝낮음,제자리,0.194,-0.443,False
2026-05-04 16:00:00,2026-05-04 23:00:00,롱,5,시작낮음 · B중간 · 끝중간,조금감,0.315,-0.065,False
2026-05-04 23:00:00,2026-05-05 01:00:00,숏,26,시작높음 · B얕음 · 끝중간,제자리,0.026,-0.192,False
2026-05-05 01:00:00,2026-05-05 10:00:00,롱,18,시작중간 · B얕음 · 끝높음,크게감,0.84,0.407,False
2026-05-05 10:00:00,2026-05-05 11:00:00,숏,19,시작높음 · B깊음 · 끝낮음,제자리,0.038,-0.114,False
2026-05-05 11:00:00,2026-05-05 21:00:00,롱,9,시작낮음 · B얕음 · 끝높음,크게감,0.642,0.306,False
2026-05-05 21:00:00,2026-05-06 09:00:00,숏,19,시작높음 · B깊음 · 끝낮음,깨고하락,0.553,-0.464,True
2026-05-06 09:00:00,2026-05-06 14:00:00,롱,3,시작낮음 · B깊음 · 끝높음,크게감,0.596,-0.343,False
2026-05-06 14:00:00,2026-05-08 07:00:00,숏,24,시작높음 · B중간 · 끝높음,크게감,1.086,0.846,False
2026-05-08 07:00:00,2026-05-10 01:00:00,롱,19,시작높음 · B깊음 · 끝낮음,조금감,0.381,0.27,False
2026-05-10 01:00:00,2026-05-10 13:00:00,숏,4,시작낮음 · B중간 · 끝낮음,제자리,0.026,-0.103,False
2026-05-10 13:00:00,2026-05-10 20:00:00,롱,9,시작낮음 · B얕음 · 끝높음,깨고하락,0.338,-0.124,True
2026-05-10 20:00:00,2026-05-10 22:00:00,숏,23,시작높음 · B중간 · 끝중간,깨고하락,0.13,-0.977,True
2026-05-10 22:00:00,2026-05-11 03:00:00,롱,15,시작중간 · B중간 · 끝높음,조금감,0.221,-0.671,False
2026-05-11 03:00:00,2026-05-11 15:00:00,숏,2,시작낮음 · B깊음 · 끝중간,제자리,0.127,-0.316,False
2026-05-11 15:00:00,2026-05-12 01:00:00,롱,17,시작중간 · B얕음 · 끝중간,조금감,0.345,-0.127,False
2026-05-12 01:00:00,2026-05-12 20:00:00,숏,11,시작중간 · B깊음 · 끝중간,크게감,0.793,0.294,False
2026-05-12 20:00:00,2026-05-13 11:00:00,롱,10,시작중간 · B깊음 · 끝낮음,조금감,0.286,-0.081,False
2026-05-13 11:00:00,2026-05-14 01:00:00,숏,9,시작낮음 · B얕음 · 끝높음,크게감,0.974,0.504,False
2026-05-14 01:00:00,2026-05-14 03:00:00,롱,19,시작높음 · B깊음 · 끝낮음,제자리,0.032,-0.216,False
2026-05-14 03:00:00,2026-05-14 04:00:00,숏,9,시작낮음 · B얕음 · 끝높음,제자리,0.035,-0.191,False
2026-05-14 04:00:00,2026-05-15 03:00:00,롱,23,시작높음 · B중간 · 끝중간,크게감,3.242,2.018,False
2026-05-15 03:00:00,2026-05-16 03:00:00,숏,10,시작중간 · B깊음 · 끝낮음,크게감,0.768,0.634,False
2026-05-16 03:00:00,2026-05-16 06:00:00,롱,1,시작낮음 · B깊음 · 끝낮음,깨고하락,0.017,-0.122,True
2026-05-16 06:00:00,2026-05-16 15:00:00,숏,9,시작낮음 · B얕음 · 끝높음,조금감,0.351,0.147,False
2026-05-16 15:00:00,2026-05-17 23:00:00,롱,19,시작높음 · B깊음 · 끝낮음,깨고하락,0.246,-0.5,True
2026-05-17 23:00:00,2026-05-18 12:00:00,숏,9,시작낮음 · B얕음 · 끝높음,조금감,0.374,-0.083,False
2026-05-18 12:00:00,2026-05-18 14:00:00,롱,22,시작높음 · B중간 · 끝낮음,깨고하락,0.002,-0.614,True
2026-05-18 14:00:00,2026-05-18 19:00:00,숏,9,시작낮음 · B얕음 · 끝높음,조금감,0.204,-0.301,False
2026-05-18 19:00:00,2026-05-19 14:00:00,롱,23,시작높음 · B중간 · 끝중간,조금감,0.268,-0.307,False
2026-05-19 14:00:00,2026-05-19 17:00:00,숏,2,시작낮음 · B깊음 · 끝중간,제자리,0.044,-0.334,False
2026-05-19 17:00:00,2026-05-20 23:00:00,롱,14,시작중간 · B중간 · 끝중간,크게감,0.799,0.548,False
2026-05-20 23:00:00,2026-05-21 00:00:00,숏,13,시작중간 · B중간 · 끝낮음,깨고하락,0.025,-0.234,True
2026-05-21 00:00:00,2026-05-21 06:00:00,롱,9,시작낮음 · B얕음 · 끝높음,제자리,0.144,-0.213,False
2026-05-21 06:00:00,2026-05-21 20:00:00,숏,23,시작높음 · B중간 · 끝중간,깨고하락,1.116,-0.099,True
2026-05-21 20:00:00,2026-05-22 06:00:00,롱,11,시작중간 · B깊음 · 끝중간,제자리,0.131,-0.188,False
2026-05-22 06:00:00,2026-05-23 13:00:00,숏,18,시작중간 · B얕음 · 끝높음,크게감,2.121,1.48,False
2026-05-23 13:00:00,2026-05-24 14:00:00,롱,19,시작높음 · B깊음 · 끝낮음,크게감,0.634,0.343,False
2026-05-24 14:00:00,2026-05-25 01:00:00,숏,1,시작낮음 · B깊음 · 끝낮음,제자리,0.11,-0.145,False
2026-05-25 01:00:00,2026-05-25 13:00:00,롱,8,시작낮음 · B얕음 · 끝중간,조금감,0.279,0.144,False
2026-05-25 13:00:00,2026-05-25 14:00:00,숏,26,시작높음 · B얕음 · 끝중간,깨고하락,0.017,-0.234,True
2026-05-25 14:00:00,2026-05-25 18:00:00,롱,9,시작낮음 · B얕음 · 끝높음,조금감,0.224,-0.19,False
2026-05-25 18:00:00,2026-05-26 11:00:00,숏,10,시작중간 · B깊음 · 끝낮음,크게감,1.715,0.566,False
2026-05-26 11:00:00,2026-05-26 15:00:00,롱,10,시작중간 · B깊음 · 끝낮음,깨고하락,0.614,-0.48,True
2026-05-26 15:00:00,2026-05-27 07:00:00,숏,18,시작중간 · B얕음 · 끝높음,크게감,0.67,0.297,False
2026-05-27 07:00:00,2026-05-27 13:00:00,롱,19,시작높음 · B깊음 · 끝낮음,깨고하락,0.077,-0.313,True
2026-05-27 13:00:00,2026-05-28 11:00:00,숏,9,시작낮음 · B얕음 · 끝높음,크게감,1.087,0.724,False
2026-05-28 11:00:00,2026-05-29 14:00:00,롱,19,시작높음 · B깊음 · 끝낮음,깨고하락,0.129,-0.121,True
2026-05-29 14:00:00,2026-05-29 15:00:00,숏,8,시작낮음 · B얕음 · 끝중간,깨고하락,0.03,-0.219,True
2026-05-29 15:00:00,2026-05-31 07:00:00,롱,27,시작높음 · B얕음 · 끝높음,조금감,0.31,0.04,False
2026-05-31 07:00:00,2026-05-31 22:00:00,숏,10,시작중간 · B깊음 · 끝낮음,조금감,0.266,-0.039,False
2026-05-31 22:00:00,2026-05-31 23:00:00,롱,5,시작낮음 · B중간 · 끝중간,제자리,0.192,-0.197,False
2026-05-31 23:00:00,2026-06-01 00:00:00,숏,18,시작중간 · B얕음 · 끝높음,제자리,0.043,-0.244,False
2026-06-01 00:00:00,2026-06-01 01:00:00,롱,5,시작낮음 · B중간 · 끝중간,깨고하락,0.052,-0.823,True
2026-06-01 01:00:00,2026-06-03 02:00:00,숏,9,시작낮음 · B얕음 · 끝높음,크게감,7.503,7.057,False
2026-06-03 02:00:00,2026-06-03 03:00:00,롱,10,시작중간 · B깊음 · 끝낮음,깨고하락,0.006,-0.097,True
2026-06-03 03:00:00,2026-06-03 04:00:00,숏,8,시작낮음 · B얕음 · 끝중간,제자리,0.003,-0.072,False
2026-06-03 04:00:00,2026-06-03 19:00:00,롱,23,시작높음 · B중간 · 끝중간,깨고하락,0.701,-0.669,True
2026-06-03 19:00:00,2026-06-04 06:00:00,숏,3,시작낮음 · B깊음 · 끝높음,크게감,1.783,0.62,False
2026-06-04 06:00:00,2026-06-04 10:00:00,롱,19,시작높음 · B깊음 · 끝낮음,제자리,0.006,-0.264,False
2026-06-04 10:00:00,2026-06-04 12:00:00,숏,9,시작낮음 · B얕음 · 끝높음,제자리,0.052,-0.289,False
2026-06-04 12:00:00,2026-06-05 05:00:00,롱,24,시작높음 · B중간 · 끝높음,조금감,0.319,-0.619,False
2026-06-05 05:00:00,2026-06-05 09:00:00,숏,11,시작중간 · B깊음 · 끝중간,크게감,0.52,-0.229,False
2026-06-05 09:00:00,2026-06-05 11:00:00,롱,10,시작중간 · B깊음 · 끝낮음,제자리,0.024,-0.266,False
2026-06-05 11:00:00,2026-06-05 21:00:00,숏,9,시작낮음 · B얕음 · 끝높음,크게감,1.09,0.108,False
2026-06-05 21:00:00,2026-06-07 15:00:00,롱,19,시작높음 · B깊음 · 끝낮음,조금감,0.312,0.102,False
2026-06-07 15:00:00,2026-06-07 23:00:00,숏,17,시작중간 · B얕음 · 끝중간,깨고하락,0.241,-0.319,True
2026-06-07 23:00:00,2026-06-08 17:00:00,롱,18,시작중간 · B얕음 · 끝높음,제자리,0.19,0.046,False
2026-06-08 17:00:00,2026-06-10 01:00:00,숏,22,시작높음 · B중간 · 끝낮음,크게감,0.907,0.59,False
2026-06-10 01:00:00,2026-06-10 02:00:00,롱,10,시작중간 · B깊음 · 끝낮음,제자리,0.035,-0.117,False
2026-06-10 02:00:00,2026-06-10 07:00:00,숏,9,시작낮음 · B얕음 · 끝높음,제자리,0.076,-0.12,False
2026-06-10 07:00:00,2026-06-10 22:00:00,롱,20,시작높음 · B깊음 · 끝중간,깨고하락,1.311,-0.335,True
2026-06-10 22:00:00,2026-06-11 00:00:00,숏,11,시작중간 · B깊음 · 끝중간,제자리,0.1,-0.198,False
2026-06-11 00:00:00,2026-06-11 16:00:00,롱,27,시작높음 · B얕음 · 끝높음,크게감,0.647,0.338,False
2026-06-11 16:00:00,2026-06-11 17:00:00,숏,19,시작높음 · B깊음 · 끝낮음,깨고하락,0.108,-0.493,True
2026-06-11 17:00:00,2026-06-12 03:00:00,롱,9,시작낮음 · B얕음 · 끝높음,제자리,0.129,-0.056,False
2026-06-12 03:00:00,2026-06-12 17:00:00,숏,10,시작중간 · B깊음 · 끝낮음,깨고하락,0.432,-0.213,True
2026-06-12 17:00:00,2026-06-12 18:00:00,롱,5,시작낮음 · B중간 · 끝중간,제자리,0.036,-0.084,False
2026-06-12 18:00:00,2026-06-13 10:00:00,숏,27,시작높음 · B얕음 · 끝높음,제자리,0.192,-0.098,False
2026-06-13 10:00:00,2026-06-14 04:00:00,롱,20,시작높음 · B깊음 · 끝중간,크게감,1.293,0.68,False
2026-06-14 04:00:00,2026-06-14 21:00:00,숏,10,시작중간 · B깊음 · 끝낮음,깨고하락,0.475,-0.708,True
2026-06-14 21:00:00,2026-06-15 20:00:00,롱,6,시작낮음 · B중간 · 끝높음,크게감,0.978,0.592,False
2026-06-15 20:00:00,2026-06-17 05:00:00,숏,10,시작중간 · B깊음 · 끝낮음,조금감,0.32,0.19,False
2026-06-17 05:00:00,2026-06-17 06:00:00,롱,4,시작낮음 · B중간 · 끝낮음,제자리,0.02,-0.063,False
2026-06-17 06:00:00,2026-06-17 15:00:00,숏,9,시작낮음 · B얕음 · 끝높음,크게감,0.648,-0.073,False
2026-06-17 15:00:00,2026-06-17 19:00:00,롱,20,시작높음 · B깊음 · 끝중간,깨고하락,0.514,-1.016,True
2026-06-17 19:00:00,2026-06-18 08:00:00,숏,6,시작낮음 · B중간 · 끝높음,조금감,0.25,-0.041,False
2026-06-18 08:00:00,2026-06-18 15:00:00,롱,10,시작중간 · B깊음 · 끝낮음,깨고하락,0.029,-0.732,True
2026-06-18 15:00:00,2026-06-19 00:00:00,숏,18,시작중간 · B얕음 · 끝높음,제자리,0.032,-0.193,False
2026-06-19 00:00:00,2026-06-20 13:00:00,롱,22,시작높음 · B중간 · 끝낮음,조금감,0.398,0.159,False
2026-06-20 13:00:00,2026-06-20 14:00:00,숏,4,시작낮음 · B중간 · 끝낮음,깨고하락,0.124,-0.322,True
2026-06-20 14:00:00,2026-06-21 07:00:00,롱,9,시작낮음 · B얕음 · 끝높음,조금감,0.354,0.124,False
2026-06-21 07:00:00,2026-06-22 02:00:00,숏,10,시작중간 · B깊음 · 끝낮음,깨고하락,0.662,-0.046,True
2026-06-22 02:00:00,2026-06-22 03:00:00,롱,2,시작낮음 · B깊음 · 끝중간,제자리,0.125,-0.175,False
2026-06-22 03:00:00,2026-06-22 05:00:00,숏,27,시작높음 · B얕음 · 끝높음,제자리,0.06,-0.179,False
2026-06-22 05:00:00,2026-06-22 19:00:00,롱,23,시작높음 · B중간 · 끝중간,크게감,1.688,0.275,False
2026-06-22 19:00:00,2026-06-23 20:00:00,숏,10,시작중간 · B깊음 · 끝낮음,크게감,1.458,1.14,False
2026-06-23 20:00:00,2026-06-24 13:00:00,롱,10,시작중간 · B깊음 · 끝낮음,깨고하락,0.214,-0.306,True
2026-06-24 13:00:00,2026-06-24 23:00:00,숏,9,시작낮음 · B얕음 · 끝높음,크게감,0.654,0.072,False
2026-06-24 23:00:00,2026-06-25 13:00:00,롱,10,시작중간 · B깊음 · 끝낮음,깨고하락,0.213,-0.671,True
2026-06-25 13:00:00,2026-06-25 23:00:00,숏,9,시작낮음 · B얕음 · 끝높음,제자리,0.001,-0.33,False
2026-06-25 23:00:00,2026-06-26 02:00:00,롱,10,시작중간 · B깊음 · 끝낮음,제자리,0.029,-0.316,False
2026-06-26 02:00:00,2026-06-26 03:00:00,숏,9,시작낮음 · B얕음 · 끝높음,제자리,0.075,-0.446,False
2026-06-26 03:00:00,2026-06-27 19:00:00,롱,24,시작높음 · B중간 · 끝높음,조금감,0.487,0.073,False
2026-06-27 19:00:00,2026-06-28 11:00:00,숏,1,시작낮음 · B깊음 · 끝낮음,제자리,0.162,-0.068,False
2026-06-28 11:00:00,2026-06-28 13:00:00,롱,8,시작낮음 · B얕음 · 끝중간,제자리,0.047,-0.106,False
2026-06-28 13:00:00,2026-06-29 03:00:00,숏,8,시작낮음 · B얕음 · 끝중간,크게감,1.391,0.029,False
2026-06-29 03:00:00,2026-06-29 14:00:00,롱,10,시작중간 · B깊음 · 끝낮음,조금감,0.475,-0.363,False
2026-06-29 14:00:00,2026-06-29 16:00:00,숏,15,시작중간 · B중간 · 끝높음,제자리,0.197,-0.221,False
2026-06-29 16:00:00,2026-06-30 01:00:00,롱,27,시작높음 · B얕음 · 끝높음,조금감,0.444,0.024,False
2026-06-30 01:00:00,2026-06-30 22:00:00,숏,23,시작높음 · B중간 · 끝중간,크게감,1.036,0.79,False
2026-06-30 22:00:00,2026-07-01 12:00:00,롱,10,시작중간 · B깊음 · 끝낮음,깨고하락,0.347,-0.03,True
2026-07-01 12:00:00,2026-07-01 13:00:00,숏,5,시작낮음 · B중간 · 끝중간,깨고하락,0.002,-0.429,True
2026-07-01 13:00:00,2026-07-02 07:00:00,롱,27,시작높음 · B얕음 · 끝높음,크게감,1.069,0.379,False
2026-07-02 07:00:00,2026-07-02 09:00:00,숏,10,시작중간 · B깊음 · 끝낮음,깨고하락,0.005,-0.338,True
2026-07-02 09:00:00,2026-07-02 20:00:00,롱,9,시작낮음 · B얕음 · 끝높음,조금감,0.357,0.138,False
2026-07-02 20:00:00,2026-07-03 13:00:00,숏,19,시작높음 · B깊음 · 끝낮음,깨고하락,0.161,-0.25,True
2026-07-03 13:00:00,2026-07-03 15:00:00,롱,9,시작낮음 · B얕음 · 끝높음,제자리,0.155,-0.096,False
2026-07-03 15:00:00,2026-07-03 17:00:00,숏,23,시작높음 · B중간 · 끝중간,제자리,0.013,-0.237,False
2026-07-03 17:00:00,2026-07-03 19:00:00,롱,14,시작중간 · B중간 · 끝중간,제자리,0.169,0.003,False
2026-07-03 19:00:00,2026-07-03 20:00:00,숏,16,시작중간 · B얕음 · 끝낮음,깨고하락,0.041,-0.978,True
2026-07-03 20:00:00,2026-07-04 02:00:00,롱,18,시작중간 · B얕음 · 끝높음,조금감,0.237,-0.285,False
2026-07-04 02:00:00,2026-07-04 17:00:00,숏,10,시작중간 · B깊음 · 끝낮음,깨고하락,0.237,-0.883,True
2026-07-04 17:00:00,2026-07-05 00:00:00,롱,18,시작중간 · B얕음 · 끝높음,제자리,0.149,-0.22,False
2026-07-05 00:00:00,2026-07-05 21:00:00,숏,23,시작높음 · B중간 · 끝중간,크게감,0.501,-0.091,False
2026-07-05 21:00:00,2026-07-06 06:00:00,롱,11,시작중간 · B깊음 · 끝중간,크게감,0.87,-0.105,False
2026-07-06 06:00:00,2026-07-06 16:00:00,숏,10,시작중간 · B깊음 · 끝낮음,크게감,1.051,-0.48,False
2026-07-06 16:00:00,2026-07-07 03:00:00,롱,12,시작중간 · B깊음 · 끝높음,조금감,0.363,-0.204,False
2026-07-07 03:00:00,2026-07-07 15:00:00,숏,26,시작높음 · B얕음 · 끝중간,제자리,0.154,-0.219,False
2026-07-07 15:00:00,2026-07-07 21:00:00,롱,27,시작높음 · B얕음 · 끝높음,제자리,0.154,-0.251,False
2026-07-07 21:00:00,2026-07-08 19:00:00,숏,23,시작높음 · B중간 · 끝중간,크게감,1.186,0.714,False
2026-07-08 19:00:00,2026-07-10 14:00:00,롱,10,시작중간 · B깊음 · 끝낮음,크게감,0.89,0.598,False
2026-07-10 14:00:00,2026-07-12 14:00:00,숏,1,시작낮음 · B깊음 · 끝낮음,제자리,0.093,-0.088,False
2026-07-12 14:00:00,2026-07-12 22:00:00,롱,8,시작낮음 · B얕음 · 끝중간,제자리,0.026,-0.105,False
2026-07-12 22:00:00,2026-07-13 23:00:00,숏,9,시작낮음 · B얕음 · 끝높음,깨고복귀,2.277,1.691,True
2026-07-13 23:00:00,2026-07-15 03:00:00,롱,19,시작높음 · B깊음 · 끝낮음,크게감,1.052,0.931,False
2026-07-15 03:00:00,2026-07-15 15:00:00,숏,1,시작낮음 · B깊음 · 끝낮음,깨고하락,0.096,-0.187,True
2026-07-15 15:00:00,2026-07-15 16:00:00,롱,9,시작낮음 · B얕음 · 끝높음,제자리,0.012,-0.08,False
2026-07-15 16:00:00,2026-07-16 16:00:00,숏,27,시작높음 · B얕음 · 끝높음,크게감,1.13,0.572,False
2026-07-16 16:00:00,2026-07-16 17:00:00,롱,10,시작중간 · B깊음 · 끝낮음,제자리,0.004,-0.231,False
2026-07-16 17:00:00,2026-07-17 13:00:00,숏,9,시작낮음 · B얕음 · 끝높음,크게감,0.963,0.572,False
2026-07-17 13:00:00,2026-07-19 05:00:00,롱,19,시작높음 · B깊음 · 끝낮음,크게감,0.833,0.718,False
2026-07-19 05:00:00,2026-07-20 02:00:00,숏,1,시작낮음 · B깊음 · 끝낮음,깨고하락,0.193,-0.043,True
2026-07-20 02:00:00,2026-07-20 05:00:00,롱,8,시작낮음 · B얕음 · 끝중간,깨고하락,0.044,-0.271,True
2026-07-20 05:00:00,2026-07-20 11:00:00,숏,18,시작중간 · B얕음 · 끝높음,깨고하락,0.391,-0.82,True
2026-07-20 11:00:00,2026-07-21 17:00:00,롱,24,시작높음 · B중간 · 끝높음,크게감,1.427,0.881,False
2026-07-21 17:00:00,2026-07-22 23:00:00,숏,10,시작중간 · B깊음 · 끝낮음,조금감,0.208,0.033,False
2026-07-22 23:00:00,2026-07-23 01:00:00,롱,5,시작낮음 · B중간 · 끝중간,제자리,0.07,-0.1,False
2026-07-23 01:00:00,2026-07-23 21:00:00,숏,9,시작낮음 · B얕음 · 끝높음,크게감,1.007,0.538,False
2026-07-23 21:00:00,2026-07-24 12:00:00,롱,10,시작중간 · B깊음 · 끝낮음,조금감,0.376,-0.234,False
2026-07-24 12:00:00,2026-07-25 02:00:00,숏,6,시작낮음 · B중간 · 끝높음,크게감,0.653,0.461,False
2026-07-25 02:00:00,2026-07-27 08:00:00,롱,19,시작높음 · B깊음 · 끝낮음,크게감,0.836,0.537,False
2026-07-27 08:00:00,2026-07-28 12:00:00,숏,1,시작낮음 · B깊음 · 끝낮음,크게감,1.027,0.788,False
2026-07-28 12:00:00,2026-07-29 15:00:00,롱,1,시작낮음 · B깊음 · 끝낮음,깨고복귀,0.443,0.157,True
2026-07-29 15:00:00,2026-07-30 03:00:00,숏,4,시작낮음 · B중간 · 끝낮음,깨고하락,0.256,-0.067,True
2026-07-30 03:00:00,2026-07-30 06:00:00,롱,14,시작중간 · B중간 · 끝중간,제자리,0.012,-0.081,False
2026-07-30 06:00:00,2026-07-30 08:00:00,숏,26,시작높음 · B얕음 · 끝중간,깨고하락,0.041,-0.193,True
2026-07-30 08:00:00,2026-07-30 23:00:00,롱,27,시작높음 · B얕음 · 끝높음,크게감,1.993,1.039,False
2026-07-30 23:00:00,2026-08-01 01:00:00,숏,10,시작중간 · B깊음 · 끝낮음,깨고복귀,1.858,1.418,True
2026-08-01 01:00:00,2026-08-01 18:00:00,롱,10,시작중간 · B깊음 · 끝낮음,깨고하락,0.057,-0.131,True
2026-08-01 18:00:00,2026-08-01 22:00:00,숏,8,시작낮음 · B얕음 · 끝중간,제자리,0.041,-0.079,False
2026-08-01 22:00:00,2026-08-02 12:00:00,롱,23,시작높음 · B중간 · 끝중간,크게감,0.93,0.339,False
2026-08-02 12:00:00,2026-08-02 18:00:00,숏,22,시작높음 · B중간 · 끝낮음,제자리,0.093,-0.188,False
2026-08-02 18:00:00,2026-08-03 01:00:00,롱,18,시작중간 · B얕음 · 끝높음,조금감,0.466,-0.196,False
2026-08-03 01:00:00,2026-08-03 13:00:00,숏,23,시작높음 · B중간 · 끝중간,크게감,1.145,-0.176,False
2026-08-03 13:00:00,2026-08-04 07:00:00,롱,20,시작높음 · B깊음 · 끝중간,크게감,0.603,0.226,False
2026-08-04 07:00:00,2026-08-04 14:00:00,숏,1,시작낮음 · B깊음 · 끝낮음,제자리,0.122,-0.221,False
2026-08-04 14:00:00,2026-08-05 00:00:00,롱,9,시작낮음 · B얕음 · 끝높음,조금감,0.237,-0.075,False
2026-08-05 00:00:00,2026-08-05 02:00:00,숏,19,시작높음 · B깊음 · 끝낮음,제자리,0.048,-0.345,False
2026-08-05 02:00:00,2026-08-05 03:00:00,롱,9,시작낮음 · B얕음 · 끝높음,제자리,0.108,-0.204,False
2026-08-05 03:00:00,2026-08-05 14:00:00,숏,27,시작높음 · B얕음 · 끝높음,깨고하락,0.534,-0.504,True
2026-08-05 14:00:00,2026-08-06 00:00:00,롱,26,시작높음 · B얕음 · 끝중간,크게감,0.728,0.215,False
2026-08-06 00:00:00,2026-08-06 08:00:00,숏,22,시작높음 · B중간 · 끝낮음,제자리,0.175,-0.268,False
2026-08-06 08:00:00,2026-08-06 09:00:00,롱,9,시작낮음 · B얕음 · 끝높음,제자리,0.008,-0.353,False
2026-08-06 09:00:00,2026-08-07 08:00:00,숏,27,시작높음 · B얕음 · 끝높음,크게감,0.936,0.126,False
2026-08-07 08:00:00,2026-08-07 23:00:00,롱,10,시작중간 · B깊음 · 끝낮음,크게감,0.912,0.353,False
2026-08-07 23:00:00,2026-08-08 17:00:00,숏,1,시작낮음 · B깊음 · 끝낮음,제자리,0.087,-0.159,False
2026-08-08 17:00:00,2026-08-08 18:00:00,롱,9,시작낮음 · B얕음 · 끝높음,제자리,0.011,-0.068,False
2026-08-08 18:00:00,2026-08-09 11:00:00,숏,26,시작높음 · B얕음 · 끝중간,크게감,0.78,0.214,False
2026-08-09 11:00:00,2026-08-09 23:00:00,롱,10,시작중간 · B깊음 · 끝낮음,크게감,1.438,-0.134,False
2026-08-09 23:00:00,2026-08-10 06:00:00,숏,14,시작중간 · B중간 · 끝중간,제자리,0.085,-0.482,False
2026-08-10 06:00:00,2026-08-10 09:00:00,롱,18,시작중간 · B얕음 · 끝높음,제자리,0.093,-0.442,False
2026-08-10 09:00:00,2026-08-11 03:00:00,숏,24,시작높음 · B중간 · 끝높음,크게감,1.996,1.423,False
2026-08-11 03:00:00,2026-08-11 15:00:00,롱,10,시작중간 · B깊음 · 끝낮음,깨고하락,0.239,-0.34,True
2026-08-11 15:00:00,2026-08-12 00:00:00,숏,9,시작낮음 · B얕음 · 끝높음,조금감,0.218,-0.076,False
2026-08-12 00:00:00,2026-08-12 15:00:00,롱,23,시작높음 · B중간 · 끝중간,크게감,0.581,-0.235,False
2026-08-12 15:00:00,2026-08-13 02:00:00,숏,14,시작중간 · B중간 · 끝중간,제자리,0.118,-0.083,False
2026-08-13 02:00:00,2026-08-13 15:00:00,롱,26,시작높음 · B얕음 · 끝중간,조금감,0.389,-0.111,False
2026-08-13 15:00:00,2026-08-13 23:00:00,숏,11,시작중간 · B깊음 · 끝중간,크게감,0.784,-0.103,False
2026-08-13 23:00:00,2026-08-14 04:00:00,롱,1,시작낮음 · B깊음 · 끝낮음,제자리,0.115,-0.096,False
2026-08-14 04:00:00,2026-08-14 16:00:00,숏,8,시작낮음 · B얕음 · 끝중간,크게감,0.763,0.217,False
2026-08-14 16:00:00,2026-08-16 05:00:00,롱,19,시작높음 · B깊음 · 끝낮음,제자리,0.101,-0.073,False
2026-08-16 05:00:00,2026-08-16 15:00:00,숏,8,시작낮음 · B얕음 · 끝중간,제자리,0.103,-0.088,False
2026-08-16 15:00:00,2026-08-16 21:00:00,롱,17,시작중간 · B얕음 · 끝중간,깨고하락,0.559,-0.484,True
2026-08-16 21:00:00,2026-08-17 02:00:00,숏,24,시작높음 · B중간 · 끝높음,깨고하락,0.32,-0.729,True
2026-08-17 02:00:00,2026-08-18 02:00:00,롱,24,시작높음 · B중간 · 끝높음,크게감,1.606,0.867,False
2026-08-18 02:00:00,2026-08-18 15:00:00,숏,19,시작높음 · B깊음 · 끝낮음,깨고하락,0.032,-0.383,True
2026-08-18 15:00:00,2026-08-18 21:00:00,롱,9,시작낮음 · B얕음 · 끝높음,제자리,0.018,-0.127,False
2026-08-18 21:00:00,2026-08-19 12:00:00,숏,26,시작높음 · B얕음 · 끝중간,깨고하락,0.423,-0.267,True
2026-08-19 12:00:00,2026-08-20 06:00:00,롱,24,시작높음 · B중간 · 끝높음,크게감,6.254,5.985,False
2026-08-20 06:00:00,2026-08-20 08:00:00,숏,10,시작중간 · B깊음 · 끝낮음,깨고하락,0.061,-0.291,True
2026-08-20 08:00:00,2026-08-20 18:00:00,롱,9,시작낮음 · B얕음 · 끝높음,제자리,0.19,0.113,False
2026-08-20 18:00:00,2026-08-21 01:00:00,숏,19,시작높음 · B깊음 · 끝낮음,깨고하락,0.028,-0.748,True
2026-08-21 01:00:00,2026-08-21 14:00:00,롱,9,시작낮음 · B얕음 · 끝높음,크게감,0.747,0.383,False
2026-08-21 14:00:00,2026-08-23 11:00:00,숏,19,시작높음 · B깊음 · 끝낮음,조금감,0.252,0.013,False
2026-08-23 11:00:00,2026-08-24 03:00:00,롱,8,시작낮음 · B얕음 · 끝중간,제자리,0.127,-0.061,False
2026-08-24 03:00:00,2026-08-24 10:00:00,숏,23,시작높음 · B중간 · 끝중간,제자리,0.098,-0.206,False
2026-08-24 10:00:00,2026-08-25 08:00:00,롱,5,시작낮음 · B중간 · 끝중간,크게감,2.544,1.596,False
2026-08-25 08:00:00,2026-08-26 06:00:00,숏,19,시작높음 · B깊음 · 끝낮음,조금감,0.451,0.212,False
2026-08-26 06:00:00,2026-08-26 08:00:00,롱,4,시작낮음 · B중간 · 끝낮음,제자리,0.049,-0.061,False
2026-08-26 08:00:00,2026-08-26 20:00:00,숏,9,시작낮음 · B얕음 · 끝높음,조금감,0.466,0.108,False
2026-08-26 20:00:00,2026-08-28 02:00:00,롱,19,시작높음 · B깊음 · 끝낮음,크게감,1.897,0.903,False
2026-08-28 02:00:00,2026-08-29 05:00:00,숏,10,시작중간 · B깊음 · 끝낮음,크게감,0.775,0.579,False
2026-08-29 05:00:00,2026-08-30 22:00:00,롱,1,시작낮음 · B깊음 · 끝낮음,조금감,0.378,0.17,False
2026-08-30 22:00:00,2026-08-31 08:00:00,숏,4,시작낮음 · B중간 · 끝낮음,조금감,0.41,-0.013,False
2026-08-31 08:00:00,2026-08-31 13:00:00,롱,5,시작낮음 · B중간 · 끝중간,제자리,0.139,-0.248,False
2026-08-31 13:00:00,2026-08-31 14:00:00,숏,18,시작중간 · B얕음 · 끝높음,제자리,0.069,-0.405,False
2026-08-31 14:00:00,2026-09-01 01:00:00,롱,27,시작높음 · B얕음 · 끝높음,크게감,0.563,-0.182,False
