zc2,side,pic,name,edge,y_start,y_b,y_end
2020-03-29 18:00:00,숏,9,시작낮음 · B얕음 · 끝높음,False,-0.64,-0.059,0.261
2020-03-30 03:00:00,롱,22,시작높음 · B중간 · 끝낮음,True,0.308,-0.521,-0.194
2020-03-31 04:00:00,숏,10,시작중간 · B깊음 · 끝낮음,False,-0.137,-0.747,-0.556
2020-04-01 20:00:00,롱,4,시작낮음 · B중간 · 끝낮음,True,-0.759,-0.429,-0.173
2020-04-02 21:00:00,숏,10,시작중간 · B깊음 · 끝낮음,False,-0.21,-0.865,-0.575
2020-04-03 09:00:00,롱,9,시작낮음 · B얕음 · 끝높음,False,-0.494,-0.013,0.212
2020-04-03 13:00:00,숏,27,시작높음 · B얕음 · 끝높음,False,0.602,-0.259,0.254
2020-04-04 09:00:00,롱,19,시작높음 · B깊음 · 끝낮음,False,0.059,-0.678,-0.184
2020-04-04 13:00:00,숏,9,시작낮음 · B얕음 · 끝높음,True,-0.468,-0.235,0.15
2020-04-04 16:00:00,롱,27,시작높음 · B얕음 · 끝높음,False,0.217,-0.016,0.3
2020-04-05 05:00:00,숏,25,시작높음 · B얕음 · 끝낮음,False,0.063,-0.15,-0.209
2020-04-06 00:00:00,롱,18,시작중간 · B얕음 · 끝높음,True,-0.111,-0.295,0.255
2020-04-07 04:00:00,숏,19,시작높음 · B깊음 · 끝낮음,True,0.001,-0.799,-0.62
2020-04-08 04:00:00,롱,8,시작낮음 · B얕음 · 끝중간,True,-0.788,-0.291,0.041
2020-04-08 10:00:00,숏,27,시작높음 · B얕음 · 끝높음,False,0.155,-0.063,0.249
2020-04-08 17:00:00,롱,23,시작높음 · B중간 · 끝중간,False,0.156,-0.373,0.016
2020-04-09 03:00:00,숏,24,시작높음 · B중간 · 끝높음,True,0.06,-0.32,0.201
2020-04-09 22:00:00,롱,20,시작높음 · B깊음 · 끝중간,True,0.028,-0.583,-0.07
2020-04-09 23:00:00,숏,17,시작중간 · B얕음 · 끝중간,True,-0.029,-0.0,0.086
2020-04-10 00:00:00,롱,10,시작중간 · B깊음 · 끝낮음,False,-0.153,-0.619,-0.22
2020-04-10 01:00:00,숏,18,시작중간 · B얕음 · 끝높음,False,-0.252,-0.093,0.374
2020-04-10 19:00:00,롱,10,시작중간 · B깊음 · 끝낮음,True,-0.02,-0.965,-0.715
2020-04-11 17:00:00,숏,9,시작낮음 · B얕음 · 끝높음,False,-0.676,-0.024,0.236
2020-04-11 21:00:00,롱,27,시작높음 · B얕음 · 끝높음,False,0.631,-0.227,0.246
2020-04-13 00:00:00,숏,11,시작중간 · B깊음 · 끝중간,True,-0.015,-0.608,0.113
2020-04-13 15:00:00,롱,13,시작중간 · B중간 · 끝낮음,False,-0.208,-0.41,-0.228
2020-04-14 10:00:00,숏,1,시작낮음 · B깊음 · 끝낮음,True,-0.318,-0.556,-0.293
2020-04-14 13:00:00,롱,9,시작낮음 · B얕음 · 끝높음,False,-0.628,-0.143,0.184
2020-04-14 21:00:00,숏,20,시작높음 · B깊음 · 끝중간,True,0.011,-0.713,-0.06
2020-04-16 06:00:00,롱,10,시작중간 · B깊음 · 끝낮음,True,-0.015,-0.696,-0.35
2020-04-17 02:00:00,숏,1,시작낮음 · B깊음 · 끝낮음,True,-0.304,-0.74,-0.607
2020-04-18 05:00:00,롱,8,시작낮음 · B얕음 · 끝중간,False,-0.836,-0.154,-0.014
2020-04-18 10:00:00,숏,17,시작중간 · B얕음 · 끝중간,False,-0.064,-0.166,0.003
2020-04-18 12:00:00,롱,18,시작중간 · B얕음 · 끝높음,False,-0.041,-0.263,0.378
2020-04-19 02:00:00,숏,19,시작높음 · B깊음 · 끝낮음,False,0.067,-0.701,-0.556
2020-04-19 21:00:00,롱,1,시작낮음 · B깊음 · 끝낮음,True,-0.572,-0.645,-0.159
2020-04-19 23:00:00,숏,8,시작낮음 · B얕음 · 끝중간,False,-0.453,-0.267,0.068
2020-04-20 00:00:00,롱,11,시작중간 · B깊음 · 끝중간,True,-0.279,-0.612,-0.132
2020-04-20 09:00:00,숏,1,시작낮음 · B깊음 · 끝낮음,True,-0.414,-0.641,-0.171
2020-04-21 05:00:00,롱,10,시작중간 · B깊음 · 끝낮음,False,-0.099,-0.774,-0.576
2020-04-23 04:00:00,숏,1,시작낮음 · B깊음 · 끝낮음,False,-0.7,-0.705,-0.634
2020-04-23 13:00:00,롱,9,시작낮음 · B얕음 · 끝높음,False,-0.545,-0.152,0.248
2020-04-24 01:00:00,숏,19,시작높음 · B깊음 · 끝낮음,False,0.073,-0.609,-0.437
2020-04-25 06:00:00,롱,8,시작낮음 · B얕음 · 끝중간,True,-0.575,-0.102,0.149
2020-04-25 11:00:00,숏,26,시작높음 · B얕음 · 끝중간,False,0.309,-0.173,0.118
2020-04-25 13:00:00,롱,15,시작중간 · B중간 · 끝높음,False,-0.111,-0.404,0.386
2020-04-25 15:00:00,숏,17,시작중간 · B얕음 · 끝중간,True,-0.016,-0.073,0.123
2020-04-26 10:00:00,롱,18,시작중간 · B얕음 · 끝높음,False,-0.058,-0.256,0.267
2020-04-26 16:00:00,숏,26,시작높음 · B얕음 · 끝중간,True,0.045,-0.29,0.066
2020-04-26 19:00:00,롱,27,시작높음 · B얕음 · 끝높음,False,0.158,0.005,0.494
2020-04-26 22:00:00,숏,26,시작높음 · B얕음 · 끝중간,False,0.584,-0.09,0.082
2020-04-26 23:00:00,롱,15,시작중간 · B중간 · 끝높음,False,-0.081,-0.386,0.587
2020-04-27 07:00:00,숏,13,시작중간 · B중간 · 끝낮음,False,-0.045,-0.383,-0.407
2020-04-27 22:00:00,롱,18,시작중간 · B얕음 · 끝높음,False,-0.208,0.036,0.575
2020-04-28 02:00:00,숏,26,시작높음 · B얕음 · 끝중간,True,0.432,-0.13,0.14
2020-04-28 10:00:00,롱,27,시작높음 · B얕음 · 끝높음,False,0.213,-0.235,0.452
2020-04-28 14:00:00,숏,27,시작높음 · B얕음 · 끝높음,False,0.572,-0.16,0.582
2020-04-28 23:00:00,롱,24,시작높음 · B중간 · 끝높음,False,0.107,-0.335,0.188
2020-04-30 09:00:00,숏,19,시작높음 · B깊음 · 끝낮음,True,0.019,-0.944,-0.5
2020-05-01 09:00:00,롱,4,시작낮음 · B중간 · 끝낮음,True,-0.784,-0.367,-0.156
2020-05-01 15:00:00,숏,5,시작낮음 · B중간 · 끝중간,False,-0.4,-0.332,0.086
2020-05-02 00:00:00,롱,14,시작중간 · B중간 · 끝중간,True,-0.062,-0.325,0.027
2020-05-02 07:00:00,숏,26,시작높음 · B얕음 · 끝중간,False,0.058,-0.084,0.089
2020-05-02 11:00:00,롱,15,시작중간 · B중간 · 끝높음,True,-0.213,-0.36,0.178
2020-05-03 07:00:00,숏,19,시작높음 · B깊음 · 끝낮음,True,0.029,-0.849,-0.39
2020-05-04 12:00:00,롱,10,시작중간 · B깊음 · 끝낮음,False,-0.212,-0.663,-0.438
2020-05-05 11:00:00,숏,1,시작낮음 · B깊음 · 끝낮음,False,-0.563,-0.631,-0.279
2020-05-05 22:00:00,롱,9,시작낮음 · B얕음 · 끝높음,False,-0.387,-0.046,0.27
2020-05-06 23:00:00,숏,19,시작높음 · B깊음 · 끝낮음,False,0.156,-0.712,-0.328
2020-05-07 13:00:00,롱,6,시작낮음 · B중간 · 끝높음,False,-0.552,-0.371,0.206
2020-05-08 05:00:00,숏,19,시작높음 · B깊음 · 끝낮음,True,0.001,-0.659,-0.484
2020-05-09 17:00:00,롱,4,시작낮음 · B중간 · 끝낮음,False,-0.775,-0.449,-0.184
2020-05-09 21:00:00,숏,18,시작중간 · B얕음 · 끝높음,True,-0.279,-0.075,0.312
2020-05-10 12:00:00,롱,19,시작높음 · B깊음 · 끝낮음,False,0.06,-0.758,-0.571
2020-05-10 16:00:00,숏,9,시작낮음 · B얕음 · 끝높음,False,-0.606,-0.043,0.306
2020-05-10 18:00:00,롱,19,시작높음 · B깊음 · 끝낮음,False,0.133,-0.693,-0.289
2020-05-11 18:00:00,숏,11,시작중간 · B깊음 · 끝중간,True,-0.133,-0.57,-0.074
2020-05-11 19:00:00,롱,27,시작높음 · B얕음 · 끝높음,True,0.028,-0.214,0.24
2020-05-11 20:00:00,숏,26,시작높음 · B얕음 · 끝중간,False,0.157,-0.178,-0.044
2020-05-12 03:00:00,롱,5,시작낮음 · B중간 · 끝중간,False,-0.712,-0.448,-0.053
2020-05-12 22:00:00,숏,10,시작중간 · B깊음 · 끝낮음,False,-0.143,-0.629,-0.334
2020-05-13 00:00:00,롱,9,시작낮음 · B얕음 · 끝높음,False,-0.344,0.039,0.442
2020-05-13 07:00:00,숏,19,시작높음 · B깊음 · 끝낮음,False,0.11,-0.649,-0.26
2020-05-13 10:00:00,롱,6,시작낮음 · B중간 · 끝높음,False,-0.524,-0.362,0.214
2020-05-14 17:00:00,숏,19,시작높음 · B깊음 · 끝낮음,True,0.009,-0.774,-0.627
2020-05-16 04:00:00,롱,4,시작낮음 · B중간 · 끝낮음,True,-0.726,-0.437,-0.171
2020-05-16 17:00:00,숏,8,시작낮음 · B얕음 · 끝중간,True,-0.316,-0.215,0.126
2020-05-16 22:00:00,롱,26,시작높음 · B얕음 · 끝중간,True,0.166,-0.272,0.1
2020-05-17 22:00:00,숏,19,시작높음 · B깊음 · 끝낮음,True,0.015,-0.737,-0.496
2020-05-18 01:00:00,롱,9,시작낮음 · B얕음 · 끝높음,False,-0.632,-0.198,0.218
2020-05-18 06:00:00,숏,23,시작높음 · B중간 · 끝중간,False,0.228,-0.37,-0.004
2020-05-18 23:00:00,롱,10,시작중간 · B깊음 · 끝낮음,False,-0.188,-0.662,-0.274
2020-05-19 00:00:00,숏,9,시작낮음 · B얕음 · 끝높음,False,-0.384,-0.052,0.206
2020-05-19 08:00:00,롱,21,시작높음 · B깊음 · 끝높음,False,0.041,-0.616,0.214
2020-05-19 19:00:00,숏,10,시작중간 · B깊음 · 끝낮음,True,-0.157,-0.676,-0.17
2020-05-19 22:00:00,롱,18,시작중간 · B얕음 · 끝높음,True,-0.026,-0.134,0.154
2020-05-20 15:00:00,숏,18,시작중간 · B얕음 · 끝높음,False,-0.053,-0.11,0.51
2020-05-21 23:00:00,롱,10,시작중간 · B깊음 · 끝낮음,False,-0.094,-0.894,-0.678
2020-05-23 09:00:00,숏,8,시작낮음 · B얕음 · 끝중간,False,-0.639,-0.182,-0.015
2020-05-23 20:00:00,롱,17,시작중간 · B얕음 · 끝중간,False,-0.227,-0.229,0.091
2020-05-24 01:00:00,숏,23,시작높음 · B중간 · 끝중간,True,0.047,-0.301,0.037
2020-05-24 02:00:00,롱,17,시작중간 · B얕음 · 끝중간,False,-0.038,-0.038,0.004
2020-05-24 11:00:00,숏,12,시작중간 · B깊음 · 끝높음,False,-0.125,-0.585,0.27
2020-05-25 08:00:00,롱,10,시작중간 · B깊음 · 끝낮음,False,-0.112,-0.773,-0.671
2020-05-25 09:00:00,숏,9,시작낮음 · B얕음 · 끝높음,True,-0.629,0.022,0.17
2020-05-25 12:00:00,롱,22,시작높음 · B중간 · 끝낮음,False,0.114,-0.476,-0.333
2020-05-26 12:00:00,숏,10,시작중간 · B깊음 · 끝낮음,False,-0.245,-0.701,-0.189
2020-05-26 21:00:00,롱,5,시작낮음 · B중간 · 끝중간,True,-0.304,-0.313,-0.079
2020-05-27 22:00:00,숏,10,시작중간 · B깊음 · 끝낮음,True,-0.019,-0.657,-0.451
2020-05-28 00:00:00,롱,9,시작낮음 · B얕음 · 끝높음,False,-0.437,0.067,0.426
2020-05-28 03:00:00,숏,23,시작높음 · B중간 · 끝중간,True,0.448,-0.302,0.119
2020-05-28 12:00:00,롱,18,시작중간 · B얕음 · 끝높음,False,-0.062,-0.201,0.689
2020-05-29 02:00:00,숏,19,시작높음 · B깊음 · 끝낮음,False,0.141,-0.626,-0.479
2020-05-30 04:00:00,롱,5,시작낮음 · B중간 · 끝중간,False,-0.709,-0.464,0.015
2020-05-30 17:00:00,숏,1,시작낮음 · B깊음 · 끝낮음,False,-0.449,-0.657,-0.466
2020-05-30 22:00:00,롱,6,시작낮음 · B중간 · 끝높음,True,-0.423,-0.32,0.538
2020-05-31 04:00:00,숏,10,시작중간 · B깊음 · 끝낮음,True,-0.129,-0.58,-0.219
2020-06-01 02:00:00,롱,13,시작중간 · B중간 · 끝낮음,True,-0.299,-0.412,-0.152
2020-06-02 12:00:00,숏,10,시작중간 · B깊음 · 끝낮음,False,-0.047,-0.771,-0.6
2020-06-03 07:00:00,롱,1,시작낮음 · B깊음 · 끝낮음,False,-0.547,-0.685,-0.571
2020-06-04 09:00:00,숏,8,시작낮음 · B얕음 · 끝중간,False,-0.672,-0.143,-0.048
2020-06-04 13:00:00,롱,6,시작낮음 · B중간 · 끝높음,False,-0.416,-0.427,0.358
2020-06-05 03:00:00,숏,22,시작높음 · B중간 · 끝낮음,True,0.01,-0.518,-0.371
2020-06-06 09:00:00,롱,1,시작낮음 · B깊음 · 끝낮음,False,-0.447,-0.692,-0.361
2020-06-07 09:00:00,숏,5,시작낮음 · B중간 · 끝중간,False,-0.683,-0.378,-0.094
2020-06-07 19:00:00,롱,15,시작중간 · B중간 · 끝높음,False,-0.044,-0.473,0.242
2020-06-08 12:00:00,숏,1,시작낮음 · B깊음 · 끝낮음,True,-0.307,-0.552,-0.444
2020-06-08 23:00:00,롱,8,시작낮음 · B얕음 · 끝중간,True,-0.73,-0.231,0.127
2020-06-09 00:00:00,숏,14,시작중간 · B중간 · 끝중간,True,-0.133,-0.533,-0.035
2020-06-09 12:00:00,롱,13,시작중간 · B중간 · 끝낮음,False,-0.247,-0.449,-0.181
2020-06-10 07:00:00,숏,8,시작낮음 · B얕음 · 끝중간,True,-0.324,-0.137,-0.09
2020-06-10 17:00:00,롱,14,시작중간 · B중간 · 끝중간,True,-0.274,-0.371,-0.009
2020-06-11 06:00:00,숏,10,시작중간 · B깊음 · 끝낮음,False,-0.046,-0.648,-0.215
2020-06-12 03:00:00,롱,10,시작중간 · B깊음 · 끝낮음,False,-0.14,-0.691,-0.586
2020-06-13 20:00:00,숏,8,시작낮음 · B얕음 · 끝중간,False,-0.676,-0.2,-0.065
2020-06-13 21:00:00,롱,17,시작중간 · B얕음 · 끝중간,False,-0.2,-0.129,0.08
2020-06-14 06:00:00,숏,23,시작높음 · B중간 · 끝중간,False,0.224,-0.488,-0.016
2020-06-15 14:00:00,롱,10,시작중간 · B깊음 · 끝낮음,False,-0.039,-0.785,-0.406
2020-06-16 14:00:00,숏,4,시작낮음 · B중간 · 끝낮음,False,-0.369,-0.495,-0.377
2020-06-17 23:00:00,롱,4,시작낮음 · B중간 · 끝낮음,True,-0.827,-0.532,-0.188
2020-06-18 15:00:00,숏,18,시작중간 · B얕음 · 끝높음,True,-0.29,-0.083,0.168
2020-06-19 09:00:00,롱,19,시작높음 · B깊음 · 끝낮음,False,0.059,-0.753,-0.262
2020-06-19 19:00:00,숏,5,시작낮음 · B중간 · 끝중간,False,-0.554,-0.406,0.04
2020-06-20 03:00:00,롱,26,시작높음 · B얕음 · 끝중간,False,0.042,-0.139,0.0
2020-06-20 08:00:00,숏,27,시작높음 · B얕음 · 끝높음,True,0.016,-0.293,0.37
2020-06-20 11:00:00,롱,26,시작높음 · B얕음 · 끝중간,True,0.111,-0.029,0.13
2020-06-20 14:00:00,숏,26,시작높음 · B얕음 · 끝중간,True,0.002,-0.047,0.047
2020-06-20 18:00:00,롱,26,시작높음 · B얕음 · 끝중간,True,0.012,-0.125,0.111
2020-06-21 11:00:00,숏,10,시작중간 · B깊음 · 끝낮음,False,-0.12,-0.676,-0.455
2020-06-22 02:00:00,롱,6,시작낮음 · B중간 · 끝높음,True,-0.538,-0.404,0.175
2020-06-23 04:00:00,숏,19,시작높음 · B깊음 · 끝낮음,False,0.068,-0.611,-0.476
2020-06-25 01:00:00,롱,1,시작낮음 · B깊음 · 끝낮음,False,-0.471,-0.742,-0.652
2020-06-25 03:00:00,숏,9,시작낮음 · B얕음 · 끝높음,False,-0.561,-0.043,0.257
2020-06-25 08:00:00,롱,20,시작높음 · B깊음 · 끝중간,True,0.08,-0.582,0.128
2020-06-26 06:00:00,숏,14,시작중간 · B중간 · 끝중간,True,-0.202,-0.477,-0.134
2020-06-26 20:00:00,롱,23,시작높음 · B중간 · 끝중간,False,0.122,-0.416,-0.063
2020-06-27 16:00:00,숏,18,시작중간 · B얕음 · 끝높음,False,-0.265,-0.228,0.317
2020-06-28 06:00:00,롱,19,시작높음 · B깊음 · 끝낮음,False,0.182,-0.588,-0.323
2020-06-29 04:00:00,숏,1,시작낮음 · B깊음 · 끝낮음,False,-0.481,-0.611,-0.423
2020-06-29 17:00:00,롱,9,시작낮음 · B얕음 · 끝높음,True,-0.598,-0.272,0.25
2020-06-30 05:00:00,숏,23,시작높음 · B중간 · 끝중간,False,0.08,-0.51,-0.029
2020-07-01 08:00:00,롱,14,시작중간 · B중간 · 끝중간,False,-0.264,-0.503,0.077
2020-07-02 00:00:00,숏,10,시작중간 · B깊음 · 끝낮음,False,-0.128,-0.677,-0.422
2020-07-03 03:00:00,롱,10,시작중간 · B깊음 · 끝낮음,False,-0.259,-0.695,-0.392
2020-07-04 11:00:00,숏,8,시작낮음 · B얕음 · 끝중간,False,-0.443,-0.058,0.119
2020-07-04 13:00:00,롱,27,시작높음 · B얕음 · 끝높음,False,0.411,-0.183,0.2
2020-07-05 05:00:00,숏,20,시작높음 · B깊음 · 끝중간,False,0.057,-0.678,-0.064
2020-07-05 22:00:00,롱,10,시작중간 · B깊음 · 끝낮음,True,-0.183,-0.575,-0.169
2020-07-06 22:00:00,숏,10,시작중간 · B깊음 · 끝낮음,False,-0.198,-0.665,-0.567
2020-07-06 23:00:00,롱,9,시작낮음 · B얕음 · 끝높음,False,-0.676,-0.012,0.185
2020-07-07 01:00:00,숏,19,시작높음 · B깊음 · 끝낮음,False,0.098,-0.758,-0.247
2020-07-08 02:00:00,롱,10,시작중간 · B깊음 · 끝낮음,True,-0.2,-0.709,-0.164
2020-07-09 01:00:00,숏,10,시작중간 · B깊음 · 끝낮음,False,-0.18,-0.631,-0.426
2020-07-10 10:00:00,롱,1,시작낮음 · B깊음 · 끝낮음,False,-0.35,-0.739,-0.652
2020-07-11 09:00:00,숏,5,시작낮음 · B중간 · 끝중간,False,-0.71,-0.341,-0.063
2020-07-11 23:00:00,롱,4,시작낮음 · B중간 · 끝낮음,False,-0.509,-0.449,-0.187
2020-07-12 13:00:00,숏,11,시작중간 · B깊음 · 끝중간,False,-0.252,-0.69,0.029
2020-07-12 22:00:00,롱,14,시작중간 · B중간 · 끝중간,True,-0.247,-0.435,0.143
2020-07-13 18:00:00,숏,25,시작높음 · B얕음 · 끝낮음,True,0.014,-0.174,-0.162
2020-07-14 12:00:00,롱,10,시작중간 · B깊음 · 끝낮음,False,-0.139,-0.749,-0.469
2020-07-15 06:00:00,숏,8,시작낮음 · B얕음 · 끝중간,False,-0.342,-0.132,0.025
2020-07-16 01:00:00,롱,13,시작중간 · B중간 · 끝낮음,True,-0.095,-0.527,-0.209
2020-07-16 03:00:00,숏,8,시작낮음 · B얕음 · 끝중간,True,-0.325,-0.074,0.129
2020-07-16 17:00:00,롱,19,시작높음 · B깊음 · 끝낮음,False,0.052,-0.79,-0.42
2020-07-18 02:00:00,숏,5,시작낮음 · B중간 · 끝중간,True,-0.512,-0.314,-0.126
2020-07-18 09:00:00,롱,18,시작중간 · B얕음 · 끝높음,True,-0.154,-0.123,0.178
2020-07-18 23:00:00,숏,25,시작높음 · B얕음 · 끝낮음,True,0.282,-0.186,-0.153
2020-07-19 00:00:00,롱,26,시작높음 · B얕음 · 끝중간,True,0.157,0.025,0.132
2020-07-19 01:00:00,숏,12,시작중간 · B깊음 · 끝높음,True,-0.037,-0.556,0.37
2020-07-19 17:00:00,롱,10,시작중간 · B깊음 · 끝낮음,False,-0.081,-0.794,-0.331
2020-07-20 10:00:00,숏,14,시작중간 · B중간 · 끝중간,False,-0.176,-0.446,-0.064
2020-07-21 02:00:00,롱,5,시작낮음 · B중간 · 끝중간,False,-0.431,-0.348,-0.099
2020-07-21 21:00:00,숏,10,시작중간 · B깊음 · 끝낮음,False,-0.03,-0.818,-0.609
2020-07-22 20:00:00,롱,8,시작낮음 · B얕음 · 끝중간,False,-0.662,-0.197,0.024
2020-07-23 10:00:00,숏,19,시작높음 · B깊음 · 끝낮음,True,0.027,-0.553,-0.461
2020-07-23 16:00:00,롱,9,시작낮음 · B얕음 · 끝높음,False,-0.443,-0.018,0.498
2020-07-24 00:00:00,숏,22,시작높음 · B중간 · 끝낮음,False,0.106,-0.457,-0.27
2020-07-24 18:00:00,롱,2,시작낮음 · B깊음 · 끝중간,False,-0.368,-0.582,-0.089
2020-07-24 23:00:00,숏,14,시작중간 · B중간 · 끝중간,False,-0.259,-0.459,0.114
2020-07-25 04:00:00,롱,27,시작높음 · B얕음 · 끝높음,False,0.212,-0.072,0.419
2020-07-25 10:00:00,숏,26,시작높음 · B얕음 · 끝중간,False,0.44,-0.203,0.063
2020-07-25 16:00:00,롱,27,시작높음 · B얕음 · 끝높음,False,0.175,-0.136,0.487
2020-07-26 04:00:00,숏,19,시작높음 · B깊음 · 끝낮음,False,0.074,-0.714,-0.46
2020-07-26 08:00:00,롱,9,시작낮음 · B얕음 · 끝높음,False,-0.479,-0.066,0.429
2020-07-26 19:00:00,숏,19,시작높음 · B깊음 · 끝낮음,False,0.069,-0.777,-0.322
2020-07-27 01:00:00,롱,9,시작낮음 · B얕음 · 끝높음,False,-0.486,-0.089,0.36
2020-07-28 04:00:00,숏,19,시작높음 · B깊음 · 끝낮음,False,0.045,-0.867,-0.696
2020-07-29 08:00:00,롱,8,시작낮음 · B얕음 · 끝중간,False,-0.684,-0.217,0.109
2020-07-29 23:00:00,숏,23,시작높음 · B중간 · 끝중간,True,0.003,-0.345,-0.108
2020-07-30 17:00:00,롱,4,시작낮음 · B중간 · 끝낮음,False,-0.408,-0.52,-0.405
2020-07-31 02:00:00,숏,8,시작낮음 · B얕음 · 끝중간,True,-0.433,-0.289,0.067
2020-07-31 06:00:00,롱,27,시작높음 · B얕음 · 끝높음,True,0.024,-0.206,0.593
2020-08-01 00:00:00,숏,19,시작높음 · B깊음 · 끝낮음,False,0.057,-0.743,-0.464
2020-08-01 04:00:00,롱,8,시작낮음 · B얕음 · 끝중간,True,-0.727,-0.154,0.144
2020-08-01 14:00:00,숏,10,시작중간 · B깊음 · 끝낮음,False,-0.03,-0.625,-0.454
2020-08-01 19:00:00,롱,9,시작낮음 · B얕음 · 끝높음,False,-0.371,0.034,0.473
2020-08-02 00:00:00,숏,22,시작높음 · B중간 · 끝낮음,True,0.321,-0.545,-0.349
2020-08-02 01:00:00,롱,9,시작낮음 · B얕음 · 끝높음,False,-0.396,-0.062,0.482
2020-08-02 04:00:00,숏,18,시작중간 · B얕음 · 끝높음,True,-0.024,-0.184,0.388
2020-08-03 00:00:00,롱,10,시작중간 · B깊음 · 끝낮음,False,-0.12,-0.628,-0.552
2020-08-03 23:00:00,숏,8,시작낮음 · B얕음 · 끝중간,False,-0.58,-0.25,-0.097
2020-08-04 00:00:00,롱,9,시작낮음 · B얕음 · 끝높음,False,-0.448,-0.086,0.27
2020-08-04 02:00:00,숏,10,시작중간 · B깊음 · 끝낮음,True,-0.026,-0.569,-0.215
2020-08-04 19:00:00,롱,10,시작중간 · B깊음 · 끝낮음,False,-0.176,-0.641,-0.274
2020-08-05 01:00:00,숏,8,시작낮음 · B얕음 · 끝중간,True,-0.323,-0.128,0.107
2020-08-05 03:00:00,롱,27,시작높음 · B얕음 · 끝높음,False,0.301,-0.238,0.34
2020-08-06 02:00:00,숏,19,시작높음 · B깊음 · 끝낮음,False,0.046,-0.855,-0.714
2020-08-06 13:00:00,롱,9,시작낮음 · B얕음 · 끝높음,False,-0.685,-0.148,0.282
2020-08-06 21:00:00,숏,26,시작높음 · B얕음 · 끝중간,True,0.4,-0.294,0.082
2020-08-08 02:00:00,롱,10,시작중간 · B깊음 · 끝낮음,False,-0.161,-0.757,-0.393
2020-08-08 03:00:00,숏,8,시작낮음 · B얕음 · 끝중간,True,-0.398,0.013,0.14
2020-08-08 05:00:00,롱,20,시작높음 · B깊음 · 끝중간,False,0.076,-0.612,0.013
2020-08-09 02:00:00,숏,10,시작중간 · B깊음 · 끝낮음,False,-0.24,-0.932,-0.622
2020-08-09 21:00:00,롱,1,시작낮음 · B깊음 · 끝낮음,True,-0.523,-0.571,-0.195
2020-08-10 10:00:00,숏,11,시작중간 · B깊음 · 끝중간,False,-0.073,-0.663,-0.027
2020-08-12 06:00:00,롱,1,시작낮음 · B깊음 · 끝낮음,True,-0.309,-0.828,-0.682
2020-08-13 07:00:00,숏,4,시작낮음 · B중간 · 끝낮음,False,-0.844,-0.451,-0.302
2020-08-13 17:00:00,롱,5,시작낮음 · B중간 · 끝중간,False,-0.754,-0.449,-0.066
2020-08-13 18:00:00,숏,17,시작중간 · B얕음 · 끝중간,False,-0.097,-0.031,0.086
2020-08-13 19:00:00,롱,10,시작중간 · B깊음 · 끝낮음,False,-0.07,-0.78,-0.23
2020-08-14 08:00:00,숏,10,시작중간 · B깊음 · 끝낮음,False,-0.097,-0.951,-0.562
2020-08-14 17:00:00,롱,9,시작낮음 · B얕음 · 끝높음,False,-0.562,-0.044,0.285
2020-08-14 20:00:00,숏,27,시작높음 · B얕음 · 끝높음,False,0.4,-0.112,0.189
2020-08-15 00:00:00,롱,18,시작중간 · B얕음 · 끝높음,False,-0.038,-0.239,0.419
2020-08-15 08:00:00,숏,10,시작중간 · B깊음 · 끝낮음,False,-0.194,-0.664,-0.4
2020-08-16 03:00:00,롱,5,시작낮음 · B중간 · 끝중간,True,-0.369,-0.412,0.121
2020-08-16 07:00:00,숏,17,시작중간 · B얕음 · 끝중간,False,-0.211,-0.163,-0.012
2020-08-16 21:00:00,롱,11,시작중간 · B깊음 · 끝중간,True,-0.061,-0.73,-0.126
2020-08-17 04:00:00,숏,14,시작중간 · B중간 · 끝중간,True,-0.192,-0.317,0.116
2020-08-17 09:00:00,롱,17,시작중간 · B얕음 · 끝중간,False,-0.1,-0.251,0.045
2020-08-18 03:00:00,숏,19,시작높음 · B깊음 · 끝낮음,False,0.035,-0.757,-0.627
2020-08-19 12:00:00,롱,1,시작낮음 · B깊음 · 끝낮음,False,-0.558,-0.809,-0.568
2020-08-19 19:00:00,숏,9,시작낮음 · B얕음 · 끝높음,False,-0.69,-0.028,0.254
2020-08-19 21:00:00,롱,26,시작높음 · B얕음 · 끝중간,False,0.327,-0.135,-0.053
2020-08-21 02:00:00,숏,13,시작중간 · B중간 · 끝낮음,False,-0.037,-0.455,-0.257
2020-08-21 03:00:00,롱,9,시작낮음 · B얕음 · 끝높음,True,-0.328,-0.087,0.252
2020-08-21 08:00:00,숏,10,시작중간 · B깊음 · 끝낮음,False,-0.243,-0.781,-0.337
2020-08-22 07:00:00,롱,10,시작중간 · B깊음 · 끝낮음,False,-0.089,-0.904,-0.538
2020-08-23 06:00:00,숏,8,시작낮음 · B얕음 · 끝중간,False,-0.589,-0.242,-0.088
2020-08-23 15:00:00,롱,15,시작중간 · B중간 · 끝높음,True,-0.286,-0.342,0.425
2020-08-24 17:00:00,숏,19,시작높음 · B깊음 · 끝낮음,False,0.13,-0.653,-0.453
2020-08-26 02:00:00,롱,10,시작중간 · B깊음 · 끝낮음,False,-0.179,-0.886,-0.533
2020-08-27 02:00:00,숏,8,시작낮음 · B얕음 · 끝중간,True,-0.628,-0.279,-0.056
2020-08-27 23:00:00,롱,13,시작중간 · B중간 · 끝낮음,True,-0.135,-0.507,-0.175
2020-08-29 01:00:00,숏,10,시작중간 · B깊음 · 끝낮음,True,-0.298,-0.556,-0.457
2020-08-29 07:00:00,롱,9,시작낮음 · B얕음 · 끝높음,False,-0.676,-0.05,0.224
2020-08-29 10:00:00,숏,24,시작높음 · B중간 · 끝높음,False,0.171,-0.402,0.413
2020-08-30 01:00:00,롱,15,시작중간 · B중간 · 끝높음,False,-0.118,-0.407,0.375
2020-08-30 10:00:00,숏,10,시작중간 · B깊음 · 끝낮음,False,-0.14,-0.6,-0.292
2020-08-30 11:00:00,롱,8,시작낮음 · B얕음 · 끝중간,False,-0.663,-0.175,0.114
2020-08-30 21:00:00,숏,10,시작중간 · B깊음 · 끝낮음,False,-0.115,-0.907,-0.366
2020-08-30 23:00:00,롱,9,시작낮음 · B얕음 · 끝높음,False,-0.449,-0.23,0.489
2020-08-31 04:00:00,숏,23,시작높음 · B중간 · 끝중간,False,0.179,-0.52,-0.071
2020-08-31 13:00:00,롱,15,시작중간 · B중간 · 끝높음,False,-0.114,-0.475,0.235
2020-08-31 20:00:00,숏,27,시작높음 · B얕음 · 끝높음,False,0.152,-0.23,0.197
2020-09-01 05:00:00,롱,12,시작중간 · B깊음 · 끝높음,False,-0.03,-0.613,0.244
2020-09-01 23:00:00,숏,10,시작중간 · B깊음 · 끝낮음,False,-0.057,-0.661,-0.43
2020-09-02 23:00:00,롱,10,시작중간 · B깊음 · 끝낮음,True,-0.286,-0.729,-0.661
2020-09-03 12:00:00,숏,9,시작낮음 · B얕음 · 끝높음,False,-0.407,0.023,0.44
2020-09-04 07:00:00,롱,19,시작높음 · B깊음 · 끝낮음,False,0.125,-0.752,-0.603
2020-09-05 09:00:00,숏,8,시작낮음 · B얕음 · 끝중간,False,-0.726,-0.264,-0.045
2020-09-06 00:00:00,롱,10,시작중간 · B깊음 · 끝낮음,True,-0.133,-0.569,-0.151
2020-09-07 04:00:00,숏,5,시작낮음 · B중간 · 끝중간,True,-0.328,-0.335,-0.033
2020-09-07 16:00:00,롱,11,시작중간 · B깊음 · 끝중간,True,-0.143,-0.575,-0.01
2020-09-08 08:00:00,숏,14,시작중간 · B중간 · 끝중간,False,-0.066,-0.387,-0.058
2020-09-08 23:00:00,롱,13,시작중간 · B중간 · 끝낮음,True,-0.228,-0.549,-0.256
2020-09-10 07:00:00,숏,4,시작낮음 · B중간 · 끝낮음,True,-0.337,-0.525,-0.28
2020-09-10 13:00:00,롱,9,시작낮음 · B얕음 · 끝높음,False,-0.442,-0.205,0.221
2020-09-10 16:00:00,숏,23,시작높음 · B중간 · 끝중간,False,0.071,-0.425,0.103
2020-09-11 15:00:00,롱,10,시작중간 · B깊음 · 끝낮음,False,-0.162,-0.653,-0.352
2020-09-12 07:00:00,숏,4,시작낮음 · B중간 · 끝낮음,False,-0.443,-0.383,-0.204
2020-09-12 17:00:00,롱,15,시작중간 · B중간 · 끝높음,False,-0.266,-0.432,0.307
2020-09-13 10:00:00,숏,22,시작높음 · B중간 · 끝낮음,True,0.116,-0.545,-0.3
2020-09-14 02:00:00,롱,1,시작낮음 · B깊음 · 끝낮음,False,-0.413,-0.786,-0.428
2020-09-15 06:00:00,숏,10,시작중간 · B깊음 · 끝낮음,True,-0.294,-0.764,-0.675
2020-09-15 12:00:00,롱,9,시작낮음 · B얕음 · 끝높음,False,-0.653,-0.151,0.268
2020-09-15 14:00:00,숏,24,시작높음 · B중간 · 끝높음,True,0.336,-0.307,0.183
2020-09-16 07:00:00,롱,21,시작높음 · B깊음 · 끝높음,True,0.011,-0.568,0.277
2020-09-16 23:00:00,숏,19,시작높음 · B깊음 · 끝낮음,True,0.008,-0.577,-0.275
2020-09-17 19:00:00,롱,1,시작낮음 · B깊음 · 끝낮음,False,-0.491,-0.717,-0.294
2020-09-18 14:00:00,숏,5,시작낮음 · B중간 · 끝중간,True,-0.408,-0.365,-0.134
2020-09-19 00:00:00,롱,15,시작중간 · B중간 · 끝높음,False,-0.116,-0.448,0.207
2020-09-19 07:00:00,숏,17,시작중간 · B얕음 · 끝중간,True,-0.046,-0.287,0.124
2020-09-19 10:00:00,롱,15,시작중간 · B중간 · 끝높음,False,-0.047,-0.464,0.49
2020-09-19 22:00:00,숏,19,시작높음 · B깊음 · 끝낮음,True,0.012,-0.586,-0.408
2020-09-20 23:00:00,롱,10,시작중간 · B깊음 · 끝낮음,False,-0.257,-0.658,-0.323
2020-09-21 09:00:00,숏,9,시작낮음 · B얕음 · 끝높음,False,-0.433,-0.258,0.433
2020-09-22 00:00:00,롱,19,시작높음 · B깊음 · 끝낮음,False,0.056,-0.695,-0.566
2020-09-23 06:00:00,숏,8,시작낮음 · B얕음 · 끝중간,False,-0.762,-0.134,-0.049
2020-09-23 10:00:00,롱,5,시작낮음 · B중간 · 끝중간,False,-0.412,-0.36,0.069
2020-09-23 18:00:00,숏,27,시작높음 · B얕음 · 끝높음,True,0.122,-0.277,0.546
2020-09-24 06:00:00,롱,19,시작높음 · B깊음 · 끝낮음,False,0.069,-0.72,-0.425
2020-09-25 05:00:00,숏,10,시작중간 · B깊음 · 끝낮음,False,-0.263,-0.734,-0.558
2020-09-25 20:00:00,롱,8,시작낮음 · B얕음 · 끝중간,False,-0.72,-0.203,0.061
2020-09-25 23:00:00,숏,27,시작높음 · B얕음 · 끝높음,True,0.311,-0.082,0.168
2020-09-27 00:00:00,롱,27,시작높음 · B얕음 · 끝높음,False,0.233,-0.075,0.475
2020-09-27 06:00:00,숏,24,시작높음 · B중간 · 끝높음,True,0.185,-0.325,0.295
2020-09-27 16:00:00,롱,10,시작중간 · B깊음 · 끝낮음,False,-0.243,-0.793,-0.309
2020-09-28 13:00:00,숏,13,시작중간 · B중간 · 끝낮음,False,-0.075,-0.44,-0.383
2020-09-29 11:00:00,롱,1,시작낮음 · B깊음 · 끝낮음,False,-0.474,-0.652,-0.452
2020-09-29 17:00:00,숏,9,시작낮음 · B얕음 · 끝높음,False,-0.414,0.002,0.298
2020-09-29 18:00:00,롱,27,시작높음 · B얕음 · 끝높음,False,0.517,-0.258,0.289
2020-09-30 05:00:00,숏,20,시작높음 · B깊음 · 끝중간,True,-0.0,-0.772,-0.131
2020-09-30 14:00:00,롱,5,시작낮음 · B중간 · 끝중간,False,-0.36,-0.393,0.016
2020-09-30 20:00:00,숏,24,시작높음 · B중간 · 끝높음,True,0.009,-0.345,0.277
2020-09-30 23:00:00,롱,27,시작높음 · B얕음 · 끝높음,False,0.366,-0.094,0.46
2020-10-01 15:00:00,숏,23,시작높음 · B중간 · 끝중간,False,0.053,-0.388,0.05
2020-10-02 13:00:00,롱,10,시작중간 · B깊음 · 끝낮음,False,-0.201,-0.765,-0.611
2020-10-04 01:00:00,숏,8,시작낮음 · B얕음 · 끝중간,False,-0.771,-0.198,-0.102
2020-10-04 04:00:00,롱,8,시작낮음 · B얕음 · 끝중간,True,-0.422,-0.125,0.129
2020-10-05 06:00:00,숏,19,시작높음 · B깊음 · 끝낮음,True,0.022,-0.762,-0.418
2020-10-05 13:00:00,롱,9,시작낮음 · B얕음 · 끝높음,False,-0.624,-0.211,0.246
2020-10-05 18:00:00,숏,26,시작높음 · B얕음 · 끝중간,False,0.21,-0.225,-0.087
2020-10-05 19:00:00,롱,27,시작높음 · B얕음 · 끝높음,False,0.225,-0.16,0.408
2020-10-06 05:00:00,숏,19,시작높음 · B깊음 · 끝낮음,False,0.09,-0.611,-0.403
2020-10-07 06:00:00,롱,10,시작중간 · B깊음 · 끝낮음,False,-0.193,-0.902,-0.548
2020-10-08 05:00:00,숏,8,시작낮음 · B얕음 · 끝중간,False,-0.636,-0.263,-0.009
2020-10-08 13:00:00,롱,15,시작중간 · B중간 · 끝높음,False,-0.136,-0.333,0.409
2020-10-09 04:00:00,숏,19,시작높음 · B깊음 · 끝낮음,True,0.013,-0.626,-0.596
2020-10-09 11:00:00,롱,9,시작낮음 · B얕음 · 끝높음,False,-0.523,-0.084,0.345
2020-10-09 19:00:00,숏,22,시작높음 · B중간 · 끝낮음,True,0.357,-0.323,-0.237
2020-10-10 02:00:00,롱,18,시작중간 · B얕음 · 끝높음,True,-0.024,-0.032,0.732
2020-10-10 11:00:00,숏,19,시작높음 · B깊음 · 끝낮음,False,0.085,-0.771,-0.519
2020-10-12 14:00:00,롱,9,시작낮음 · B얕음 · 끝높음,False,-0.514,-0.143,0.328
2020-10-13 01:00:00,숏,23,시작높음 · B중간 · 끝중간,False,0.319,-0.349,-0.026
2020-10-14 00:00:00,롱,14,시작중간 · B중간 · 끝중간,False,-0.039,-0.411,-0.036
2020-10-14 04:00:00,숏,17,시작중간 · B얕음 · 끝중간,True,-0.27,-0.257,0.112
2020-10-14 06:00:00,롱,27,시작높음 · B얕음 · 끝높음,False,0.175,-0.14,0.232
2020-10-14 07:00:00,숏,26,시작높음 · B얕음 · 끝중간,False,0.469,-0.154,0.046
2020-10-14 08:00:00,롱,12,시작중간 · B깊음 · 끝높음,False,-0.263,-0.674,0.242
2020-10-14 10:00:00,숏,18,시작중간 · B얕음 · 끝높음,True,-0.165,-0.278,0.411
2020-10-14 13:00:00,롱,27,시작높음 · B얕음 · 끝높음,False,0.082,-0.138,0.622
2020-10-14 15:00:00,숏,15,시작중간 · B중간 · 끝높음,False,-0.055,-0.477,0.334
2020-10-14 22:00:00,롱,26,시작높음 · B얕음 · 끝중간,False,0.071,-0.263,0.004
2020-10-15 09:00:00,숏,18,시작중간 · B얕음 · 끝높음,False,-0.128,-0.25,0.354
2020-10-15 13:00:00,롱,27,시작높음 · B얕음 · 끝높음,False,0.241,-0.095,0.357
2020-10-16 04:00:00,숏,24,시작높음 · B중간 · 끝높음,False,0.083,-0.476,0.235
2020-10-16 18:00:00,롱,13,시작중간 · B중간 · 끝낮음,True,-0.248,-0.536,-0.322
2020-10-16 19:00:00,숏,8,시작낮음 · B얕음 · 끝중간,False,-0.369,-0.068,0.044
2020-10-16 22:00:00,롱,10,시작중간 · B깊음 · 끝낮음,True,-0.273,-0.814,-0.273
2020-10-17 00:00:00,숏,18,시작중간 · B얕음 · 끝높음,False,-0.221,-0.116,0.354
2020-10-17 01:00:00,롱,24,시작높음 · B중간 · 끝높음,False,0.225,-0.408,0.268
2020-10-18 20:00:00,숏,10,시작중간 · B깊음 · 끝낮음,False,-0.094,-0.694,-0.584
2020-10-18 23:00:00,롱,9,시작낮음 · B얕음 · 끝높음,False,-0.511,-0.075,0.261
2020-10-19 02:00:00,숏,23,시작높음 · B중간 · 끝중간,False,0.237,-0.442,0.049
2020-10-19 11:00:00,롱,14,시작중간 · B중간 · 끝중간,True,-0.004,-0.338,0.136
2020-10-20 02:00:00,숏,19,시작높음 · B깊음 · 끝낮음,True,0.018,-0.789,-0.597
2020-10-20 12:00:00,롱,9,시작낮음 · B얕음 · 끝높음,False,-0.48,0.028,0.393
2020-10-20 20:00:00,숏,19,시작높음 · B깊음 · 끝낮음,False,0.161,-0.66,-0.341
2020-10-21 02:00:00,롱,9,시작낮음 · B얕음 · 끝높음,False,-0.363,-0.088,0.547
2020-10-22 02:00:00,숏,19,시작높음 · B깊음 · 끝낮음,False,0.065,-0.74,-0.601
2020-10-22 21:00:00,롱,9,시작낮음 · B얕음 · 끝높음,False,-0.695,-0.118,0.217
2020-10-22 22:00:00,숏,27,시작높음 · B얕음 · 끝높음,False,0.522,-0.105,0.193
2020-10-24 01:00:00,롱,10,시작중간 · B깊음 · 끝낮음,False,-0.041,-0.849,-0.381
2020-10-24 08:00:00,숏,8,시작낮음 · B얕음 · 끝중간,False,-0.51,-0.207,-0.056
2020-10-24 10:00:00,롱,18,시작중간 · B얕음 · 끝높음,False,-0.106,-0.059,0.628
2020-10-25 05:00:00,숏,20,시작높음 · B깊음 · 끝중간,True,0.028,-0.705,-0.016
2020-10-25 22:00:00,롱,1,시작낮음 · B깊음 · 끝낮음,False,-0.69,-0.583,-0.576
2020-10-26 15:00:00,숏,5,시작낮음 · B중간 · 끝중간,False,-0.601,-0.365,0.073
2020-10-27 00:00:00,롱,1,시작낮음 · B깊음 · 끝낮음,False,-0.359,-0.715,-0.215
2020-10-28 05:00:00,숏,10,시작중간 · B깊음 · 끝낮음,False,-0.109,-0.713,-0.629
2020-10-29 01:00:00,롱,1,시작낮음 · B깊음 · 끝낮음,False,-0.723,-0.776,-0.496
2020-10-29 08:00:00,숏,8,시작낮음 · B얕음 · 끝중간,True,-0.597,-0.048,0.144
2020-10-29 09:00:00,롱,27,시작높음 · B얕음 · 끝높음,False,0.513,-0.054,0.202
2020-10-29 10:00:00,숏,5,시작낮음 · B중간 · 끝중간,True,-0.333,-0.393,0.123
2020-10-29 13:00:00,롱,15,시작중간 · B중간 · 끝높음,False,-0.178,-0.336,0.191
2020-10-30 04:00:00,숏,10,시작중간 · B깊음 · 끝낮음,False,-0.061,-0.745,-0.432
2020-10-30 15:00:00,롱,6,시작낮음 · B중간 · 끝높음,False,-0.51,-0.443,0.187
2020-10-31 04:00:00,숏,10,시작중간 · B깊음 · 끝낮음,True,-0.159,-0.58,-0.252
2020-10-31 08:00:00,롱,18,시작중간 · B얕음 · 끝높음,False,-0.206,-0.028,0.509
2020-10-31 18:00:00,숏,19,시작높음 · B깊음 · 끝낮음,False,0.134,-0.601,-0.22
2020-11-01 15:00:00,롱,17,시작중간 · B얕음 · 끝중간,False,-0.241,-0.253,0.041
2020-11-01 22:00:00,숏,27,시작높음 · B얕음 · 끝높음,False,0.121,-0.216,0.32
2020-11-02 19:00:00,롱,10,시작중간 · B깊음 · 끝낮음,True,-0.005,-0.776,-0.406
2020-11-03 03:00:00,숏,5,시작낮음 · B중간 · 끝중간,True,-0.546,-0.324,0.105
2020-11-03 08:00:00,롱,27,시작높음 · B얕음 · 끝높음,True,0.102,-0.292,0.202
2020-11-04 06:00:00,숏,10,시작중간 · B깊음 · 끝낮음,True,-0.022,-0.747,-0.456
2020-11-04 15:00:00,롱,5,시작낮음 · B중간 · 끝중간,True,-0.578,-0.306,0.148
2020-11-06 06:00:00,숏,19,시작높음 · B깊음 · 끝낮음,True,0.026,-0.867,-0.763
2020-11-08 04:00:00,롱,4,시작낮음 · B중간 · 끝낮음,True,-0.827,-0.531,-0.3
2020-11-09 05:00:00,숏,4,시작낮음 · B중간 · 끝낮음,False,-0.48,-0.463,-0.337
2020-11-09 11:00:00,롱,9,시작낮음 · B얕음 · 끝높음,False,-0.429,-0.149,0.456
2020-11-09 13:00:00,숏,24,시작높음 · B중간 · 끝높음,False,0.175,-0.479,0.261
2020-11-10 01:00:00,롱,10,시작중간 · B깊음 · 끝낮음,True,-0.119,-0.65,-0.178
2020-11-10 07:00:00,숏,8,시작낮음 · B얕음 · 끝중간,True,-0.31,-0.186,0.007
2020-11-10 08:00:00,롱,18,시작중간 · B얕음 · 끝높음,False,-0.071,-0.056,0.428
2020-11-10 11:00:00,숏,14,시작중간 · B중간 · 끝중간,False,-0.112,-0.359,0.036
2020-11-10 21:00:00,롱,14,시작중간 · B중간 · 끝중간,True,-0.087,-0.393,0.126
2020-11-12 00:00:00,숏,10,시작중간 · B깊음 · 끝낮음,False,-0.033,-0.769,-0.365
2020-11-12 09:00:00,롱,9,시작낮음 · B얕음 · 끝높음,False,-0.456,-0.182,0.432
2020-11-12 11:00:00,숏,23,시작높음 · B중간 · 끝중간,False,0.227,-0.462,0.06
2020-11-12 12:00:00,롱,27,시작높음 · B얕음 · 끝높음,False,0.185,0.071,0.308
2020-11-13 06:00:00,숏,19,시작높음 · B깊음 · 끝낮음,True,0.005,-0.765,-0.661
2020-11-14 20:00:00,롱,1,시작낮음 · B깊음 · 끝낮음,False,-0.59,-0.647,-0.329
2020-11-15 17:00:00,숏,5,시작낮음 · B중간 · 끝중간,False,-0.589,-0.335,0.012
2020-11-16 01:00:00,롱,14,시작중간 · B중간 · 끝중간,True,-0.297,-0.541,-0.121
2020-11-17 03:00:00,숏,10,시작중간 · B깊음 · 끝낮음,True,-0.016,-0.785,-0.565
2020-11-17 12:00:00,롱,9,시작낮음 · B얕음 · 끝높음,False,-0.608,-0.07,0.344
2020-11-18 06:00:00,숏,19,시작높음 · B깊음 · 끝낮음,False,0.153,-0.77,-0.401
2020-11-18 08:00:00,롱,9,시작낮음 · B얕음 · 끝높음,False,-0.396,-0.015,0.355
2020-11-18 12:00:00,숏,26,시작높음 · B얕음 · 끝중간,False,0.585,-0.248,0.033
2020-11-19 14:00:00,롱,11,시작중간 · B깊음 · 끝중간,True,-0.14,-0.874,-0.123
2020-11-19 23:00:00,숏,18,시작중간 · B얕음 · 끝높음,False,-0.176,-0.115,0.223
2020-11-20 04:00:00,롱,27,시작높음 · B얕음 · 끝높음,False,0.252,-0.257,0.591
2020-11-21 03:00:00,숏,19,시작높음 · B깊음 · 끝낮음,False,0.064,-0.803,-0.574
2020-11-22 17:00:00,롱,1,시작낮음 · B깊음 · 끝낮음,False,-0.617,-0.802,-0.204
2020-11-23 01:00:00,숏,18,시작중간 · B얕음 · 끝높음,False,-0.184,-0.091,0.239
2020-11-23 04:00:00,롱,27,시작높음 · B얕음 · 끝높음,False,0.553,-0.035,0.483
2020-11-23 15:00:00,숏,24,시작높음 · B중간 · 끝높음,True,0.445,-0.492,0.177
2020-11-24 08:00:00,롱,11,시작중간 · B깊음 · 끝중간,False,-0.23,-0.599,0.056
2020-11-24 21:00:00,숏,10,시작중간 · B깊음 · 끝낮음,False,-0.125,-0.72,-0.445
2020-11-25 10:00:00,롱,9,시작낮음 · B얕음 · 끝높음,True,-0.606,-0.275,0.223
2020-11-25 16:00:00,숏,27,시작높음 · B얕음 · 끝높음,False,0.087,-0.149,0.23
2020-11-26 20:00:00,롱,19,시작높음 · B깊음 · 끝낮음,True,0.028,-0.844,-0.598
2020-11-29 06:00:00,숏,4,시작낮음 · B중간 · 끝낮음,False,-0.885,-0.444,-0.398
2020-11-29 08:00:00,롱,9,시작낮음 · B얕음 · 끝높음,False,-0.675,-0.064,0.207
2020-11-29 14:00:00,숏,19,시작높음 · B깊음 · 끝낮음,False,0.092,-0.741,-0.394
2020-11-30 00:00:00,롱,9,시작낮음 · B얕음 · 끝높음,True,-0.316,-0.142,0.525
2020-11-30 08:00:00,숏,19,시작높음 · B깊음 · 끝낮음,False,0.046,-0.647,-0.365
2020-11-30 12:00:00,롱,6,시작낮음 · B중간 · 끝높음,False,-0.527,-0.382,0.323
2020-12-01 03:00:00,숏,19,시작높음 · B깊음 · 끝낮음,False,0.072,-0.794,-0.536
2020-12-02 07:00:00,롱,1,시작낮음 · B깊음 · 끝낮음,False,-0.566,-0.791,-0.294
2020-12-03 05:00:00,숏,8,시작낮음 · B얕음 · 끝중간,False,-0.383,-0.22,-0.002
2020-12-03 08:00:00,롱,18,시작중간 · B얕음 · 끝높음,False,-0.164,-0.183,0.493
2020-12-04 01:00:00,숏,22,시작높음 · B중간 · 끝낮음,True,0.198,-0.515,-0.179
2020-12-05 04:00:00,롱,10,시작중간 · B깊음 · 끝낮음,False,-0.23,-0.82,-0.536
2020-12-06 08:00:00,숏,4,시작낮음 · B중간 · 끝낮음,False,-0.658,-0.509,-0.204
2020-12-06 19:00:00,롱,1,시작낮음 · B깊음 · 끝낮음,False,-0.758,-0.637,-0.194
2020-12-07 09:00:00,숏,13,시작중간 · B중간 · 끝낮음,True,-0.226,-0.542,-0.181
2020-12-08 00:00:00,롱,11,시작중간 · B깊음 · 끝중간,True,-0.289,-0.574,-0.041
2020-12-08 08:00:00,숏,15,시작중간 · B중간 · 끝높음,False,-0.084,-0.336,0.277
2020-12-09 11:00:00,롱,10,시작중간 · B깊음 · 끝낮음,True,-0.001,-0.846,-0.554
2020-12-10 09:00:00,숏,8,시작낮음 · B얕음 · 끝중간,False,-0.623,-0.265,-0.012
2020-12-10 19:00:00,롱,11,시작중간 · B깊음 · 끝중간,True,-0.295,-0.657,-0.057
2020-12-11 00:00:00,숏,18,시작중간 · B얕음 · 끝높음,True,-0.253,-0.27,0.449
2020-12-11 14:00:00,롱,10,시작중간 · B깊음 · 끝낮음,True,-0.003,-0.639,-0.227
2020-12-12 16:00:00,숏,10,시작중간 · B깊음 · 끝낮음,True,-0.297,-0.569,-0.46
2020-12-12 17:00:00,롱,8,시작낮음 · B얕음 · 끝중간,True,-0.691,-0.026,0.127
2020-12-13 17:00:00,숏,19,시작높음 · B깊음 · 끝낮음,True,0.01,-0.957,-0.853
2020-12-14 22:00:00,롱,8,시작낮음 · B얕음 · 끝중간,False,-0.884,-0.265,-0.043
2020-12-15 05:00:00,숏,14,시작중간 · B중간 · 끝중간,True,-0.236,-0.548,0.068
2020-12-15 14:00:00,롱,18,시작중간 · B얕음 · 끝높음,False,-0.034,-0.13,0.263
2020-12-16 00:00:00,숏,23,시작높음 · B중간 · 끝중간,False,0.172,-0.364,-0.056
2020-12-16 09:00:00,롱,15,시작중간 · B중간 · 끝높음,True,-0.026,-0.338,0.373
2020-12-17 18:00:00,숏,19,시작높음 · B깊음 · 끝낮음,True,0.01,-0.862,-0.821
2020-12-19 01:00:00,롱,8,시작낮음 · B얕음 · 끝중간,False,-0.801,-0.092,0.005
2020-12-19 06:00:00,숏,17,시작중간 · B얕음 · 끝중간,False,-0.258,-0.192,0.089
2020-12-19 13:00:00,롱,27,시작높음 · B얕음 · 끝높음,False,0.073,-0.124,0.463
2020-12-20 01:00:00,숏,19,시작높음 · B깊음 · 끝낮음,False,0.071,-0.696,-0.286
2020-12-20 17:00:00,롱,6,시작낮음 · B중간 · 끝높음,False,-0.334,-0.331,0.2
2020-12-20 22:00:00,숏,23,시작높음 · B중간 · 끝중간,False,0.114,-0.49,0.113
2020-12-21 03:00:00,롱,27,시작높음 · B얕음 · 끝높음,False,0.271,-0.108,0.446
2020-12-21 08:00:00,숏,27,시작높음 · B얕음 · 끝높음,False,0.573,-0.198,0.192
2020-12-21 22:00:00,롱,10,시작중간 · B깊음 · 끝낮음,False,-0.063,-0.813,-0.372
2020-12-22 00:00:00,숏,9,시작낮음 · B얕음 · 끝높음,False,-0.403,-0.045,0.257
2020-12-22 02:00:00,롱,27,시작높음 · B얕음 · 끝높음,False,0.479,-0.126,0.292
2020-12-23 05:00:00,숏,10,시작중간 · B깊음 · 끝낮음,True,-0.006,-0.722,-0.461
2020-12-24 08:00:00,롱,5,시작낮음 · B중간 · 끝중간,False,-0.375,-0.349,-0.019
2020-12-26 07:00:00,숏,10,시작중간 · B깊음 · 끝낮음,False,-0.151,-0.709,-0.664
2020-12-26 14:00:00,롱,9,시작낮음 · B얕음 · 끝높음,False,-0.707,-0.06,0.231
2020-12-27 13:00:00,숏,19,시작높음 · B깊음 · 끝낮음,False,0.038,-0.872,-0.671
2020-12-28 14:00:00,롱,5,시작낮음 · B중간 · 끝중간,True,-0.651,-0.313,0.01
2020-12-28 15:00:00,숏,18,시작중간 · B얕음 · 끝높음,True,-0.047,0.008,0.164
2020-12-28 17:00:00,롱,10,시작중간 · B깊음 · 끝낮음,False,-0.093,-0.584,-0.185
2020-12-28 18:00:00,숏,17,시작중간 · B얕음 · 끝중간,True,-0.231,-0.281,0.104
2020-12-29 11:00:00,롱,10,시작중간 · B깊음 · 끝낮음,True,-0.022,-0.703,-0.23
2020-12-29 16:00:00,숏,9,시작낮음 · B얕음 · 끝높음,False,-0.345,-0.252,0.209
2020-12-29 19:00:00,롱,24,시작높음 · B중간 · 끝높음,False,0.196,-0.362,0.363
2020-12-30 12:00:00,숏,19,시작높음 · B깊음 · 끝낮음,False,0.039,-0.8,-0.537
2020-12-30 18:00:00,롱,9,시작낮음 · B얕음 · 끝높음,False,-0.583,-0.074,0.322
2020-12-31 05:00:00,숏,19,시작높음 · B깊음 · 끝낮음,True,0.312,-0.566,-0.417
2021-01-01 01:00:00,롱,3,시작낮음 · B깊음 · 끝높음,True,-0.438,-0.578,0.218
2021-01-01 07:00:00,숏,17,시작중간 · B얕음 · 끝중간,True,-0.003,-0.249,-0.065
2021-01-01 13:00:00,롱,18,시작중간 · B얕음 · 끝높음,False,-0.174,-0.259,0.386
2021-01-01 15:00:00,숏,26,시작높음 · B얕음 · 끝중간,True,0.109,-0.281,0.06
2021-01-02 05:00:00,롱,15,시작중간 · B중간 · 끝높음,False,-0.033,-0.458,0.266
2021-01-03 13:00:00,숏,19,시작높음 · B깊음 · 끝낮음,True,0.007,-0.875,-0.743
2021-01-04 22:00:00,롱,1,시작낮음 · B깊음 · 끝낮음,False,-0.686,-0.74,-0.403
2021-01-05 05:00:00,숏,8,시작낮음 · B얕음 · 끝중간,True,-0.502,-0.274,0.093
2021-01-05 09:00:00,롱,27,시작높음 · B얕음 · 끝높음,True,0.037,-0.293,0.223
2021-01-06 09:00:00,숏,10,시작중간 · B깊음 · 끝낮음,True,-0.018,-0.731,-0.462
2021-01-06 20:00:00,롱,9,시작낮음 · B얕음 · 끝높음,False,-0.621,-0.156,0.289
2021-01-07 08:00:00,숏,19,시작높음 · B깊음 · 끝낮음,False,0.123,-0.683,-0.564
2021-01-07 13:00:00,롱,9,시작낮음 · B얕음 · 끝높음,False,-0.568,-0.077,0.343
2021-01-08 00:00:00,숏,22,시작높음 · B중간 · 끝낮음,False,0.246,-0.355,-0.199
2021-01-08 10:00:00,롱,15,시작중간 · B중간 · 끝높음,False,-0.261,-0.461,0.266
2021-01-08 18:00:00,숏,14,시작중간 · B중간 · 끝중간,False,-0.05,-0.336,-0.117
2021-01-09 12:00:00,롱,2,시작낮음 · B깊음 · 끝중간,False,-0.487,-0.675,-0.043
2021-01-09 16:00:00,숏,18,시작중간 · B얕음 · 끝높음,False,-0.101,-0.268,0.211
2021-01-10 02:00:00,롱,24,시작높음 · B중간 · 끝높음,True,0.116,-0.302,0.3
2021-01-10 03:00:00,숏,27,시작높음 · B얕음 · 끝높음,False,0.496,0.135,0.54
2021-01-10 07:00:00,롱,11,시작중간 · B깊음 · 끝중간,False,-0.031,-0.73,-0.049
2021-01-10 09:00:00,숏,17,시작중간 · B얕음 · 끝중간,True,-0.078,-0.04,0.127
2021-01-11 20:00:00,롱,10,시작중간 · B깊음 · 끝낮음,True,-0.001,-0.95,-0.691
2021-01-12 13:00:00,숏,5,시작낮음 · B중간 · 끝중간,False,-0.808,-0.405,-0.099
2021-01-12 18:00:00,롱,5,시작낮음 · B중간 · 끝중간,False,-0.597,-0.364,0.004
2021-01-12 20:00:00,숏,18,시작중간 · B얕음 · 끝높음,False,-0.058,-0.168,0.244
2021-01-12 21:00:00,롱,23,시작높음 · B중간 · 끝중간,False,0.091,-0.466,0.036
2021-01-12 22:00:00,숏,15,시작중간 · B중간 · 끝높음,False,-0.138,-0.428,0.311
2021-01-13 07:00:00,롱,11,시작중간 · B깊음 · 끝중간,False,-0.136,-0.785,0.095
2021-01-14 20:00:00,숏,10,시작중간 · B깊음 · 끝낮음,False,-0.155,-0.777,-0.733
2021-01-16 00:00:00,롱,1,시작낮음 · B깊음 · 끝낮음,False,-0.963,-0.787,-0.443
2021-01-16 19:00:00,숏,8,시작낮음 · B얕음 · 끝중간,False,-0.57,-0.214,0.059
2021-01-17 15:00:00,롱,22,시작높음 · B중간 · 끝낮음,True,0.162,-0.523,-0.195
2021-01-18 04:00:00,숏,2,시작낮음 · B깊음 · 끝중간,True,-0.583,-0.637,-0.146
2021-01-18 07:00:00,롱,18,시작중간 · B얕음 · 끝높음,False,-0.135,-0.094,0.459
2021-01-18 17:00:00,숏,10,시작중간 · B깊음 · 끝낮음,True,-0.004,-0.816,-0.202
2021-01-18 23:00:00,롱,9,시작낮음 · B얕음 · 끝높음,False,-0.379,-0.24,0.18
2021-01-19 05:00:00,숏,23,시작높음 · B중간 · 끝중간,False,0.148,-0.421,0.096
2021-01-19 07:00:00,롱,27,시작높음 · B얕음 · 끝높음,False,0.168,-0.093,0.768
2021-01-19 18:00:00,숏,20,시작높음 · B깊음 · 끝중간,False,0.174,-0.611,0.088
2021-01-20 18:00:00,롱,10,시작중간 · B깊음 · 끝낮음,False,-0.113,-0.764,-0.439
2021-01-21 08:00:00,숏,9,시작낮음 · B얕음 · 끝높음,False,-0.552,-0.185,0.39
2021-01-22 04:00:00,롱,19,시작높음 · B깊음 · 끝낮음,True,0.029,-0.821,-0.554
2021-01-23 03:00:00,숏,4,시작낮음 · B중간 · 끝낮음,False,-0.648,-0.49,-0.253
2021-01-23 05:00:00,롱,9,시작낮음 · B얕음 · 끝높음,False,-0.375,0.04,0.326
2021-01-23 09:00:00,숏,23,시작높음 · B중간 · 끝중간,False,0.158,-0.512,0.114
2021-01-23 21:00:00,롱,10,시작중간 · B깊음 · 끝낮음,False,-0.16,-0.714,-0.284
2021-01-24 00:00:00,숏,9,시작낮음 · B얕음 · 끝높음,False,-0.467,-0.186,0.186
2021-01-24 03:00:00,롱,24,시작높음 · B중간 · 끝높음,False,0.102,-0.371,0.39
2021-01-24 13:00:00,숏,20,시작높음 · B깊음 · 끝중간,False,0.228,-0.588,-0.1
2021-01-25 00:00:00,롱,11,시작중간 · B깊음 · 끝중간,True,-0.121,-0.568,0.078
2021-01-25 19:00:00,숏,10,시작중간 · B깊음 · 끝낮음,False,-0.047,-0.647,-0.31
2021-01-26 16:00:00,롱,1,시작낮음 · B깊음 · 끝낮음,False,-0.379,-0.627,-0.432
2021-01-27 05:00:00,숏,5,시작낮음 · B중간 · 끝중간,False,-0.678,-0.347,0.076
2021-01-27 20:00:00,롱,20,시작높음 · B깊음 · 끝중간,False,0.042,-0.669,-0.091
2021-01-29 06:00:00,숏,10,시작중간 · B깊음 · 끝낮음,False,-0.202,-0.669,-0.354
2021-01-29 08:00:00,롱,9,시작낮음 · B얕음 · 끝높음,True,-0.329,-0.145,0.483
2021-01-29 18:00:00,숏,10,시작중간 · B깊음 · 끝낮음,False,-0.065,-0.902,-0.441
2021-01-30 15:00:00,롱,4,시작낮음 · B중간 · 끝낮음,False,-0.511,-0.421,-0.245
2021-01-31 02:00:00,숏,8,시작낮음 · B얕음 · 끝중간,True,-0.463,-0.17,0.123
2021-02-01 01:00:00,롱,10,시작중간 · B깊음 · 끝낮음,False,-0.03,-0.712,-0.319
2021-02-01 15:00:00,숏,1,시작낮음 · B깊음 · 끝낮음,False,-0.666,-0.816,-0.253
2021-02-02 05:00:00,롱,9,시작낮음 · B얕음 · 끝높음,False,-0.448,-0.122,0.2
2021-02-03 08:00:00,숏,19,시작높음 · B깊음 · 끝낮음,False,0.096,-0.746,-0.596
2021-02-03 16:00:00,롱,9,시작낮음 · B얕음 · 끝높음,False,-0.721,-0.203,0.24
2021-02-04 05:00:00,숏,22,시작높음 · B중간 · 끝낮음,False,0.264,-0.515,-0.281
2021-02-05 07:00:00,롱,14,시작중간 · B중간 · 끝중간,True,-0.253,-0.528,-0.002
2021-02-05 19:00:00,숏,14,시작중간 · B중간 · 끝중간,False,-0.117,-0.348,-0.09
2021-02-05 23:00:00,롱,27,시작높음 · B얕음 · 끝높음,False,0.106,-0.084,0.77
2021-02-06 19:00:00,숏,19,시작높음 · B깊음 · 끝낮음,False,0.059,-0.834,-0.663
2021-02-07 22:00:00,롱,1,시작낮음 · B깊음 · 끝낮음,False,-0.708,-0.775,-0.445
2021-02-09 09:00:00,숏,10,시작중간 · B깊음 · 끝낮음,False,-0.164,-0.858,-0.74
2021-02-11 07:00:00,롱,4,시작낮음 · B중간 · 끝낮음,True,-0.86,-0.317,-0.249
2021-02-12 04:00:00,숏,1,시작낮음 · B깊음 · 끝낮음,False,-0.47,-0.726,-0.507
2021-02-13 03:00:00,롱,8,시작낮음 · B얕음 · 끝중간,False,-0.647,-0.247,0.048
2021-02-13 07:00:00,숏,27,시작높음 · B얕음 · 끝높음,False,0.298,-0.117,0.417
2021-02-13 22:00:00,롱,19,시작높음 · B깊음 · 끝낮음,False,0.094,-0.651,-0.335
2021-02-14 17:00:00,숏,10,시작중간 · B깊음 · 끝낮음,False,-0.166,-0.697,-0.43
2021-02-15 12:00:00,롱,1,시작낮음 · B깊음 · 끝낮음,False,-0.446,-0.683,-0.267
2021-02-16 15:00:00,숏,13,시작중간 · B중간 · 끝낮음,False,-0.242,-0.491,-0.241
2021-02-17 01:00:00,롱,5,시작낮음 · B중간 · 끝중간,False,-0.415,-0.382,0.001
2021-02-18 02:00:00,숏,10,시작중간 · B깊음 · 끝낮음,False,-0.049,-0.721,-0.676
2021-02-19 08:00:00,롱,5,시작낮음 · B중간 · 끝중간,False,-0.813,-0.351,0.002
2021-02-20 05:00:00,숏,10,시작중간 · B깊음 · 끝낮음,False,-0.085,-0.829,-0.677
2021-02-20 13:00:00,롱,9,시작낮음 · B얕음 · 끝높음,False,-0.674,-0.1,0.261
2021-02-20 14:00:00,숏,27,시작높음 · B얕음 · 끝높음,False,0.588,-0.066,0.373
2021-02-21 10:00:00,롱,11,시작중간 · B깊음 · 끝중간,True,-0.026,-0.634,0.057
2021-02-21 22:00:00,숏,14,시작중간 · B중간 · 끝중간,True,-0.13,-0.356,-0.134
2021-02-22 21:00:00,롱,10,시작중간 · B깊음 · 끝낮음,False,-0.061,-0.699,-0.248
2021-02-23 02:00:00,숏,9,시작낮음 · B얕음 · 끝높음,False,-0.388,-0.103,0.258
2021-02-23 18:00:00,롱,19,시작높음 · B깊음 · 끝낮음,True,0.134,-0.561,-0.565
2021-02-23 19:00:00,숏,9,시작낮음 · B얕음 · 끝높음,False,-0.667,-0.041,0.212
2021-02-23 20:00:00,롱,27,시작높음 · B얕음 · 끝높음,False,0.172,-0.252,0.36
2021-02-24 16:00:00,숏,10,시작중간 · B깊음 · 끝낮음,False,-0.203,-0.937,-0.626
2021-02-24 17:00:00,롱,8,시작낮음 · B얕음 · 끝중간,False,-0.581,-0.078,0.041
2021-02-24 18:00:00,숏,1,시작낮음 · B깊음 · 끝낮음,False,-0.646,-0.891,-0.316
2021-02-25 00:00:00,롱,12,시작중간 · B깊음 · 끝높음,True,-0.171,-0.669,0.178
2021-02-25 09:00:00,숏,15,시작중간 · B중간 · 끝높음,False,-0.081,-0.406,0.249
2021-02-25 12:00:00,롱,24,시작높음 · B중간 · 끝높음,True,0.067,-0.323,0.611
2021-02-25 17:00:00,숏,24,시작높음 · B중간 · 끝높음,False,0.133,-0.426,0.199
2021-02-26 12:00:00,롱,10,시작중간 · B깊음 · 끝낮음,True,-0.014,-0.769,-0.493
2021-02-26 22:00:00,숏,5,시작낮음 · B중간 · 끝중간,True,-0.628,-0.302,0.132
2021-02-26 23:00:00,롱,27,시작높음 · B얕음 · 끝높음,True,0.273,0.008,0.171
2021-02-27 16:00:00,숏,19,시작높음 · B깊음 · 끝낮음,True,0.017,-0.845,-0.42
2021-02-27 17:00:00,롱,18,시작중간 · B얕음 · 끝높음,True,-0.3,0.077,0.176
2021-02-27 22:00:00,숏,27,시작높음 · B얕음 · 끝높음,False,0.061,-0.238,0.565
2021-02-28 20:00:00,롱,19,시작높음 · B깊음 · 끝낮음,True,0.0,-0.645,-0.431
2021-03-02 03:00:00,숏,1,시작낮음 · B깊음 · 끝낮음,False,-0.338,-0.811,-0.642
2021-03-03 01:00:00,롱,5,시작낮음 · B중간 · 끝중간,False,-0.815,-0.337,-0.072
2021-03-03 19:00:00,숏,10,시작중간 · B깊음 · 끝낮음,False,-0.122,-0.704,-0.428
2021-03-05 09:00:00,롱,1,시작낮음 · B깊음 · 끝낮음,False,-0.428,-0.757,-0.672
2021-03-06 09:00:00,숏,4,시작낮음 · B중간 · 끝낮음,False,-0.846,-0.476,-0.319
2021-03-06 19:00:00,롱,5,시작낮음 · B중간 · 끝중간,False,-0.638,-0.493,-0.111
2021-03-07 19:00:00,숏,10,시작중간 · B깊음 · 끝낮음,False,-0.046,-0.641,-0.464
2021-03-08 01:00:00,롱,9,시작낮음 · B얕음 · 끝높음,False,-0.589,-0.152,0.306
2021-03-08 02:00:00,숏,27,시작높음 · B얕음 · 끝높음,False,0.577,-0.148,0.373
2021-03-08 15:00:00,롱,19,시작높음 · B깊음 · 끝낮음,True,0.002,-0.841,-0.209
2021-03-09 15:00:00,숏,10,시작중간 · B깊음 · 끝낮음,False,-0.126,-0.737,-0.628
2021-03-10 00:00:00,롱,9,시작낮음 · B얕음 · 끝높음,False,-0.729,-0.164,0.191
2021-03-10 01:00:00,숏,23,시작높음 · B중간 · 끝중간,False,0.199,-0.346,0.046
2021-03-10 12:00:00,롱,11,시작중간 · B깊음 · 끝중간,True,-0.251,-0.841,-0.133
2021-03-10 23:00:00,숏,13,시작중간 · B중간 · 끝낮음,True,-0.184,-0.547,-0.242
2021-03-11 13:00:00,롱,2,시작낮음 · B깊음 · 끝중간,False,-0.618,-0.787,0.009
2021-03-12 02:00:00,숏,22,시작높음 · B중간 · 끝낮음,True,0.018,-0.442,-0.196
2021-03-12 18:00:00,롱,14,시작중간 · B중간 · 끝중간,False,-0.105,-0.512,0.117
2021-03-12 20:00:00,숏,27,시작높음 · B얕음 · 끝높음,True,0.078,-0.157,0.168
2021-03-12 22:00:00,롱,24,시작높음 · B중간 · 끝높음,False,0.294,-0.45,0.195
2021-03-13 00:00:00,숏,23,시작높음 · B중간 · 끝중간,True,0.005,-0.461,0.137
2021-03-13 07:00:00,롱,11,시작중간 · B깊음 · 끝중간,False,-0.25,-0.787,0.048
2021-03-14 03:00:00,숏,19,시작높음 · B깊음 · 끝낮음,True,0.014,-0.84,-0.779
2021-03-15 21:00:00,롱,1,시작낮음 · B깊음 · 끝낮음,False,-0.592,-0.774,-0.616
2021-03-16 00:00:00,숏,9,시작낮음 · B얕음 · 끝높음,False,-0.634,-0.045,0.301
2021-03-16 07:00:00,롱,20,시작높음 · B깊음 · 끝중간,True,0.255,-0.557,-0.128
2021-03-17 09:00:00,숏,14,시작중간 · B중간 · 끝중간,True,-0.215,-0.53,0.041
2021-03-17 18:00:00,롱,15,시작중간 · B중간 · 끝높음,True,-0.143,-0.302,0.527
2021-03-18 08:00:00,숏,10,시작중간 · B깊음 · 끝낮음,True,-0.02,-0.688,-0.482
2021-03-19 08:00:00,롱,5,시작낮음 · B중간 · 끝중간,False,-0.506,-0.409,-0.03
2021-03-19 21:00:00,숏,13,시작중간 · B중간 · 끝낮음,False,-0.155,-0.433,-0.233
2021-03-20 10:00:00,롱,9,시작낮음 · B얕음 · 끝높음,True,-0.401,-0.18,0.178
2021-03-20 20:00:00,숏,23,시작높음 · B중간 · 끝중간,True,0.133,-0.533,0.095
2021-03-21 15:00:00,롱,10,시작중간 · B깊음 · 끝낮음,False,-0.106,-0.747,-0.507
2021-03-22 14:00:00,숏,8,시작낮음 · B얕음 · 끝중간,False,-0.541,-0.267,0.009
2021-03-23 09:00:00,롱,19,시작높음 · B깊음 · 끝낮음,True,0.025,-0.705,-0.461
2021-03-24 00:00:00,숏,5,시작낮음 · B중간 · 끝중간,False,-0.671,-0.332,0.114
2021-03-24 03:00:00,롱,14,시작중간 · B중간 · 끝중간,True,-0.068,-0.311,0.016
2021-03-24 04:00:00,숏,18,시작중간 · B얕음 · 끝높음,False,-0.157,-0.214,0.262
2021-03-24 06:00:00,롱,27,시작높음 · B얕음 · 끝높음,True,0.051,0.007,0.177
2021-03-24 18:00:00,숏,10,시작중간 · B깊음 · 끝낮음,False,-0.086,-0.825,-0.358
2021-03-25 10:00:00,롱,1,시작낮음 · B깊음 · 끝낮음,False,-0.385,-0.686,-0.58
2021-03-25 12:00:00,숏,9,시작낮음 · B얕음 · 끝높음,False,-0.569,0.004,0.319
2021-03-25 18:00:00,롱,23,시작높음 · B중간 · 끝중간,False,0.27,-0.391,0.016
2021-03-27 09:00:00,숏,10,시작중간 · B깊음 · 끝낮음,False,-0.13,-0.765,-0.67
2021-03-27 16:00:00,롱,9,시작낮음 · B얕음 · 끝높음,False,-0.662,-0.137,0.254
2021-03-28 02:00:00,숏,10,시작중간 · B깊음 · 끝낮음,True,-0.003,-0.592,-0.339
2021-03-29 07:00:00,롱,5,시작낮음 · B중간 · 끝중간,True,-0.442,-0.539,-0.083
2021-03-29 20:00:00,숏,10,시작중간 · B깊음 · 끝낮음,False,-0.171,-0.752,-0.524
2021-03-30 09:00:00,롱,9,시작낮음 · B얕음 · 끝높음,False,-0.637,-0.107,0.344
2021-03-30 16:00:00,숏,19,시작높음 · B깊음 · 끝낮음,True,0.192,-0.563,-0.329
2021-03-31 15:00:00,롱,18,시작중간 · B얕음 · 끝높음,True,-0.208,-0.299,0.242
2021-04-01 04:00:00,숏,26,시작높음 · B얕음 · 끝중간,True,0.012,-0.26,-0.11
2021-04-01 22:00:00,롱,14,시작중간 · B중간 · 끝중간,False,-0.114,-0.411,-0.099
2021-04-01 23:00:00,숏,17,시작중간 · B얕음 · 끝중간,False,-0.205,-0.15,0.041
2021-04-02 02:00:00,롱,18,시작중간 · B얕음 · 끝높음,False,-0.116,-0.211,0.445
2021-04-02 13:00:00,숏,10,시작중간 · B깊음 · 끝낮음,False,-0.062,-0.681,-0.227
2021-04-03 04:00:00,롱,5,시작낮음 · B중간 · 끝중간,False,-0.369,-0.497,-0.098
2021-04-03 08:00:00,숏,14,시작중간 · B중간 · 끝중간,False,-0.265,-0.389,0.073
2021-04-03 09:00:00,롱,18,시작중간 · B얕음 · 끝높음,True,-0.015,-0.235,0.171
2021-04-03 15:00:00,숏,15,시작중간 · B중간 · 끝높음,False,-0.197,-0.467,0.251
2021-04-04 07:00:00,롱,10,시작중간 · B깊음 · 끝낮음,False,-0.08,-0.788,-0.523
2021-04-05 03:00:00,숏,5,시작낮음 · B중간 · 끝중간,True,-0.672,-0.329,-0.05
2021-04-05 11:00:00,롱,14,시작중간 · B중간 · 끝중간,False,-0.199,-0.436,0.027
2021-04-06 03:00:00,숏,19,시작높음 · B깊음 · 끝낮음,True,0.019,-0.598,-0.37
2021-04-07 06:00:00,롱,1,시작낮음 · B깊음 · 끝낮음,False,-0.522,-0.587,-0.349
2021-04-07 09:00:00,숏,18,시작중간 · B얕음 · 끝높음,True,-0.279,-0.121,0.33
2021-04-08 00:00:00,롱,19,시작높음 · B깊음 · 끝낮음,False,0.231,-0.71,-0.451
2021-04-09 06:00:00,숏,1,시작낮음 · B깊음 · 끝낮음,False,-0.623,-0.846,-0.673
2021-04-09 10:00:00,롱,9,시작낮음 · B얕음 · 끝높음,False,-0.732,-0.082,0.209
2021-04-09 15:00:00,숏,10,시작중간 · B깊음 · 끝낮음,False,-0.085,-0.795,-0.332
2021-04-10 03:00:00,롱,18,시작중간 · B얕음 · 끝높음,False,-0.184,-0.216,0.652
2021-04-10 15:00:00,숏,19,시작높음 · B깊음 · 끝낮음,False,0.093,-0.618,-0.451
2021-04-11 22:00:00,롱,2,시작낮음 · B깊음 · 끝중간,True,-0.478,-0.553,-0.105
2021-04-12 14:00:00,숏,14,시작중간 · B중간 · 끝중간,True,-0.293,-0.487,-0.108
2021-04-13 01:00:00,롱,5,시작낮음 · B중간 · 끝중간,True,-0.464,-0.322,0.131
2021-04-13 21:00:00,숏,19,시작높음 · B깊음 · 끝낮음,False,0.064,-0.773,-0.676
2021-04-14 05:00:00,롱,9,시작낮음 · B얕음 · 끝높음,False,-0.642,-0.033,0.211
2021-04-14 08:00:00,숏,26,시작높음 · B얕음 · 끝중간,True,0.578,-0.23,0.143
2021-04-15 15:00:00,롱,19,시작높음 · B깊음 · 끝낮음,False,0.037,-0.84,-0.475
2021-04-16 04:00:00,숏,9,시작낮음 · B얕음 · 끝높음,True,-0.516,-0.29,0.268
2021-04-16 16:00:00,롱,10,시작중간 · B깊음 · 끝낮음,False,-0.136,-0.683,-0.369
2021-04-17 11:00:00,숏,6,시작낮음 · B중간 · 끝높음,True,-0.452,-0.334,0.179
2021-04-18 15:00:00,롱,19,시작높음 · B깊음 · 끝낮음,True,0.009,-0.641,-0.505
2021-04-19 14:00:00,숏,8,시작낮음 · B얕음 · 끝중간,False,-0.574,-0.194,-0.031
2021-04-19 21:00:00,롱,2,시작낮음 · B깊음 · 끝중간,True,-0.465,-0.674,-0.121
2021-04-20 00:00:00,숏,18,시작중간 · B얕음 · 끝높음,False,-0.092,-0.119,0.615
2021-04-20 09:00:00,롱,19,시작높음 · B깊음 · 끝낮음,False,0.16,-0.666,-0.236
2021-04-21 03:00:00,숏,14,시작중간 · B중간 · 끝중간,True,-0.029,-0.477,-0.006
2021-04-21 14:00:00,롱,2,시작낮음 · B깊음 · 끝중간,False,-0.388,-0.59,-0.001
2021-04-21 20:00:00,숏,15,시작중간 · B중간 · 끝높음,False,-0.264,-0.346,0.303
2021-04-22 09:00:00,롱,19,시작높음 · B깊음 · 끝낮음,True,0.006,-0.668,-0.302
2021-04-22 18:00:00,숏,5,시작낮음 · B중간 · 끝중간,True,-0.552,-0.549,0.097
2021-04-23 12:00:00,롱,19,시작높음 · B깊음 · 끝낮음,True,0.017,-0.671,-0.544
2021-04-24 10:00:00,숏,9,시작낮음 · B얕음 · 끝높음,True,-0.598,-0.195,0.151
2021-04-24 15:00:00,롱,27,시작높음 · B얕음 · 끝높음,False,0.151,-0.161,0.232
2021-04-25 03:00:00,숏,10,시작중간 · B깊음 · 끝낮음,True,-0.069,-0.747,-0.176
2021-04-25 14:00:00,롱,5,시작낮음 · B중간 · 끝중간,False,-0.565,-0.505,-0.007
2021-04-25 19:00:00,숏,15,시작중간 · B중간 · 끝높음,False,-0.234,-0.458,0.366
2021-04-26 00:00:00,롱,21,시작높음 · B깊음 · 끝높음,True,0.027,-0.556,0.3
2021-04-26 20:00:00,숏,10,시작중간 · B깊음 · 끝낮음,False,-0.097,-0.707,-0.57
2021-04-27 11:00:00,롱,9,시작낮음 · B얕음 · 끝높음,True,-0.814,-0.205,0.164
2021-04-27 13:00:00,숏,26,시작높음 · B얕음 · 끝중간,False,0.32,-0.177,-0.007
2021-04-28 19:00:00,롱,24,시작높음 · B중간 · 끝높음,True,0.011,-0.403,0.334
2021-04-28 20:00:00,숏,24,시작높음 · B중간 · 끝높음,True,0.023,-0.453,0.217
2021-04-29 12:00:00,롱,10,시작중간 · B깊음 · 끝낮음,True,-0.183,-0.57,-0.341
2021-04-29 13:00:00,숏,9,시작낮음 · B얕음 · 끝높음,False,-0.518,-0.031,0.226
2021-04-30 00:00:00,롱,10,시작중간 · B깊음 · 끝낮음,False,-0.036,-0.897,-0.483
2021-05-01 07:00:00,숏,10,시작중간 · B깊음 · 끝낮음,False,-0.154,-0.805,-0.705
2021-05-02 20:00:00,롱,4,시작낮음 · B중간 · 끝낮음,True,-0.812,-0.308,-0.175
2021-05-02 22:00:00,숏,9,시작낮음 · B얕음 · 끝높음,False,-0.576,-0.061,0.218
2021-05-03 00:00:00,롱,27,시작높음 · B얕음 · 끝높음,False,0.189,-0.246,0.54
2021-05-03 14:00:00,숏,10,시작중간 · B깊음 · 끝낮음,False,-0.05,-0.86,-0.461
2021-05-04 10:00:00,롱,10,시작중간 · B깊음 · 끝낮음,True,-0.272,-0.564,-0.306
2021-05-04 14:00:00,숏,9,시작낮음 · B얕음 · 끝높음,False,-0.461,-0.119,0.326
2021-05-05 01:00:00,롱,22,시작높음 · B중간 · 끝낮음,True,0.179,-0.544,-0.199
2021-05-06 03:00:00,숏,10,시작중간 · B깊음 · 끝낮음,False,-0.197,-0.638,-0.472
2021-05-06 10:00:00,롱,9,시작낮음 · B얕음 · 끝높음,False,-0.52,-0.076,0.22
2021-05-06 14:00:00,숏,23,시작높음 · B중간 · 끝중간,True,0.21,-0.531,0.015
2021-05-07 10:00:00,롱,10,시작중간 · B깊음 · 끝낮음,False,-0.036,-0.598,-0.289
2021-05-08 15:00:00,숏,10,시작중간 · B깊음 · 끝낮음,False,-0.249,-0.739,-0.334
2021-05-09 21:00:00,롱,1,시작낮음 · B깊음 · 끝낮음,False,-0.708,-0.734,-0.29
2021-05-10 09:00:00,숏,14,시작중간 · B중간 · 끝중간,True,-0.295,-0.45,-0.034
2021-05-11 07:00:00,롱,10,시작중간 · B깊음 · 끝낮음,False,-0.096,-0.609,-0.448
2021-05-12 10:00:00,숏,5,시작낮음 · B중간 · 끝중간,False,-0.541,-0.4,-0.088
2021-05-13 12:00:00,롱,10,시작중간 · B깊음 · 끝낮음,False,-0.099,-0.798,-0.551
2021-05-13 18:00:00,숏,9,시작낮음 · B얕음 · 끝높음,True,-0.603,-0.091,0.169
2021-05-13 19:00:00,롱,26,시작높음 · B얕음 · 끝중간,False,0.31,-0.169,0.031
2021-05-14 20:00:00,숏,10,시작중간 · B깊음 · 끝낮음,False,-0.222,-0.924,-0.345
2021-05-15 14:00:00,롱,4,시작낮음 · B중간 · 끝낮음,True,-0.608,-0.538,-0.219
2021-05-15 16:00:00,숏,9,시작낮음 · B얕음 · 끝높음,False,-0.414,-0.122,0.349
2021-05-16 02:00:00,롱,19,시작높음 · B깊음 · 끝낮음,True,0.099,-0.562,-0.278
2021-05-16 15:00:00,숏,14,시작중간 · B중간 · 끝중간,False,-0.159,-0.487,0.079
2021-05-17 08:00:00,롱,10,시작중간 · B깊음 · 끝낮음,False,-0.033,-0.742,-0.396
2021-05-17 16:00:00,숏,9,시작낮음 · B얕음 · 끝높음,False,-0.507,-0.079,0.414
2021-05-17 19:00:00,롱,27,시작높음 · B얕음 · 끝높음,False,0.54,-0.254,0.227
2021-05-18 13:00:00,숏,11,시작중간 · B깊음 · 끝중간,True,-0.007,-0.596,-0.052
2021-05-19 17:00:00,롱,10,시작중간 · B깊음 · 끝낮음,True,-0.006,-0.755,-0.27
2021-05-20 20:00:00,숏,17,시작중간 · B얕음 · 끝중간,True,-0.282,-0.169,-0.02
2021-05-20 21:00:00,롱,17,시작중간 · B얕음 · 끝중간,True,-0.026,0.007,0.08
2021-05-21 04:00:00,숏,11,시작중간 · B깊음 · 끝중간,False,-0.047,-0.719,0.025
2021-05-21 13:00:00,롱,14,시작중간 · B중간 · 끝중간,True,-0.26,-0.487,0.13
2021-05-21 14:00:00,숏,18,시작중간 · B얕음 · 끝높음,True,-0.006,0.004,0.533
2021-05-22 02:00:00,롱,10,시작중간 · B깊음 · 끝낮음,False,-0.074,-0.918,-0.445
2021-05-22 05:00:00,숏,9,시작낮음 · B얕음 · 끝높음,True,-0.444,-0.05,0.153
2021-05-22 06:00:00,롱,26,시작높음 · B얕음 · 끝중간,False,0.489,-0.174,0.029
2021-05-23 04:00:00,숏,19,시작높음 · B깊음 · 끝낮음,True,0.029,-0.553,-0.234
2021-05-23 21:00:00,롱,10,시작중간 · B깊음 · 끝낮음,False,-0.154,-0.793,-0.443
2021-05-25 02:00:00,숏,1,시작낮음 · B깊음 · 끝낮음,False,-0.406,-0.677,-0.513
2021-05-25 23:00:00,롱,5,시작낮음 · B중간 · 끝중간,False,-0.796,-0.333,-0.078
2021-05-26 13:00:00,숏,14,시작중간 · B중간 · 끝중간,False,-0.096,-0.478,-0.111
2021-05-27 09:00:00,롱,1,시작낮음 · B깊음 · 끝낮음,False,-0.497,-0.765,-0.243
2021-05-27 19:00:00,숏,5,시작낮음 · B중간 · 끝중간,True,-0.304,-0.438,0.013
2021-05-29 00:00:00,롱,10,시작중간 · B깊음 · 끝낮음,False,-0.049,-0.746,-0.514
2021-05-29 12:00:00,숏,6,시작낮음 · B중간 · 끝높음,True,-0.708,-0.324,0.191
2021-05-29 22:00:00,롱,22,시작높음 · B중간 · 끝낮음,False,0.084,-0.432,-0.252
2021-05-30 01:00:00,숏,18,시작중간 · B얕음 · 끝높음,False,-0.117,-0.146,0.373
2021-05-30 02:00:00,롱,27,시작높음 · B얕음 · 끝높음,False,0.39,-0.078,0.364
2021-05-31 00:00:00,숏,10,시작중간 · B깊음 · 끝낮음,False,-0.048,-0.778,-0.504
2021-05-31 08:00:00,롱,6,시작낮음 · B중간 · 끝높음,True,-0.703,-0.516,0.162
2021-06-01 03:00:00,숏,13,시작중간 · B중간 · 끝낮음,True,-0.012,-0.53,-0.243
2021-06-02 03:00:00,롱,4,시작낮음 · B중간 · 끝낮음,True,-0.534,-0.459,-0.158
2021-06-02 22:00:00,숏,10,시작중간 · B깊음 · 끝낮음,False,-0.209,-0.701,-0.491
2021-06-03 05:00:00,롱,9,시작낮음 · B얕음 · 끝높음,False,-0.549,-0.143,0.381
2021-06-03 14:00:00,숏,19,시작높음 · B깊음 · 끝낮음,False,0.059,-0.638,-0.308
2021-06-04 17:00:00,롱,10,시작중간 · B깊음 · 끝낮음,False,-0.089,-0.676,-0.366
2021-06-05 09:00:00,숏,8,시작낮음 · B얕음 · 끝중간,True,-0.47,-0.26,0.144
2021-06-06 01:00:00,롱,10,시작중간 · B깊음 · 끝낮음,True,-0.284,-0.9,-0.499
2021-06-06 22:00:00,숏,8,시작낮음 · B얕음 · 끝중간,False,-0.721,-0.269,-0.003
2021-06-07 00:00:00,롱,12,시작중간 · B깊음 · 끝높음,True,-0.281,-0.556,0.277
2021-06-07 15:00:00,숏,11,시작중간 · B깊음 · 끝중간,True,-0.081,-0.57,-0.143
2021-06-08 11:00:00,롱,10,시작중간 · B깊음 · 끝낮음,False,-0.072,-0.741,-0.636
2021-06-08 14:00:00,숏,9,시작낮음 · B얕음 · 끝높음,False,-0.694,-0.058,0.22
2021-06-08 17:00:00,롱,20,시작높음 · B깊음 · 끝중간,False,0.212,-0.584,-0.116
2021-06-10 04:00:00,숏,10,시작중간 · B깊음 · 끝낮음,False,-0.033,-0.781,-0.696
2021-06-11 09:00:00,롱,8,시작낮음 · B얕음 · 끝중간,False,-0.741,-0.163,0.012
2021-06-11 15:00:00,숏,17,시작중간 · B얕음 · 끝중간,True,-0.016,-0.24,0.062
2021-06-12 13:00:00,롱,10,시작중간 · B깊음 · 끝낮음,False,-0.085,-0.807,-0.426
2021-06-13 03:00:00,숏,9,시작낮음 · B얕음 · 끝높음,False,-0.337,0.008,0.398
2021-06-13 08:00:00,롱,23,시작높음 · B중간 · 끝중간,False,0.351,-0.447,0.082
2021-06-14 09:00:00,숏,10,시작중간 · B깊음 · 끝낮음,True,-0.016,-0.893,-0.763
2021-06-14 14:00:00,롱,9,시작낮음 · B얕음 · 끝높음,False,-0.647,0.004,0.252
2021-06-14 17:00:00,숏,27,시작높음 · B얕음 · 끝높음,True,0.74,-0.177,0.156
2021-06-17 03:00:00,롱,19,시작높음 · B깊음 · 끝낮음,True,0.111,-0.567,-0.415
2021-06-17 17:00:00,숏,9,시작낮음 · B얕음 · 끝높음,False,-0.38,-0.217,0.265
2021-06-18 07:00:00,롱,22,시작높음 · B중간 · 끝낮음,True,0.094,-0.546,-0.379
2021-06-18 14:00:00,숏,9,시작낮음 · B얕음 · 끝높음,False,-0.492,-0.213,0.381
2021-06-19 01:00:00,롱,19,시작높음 · B깊음 · 끝낮음,False,0.113,-0.69,-0.407
2021-06-19 02:00:00,숏,8,시작낮음 · B얕음 · 끝중간,False,-0.668,-0.23,0.108
2021-06-19 05:00:00,롱,10,시작중간 · B깊음 · 끝낮음,False,-0.109,-0.737,-0.403
2021-06-20 09:00:00,숏,2,시작낮음 · B깊음 · 끝중간,False,-0.548,-0.677,0.09
2021-06-20 18:00:00,롱,11,시작중간 · B깊음 · 끝중간,True,-0.023,-0.633,-0.146
2021-06-21 04:00:00,숏,14,시작중간 · B중간 · 끝중간,True,-0.299,-0.487,0.107
2021-06-21 20:00:00,롱,19,시작높음 · B깊음 · 끝낮음,True,0.009,-0.628,-0.472
2021-06-21 21:00:00,숏,9,시작낮음 · B얕음 · 끝높음,False,-0.563,-0.044,0.305
2021-06-22 01:00:00,롱,20,시작높음 · B깊음 · 끝중간,True,0.024,-0.756,0.015
2021-06-22 11:00:00,숏,12,시작중간 · B깊음 · 끝높음,True,-0.274,-0.603,0.257
2021-06-22 16:00:00,롱,21,시작높음 · B깊음 · 끝높음,True,0.057,-0.58,0.158
2021-06-23 15:00:00,숏,22,시작높음 · B중간 · 끝낮음,True,0.002,-0.513,-0.304
2021-06-24 09:00:00,롱,4,시작낮음 · B중간 · 끝낮음,False,-0.58,-0.514,-0.253
2021-06-25 05:00:00,숏,10,시작중간 · B깊음 · 끝낮음,False,-0.194,-0.602,-0.363
2021-06-26 03:00:00,롱,1,시작낮음 · B깊음 · 끝낮음,False,-0.367,-0.806,-0.673
2021-06-26 07:00:00,숏,9,시작낮음 · B얕음 · 끝높음,False,-0.63,-0.156,0.295
2021-06-26 11:00:00,롱,20,시작높음 · B깊음 · 끝중간,False,0.101,-0.596,0.006
2021-06-27 17:00:00,숏,10,시작중간 · B깊음 · 끝낮음,False,-0.201,-0.683,-0.57
2021-06-27 22:00:00,롱,9,시작낮음 · B얕음 · 끝높음,False,-0.401,-0.121,0.344
2021-06-28 10:00:00,숏,10,시작중간 · B깊음 · 끝낮음,True,-0.015,-0.777,-0.493
2021-06-29 06:00:00,롱,9,시작낮음 · B얕음 · 끝높음,False,-0.481,-0.151,0.344
2021-06-29 22:00:00,숏,19,시작높음 · B깊음 · 끝낮음,False,0.126,-0.654,-0.459
2021-06-30 21:00:00,롱,1,시작낮음 · B깊음 · 끝낮음,False,-0.631,-0.806,-0.571
2021-07-01 03:00:00,숏,9,시작낮음 · B얕음 · 끝높음,False,-0.735,-0.236,0.199
2021-07-01 18:00:00,롱,19,시작높음 · B깊음 · 끝낮음,True,0.161,-0.554,-0.467
2021-07-02 06:00:00,숏,9,시작낮음 · B얕음 · 끝높음,False,-0.514,-0.222,0.285
2021-07-02 07:00:00,롱,27,시작높음 · B얕음 · 끝높음,False,0.499,-0.003,0.38
2021-07-03 21:00:00,숏,19,시작높음 · B깊음 · 끝낮음,True,0.002,-0.875,-0.723
2021-07-04 06:00:00,롱,9,시작낮음 · B얕음 · 끝높음,False,-0.621,-0.134,0.253
2021-07-04 15:00:00,숏,25,시작높음 · B얕음 · 끝낮음,True,0.331,-0.288,-0.24
2021-07-05 19:00:00,롱,10,시작중간 · B깊음 · 끝낮음,False,-0.118,-0.807,-0.478
2021-07-06 14:00:00,숏,5,시작낮음 · B중간 · 끝중간,False,-0.542,-0.35,-0.058
2021-07-07 00:00:00,롱,17,시작중간 · B얕음 · 끝중간,True,-0.064,-0.277,0.008
2021-07-07 16:00:00,숏,22,시작높음 · B중간 · 끝낮음,True,0.02,-0.354,-0.248
2021-07-08 15:00:00,롱,10,시작중간 · B깊음 · 끝낮음,False,-0.119,-0.81,-0.568
2021-07-10 05:00:00,숏,4,시작낮음 · B중간 · 끝낮음,True,-0.674,-0.545,-0.346
2021-07-11 09:00:00,롱,8,시작낮음 · B얕음 · 끝중간,True,-0.491,-0.272,0.02
2021-07-12 09:00:00,숏,22,시작높음 · B중간 · 끝낮음,True,0.056,-0.524,-0.269
2021-07-13 03:00:00,롱,1,시작낮음 · B깊음 · 끝낮음,True,-0.327,-0.804,-0.622
2021-07-13 12:00:00,숏,9,시작낮음 · B얕음 · 끝높음,False,-0.611,-0.086,0.343
2021-07-13 17:00:00,롱,19,시작높음 · B깊음 · 끝낮음,False,0.074,-0.661,-0.269
2021-07-13 18:00:00,숏,18,시작중간 · B얕음 · 끝높음,False,-0.23,-0.07,0.422
2021-07-13 22:00:00,롱,19,시작높음 · B깊음 · 끝낮음,False,0.058,-0.614,-0.279
2021-07-14 03:00:00,숏,18,시작중간 · B얕음 · 끝높음,False,-0.072,-0.111,0.654
2021-07-14 10:00:00,롱,23,시작높음 · B중간 · 끝중간,True,0.013,-0.333,-0.103
2021-07-15 04:00:00,숏,13,시작중간 · B중간 · 끝낮음,False,-0.121,-0.477,-0.209
2021-07-15 23:00:00,롱,10,시작중간 · B깊음 · 끝낮음,False,-0.182,-0.72,-0.4
2021-07-16 10:00:00,숏,9,시작낮음 · B얕음 · 끝높음,False,-0.481,-0.158,0.278
2021-07-16 13:00:00,롱,27,시작높음 · B얕음 · 끝높음,False,0.398,-0.203,0.351
2021-07-16 23:00:00,숏,24,시작높음 · B중간 · 끝높음,False,0.223,-0.36,0.266
2021-07-17 08:00:00,롱,23,시작높음 · B중간 · 끝중간,False,0.228,-0.351,0.097
2021-07-17 11:00:00,숏,14,시작중간 · B중간 · 끝중간,False,-0.162,-0.468,0.1
2021-07-17 12:00:00,롱,27,시작높음 · B얕음 · 끝높음,False,0.2,0.071,0.309
2021-07-18 08:00:00,숏,19,시작높음 · B깊음 · 끝낮음,False,0.047,-0.831,-0.328
2021-07-18 23:00:00,롱,14,시작중간 · B중간 · 끝중간,True,-0.285,-0.306,0.026
2021-07-19 01:00:00,숏,14,시작중간 · B중간 · 끝중간,False,-0.238,-0.382,-0.04
2021-07-19 04:00:00,롱,15,시작중간 · B중간 · 끝높음,False,-0.037,-0.331,0.319
2021-07-19 09:00:00,숏,12,시작중간 · B깊음 · 끝높음,True,-0.003,-0.558,0.275
2021-07-19 23:00:00,롱,19,시작높음 · B깊음 · 끝낮음,False,0.049,-0.63,-0.48
2021-07-20 02:00:00,숏,9,시작낮음 · B얕음 · 끝높음,False,-0.487,-0.029,0.468
2021-07-20 14:00:00,롱,19,시작높음 · B깊음 · 끝낮음,False,0.133,-0.692,-0.526
2021-07-22 01:00:00,숏,1,시작낮음 · B깊음 · 끝낮음,True,-0.316,-0.893,-0.679
2021-07-23 02:00:00,롱,9,시작낮음 · B얕음 · 끝높음,True,-0.71,-0.079,0.158
2021-07-23 06:00:00,숏,26,시작높음 · B얕음 · 끝중간,True,0.662,-0.01,0.133
2021-07-23 22:00:00,롱,24,시작높음 · B중간 · 끝높음,False,0.049,-0.395,0.424
2021-07-24 13:00:00,숏,19,시작높음 · B깊음 · 끝낮음,True,0.024,-0.617,-0.59
2021-07-24 16:00:00,롱,9,시작낮음 · B얕음 · 끝높음,False,-0.668,-0.024,0.313
2021-07-24 19:00:00,숏,20,시작높음 · B깊음 · 끝중간,False,0.069,-0.733,-0.0
2021-07-25 07:00:00,롱,6,시작낮음 · B중간 · 끝높음,False,-0.344,-0.447,0.391
2021-07-25 10:00:00,숏,26,시작높음 · B얕음 · 끝중간,False,0.198,-0.204,0.067
2021-07-25 23:00:00,롱,15,시작중간 · B중간 · 끝높음,True,-0.023,-0.407,0.567
2021-07-26 14:00:00,숏,19,시작높음 · B깊음 · 끝낮음,True,0.027,-0.719,-0.606
2021-07-27 12:00:00,롱,5,시작낮음 · B중간 · 끝중간,True,-0.603,-0.306,-0.001
2021-07-27 19:00:00,숏,17,시작중간 · B얕음 · 끝중간,False,-0.103,-0.145,0.061
2021-07-27 20:00:00,롱,26,시작높음 · B얕음 · 끝중간,True,0.021,-0.068,0.095
2021-07-28 13:00:00,숏,10,시작중간 · B깊음 · 끝낮음,True,-0.024,-0.963,-0.587
2021-07-30 01:00:00,롱,8,시작낮음 · B얕음 · 끝중간,True,-0.507,-0.159,0.136
2021-07-30 05:00:00,숏,26,시작높음 · B얕음 · 끝중간,False,0.033,-0.119,0.089
2021-07-30 19:00:00,롱,20,시작높음 · B깊음 · 끝중간,False,0.043,-0.739,0.028
2021-07-31 11:00:00,숏,10,시작중간 · B깊음 · 끝낮음,False,-0.184,-0.679,-0.616
2021-08-01 03:00:00,롱,9,시작낮음 · B얕음 · 끝높음,False,-0.768,-0.161,0.18
2021-08-01 05:00:00,숏,23,시작높음 · B중간 · 끝중간,True,0.009,-0.398,-0.009
2021-08-02 14:00:00,롱,10,시작중간 · B깊음 · 끝낮음,False,-0.04,-0.766,-0.643
2021-08-02 20:00:00,숏,9,시작낮음 · B얕음 · 끝높음,False,-0.734,-0.107,0.203
2021-08-02 21:00:00,롱,26,시작높음 · B얕음 · 끝중간,False,0.381,-0.217,0.018
2021-08-03 02:00:00,숏,11,시작중간 · B깊음 · 끝중간,False,-0.236,-0.679,-0.051
2021-08-03 09:00:00,롱,23,시작높음 · B중간 · 끝중간,True,0.066,-0.324,-0.116
2021-08-04 08:00:00,숏,18,시작중간 · B얕음 · 끝높음,False,-0.239,-0.14,0.449
2021-08-04 09:00:00,롱,26,시작높음 · B얕음 · 끝중간,False,0.456,-0.087,-0.006
2021-08-05 03:00:00,숏,10,시작중간 · B깊음 · 끝낮음,True,-0.015,-0.829,-0.648
2021-08-05 16:00:00,롱,2,시작낮음 · B깊음 · 끝중간,True,-0.619,-0.701,0.132
2021-08-06 04:00:00,숏,10,시작중간 · B깊음 · 끝낮음,False,-0.182,-0.6,-0.348
2021-08-06 06:00:00,롱,9,시작낮음 · B얕음 · 끝높음,False,-0.428,-0.091,0.308
2021-08-06 09:00:00,숏,23,시작높음 · B중간 · 끝중간,False,0.162,-0.464,-0.048
2021-08-06 15:00:00,롱,18,시작중간 · B얕음 · 끝높음,False,-0.199,-0.173,0.538
2021-08-07 06:00:00,숏,10,시작중간 · B깊음 · 끝낮음,True,-0.024,-0.844,-0.68
2021-08-08 00:00:00,롱,9,시작낮음 · B얕음 · 끝높음,False,-0.622,-0.154,0.287
2021-08-08 01:00:00,숏,27,시작높음 · B얕음 · 끝높음,False,0.489,-0.027,0.193
2021-08-08 06:00:00,롱,15,시작중간 · B중간 · 끝높음,False,-0.063,-0.445,0.276
2021-08-08 08:00:00,숏,24,시작높음 · B중간 · 끝높음,True,0.163,-0.304,0.19
2021-08-09 09:00:00,롱,20,시작높음 · B깊음 · 끝중간,False,0.041,-0.681,0.03
2021-08-10 02:00:00,숏,10,시작중간 · B깊음 · 끝낮음,True,-0.299,-0.665,-0.598
2021-08-11 01:00:00,롱,5,시작낮음 · B중간 · 끝중간,False,-0.765,-0.399,-0.077
2021-08-11 02:00:00,숏,18,시작중간 · B얕음 · 끝높음,True,-0.096,-0.091,0.179
2021-08-11 04:00:00,롱,10,시작중간 · B깊음 · 끝낮음,True,-0.227,-0.571,-0.237
2021-08-11 21:00:00,숏,10,시작중간 · B깊음 · 끝낮음,False,-0.203,-0.666,-0.528
2021-08-13 00:00:00,롱,10,시작중간 · B깊음 · 끝낮음,False,-0.227,-0.789,-0.614
2021-08-14 05:00:00,숏,1,시작낮음 · B깊음 · 끝낮음,False,-0.402,-0.77,-0.759
2021-08-15 01:00:00,롱,8,시작낮음 · B얕음 · 끝중간,True,-0.721,-0.292,-0.081
2021-08-15 03:00:00,숏,17,시작중간 · B얕음 · 끝중간,True,-0.13,-0.071,0.137
2021-08-15 18:00:00,롱,10,시작중간 · B깊음 · 끝낮음,False,-0.043,-0.754,-0.476
2021-08-16 12:00:00,숏,1,시작낮음 · B깊음 · 끝낮음,False,-0.426,-0.65,-0.455
2021-08-17 04:00:00,롱,1,시작낮음 · B깊음 · 끝낮음,False,-0.471,-0.627,-0.366
2021-08-17 06:00:00,숏,9,시작낮음 · B얕음 · 끝높음,False,-0.369,-0.05,0.255
2021-08-17 09:00:00,롱,24,시작높음 · B중간 · 끝높음,False,0.357,-0.331,0.636
2021-08-17 15:00:00,숏,24,시작높음 · B중간 · 끝높음,False,0.15,-0.519,0.285
2021-08-18 05:00:00,롱,22,시작높음 · B중간 · 끝낮음,True,0.132,-0.502,-0.167
2021-08-18 20:00:00,숏,6,시작낮음 · B중간 · 끝높음,False,-0.471,-0.347,0.267
2021-08-19 08:00:00,롱,23,시작높음 · B중간 · 끝중간,False,0.12,-0.377,-0.098
2021-08-19 11:00:00,숏,18,시작중간 · B얕음 · 끝높음,False,-0.111,-0.173,0.365
2021-08-19 12:00:00,롱,27,시작높음 · B얕음 · 끝높음,False,0.591,-0.256,0.203
2021-08-20 08:00:00,숏,10,시작중간 · B깊음 · 끝낮음,False,-0.059,-0.902,-0.815
2021-08-20 14:00:00,롱,9,시작낮음 · B얕음 · 끝높음,False,-0.57,0.005,0.373
2021-08-21 02:00:00,숏,19,시작높음 · B깊음 · 끝낮음,False,0.292,-0.583,-0.413
2021-08-22 22:00:00,롱,5,시작낮음 · B중간 · 끝중간,True,-0.6,-0.321,0.121
2021-08-23 14:00:00,숏,10,시작중간 · B깊음 · 끝낮음,False,-0.115,-0.628,-0.41
2021-08-24 07:00:00,롱,1,시작낮음 · B깊음 · 끝낮음,False,-0.715,-0.631,-0.186
2021-08-24 10:00:00,숏,18,시작중간 · B얕음 · 끝높음,False,-0.209,-0.008,0.329
2021-08-25 05:00:00,롱,19,시작높음 · B깊음 · 끝낮음,False,0.09,-0.855,-0.486
2021-08-25 08:00:00,숏,9,시작낮음 · B얕음 · 끝높음,False,-0.64,-0.196,0.281
2021-08-25 14:00:00,롱,15,시작중간 · B중간 · 끝높음,True,-0.017,-0.542,0.186
2021-08-26 03:00:00,숏,11,시작중간 · B깊음 · 끝중간,True,-0.188,-0.768,-0.129
2021-08-26 18:00:00,롱,1,시작낮음 · B깊음 · 끝낮음,False,-0.408,-0.739,-0.547
2021-08-28 07:00:00,숏,1,시작낮음 · B깊음 · 끝낮음,False,-0.554,-0.744,-0.651
2021-08-29 00:00:00,롱,9,시작낮음 · B얕음 · 끝높음,True,-0.63,-0.14,0.171
2021-08-29 02:00:00,숏,15,시작중간 · B중간 · 끝높음,True,-0.047,-0.521,0.239
2021-08-29 17:00:00,롱,10,시작중간 · B깊음 · 끝낮음,False,-0.25,-0.659,-0.3
2021-08-30 01:00:00,숏,5,시작낮음 · B중간 · 끝중간,False,-0.431,-0.406,0.095
2021-08-30 16:00:00,롱,23,시작높음 · B중간 · 끝중간,False,0.128,-0.451,-0.102
2021-08-30 23:00:00,숏,15,시작중간 · B중간 · 끝높음,False,-0.206,-0.331,0.602
2021-08-31 08:00:00,롱,23,시작높음 · B중간 · 끝중간,False,0.22,-0.415,0.046
2021-08-31 20:00:00,숏,27,시작높음 · B얕음 · 끝높음,False,0.179,-0.203,0.449
2021-09-01 04:00:00,롱,23,시작높음 · B중간 · 끝중간,False,0.237,-0.425,-0.117
2021-09-02 14:00:00,숏,10,시작중간 · B깊음 · 끝낮음,False,-0.051,-0.835,-0.649
2021-09-03 09:00:00,롱,5,시작낮음 · B중간 · 끝중간,False,-0.915,-0.443,0.001
2021-09-03 20:00:00,숏,23,시작높음 · B중간 · 끝중간,False,0.073,-0.353,-0.048
2021-09-05 02:00:00,롱,1,시작낮음 · B깊음 · 끝낮음,True,-0.348,-0.558,-0.254
2021-09-05 03:00:00,숏,18,시작중간 · B얕음 · 끝높음,False,-0.266,-0.067,0.324
2021-09-05 09:00:00,롱,11,시작중간 · B깊음 · 끝중간,True,-0.029,-0.718,0.031
2021-09-06 10:00:00,숏,19,시작높음 · B깊음 · 끝낮음,True,0.014,-0.637,-0.653
2021-09-06 22:00:00,롱,9,시작낮음 · B얕음 · 끝높음,False,-0.599,-0.206,0.276
2021-09-07 06:00:00,숏,22,시작높음 · B중간 · 끝낮음,True,0.196,-0.406,-0.155
2021-09-08 03:00:00,롱,10,시작중간 · B깊음 · 끝낮음,False,-0.043,-0.944,-0.585
2021-09-08 06:00:00,숏,9,시작낮음 · B얕음 · 끝높음,False,-0.54,0.003,0.183
2021-09-08 09:00:00,롱,20,시작높음 · B깊음 · 끝중간,True,0.341,-0.58,0.055
2021-09-09 23:00:00,숏,14,시작중간 · B중간 · 끝중간,True,-0.1,-0.451,-0.138
2021-09-10 01:00:00,롱,9,시작낮음 · B얕음 · 끝높음,False,-0.395,-0.103,0.191
2021-09-10 06:00:00,숏,24,시작높음 · B중간 · 끝높음,False,0.063,-0.494,0.206
2021-09-11 03:00:00,롱,10,시작중간 · B깊음 · 끝낮음,True,-0.024,-0.793,-0.518
2021-09-11 22:00:00,숏,8,시작낮음 · B얕음 · 끝중간,False,-0.526,-0.249,0.069
2021-09-12 05:00:00,롱,14,시작중간 · B중간 · 끝중간,False,-0.113,-0.486,-0.023
2021-09-12 20:00:00,숏,24,시작높음 · B중간 · 끝높음,True,0.005,-0.541,0.15
2021-09-13 00:00:00,롱,5,시작낮음 · B중간 · 끝중간,True,-0.31,-0.502,0.096
2021-09-13 01:00:00,숏,27,시작높음 · B얕음 · 끝높음,False,0.08,-0.126,0.521
2021-09-13 13:00:00,롱,20,시작높음 · B깊음 · 끝중간,False,0.035,-0.657,0.04
2021-09-13 14:00:00,숏,6,시작낮음 · B중간 · 끝높음,False,-0.37,-0.46,0.189
2021-09-13 19:00:00,롱,1,시작낮음 · B깊음 · 끝낮음,False,-0.39,-0.696,-0.374
2021-09-15 04:00:00,숏,19,시작높음 · B깊음 · 끝낮음,True,0.008,-0.609,-0.514
2021-09-15 13:00:00,롱,9,시작낮음 · B얕음 · 끝높음,False,-0.763,-0.093,0.198
2021-09-15 23:00:00,숏,19,시작높음 · B깊음 · 끝낮음,False,0.168,-0.601,-0.43
2021-09-17 03:00:00,롱,1,시작낮음 · B깊음 · 끝낮음,False,-0.673,-0.809,-0.27
2021-09-17 10:00:00,숏,9,시작낮음 · B얕음 · 끝높음,False,-0.383,-0.243,0.194
2021-09-18 01:00:00,롱,23,시작높음 · B중간 · 끝중간,True,0.044,-0.536,-0.126
2021-09-18 16:00:00,숏,10,시작중간 · B깊음 · 끝낮음,False,-0.163,-0.584,-0.423
2021-09-20 20:00:00,롱,10,시작중간 · B깊음 · 끝낮음,False,-0.161,-0.913,-0.77
2021-09-21 00:00:00,숏,9,시작낮음 · B얕음 · 끝높음,False,-0.544,0.02,0.263
2021-09-21 03:00:00,롱,20,시작높음 · B깊음 · 끝중간,False,0.219,-0.633,-0.103
2021-09-21 19:00:00,숏,27,시작높음 · B얕음 · 끝높음,True,0.005,-0.194,0.245
2021-09-22 02:00:00,롱,20,시작높음 · B깊음 · 끝중간,False,0.153,-0.618,-0.05
2021-09-23 10:00:00,숏,13,시작중간 · B중간 · 끝낮음,False,-0.036,-0.437,-0.322
2021-09-23 17:00:00,롱,9,시작낮음 · B얕음 · 끝높음,False,-0.604,-0.177,0.262
2021-09-24 01:00:00,숏,10,시작중간 · B깊음 · 끝낮음,False,-0.124,-0.606,-0.409
2021-09-24 21:00:00,롱,10,시작중간 · B깊음 · 끝낮음,False,-0.141,-0.802,-0.39
2021-09-26 02:00:00,숏,9,시작낮음 · B얕음 · 끝높음,False,-0.384,-0.036,0.197
2021-09-26 09:00:00,롱,24,시작높음 · B중간 · 끝높음,False,0.19,-0.405,0.271
2021-09-27 08:00:00,숏,10,시작중간 · B깊음 · 끝낮음,False,-0.195,-0.73,-0.621
2021-09-28 20:00:00,롱,1,시작낮음 · B깊음 · 끝낮음,False,-0.635,-0.781,-0.593
2021-09-29 16:00:00,숏,8,시작낮음 · B얕음 · 끝중간,False,-0.639,-0.262,0.026
2021-09-30 00:00:00,롱,24,시작높음 · B중간 · 끝높음,False,0.055,-0.371,0.339
2021-09-30 14:00:00,숏,10,시작중간 · B깊음 · 끝낮음,False,-0.09,-0.763,-0.538
2021-09-30 18:00:00,롱,9,시작낮음 · B얕음 · 끝높음,False,-0.607,-0.059,0.337
2021-10-01 02:00:00,숏,23,시작높음 · B중간 · 끝중간,False,0.222,-0.485,-0.044
2021-10-01 07:00:00,롱,18,시작중간 · B얕음 · 끝높음,False,-0.201,-0.185,0.607
2021-10-02 00:00:00,숏,19,시작높음 · B깊음 · 끝낮음,False,0.046,-0.86,-0.744
2021-10-03 17:00:00,롱,9,시작낮음 · B얕음 · 끝높음,True,-0.76,-0.154,0.15
2021-10-03 22:00:00,숏,14,시작중간 · B중간 · 끝중간,False,-0.067,-0.389,0.014
2021-10-04 13:00:00,롱,27,시작높음 · B얕음 · 끝높음,True,0.099,-0.203,0.157
2021-10-04 14:00:00,숏,15,시작중간 · B중간 · 끝높음,False,-0.205,-0.407,0.202
2021-10-04 16:00:00,롱,15,시작중간 · B중간 · 끝높음,False,-0.181,-0.519,0.217
2021-10-05 15:00:00,숏,10,시작중간 · B깊음 · 끝낮음,False,-0.134,-0.683,-0.587
2021-10-05 18:00:00,롱,9,시작낮음 · B얕음 · 끝높음,False,-0.683,0.013,0.242
2021-10-06 05:00:00,숏,19,시작높음 · B깊음 · 끝낮음,False,0.165,-0.68,-0.611
2021-10-06 13:00:00,롱,18,시작중간 · B얕음 · 끝높음,False,-0.175,-0.116,0.43
2021-10-07 01:00:00,숏,22,시작높음 · B중간 · 끝낮음,False,0.244,-0.343,-0.348
2021-10-08 07:00:00,롱,8,시작낮음 · B얕음 · 끝중간,True,-0.565,-0.285,-0.012
2021-10-08 14:00:00,숏,10,시작중간 · B깊음 · 끝낮음,True,-0.257,-0.61,-0.156
2021-10-09 04:00:00,롱,18,시작중간 · B얕음 · 끝높음,False,-0.045,-0.058,0.194
2021-10-09 19:00:00,숏,23,시작높음 · B중간 · 끝중간,False,0.114,-0.414,-0.044
2021-10-10 04:00:00,롱,15,시작중간 · B중간 · 끝높음,True,-0.157,-0.302,0.511
2021-10-10 10:00:00,숏,23,시작높음 · B중간 · 끝중간,True,0.071,-0.317,0.005
2021-10-11 02:00:00,롱,27,시작높음 · B얕음 · 끝높음,False,0.036,-0.167,0.333
2021-10-11 21:00:00,숏,19,시작높음 · B깊음 · 끝낮음,False,0.108,-0.642,-0.507
2021-10-13 02:00:00,롱,1,시작낮음 · B깊음 · 끝낮음,False,-0.457,-0.607,-0.214
2021-10-13 05:00:00,숏,18,시작중간 · B얕음 · 끝높음,False,-0.202,-0.015,0.302
2021-10-13 14:00:00,롱,20,시작높음 · B깊음 · 끝중간,True,0.101,-0.755,-0.126
2021-10-14 08:00:00,숏,10,시작중간 · B깊음 · 끝낮음,False,-0.262,-0.781,-0.593
2021-10-15 02:00:00,롱,9,시작낮음 · B얕음 · 끝높음,False,-0.56,-0.087,0.355
2021-10-16 01:00:00,숏,10,시작중간 · B깊음 · 끝낮음,True,-0.029,-0.752,-0.587
2021-10-17 10:00:00,롱,8,시작낮음 · B얕음 · 끝중간,False,-0.626,-0.159,-0.04
2021-10-17 12:00:00,숏,18,시작중간 · B얕음 · 끝높음,True,-0.116,0.007,0.165
2021-10-17 13:00:00,롱,26,시작높음 · B얕음 · 끝중간,False,0.372,-0.229,0.02
2021-10-17 15:00:00,숏,14,시작중간 · B중간 · 끝중간,True,-0.119,-0.425,0.127
2021-10-17 16:00:00,롱,14,시작중간 · B중간 · 끝중간,False,-0.246,-0.514,-0.087
2021-10-17 19:00:00,숏,15,시작중간 · B중간 · 끝높음,False,-0.251,-0.37,0.316
2021-10-17 23:00:00,롱,15,시작중간 · B중간 · 끝높음,True,-0.068,-0.509,0.173
2021-10-18 09:00:00,숏,26,시작높음 · B얕음 · 끝중간,False,0.084,-0.252,0.017
2021-10-18 23:00:00,롱,14,시작중간 · B중간 · 끝중간,True,-0.202,-0.539,0.075
2021-10-19 02:00:00,숏,26,시작높음 · B얕음 · 끝중간,False,0.147,0.007,0.103
2021-10-19 03:00:00,롱,27,시작높음 · B얕음 · 끝높음,False,0.162,-0.029,0.565
2021-10-19 11:00:00,숏,10,시작중간 · B깊음 · 끝낮음,False,-0.079,-0.788,-0.298
2021-10-19 13:00:00,롱,18,시작중간 · B얕음 · 끝높음,False,-0.237,-0.1,0.221
2021-10-20 04:00:00,숏,10,시작중간 · B깊음 · 끝낮음,True,-0.012,-0.669,-0.568
2021-10-20 13:00:00,롱,9,시작낮음 · B얕음 · 끝높음,True,-0.329,-0.038,0.443
2021-10-20 22:00:00,숏,19,시작높음 · B깊음 · 끝낮음,False,0.139,-0.708,-0.437
2021-10-22 03:00:00,롱,10,시작중간 · B깊음 · 끝낮음,True,-0.296,-0.669,-0.497
2021-10-22 14:00:00,숏,9,시작낮음 · B얕음 · 끝높음,False,-0.502,-0.132,0.218
2021-10-23 01:00:00,롱,22,시작높음 · B중간 · 끝낮음,False,0.151,-0.464,-0.374
2021-10-24 06:00:00,숏,18,시작중간 · B얕음 · 끝높음,True,-0.256,-0.156,0.153
2021-10-24 20:00:00,롱,20,시작높음 · B깊음 · 끝중간,True,0.069,-0.58,0.079
2021-10-25 19:00:00,숏,10,시작중간 · B깊음 · 끝낮음,False,-0.078,-0.708,-0.468
2021-10-27 19:00:00,롱,1,시작낮음 · B깊음 · 끝낮음,False,-0.433,-0.878,-0.699
2021-10-28 22:00:00,숏,4,시작낮음 · B중간 · 끝낮음,True,-0.715,-0.531,-0.304
2021-10-29 01:00:00,롱,8,시작낮음 · B얕음 · 끝중간,True,-0.395,-0.05,0.133
2021-10-29 05:00:00,숏,27,시작높음 · B얕음 · 끝높음,True,0.26,-0.282,0.226
2021-10-29 15:00:00,롱,15,시작중간 · B중간 · 끝높음,True,-0.072,-0.521,0.34
2021-10-30 00:00:00,숏,10,시작중간 · B깊음 · 끝낮음,False,-0.11,-0.644,-0.27
2021-10-30 23:00:00,롱,13,시작중간 · B중간 · 끝낮음,True,-0.294,-0.495,-0.177
2021-10-31 05:00:00,숏,5,시작낮음 · B중간 · 끝중간,False,-0.404,-0.445,0.097
2021-10-31 20:00:00,롱,22,시작높음 · B중간 · 끝낮음,False,0.087,-0.506,-0.207
2021-11-01 03:00:00,숏,6,시작낮음 · B중간 · 끝높음,True,-0.321,-0.473,0.367
2021-11-01 07:00:00,롱,27,시작높음 · B얕음 · 끝높음,True,0.022,-0.26,0.544
2021-11-01 16:00:00,숏,23,시작높음 · B중간 · 끝중간,True,0.083,-0.525,-0.12
2021-11-02 04:00:00,롱,17,시작중간 · B얕음 · 끝중간,True,-0.134,-0.292,-0.067
2021-11-02 21:00:00,숏,10,시작중간 · B깊음 · 끝낮음,False,-0.101,-0.734,-0.501
2021-11-03 21:00:00,롱,5,시작낮음 · B중간 · 끝중간,False,-0.493,-0.341,-0.006
2021-11-04 01:00:00,숏,17,시작중간 · B얕음 · 끝중간,False,-0.091,-0.106,0.115
2021-11-04 23:00:00,롱,10,시작중간 · B깊음 · 끝낮음,True,-0.004,-0.745,-0.556
2021-11-05 00:00:00,숏,8,시작낮음 · B얕음 · 끝중간,False,-0.721,-0.143,0.117
2021-11-05 01:00:00,롱,12,시작중간 · B깊음 · 끝높음,True,-0.297,-0.56,0.402
2021-11-05 14:00:00,숏,1,시작낮음 · B깊음 · 끝낮음,True,-0.326,-0.884,-0.237
2021-11-06 01:00:00,롱,4,시작낮음 · B중간 · 끝낮음,False,-0.395,-0.463,-0.296
2021-11-06 10:00:00,숏,9,시작낮음 · B얕음 · 끝높음,False,-0.373,-0.223,0.48
2021-11-06 17:00:00,롱,22,시작높음 · B중간 · 끝낮음,True,0.245,-0.538,-0.171
2021-11-07 13:00:00,숏,10,시작중간 · B깊음 · 끝낮음,False,-0.174,-0.669,-0.57
2021-11-07 17:00:00,롱,9,시작낮음 · B얕음 · 끝높음,False,-0.625,-0.02,0.362
2021-11-08 13:00:00,숏,19,시작높음 · B깊음 · 끝낮음,False,0.055,-0.859,-0.717
2021-11-09 00:00:00,롱,9,시작낮음 · B얕음 · 끝높음,False,-0.629,-0.101,0.305
2021-11-09 08:00:00,숏,26,시작높음 · B얕음 · 끝중간,True,0.492,-0.178,-0.145
2021-11-10 13:00:00,롱,14,시작중간 · B중간 · 끝중간,True,-0.17,-0.324,0.046
2021-11-10 20:00:00,숏,5,시작낮음 · B중간 · 끝중간,True,-0.33,-0.509,0.137
2021-11-11 09:00:00,롱,10,시작중간 · B깊음 · 끝낮음,False,-0.042,-0.585,-0.189
2021-11-12 09:00:00,숏,18,시작중간 · B얕음 · 끝높음,False,-0.269,-0.047,0.339
2021-11-12 19:00:00,롱,19,시작높음 · B깊음 · 끝낮음,False,0.141,-0.756,-0.307
2021-11-14 08:00:00,숏,5,시작낮음 · B중간 · 끝중간,True,-0.32,-0.436,-0.139
2021-11-14 23:00:00,롱,6,시작낮음 · B중간 · 끝높음,False,-0.396,-0.421,0.407
2021-11-15 13:00:00,숏,10,시작중간 · B깊음 · 끝낮음,True,-0.02,-0.647,-0.362
2021-11-16 14:00:00,롱,10,시작중간 · B깊음 · 끝낮음,False,-0.16,-0.898,-0.609
2021-11-18 05:00:00,숏,8,시작낮음 · B얕음 · 끝중간,False,-0.69,-0.089,0.103
2021-11-19 08:00:00,롱,19,시작높음 · B깊음 · 끝낮음,False,0.177,-0.686,-0.46
2021-11-20 13:00:00,숏,1,시작낮음 · B깊음 · 끝낮음,False,-0.833,-0.66,-0.571
2021-11-20 19:00:00,롱,9,시작낮음 · B얕음 · 끝높음,True,-0.685,-0.28,0.236
2021-11-21 03:00:00,숏,27,시작높음 · B얕음 · 끝높음,False,0.33,-0.153,0.283
2021-11-21 16:00:00,롱,24,시작높음 · B중간 · 끝높음,False,0.199,-0.358,0.53
2021-11-21 22:00:00,숏,23,시작높음 · B중간 · 끝중간,False,0.146,-0.379,0.07
2021-11-22 13:00:00,롱,10,시작중간 · B깊음 · 끝낮음,True,-0.049,-0.754,-0.173
2021-11-22 18:00:00,숏,6,시작낮음 · B중간 · 끝높음,True,-0.682,-0.544,0.218
2021-11-23 02:00:00,롱,14,시작중간 · B중간 · 끝중간,True,-0.059,-0.357,-0.127
2021-11-24 02:00:00,숏,15,시작중간 · B중간 · 끝높음,False,-0.195,-0.369,0.223
2021-11-24 18:00:00,롱,14,시작중간 · B중간 · 끝중간,False,-0.066,-0.342,-0.088
2021-11-25 23:00:00,숏,10,시작중간 · B깊음 · 끝낮음,False,-0.088,-0.776,-0.67
2021-11-27 00:00:00,롱,1,시작낮음 · B깊음 · 끝낮음,False,-0.382,-0.872,-0.805
2021-11-28 02:00:00,숏,8,시작낮음 · B얕음 · 끝중간,False,-0.911,-0.248,-0.101
2021-11-28 07:00:00,롱,9,시작낮음 · B얕음 · 끝높음,True,-0.353,-0.243,0.166
2021-11-28 16:00:00,숏,27,시작높음 · B얕음 · 끝높음,False,0.262,-0.253,0.254
2021-11-28 19:00:00,롱,27,시작높음 · B얕음 · 끝높음,True,0.097,-0.264,0.167
2021-11-29 10:00:00,숏,10,시작중간 · B깊음 · 끝낮음,False,-0.039,-0.724,-0.596
2021-11-29 17:00:00,롱,9,시작낮음 · B얕음 · 끝높음,False,-0.564,0.0,0.375
2021-11-29 22:00:00,숏,19,시작높음 · B깊음 · 끝낮음,True,0.289,-0.577,-0.297
2021-11-30 13:00:00,롱,11,시작중간 · B깊음 · 끝중간,True,-0.273,-0.744,0.019
2021-11-30 16:00:00,숏,15,시작중간 · B중간 · 끝높음,False,-0.152,-0.336,0.319
2021-11-30 18:00:00,롱,27,시작높음 · B얕음 · 끝높음,False,0.211,-0.234,0.439
2021-11-30 21:00:00,숏,23,시작높음 · B중간 · 끝중간,True,0.053,-0.509,0.136
2021-12-01 13:00:00,롱,14,시작중간 · B중간 · 끝중간,False,-0.041,-0.341,0.116
2021-12-01 20:00:00,숏,11,시작중간 · B깊음 · 끝중간,True,-0.252,-0.766,0.122
2021-12-02 14:00:00,롱,14,시작중간 · B중간 · 끝중간,False,-0.046,-0.42,-0.107
2021-12-02 16:00:00,숏,5,시작낮음 · B중간 · 끝중간,False,-0.428,-0.45,0.087
2021-12-02 18:00:00,롱,17,시작중간 · B얕음 · 끝중간,True,-0.099,-0.236,0.126
2021-12-03 02:00:00,숏,24,시작높음 · B중간 · 끝높음,False,0.073,-0.515,0.257
2021-12-03 04:00:00,롱,17,시작중간 · B얕음 · 끝중간,True,-0.027,-0.131,0.088
2021-12-03 15:00:00,숏,15,시작중간 · B중간 · 끝높음,True,-0.087,-0.522,0.166
2021-12-04 15:00:00,롱,19,시작높음 · B깊음 · 끝낮음,True,0.002,-0.655,-0.481
2021-12-06 06:00:00,숏,8,시작낮음 · B얕음 · 끝중간,False,-0.542,-0.097,-0.025
2021-12-06 15:00:00,롱,5,시작낮음 · B중간 · 끝중간,True,-0.301,-0.447,0.102
2021-12-07 13:00:00,숏,10,시작중간 · B깊음 · 끝낮음,False,-0.101,-0.622,-0.599
2021-12-07 15:00:00,롱,9,시작낮음 · B얕음 · 끝높음,False,-0.698,-0.01,0.207
2021-12-07 16:00:00,숏,26,시작높음 · B얕음 · 끝중간,False,0.415,-0.238,0.114
2021-12-08 15:00:00,롱,10,시작중간 · B깊음 · 끝낮음,False,-0.042,-0.863,-0.317
2021-12-09 02:00:00,숏,9,시작낮음 · B얕음 · 끝높음,True,-0.307,-0.091,0.257
2021-12-10 01:00:00,롱,19,시작높음 · B깊음 · 끝낮음,False,0.15,-0.691,-0.449
2021-12-10 17:00:00,숏,2,시작낮음 · B깊음 · 끝중간,False,-0.703,-0.581,0.092
2021-12-10 20:00:00,롱,27,시작높음 · B얕음 · 끝높음,False,0.077,-0.08,0.295
2021-12-10 22:00:00,숏,27,시작높음 · B얕음 · 끝높음,False,0.34,-0.182,0.464
2021-12-11 02:00:00,롱,24,시작높음 · B중간 · 끝높음,True,0.147,-0.547,0.167
2021-12-12 08:00:00,숏,19,시작높음 · B깊음 · 끝낮음,True,0.034,-0.554,-0.361
2021-12-12 13:00:00,롱,9,시작낮음 · B얕음 · 끝높음,False,-0.585,-0.257,0.23
2021-12-13 00:00:00,숏,23,시작높음 · B중간 · 끝중간,True,0.1,-0.306,-0.069
2021-12-14 03:00:00,롱,10,시작중간 · B깊음 · 끝낮음,False,-0.108,-0.748,-0.601
2021-12-15 12:00:00,숏,8,시작낮음 · B얕음 · 끝중간,True,-0.676,-0.236,-0.122
2021-12-15 20:00:00,롱,6,시작낮음 · B중간 · 끝높음,False,-0.351,-0.384,0.331
2021-12-16 07:00:00,숏,26,시작높음 · B얕음 · 끝중간,False,0.176,-0.185,-0.013
2021-12-16 10:00:00,롱,18,시작중간 · B얕음 · 끝높음,False,-0.068,-0.204,0.231
2021-12-16 12:00:00,숏,24,시작높음 · B중간 · 끝높음,True,-0.0,-0.474,0.319
2021-12-17 19:00:00,롱,10,시작중간 · B깊음 · 끝낮음,True,-0.023,-0.826,-0.583
2021-12-17 20:00:00,숏,9,시작낮음 · B얕음 · 끝높음,False,-0.516,0.007,0.195
2021-12-17 21:00:00,롱,23,시작높음 · B중간 · 끝중간,False,0.22,-0.465,0.095
2021-12-17 23:00:00,숏,5,시작낮음 · B중간 · 끝중간,True,-0.321,-0.524,0.022
2021-12-18 04:00:00,롱,14,시작중간 · B중간 · 끝중간,False,-0.166,-0.468,-0.084
2021-12-19 11:00:00,숏,10,시작중간 · B깊음 · 끝낮음,False,-0.053,-0.623,-0.332
2021-12-19 13:00:00,롱,9,시작낮음 · B얕음 · 끝높음,False,-0.462,-0.057,0.231
2021-12-19 15:00:00,숏,23,시작높음 · B중간 · 끝중간,False,0.167,-0.429,0.019
2021-12-20 17:00:00,롱,10,시작중간 · B깊음 · 끝낮음,True,-0.043,-0.579,-0.439
2021-12-21 17:00:00,숏,10,시작중간 · B깊음 · 끝낮음,False,-0.26,-0.61,-0.589
2021-12-23 13:00:00,롱,8,시작낮음 · B얕음 · 끝중간,False,-0.669,-0.157,-0.027
2021-12-24 07:00:00,숏,10,시작중간 · B깊음 · 끝낮음,True,-0.023,-0.817,-0.681
2021-12-25 21:00:00,롱,8,시작낮음 · B얕음 · 끝중간,False,-0.608,-0.178,0.023
2021-12-25 22:00:00,숏,18,시작중간 · B얕음 · 끝높음,True,-0.012,-0.091,0.15
2021-12-26 15:00:00,롱,10,시작중간 · B깊음 · 끝낮음,False,-0.04,-0.783,-0.517
2021-12-27 11:00:00,숏,1,시작낮음 · B깊음 · 끝낮음,False,-0.521,-0.644,-0.414
2021-12-27 12:00:00,롱,9,시작낮음 · B얕음 · 끝높음,False,-0.605,-0.128,0.223
2021-12-27 21:00:00,숏,10,시작중간 · B깊음 · 끝낮음,True,-0.033,-0.765,-0.151
2021-12-29 02:00:00,롱,10,시작중간 · B깊음 · 끝낮음,False,-0.097,-0.797,-0.673
2021-12-29 23:00:00,숏,9,시작낮음 · B얕음 · 끝높음,False,-0.639,-0.065,0.238
2021-12-30 06:00:00,롱,22,시작높음 · B중간 · 끝낮음,True,0.211,-0.376,-0.179
2021-12-31 00:00:00,숏,14,시작중간 · B중간 · 끝중간,True,-0.222,-0.492,-0.148
2021-12-31 04:00:00,롱,18,시작중간 · B얕음 · 끝높음,True,-0.29,-0.154,0.191
2021-12-31 17:00:00,숏,11,시작중간 · B깊음 · 끝중간,True,-0.018,-0.69,0.097
2022-01-01 05:00:00,롱,11,시작중간 · B깊음 · 끝중간,False,-0.105,-0.611,-0.1
2022-01-02 04:00:00,숏,5,시작낮음 · B중간 · 끝중간,False,-0.342,-0.455,-0.091
2022-01-02 16:00:00,롱,6,시작낮음 · B중간 · 끝높음,False,-0.517,-0.426,0.342
2022-01-02 18:00:00,숏,15,시작중간 · B중간 · 끝높음,True,-0.007,-0.352,0.182
2022-01-03 10:00:00,롱,13,시작중간 · B중간 · 끝낮음,False,-0.055,-0.472,-0.198
2022-01-03 15:00:00,숏,6,시작낮음 · B중간 · 끝높음,False,-0.335,-0.457,0.29
2022-01-04 06:00:00,롱,19,시작높음 · B깊음 · 끝낮음,True,0.087,-0.573,-0.277
2022-01-04 18:00:00,숏,3,시작낮음 · B깊음 · 끝높음,False,-0.372,-0.593,0.224
2022-01-05 03:00:00,롱,14,시작중간 · B중간 · 끝중간,False,-0.18,-0.379,-0.075
2022-01-05 17:00:00,숏,15,시작중간 · B중간 · 끝높음,False,-0.184,-0.395,0.186
2022-01-06 11:00:00,롱,19,시작높음 · B깊음 · 끝낮음,True,0.008,-0.762,-0.705
2022-01-07 04:00:00,숏,9,시작낮음 · B얕음 · 끝높음,False,-0.638,-0.114,0.214
2022-01-07 09:00:00,롱,27,시작높음 · B얕음 · 끝높음,False,0.427,-0.154,0.234
2022-01-07 15:00:00,숏,27,시작높음 · B얕음 · 끝높음,False,0.12,-0.169,0.267
2022-01-07 16:00:00,롱,26,시작높음 · B얕음 · 끝중간,True,0.117,-0.282,0.126
2022-01-08 16:00:00,숏,14,시작중간 · B중간 · 끝중간,False,-0.192,-0.432,-0.005
2022-01-08 22:00:00,롱,15,시작중간 · B중간 · 끝높음,True,-0.105,-0.469,0.169
2022-01-09 13:00:00,숏,27,시작높음 · B얕음 · 끝높음,True,0.116,-0.297,0.161
2022-01-09 16:00:00,롱,24,시작높음 · B중간 · 끝높음,False,0.096,-0.338,0.3
2022-01-10 00:00:00,숏,11,시작중간 · B깊음 · 끝중간,True,-0.055,-0.569,-0.018
2022-01-10 20:00:00,롱,11,시작중간 · B깊음 · 끝중간,False,-0.061,-0.643,-0.047
2022-01-11 10:00:00,숏,14,시작중간 · B중간 · 끝중간,False,-0.21,-0.393,-0.113
2022-01-11 16:00:00,롱,9,시작낮음 · B얕음 · 끝높음,False,-0.363,-0.269,0.4
2022-01-12 03:00:00,숏,10,시작중간 · B깊음 · 끝낮음,False,-0.131,-0.673,-0.456
2022-01-12 12:00:00,롱,9,시작낮음 · B얕음 · 끝높음,False,-0.334,-0.027,0.416
2022-01-13 00:00:00,숏,19,시작높음 · B깊음 · 끝낮음,False,0.189,-0.689,-0.396
2022-01-14 14:00:00,롱,1,시작낮음 · B깊음 · 끝낮음,False,-0.34,-0.716,-0.347
2022-01-15 11:00:00,숏,4,시작낮음 · B중간 · 끝낮음,False,-0.706,-0.436,-0.329
2022-01-15 15:00:00,롱,9,시작낮음 · B얕음 · 끝높음,True,-0.559,-0.251,0.166
2022-01-15 23:00:00,숏,23,시작높음 · B중간 · 끝중간,False,0.09,-0.439,0.058
2022-01-16 14:00:00,롱,14,시작중간 · B중간 · 끝중간,False,-0.106,-0.411,0.023
2022-01-16 19:00:00,숏,18,시작중간 · B얕음 · 끝높음,False,-0.185,-0.266,0.375
2022-01-18 01:00:00,롱,19,시작높음 · B깊음 · 끝낮음,False,0.063,-0.751,-0.427
2022-01-18 08:00:00,숏,9,시작낮음 · B얕음 · 끝높음,False,-0.384,-0.022,0.374
2022-01-18 19:00:00,롱,19,시작높음 · B깊음 · 끝낮음,False,0.234,-0.635,-0.321
2022-01-19 06:00:00,숏,11,시작중간 · B깊음 · 끝중간,True,-0.295,-0.641,-0.073
2022-01-19 12:00:00,롱,18,시작중간 · B얕음 · 끝높음,False,-0.066,-0.258,0.22
2022-01-19 20:00:00,숏,24,시작높음 · B중간 · 끝높음,True,0.207,-0.317,0.277
2022-01-20 03:00:00,롱,26,시작높음 · B얕음 · 끝중간,False,0.317,-0.264,0.067
2022-01-20 21:00:00,숏,21,시작높음 · B깊음 · 끝높음,False,0.07,-0.629,0.287
2022-01-21 16:00:00,롱,10,시작중간 · B깊음 · 끝낮음,False,-0.117,-0.853,-0.684
2022-01-21 21:00:00,숏,9,시작낮음 · B얕음 · 끝높음,False,-0.572,-0.025,0.323
2022-01-22 11:00:00,롱,19,시작높음 · B깊음 · 끝낮음,False,0.071,-0.774,-0.585
2022-01-23 18:00:00,숏,8,시작낮음 · B얕음 · 끝중간,False,-0.632,-0.12,0.112
2022-01-23 22:00:00,롱,26,시작높음 · B얕음 · 끝중간,True,0.127,-0.275,0.085
2022-01-24 04:00:00,숏,14,시작중간 · B중간 · 끝중간,True,-0.006,-0.502,0.115
2022-01-24 17:00:00,롱,11,시작중간 · B깊음 · 끝중간,True,-0.003,-0.608,-0.002
2022-01-25 07:00:00,숏,10,시작중간 · B깊음 · 끝낮음,False,-0.222,-0.611,-0.362
2022-01-25 10:00:00,롱,9,시작낮음 · B얕음 · 끝높음,True,-0.447,-0.036,0.163
2022-01-25 14:00:00,숏,23,시작높음 · B중간 · 끝중간,False,0.398,-0.356,0.094
2022-01-25 16:00:00,롱,15,시작중간 · B중간 · 끝높음,True,-0.104,-0.311,0.264
2022-01-25 21:00:00,숏,20,시작높음 · B깊음 · 끝중간,True,0.029,-0.554,-0.02
2022-01-26 04:00:00,롱,18,시작중간 · B얕음 · 끝높음,False,-0.129,-0.201,0.602
2022-01-26 18:00:00,숏,22,시작높음 · B중간 · 끝낮음,False,0.296,-0.46,-0.284
2022-01-27 11:00:00,롱,10,시작중간 · B깊음 · 끝낮음,False,-0.223,-0.749,-0.406
2022-01-27 20:00:00,숏,9,시작낮음 · B얕음 · 끝높음,False,-0.419,-0.199,0.209
2022-01-27 22:00:00,롱,24,시작높음 · B중간 · 끝높음,False,0.062,-0.371,0.274
2022-01-28 09:00:00,숏,10,시작중간 · B깊음 · 끝낮음,True,-0.034,-0.585,-0.169
2022-01-28 15:00:00,롱,9,시작낮음 · B얕음 · 끝높음,True,-0.312,-0.283,0.327
2022-01-29 09:00:00,숏,19,시작높음 · B깊음 · 끝낮음,False,0.105,-0.601,-0.522
2022-01-29 13:00:00,롱,9,시작낮음 · B얕음 · 끝높음,False,-0.646,-0.102,0.236
2022-01-29 14:00:00,숏,24,시작높음 · B중간 · 끝높음,False,0.267,-0.39,0.331
2022-01-29 20:00:00,롱,14,시작중간 · B중간 · 끝중간,True,-0.218,-0.433,0.145
2022-01-30 00:00:00,숏,14,시작중간 · B중간 · 끝중간,False,-0.169,-0.442,0.012
2022-01-31 10:00:00,롱,10,시작중간 · B깊음 · 끝낮음,False,-0.155,-0.684,-0.416
2022-02-01 07:00:00,숏,1,시작낮음 · B깊음 · 끝낮음,False,-0.45,-0.668,-0.575
2022-02-01 13:00:00,롱,9,시작낮음 · B얕음 · 끝높음,False,-0.479,-0.088,0.233
2022-02-01 14:00:00,숏,26,시작높음 · B얕음 · 끝중간,True,0.28,-0.287,0.134
2022-02-01 16:00:00,롱,15,시작중간 · B중간 · 끝높음,False,-0.188,-0.497,0.23
2022-02-01 18:00:00,숏,14,시작중간 · B중간 · 끝중간,True,-0.277,-0.446,0.095
2022-02-03 07:00:00,롱,10,시작중간 · B깊음 · 끝낮음,False,-0.088,-0.789,-0.687
2022-02-03 10:00:00,숏,9,시작낮음 · B얕음 · 끝높음,False,-0.699,-0.056,0.202
2022-02-03 11:00:00,롱,24,시작높음 · B중간 · 끝높음,True,0.346,-0.327,0.161
2022-02-05 07:00:00,숏,10,시작중간 · B깊음 · 끝낮음,True,-0.004,-0.926,-0.875
2022-02-06 23:00:00,롱,8,시작낮음 · B얕음 · 끝중간,True,-0.795,-0.066,0.138
2022-02-08 00:00:00,숏,19,시작높음 · B깊음 · 끝낮음,False,0.038,-0.734,-0.628
2022-02-08 05:00:00,롱,9,시작낮음 · B얕음 · 끝높음,False,-0.634,-0.039,0.293
2022-02-08 08:00:00,숏,24,시작높음 · B중간 · 끝높음,True,0.25,-0.486,0.174
2022-02-08 22:00:00,롱,10,시작중간 · B깊음 · 끝낮음,False,-0.2,-0.692,-0.281
2022-02-09 02:00:00,숏,18,시작중간 · B얕음 · 끝높음,False,-0.262,0.009,0.376
2022-02-09 12:00:00,롱,21,시작높음 · B깊음 · 끝높음,True,0.228,-0.574,0.233
2022-02-10 02:00:00,숏,11,시작중간 · B깊음 · 끝중간,True,-0.025,-0.583,-0.028
2022-02-10 10:00:00,롱,15,시작중간 · B중간 · 끝높음,True,-0.288,-0.458,0.291
2022-02-10 20:00:00,숏,23,시작높음 · B중간 · 끝중간,False,0.066,-0.412,0.116
2022-02-11 12:00:00,롱,22,시작높음 · B중간 · 끝낮음,True,0.019,-0.423,-0.238
2022-02-11 18:00:00,숏,9,시작낮음 · B얕음 · 끝높음,False,-0.503,-0.2,0.332
2022-02-12 09:00:00,롱,10,시작중간 · B깊음 · 끝낮음,False,-0.07,-0.696,-0.488
2022-02-13 18:00:00,숏,6,시작낮음 · B중간 · 끝높음,True,-0.631,-0.383,0.154
2022-02-14 07:00:00,롱,23,시작높음 · B중간 · 끝중간,True,0.0,-0.346,0.018
2022-02-14 20:00:00,숏,17,시작중간 · B얕음 · 끝중간,True,-0.091,-0.29,0.004
2022-02-14 22:00:00,롱,27,시작높음 · B얕음 · 끝높음,True,0.01,-0.007,0.517
2022-02-15 17:00:00,숏,19,시작높음 · B깊음 · 끝낮음,False,0.032,-0.88,-0.683
2022-02-16 21:00:00,롱,8,시작낮음 · B얕음 · 끝중간,True,-0.727,-0.282,-0.027
2022-02-16 23:00:00,숏,17,시작중간 · B얕음 · 끝중간,True,-0.016,-0.038,0.128
2022-02-17 00:00:00,롱,24,시작높음 · B중간 · 끝높음,False,0.363,-0.333,0.206
2022-02-17 03:00:00,숏,9,시작낮음 · B얕음 · 끝높음,True,-0.327,-0.272,0.51
2022-02-18 06:00:00,롱,10,시작중간 · B깊음 · 끝낮음,False,-0.035,-0.9,-0.803
2022-02-20 04:00:00,숏,9,시작낮음 · B얕음 · 끝높음,False,-0.743,-0.056,0.231
2022-02-20 18:00:00,롱,22,시작높음 · B중간 · 끝낮음,True,0.268,-0.522,-0.454
2022-02-21 11:00:00,숏,6,시작낮음 · B중간 · 끝높음,False,-0.594,-0.427,0.275
2022-02-21 16:00:00,롱,18,시작중간 · B얕음 · 끝높음,True,-0.025,-0.283,0.165
2022-02-21 18:00:00,숏,27,시작높음 · B얕음 · 끝높음,False,0.171,-0.047,0.476
2022-02-22 09:00:00,롱,19,시작높음 · B깊음 · 끝낮음,False,0.155,-0.711,-0.496
2022-02-23 17:00:00,숏,1,시작낮음 · B깊음 · 끝낮음,False,-0.376,-0.681,-0.331
2022-02-24 13:00:00,롱,1,시작낮음 · B깊음 · 끝낮음,True,-0.316,-0.846,-0.636
2022-02-25 17:00:00,숏,1,시작낮음 · B깊음 · 끝낮음,False,-0.586,-0.582,-0.648
2022-02-27 09:00:00,롱,8,시작낮음 · B얕음 · 끝중간,False,-0.805,-0.195,-0.054
2022-02-27 18:00:00,숏,14,시작중간 · B중간 · 끝중간,False,-0.226,-0.467,-0.053
2022-02-28 07:00:00,롱,10,시작중간 · B깊음 · 끝낮음,False,-0.072,-0.666,-0.211
2022-03-01 09:00:00,숏,10,시작중간 · B깊음 · 끝낮음,False,-0.122,-0.744,-0.711
2022-03-03 13:00:00,롱,8,시작낮음 · B얕음 · 끝중간,False,-0.73,-0.057,0.059
2022-03-03 15:00:00,숏,27,시작높음 · B얕음 · 끝높음,False,0.046,-0.14,0.335
2022-03-04 09:00:00,롱,19,시작높음 · B깊음 · 끝낮음,False,0.034,-0.774,-0.581
2022-03-04 15:00:00,숏,9,시작낮음 · B얕음 · 끝높음,False,-0.63,-0.082,0.294
2022-03-05 06:00:00,롱,19,시작높음 · B깊음 · 끝낮음,False,0.177,-0.704,-0.644
2022-03-06 09:00:00,숏,8,시작낮음 · B얕음 · 끝중간,False,-0.707,-0.24,0.102
2022-03-06 16:00:00,롱,14,시작중간 · B중간 · 끝중간,True,-0.108,-0.532,0.043
2022-03-07 00:00:00,숏,18,시작중간 · B얕음 · 끝높음,False,-0.151,-0.251,0.31
2022-03-07 11:00:00,롱,23,시작높음 · B중간 · 끝중간,False,0.286,-0.417,-0.038
2022-03-07 19:00:00,숏,12,시작중간 · B깊음 · 끝높음,True,-0.138,-0.568,0.301
2022-03-08 01:00:00,롱,23,시작높음 · B중간 · 끝중간,True,0.044,-0.301,0.135
2022-03-08 16:00:00,숏,23,시작높음 · B중간 · 끝중간,False,0.137,-0.395,-0.04
2022-03-08 17:00:00,롱,6,시작낮음 · B중간 · 끝높음,False,-0.375,-0.366,0.357
2022-03-08 20:00:00,숏,1,시작낮음 · B깊음 · 끝낮음,False,-0.439,-0.846,-0.203
2022-03-09 01:00:00,롱,6,시작낮음 · B중간 · 끝높음,False,-0.356,-0.34,0.375
2022-03-09 18:00:00,숏,19,시작높음 · B깊음 · 끝낮음,True,0.014,-0.836,-0.72
2022-03-10 19:00:00,롱,1,시작낮음 · B깊음 · 끝낮음,False,-0.802,-0.901,-0.69
2022-03-11 02:00:00,숏,9,시작낮음 · B얕음 · 끝높음,False,-0.744,-0.106,0.219
2022-03-11 06:00:00,롱,27,시작높음 · B얕음 · 끝높음,True,0.402,-0.262,0.179
2022-03-11 18:00:00,숏,20,시작높음 · B깊음 · 끝중간,True,0.029,-0.645,0.053
2022-03-12 00:00:00,롱,18,시작중간 · B얕음 · 끝높음,True,-0.031,-0.238,0.174
2022-03-12 23:00:00,숏,14,시작중간 · B중간 · 끝중간,True,-0.028,-0.504,-0.06
2022-03-13 02:00:00,롱,5,시작낮음 · B중간 · 끝중간,False,-0.457,-0.337,0.059
2022-03-13 09:00:00,숏,17,시작중간 · B얕음 · 끝중간,False,-0.189,-0.204,0.035
2022-03-13 18:00:00,롱,20,시작높음 · B깊음 · 끝중간,False,0.087,-0.604,-0.075
2022-03-13 20:00:00,숏,18,시작중간 · B얕음 · 끝높음,False,-0.224,-0.133,0.327
2022-03-14 05:00:00,롱,19,시작높음 · B깊음 · 끝낮음,False,0.035,-0.83,-0.26
2022-03-14 20:00:00,숏,14,시작중간 · B중간 · 끝중간,False,-0.144,-0.358,-0.116
2022-03-14 22:00:00,롱,18,시작중간 · B얕음 · 끝높음,False,-0.222,-0.06,0.344
2022-03-15 03:00:00,숏,11,시작중간 · B깊음 · 끝중간,False,-0.141,-0.749,-0.029
2022-03-15 14:00:00,롱,14,시작중간 · B중간 · 끝중간,False,-0.125,-0.403,0.02
2022-03-16 05:00:00,숏,10,시작중간 · B깊음 · 끝낮음,True,-0.064,-0.764,-0.155
2022-03-16 08:00:00,롱,18,시작중간 · B얕음 · 끝높음,False,-0.121,-0.036,0.372
2022-03-16 18:00:00,숏,19,시작높음 · B깊음 · 끝낮음,True,0.238,-0.562,-0.171
2022-03-16 19:00:00,롱,6,시작낮음 · B중간 · 끝높음,False,-0.402,-0.446,0.21
2022-03-17 03:00:00,숏,19,시작높음 · B깊음 · 끝낮음,True,0.01,-0.65,-0.475
2022-03-17 04:00:00,롱,8,시작낮음 · B얕음 · 끝중간,True,-0.704,-0.095,0.138
2022-03-17 05:00:00,숏,17,시작중간 · B얕음 · 끝중간,True,-0.116,-0.293,-0.077
2022-03-18 15:00:00,롱,10,시작중간 · B깊음 · 끝낮음,False,-0.265,-0.749,-0.314
2022-03-19 06:00:00,숏,10,시작중간 · B깊음 · 끝낮음,True,-0.279,-0.72,-0.535
2022-03-19 20:00:00,롱,9,시작낮음 · B얕음 · 끝높음,False,-0.619,-0.094,0.237
2022-03-19 22:00:00,숏,26,시작높음 · B얕음 · 끝중간,False,0.334,-0.217,0.094
2022-03-21 09:00:00,롱,10,시작중간 · B깊음 · 끝낮음,False,-0.091,-0.82,-0.415
2022-03-22 17:00:00,숏,1,시작낮음 · B깊음 · 끝낮음,True,-0.307,-0.652,-0.492
2022-03-23 15:00:00,롱,8,시작낮음 · B얕음 · 끝중간,False,-0.486,-0.231,0.022
2022-03-23 18:00:00,숏,18,시작중간 · B얕음 · 끝높음,False,-0.226,-0.234,0.225
2022-03-23 21:00:00,롱,27,시작높음 · B얕음 · 끝높음,False,0.234,-0.023,0.287
2022-03-24 12:00:00,숏,19,시작높음 · B깊음 · 끝낮음,False,0.126,-0.581,-0.336
2022-03-24 14:00:00,롱,9,시작낮음 · B얕음 · 끝높음,False,-0.45,-0.09,0.432
2022-03-25 02:00:00,숏,19,시작높음 · B깊음 · 끝낮음,True,0.002,-0.595,-0.536
2022-03-25 12:00:00,롱,9,시작낮음 · B얕음 · 끝높음,False,-0.513,-0.117,0.363
2022-03-25 16:00:00,숏,24,시작높음 · B중간 · 끝높음,True,0.358,-0.327,0.253
2022-03-27 00:00:00,롱,27,시작높음 · B얕음 · 끝높음,False,0.203,-0.179,0.341
2022-03-27 09:00:00,숏,23,시작높음 · B중간 · 끝중간,False,0.282,-0.379,-0.066
2022-03-27 15:00:00,롱,18,시작중간 · B얕음 · 끝높음,True,-0.16,-0.285,0.48
2022-03-28 11:00:00,숏,10,시작중간 · B깊음 · 끝낮음,True,-0.004,-0.837,-0.78
2022-03-28 13:00:00,롱,9,시작낮음 · B얕음 · 끝높음,True,-0.79,-0.017,0.153
2022-03-28 14:00:00,숏,19,시작높음 · B깊음 · 끝낮음,False,0.061,-0.754,-0.565
2022-03-30 17:00:00,롱,11,시작중간 · B깊음 · 끝중간,True,-0.299,-0.554,-0.029
2022-03-30 19:00:00,숏,17,시작중간 · B얕음 · 끝중간,False,-0.2,-0.249,0.108
2022-03-31 01:00:00,롱,27,시작높음 · B얕음 · 끝높음,False,0.171,-0.207,0.293
2022-03-31 04:00:00,숏,24,시작높음 · B중간 · 끝높음,False,0.143,-0.394,0.198
2022-03-31 07:00:00,롱,26,시작높음 · B얕음 · 끝중간,True,0.106,-0.23,0.146
2022-03-31 14:00:00,숏,27,시작높음 · B얕음 · 끝높음,True,0.044,-0.29,0.299
2022-04-01 08:00:00,롱,19,시작높음 · B깊음 · 끝낮음,False,0.048,-0.757,-0.54
2022-04-02 11:00:00,숏,1,시작낮음 · B깊음 · 끝낮음,False,-0.413,-0.627,-0.513
2022-04-03 06:00:00,롱,5,시작낮음 · B중간 · 끝중간,False,-0.615,-0.397,-0.119
2022-04-04 00:00:00,숏,15,시작중간 · B중간 · 끝높음,True,-0.172,-0.539,0.247
2022-04-04 20:00:00,롱,14,시작중간 · B중간 · 끝중간,False,-0.044,-0.44,-0.042
2022-04-05 13:00:00,숏,10,시작중간 · B깊음 · 끝낮음,True,-0.224,-0.568,-0.228
2022-04-07 04:00:00,롱,10,시작중간 · B깊음 · 끝낮음,False,-0.193,-0.879,-0.75
2022-04-08 12:00:00,숏,8,시작낮음 · B얕음 · 끝중간,False,-0.849,-0.149,0.032
2022-04-08 15:00:00,롱,24,시작높음 · B중간 · 끝높음,True,0.028,-0.371,0.276
2022-04-08 17:00:00,숏,27,시작높음 · B얕음 · 끝높음,False,0.376,-0.08,0.621
2022-04-09 07:00:00,롱,19,시작높음 · B깊음 · 끝낮음,False,0.218,-0.667,-0.522
2022-04-10 13:00:00,숏,8,시작낮음 · B얕음 · 끝중간,True,-0.737,-0.283,-0.105
2022-04-10 14:00:00,롱,17,시작중간 · B얕음 · 끝중간,True,-0.174,-0.059,0.134
2022-04-10 22:00:00,숏,24,시작높음 · B중간 · 끝높음,True,0.015,-0.457,0.274
2022-04-12 04:00:00,롱,10,시작중간 · B깊음 · 끝낮음,False,-0.032,-0.761,-0.666
2022-04-12 19:00:00,숏,8,시작낮음 · B얕음 · 끝중간,False,-0.831,-0.254,0.116
2022-04-12 22:00:00,롱,26,시작높음 · B얕음 · 끝중간,True,0.011,-0.203,0.099
2022-04-13 12:00:00,숏,23,시작높음 · B중간 · 끝중간,False,0.092,-0.389,0.007
2022-04-13 13:00:00,롱,18,시작중간 · B얕음 · 끝높음,False,-0.059,0.035,0.669
2022-04-14 06:00:00,숏,10,시작중간 · B깊음 · 끝낮음,False,-0.036,-0.843,-0.768
2022-04-15 03:00:00,롱,1,시작낮음 · B깊음 · 끝낮음,False,-0.77,-0.78,-0.543
2022-04-16 07:00:00,숏,7,시작낮음 · B얕음 · 끝낮음,True,-0.713,-0.285,-0.212
2022-04-16 22:00:00,롱,5,시작낮음 · B중간 · 끝중간,False,-0.392,-0.345,-0.009
2022-04-17 02:00:00,숏,27,시작높음 · B얕음 · 끝높음,False,0.052,-0.134,0.423
2022-04-17 06:00:00,롱,23,시작높음 · B중간 · 끝중간,False,0.334,-0.368,-0.099
2022-04-17 07:00:00,숏,27,시작높음 · B얕음 · 끝높음,True,0.016,-0.0,0.238
2022-04-17 08:00:00,롱,24,시작높음 · B중간 · 끝높음,False,0.178,-0.373,0.346
2022-04-17 16:00:00,숏,15,시작중간 · B중간 · 끝높음,True,-0.061,-0.523,0.17
2022-04-18 13:00:00,롱,10,시작중간 · B깊음 · 끝낮음,False,-0.061,-0.842,-0.534
2022-04-19 09:00:00,숏,1,시작낮음 · B깊음 · 끝낮음,False,-0.377,-0.602,-0.451
2022-04-19 13:00:00,롱,9,시작낮음 · B얕음 · 끝높음,False,-0.529,-0.039,0.293
2022-04-19 21:00:00,숏,22,시작높음 · B중간 · 끝낮음,True,0.18,-0.532,-0.285
2022-04-20 11:00:00,롱,9,시작낮음 · B얕음 · 끝높음,True,-0.306,0.018,0.565
2022-04-20 14:00:00,숏,27,시작높음 · B얕음 · 끝높음,False,0.536,-0.235,0.261
2022-04-21 03:00:00,롱,23,시작높음 · B중간 · 끝중간,False,0.131,-0.514,0.068
2022-04-21 05:00:00,숏,27,시작높음 · B얕음 · 끝높음,True,0.019,-0.057,0.161
2022-04-21 07:00:00,롱,18,시작중간 · B얕음 · 끝높음,True,-0.071,-0.271,0.471
2022-04-21 17:00:00,숏,11,시작중간 · B깊음 · 끝중간,False,-0.031,-0.799,-0.025
2022-04-22 11:00:00,롱,10,시작중간 · B깊음 · 끝낮음,True,-0.092,-0.555,-0.374
2022-04-22 14:00:00,숏,9,시작낮음 · B얕음 · 끝높음,False,-0.584,-0.019,0.253
2022-04-22 22:00:00,롱,19,시작높음 · B깊음 · 끝낮음,False,0.132,-0.635,-0.338
2022-04-24 01:00:00,숏,8,시작낮음 · B얕음 · 끝중간,False,-0.482,-0.225,0.105
2022-04-24 03:00:00,롱,18,시작중간 · B얕음 · 끝높음,False,-0.039,-0.116,0.241
2022-04-24 16:00:00,숏,17,시작중간 · B얕음 · 끝중간,False,-0.037,-0.251,0.05
2022-04-24 19:00:00,롱,23,시작높음 · B중간 · 끝중간,False,0.045,-0.42,0.037
2022-04-24 20:00:00,숏,18,시작중간 · B얕음 · 끝높음,True,-0.044,-0.028,0.166
2022-04-25 14:00:00,롱,10,시작중간 · B깊음 · 끝낮음,True,-0.015,-0.833,-0.363
2022-04-26 09:00:00,숏,1,시작낮음 · B깊음 · 끝낮음,False,-0.343,-0.697,-0.606
2022-04-27 05:00:00,롱,1,시작낮음 · B깊음 · 끝낮음,False,-0.571,-0.882,-0.677
2022-04-28 13:00:00,숏,4,시작낮음 · B중간 · 끝낮음,False,-0.715,-0.477,-0.239
2022-04-28 16:00:00,롱,6,시작낮음 · B중간 · 끝높음,True,-0.578,-0.319,0.175
2022-04-28 23:00:00,숏,13,시작중간 · B중간 · 끝낮음,True,-0.007,-0.488,-0.205
2022-04-30 01:00:00,롱,10,시작중간 · B깊음 · 끝낮음,False,-0.155,-0.73,-0.509
2022-04-30 17:00:00,숏,9,시작낮음 · B얕음 · 끝높음,False,-0.638,-0.049,0.184
2022-04-30 19:00:00,롱,26,시작높음 · B얕음 · 끝중간,False,0.391,-0.236,0.09
2022-04-30 23:00:00,숏,27,시작높음 · B얕음 · 끝높음,True,-0.0,-0.166,0.776
2022-05-01 06:00:00,롱,22,시작높음 · B중간 · 끝낮음,True,0.09,-0.544,-0.274
2022-05-02 11:00:00,숏,22,시작높음 · B중간 · 끝낮음,True,0.102,-0.544,-0.27
2022-05-04 03:00:00,롱,1,시작낮음 · B깊음 · 끝낮음,False,-0.36,-0.651,-0.408
2022-05-05 05:00:00,숏,1,시작낮음 · B깊음 · 끝낮음,True,-0.307,-0.759,-0.651
2022-05-06 05:00:00,롱,1,시작낮음 · B깊음 · 끝낮음,False,-0.389,-0.866,-0.718
2022-05-07 21:00:00,숏,9,시작낮음 · B얕음 · 끝높음,False,-0.678,-0.015,0.29
2022-05-08 11:00:00,롱,19,시작높음 · B깊음 · 끝낮음,True,0.276,-0.571,-0.422
2022-05-08 17:00:00,숏,9,시작낮음 · B얕음 · 끝높음,False,-0.501,-0.037,0.308
2022-05-08 18:00:00,롱,23,시작높음 · B중간 · 끝중간,False,0.31,-0.486,0.107
2022-05-09 02:00:00,숏,24,시작높음 · B중간 · 끝높음,False,0.108,-0.399,0.375
2022-05-10 03:00:00,롱,10,시작중간 · B깊음 · 끝낮음,True,-0.014,-0.811,-0.67
2022-05-10 21:00:00,숏,6,시작낮음 · B중간 · 끝높음,False,-0.669,-0.358,0.187
2022-05-11 02:00:00,롱,27,시작높음 · B얕음 · 끝높음,True,0.004,-0.243,0.184
2022-05-11 07:00:00,숏,14,시작중간 · B중간 · 끝중간,False,-0.131,-0.458,0.081
2022-05-11 08:00:00,롱,27,시작높음 · B얕음 · 끝높음,False,0.089,-0.132,0.509
2022-05-11 12:00:00,숏,15,시작중간 · B중간 · 끝높음,True,-0.004,-0.438,0.409
2022-05-11 14:00:00,롱,2,시작낮음 · B깊음 · 끝중간,True,-0.316,-0.591,0.091
2022-05-11 16:00:00,숏,18,시작중간 · B얕음 · 끝높음,False,-0.128,-0.127,0.287
2022-05-12 10:00:00,롱,19,시작높음 · B깊음 · 끝낮음,False,0.066,-0.681,-0.434
2022-05-13 16:00:00,숏,1,시작낮음 · B깊음 · 끝낮음,False,-0.627,-0.623,-0.41
2022-05-14 17:00:00,롱,4,시작낮음 · B중간 · 끝낮음,False,-0.679,-0.428,-0.22
2022-05-16 03:00:00,숏,1,시작낮음 · B깊음 · 끝낮음,False,-0.356,-0.7,-0.337
2022-05-16 21:00:00,롱,5,시작낮음 · B중간 · 끝중간,True,-0.494,-0.48,-0.134
2022-05-17 14:00:00,숏,5,시작낮음 · B중간 · 끝중간,True,-0.322,-0.431,-0.068
2022-05-17 23:00:00,롱,2,시작낮음 · B깊음 · 끝중간,False,-0.338,-0.658,-0.055
2022-05-18 01:00:00,숏,18,시작중간 · B얕음 · 끝높음,True,-0.152,-0.165,0.17
2022-05-19 03:00:00,롱,10,시작중간 · B깊음 · 끝낮음,True,-0.029,-0.872,-0.642
2022-05-20 04:00:00,숏,1,시작낮음 · B깊음 · 끝낮음,False,-0.601,-0.694,-0.434
2022-05-21 05:00:00,롱,1,시작낮음 · B깊음 · 끝낮음,False,-0.479,-0.689,-0.438
2022-05-22 04:00:00,숏,8,시작낮음 · B얕음 · 끝중간,False,-0.535,-0.176,-0.023
2022-05-22 07:00:00,롱,17,시작중간 · B얕음 · 끝중간,True,-0.228,-0.161,0.127
2022-05-23 04:00:00,숏,19,시작높음 · B깊음 · 끝낮음,False,0.03,-0.771,-0.573
2022-05-23 06:00:00,롱,9,시작낮음 · B얕음 · 끝높음,False,-0.592,-0.019,0.238
2022-05-23 12:00:00,숏,23,시작높음 · B중간 · 끝중간,True,0.174,-0.474,-0.144
2022-05-24 09:00:00,롱,10,시작중간 · B깊음 · 끝낮음,True,-0.018,-0.792,-0.577
2022-05-24 14:00:00,숏,8,시작낮음 · B얕음 · 끝중간,False,-0.675,-0.141,0.035
2022-05-24 15:00:00,롱,27,시작높음 · B얕음 · 끝높음,False,0.257,-0.187,0.426
2022-05-25 11:00:00,숏,19,시작높음 · B깊음 · 끝낮음,False,0.084,-0.682,-0.218
2022-05-25 22:00:00,롱,8,시작낮음 · B얕음 · 끝중간,False,-0.543,-0.191,0.038
2022-05-25 23:00:00,숏,27,시작높음 · B얕음 · 끝높음,False,0.1,0.005,0.367
2022-05-26 03:00:00,롱,24,시작높음 · B중간 · 끝높음,True,0.098,-0.486,0.17
2022-05-26 05:00:00,숏,27,시작높음 · B얕음 · 끝높음,False,0.2,-0.129,0.217
2022-05-26 17:00:00,롱,11,시작중간 · B깊음 · 끝중간,True,-0.001,-0.806,-0.069
2022-05-27 00:00:00,숏,18,시작중간 · B얕음 · 끝높음,False,-0.119,-0.01,0.263
2022-05-27 12:00:00,롱,23,시작높음 · B중간 · 끝중간,False,0.35,-0.477,0.035
2022-05-27 16:00:00,숏,6,시작낮음 · B중간 · 끝높음,False,-0.482,-0.517,0.221
2022-05-27 22:00:00,롱,23,시작높음 · B중간 · 끝중간,False,0.038,-0.471,-0.024
2022-05-29 02:00:00,숏,13,시작중간 · B중간 · 끝낮음,False,-0.091,-0.451,-0.2
2022-05-29 03:00:00,롱,17,시작중간 · B얕음 · 끝중간,False,-0.219,-0.057,0.077
2022-05-29 04:00:00,숏,23,시작높음 · B중간 · 끝중간,True,0.033,-0.455,-0.133
2022-05-29 05:00:00,롱,9,시작낮음 · B얕음 · 끝높음,False,-0.597,-0.262,0.351
2022-05-29 19:00:00,숏,10,시작중간 · B깊음 · 끝낮음,False,-0.049,-0.805,-0.323
2022-05-29 22:00:00,롱,9,시작낮음 · B얕음 · 끝높음,True,-0.324,-0.115,0.38
2022-05-30 14:00:00,숏,19,시작높음 · B깊음 · 끝낮음,False,0.046,-0.773,-0.625
2022-05-30 20:00:00,롱,9,시작낮음 · B얕음 · 끝높음,False,-0.567,-0.028,0.32
2022-05-31 06:00:00,숏,19,시작높음 · B깊음 · 끝낮음,False,0.055,-0.684,-0.456
2022-06-02 06:00:00,롱,1,시작낮음 · B깊음 · 끝낮음,False,-0.332,-0.674,-0.553
2022-06-03 10:00:00,숏,8,시작낮음 · B얕음 · 끝중간,False,-0.553,-0.214,0.013
2022-06-03 22:00:00,롱,13,시작중간 · B중간 · 끝낮음,True,-0.257,-0.55,-0.361
2022-06-05 07:00:00,숏,8,시작낮음 · B얕음 · 끝중간,True,-0.428,-0.033,0.143
2022-06-05 14:00:00,롱,26,시작높음 · B얕음 · 끝중간,False,0.205,-0.23,0.085
2022-06-06 16:00:00,숏,10,시작중간 · B깊음 · 끝낮음,False,-0.032,-0.902,-0.744
2022-06-07 15:00:00,롱,1,시작낮음 · B깊음 · 끝낮음,False,-0.723,-0.824,-0.63
2022-06-08 04:00:00,숏,2,시작낮음 · B깊음 · 끝중간,True,-0.621,-0.572,-0.142
2022-06-09 05:00:00,롱,18,시작중간 · B얕음 · 끝높음,True,-0.08,-0.006,0.154
2022-06-09 13:00:00,숏,23,시작높음 · B중간 · 끝중간,True,0.274,-0.323,0.087
2022-06-09 17:00:00,롱,27,시작높음 · B얕음 · 끝높음,False,0.154,-0.147,0.245
2022-06-09 18:00:00,숏,27,시작높음 · B얕음 · 끝높음,False,0.436,0.025,0.388
2022-06-10 05:00:00,롱,19,시작높음 · B깊음 · 끝낮음,False,0.044,-0.644,-0.23
2022-06-10 09:00:00,숏,18,시작중간 · B얕음 · 끝높음,False,-0.236,-0.014,0.223
2022-06-10 11:00:00,롱,23,시작높음 · B중간 · 끝중간,False,0.31,-0.402,-0.026
2022-06-10 12:00:00,숏,18,시작중간 · B얕음 · 끝높음,False,-0.045,-0.16,0.496
2022-06-11 01:00:00,롱,10,시작중간 · B깊음 · 끝낮음,True,-0.029,-0.78,-0.604
2022-06-11 11:00:00,숏,9,시작낮음 · B얕음 · 끝높음,False,-0.481,-0.122,0.3
2022-06-11 21:00:00,롱,19,시작높음 · B깊음 · 끝낮음,True,0.221,-0.57,-0.264
2022-06-12 02:00:00,숏,9,시작낮음 · B얕음 · 끝높음,False,-0.338,-0.155,0.578
2022-06-12 13:00:00,롱,19,시작높음 · B깊음 · 끝낮음,False,0.131,-0.639,-0.613
2022-06-12 22:00:00,숏,3,시작낮음 · B깊음 · 끝높음,True,-0.605,-0.578,0.295
2022-06-13 19:00:00,롱,19,시작높음 · B깊음 · 끝낮음,True,0.005,-0.795,-0.724
2022-06-14 00:00:00,숏,9,시작낮음 · B얕음 · 끝높음,False,-0.682,-0.024,0.285
2022-06-14 05:00:00,롱,20,시작높음 · B깊음 · 끝중간,True,0.303,-0.556,0.089
2022-06-15 04:00:00,숏,15,시작중간 · B중간 · 끝높음,False,-0.167,-0.383,0.314
2022-06-15 12:00:00,롱,23,시작높음 · B중간 · 끝중간,False,0.212,-0.37,-0.078
2022-06-16 07:00:00,숏,10,시작중간 · B깊음 · 끝낮음,True,-0.041,-0.552,-0.201
2022-06-17 05:00:00,롱,10,시작중간 · B깊음 · 끝낮음,True,-0.251,-0.557,-0.357
2022-06-17 18:00:00,숏,5,시작낮음 · B중간 · 끝중간,False,-0.775,-0.435,0.0
2022-06-17 20:00:00,롱,17,시작중간 · B얕음 · 끝중간,True,-0.027,-0.101,0.06
2022-06-17 22:00:00,숏,15,시작중간 · B중간 · 끝높음,False,-0.203,-0.47,0.18
2022-06-18 00:00:00,롱,23,시작높음 · B중간 · 끝중간,False,0.045,-0.364,0.024
2022-06-18 01:00:00,숏,12,시작중간 · B깊음 · 끝높음,True,-0.291,-0.658,0.153
2022-06-18 02:00:00,롱,13,시작중간 · B중간 · 끝낮음,False,-0.079,-0.477,-0.186
2022-06-18 06:00:00,숏,18,시작중간 · B얕음 · 끝높음,False,-0.111,-0.055,0.604
2022-06-18 22:00:00,롱,10,시작중간 · B깊음 · 끝낮음,True,-0.028,-0.901,-0.42
2022-06-20 03:00:00,숏,1,시작낮음 · B깊음 · 끝낮음,False,-0.595,-0.649,-0.451
2022-06-20 09:00:00,롱,9,시작낮음 · B얕음 · 끝높음,False,-0.45,-0.033,0.228
2022-06-20 16:00:00,숏,27,시작높음 · B얕음 · 끝높음,False,0.509,-0.21,0.203
2022-06-21 05:00:00,롱,11,시작중간 · B깊음 · 끝중간,False,-0.229,-0.703,0.049
2022-06-21 18:00:00,숏,13,시작중간 · B중간 · 끝낮음,True,-0.01,-0.503,-0.233
2022-06-22 13:00:00,롱,1,시작낮음 · B깊음 · 끝낮음,True,-0.315,-0.674,-0.292
2022-06-22 17:00:00,숏,5,시작낮음 · B중간 · 끝중간,True,-0.569,-0.321,0.065
2022-06-23 00:00:00,롱,14,시작중간 · B중간 · 끝중간,False,-0.043,-0.419,0.08
2022-06-23 16:00:00,숏,10,시작중간 · B깊음 · 끝낮음,False,-0.227,-0.672,-0.266
2022-06-23 19:00:00,롱,9,시작낮음 · B얕음 · 끝높음,False,-0.336,-0.106,0.507
2022-06-24 07:00:00,숏,19,시작높음 · B깊음 · 끝낮음,False,0.108,-0.687,-0.397
2022-06-24 12:00:00,롱,9,시작낮음 · B얕음 · 끝높음,False,-0.391,-0.03,0.343
2022-06-24 15:00:00,숏,27,시작높음 · B얕음 · 끝높음,True,0.469,-0.292,0.373
2022-06-24 21:00:00,롱,15,시작중간 · B중간 · 끝높음,True,-0.003,-0.358,0.252
2022-06-25 00:00:00,숏,26,시작높음 · B얕음 · 끝중간,False,0.107,-0.233,-0.008
2022-06-25 01:00:00,롱,18,시작중간 · B얕음 · 끝높음,True,-0.02,-0.078,0.186
2022-06-25 02:00:00,숏,14,시작중간 · B중간 · 끝중간,False,-0.072,-0.463,0.062
2022-06-25 07:00:00,롱,9,시작낮음 · B얕음 · 끝높음,True,-0.31,-0.294,0.365
2022-06-25 11:00:00,숏,23,시작높음 · B중간 · 끝중간,True,-0.0,-0.406,-0.081
2022-06-25 21:00:00,롱,11,시작중간 · B깊음 · 끝중간,True,-0.143,-0.638,0.123
2022-06-26 09:00:00,숏,4,시작낮음 · B중간 · 끝낮음,True,-0.302,-0.386,-0.286
2022-06-26 11:00:00,롱,9,시작낮음 · B얕음 · 끝높음,False,-0.413,-0.11,0.401
2022-06-26 13:00:00,숏,11,시작중간 · B깊음 · 끝중간,False,-0.051,-0.609,0.017
2022-06-27 07:00:00,롱,14,시작중간 · B중간 · 끝중간,True,-0.043,-0.527,-0.1
2022-06-27 13:00:00,숏,18,시작중간 · B얕음 · 끝높음,False,-0.229,-0.183,0.6
2022-06-28 05:00:00,롱,19,시작높음 · B깊음 · 끝낮음,False,0.044,-0.591,-0.459
2022-06-28 16:00:00,숏,5,시작낮음 · B중간 · 끝중간,False,-0.532,-0.499,0.071
2022-06-29 13:00:00,롱,22,시작높음 · B중간 · 끝낮음,False,0.106,-0.443,-0.382
2022-06-30 06:00:00,숏,9,시작낮음 · B얕음 · 끝높음,False,-0.403,-0.246,0.418
2022-06-30 23:00:00,롱,20,시작높음 · B깊음 · 끝중간,False,0.038,-0.724,-0.037
2022-07-01 10:00:00,숏,2,시작낮음 · B깊음 · 끝중간,False,-0.452,-0.701,-0.074
2022-07-01 17:00:00,롱,17,시작중간 · B얕음 · 끝중간,False,-0.221,-0.147,0.03
2022-07-01 23:00:00,숏,14,시작중간 · B중간 · 끝중간,True,-0.076,-0.314,0.082
2022-07-02 10:00:00,롱,23,시작높음 · B중간 · 끝중간,False,0.046,-0.355,-0.087
2022-07-03 05:00:00,숏,15,시작중간 · B중간 · 끝높음,True,-0.199,-0.323,0.187
2022-07-03 16:00:00,롱,14,시작중간 · B중간 · 끝중간,True,-0.134,-0.353,-0.141
2022-07-04 02:00:00,숏,2,시작낮음 · B깊음 · 끝중간,True,-0.313,-0.731,-0.048
2022-07-04 09:00:00,롱,18,시작중간 · B얕음 · 끝높음,True,-0.285,-0.231,0.213
2022-07-05 08:00:00,숏,10,시작중간 · B깊음 · 끝낮음,False,-0.048,-0.845,-0.52
2022-07-05 19:00:00,롱,2,시작낮음 · B깊음 · 끝중간,True,-0.755,-0.579,0.131
2022-07-06 02:00:00,숏,15,시작중간 · B중간 · 끝높음,True,-0.014,-0.39,0.167
2022-07-06 09:00:00,롱,27,시작높음 · B얕음 · 끝높음,False,0.372,-0.041,0.313
2022-07-06 10:00:00,숏,26,시작높음 · B얕음 · 끝중간,False,0.513,-0.109,0.083
2022-07-06 16:00:00,롱,15,시작중간 · B중간 · 끝높음,False,-0.188,-0.518,0.22
2022-07-07 04:00:00,숏,10,시작중간 · B깊음 · 끝낮음,True,-0.026,-0.627,-0.37
2022-07-07 14:00:00,롱,9,시작낮음 · B얕음 · 끝높음,False,-0.398,-0.236,0.517
2022-07-08 07:00:00,숏,19,시작높음 · B깊음 · 끝낮음,True,0.028,-0.804,-0.538
2022-07-09 17:00:00,롱,8,시작낮음 · B얕음 · 끝중간,False,-0.613,-0.266,0.026
2022-07-09 22:00:00,숏,17,시작중간 · B얕음 · 끝중간,True,-0.125,-0.283,0.066
2022-07-11 10:00:00,롱,10,시작중간 · B깊음 · 끝낮음,True,-0.017,-0.813,-0.725
2022-07-11 22:00:00,숏,9,시작낮음 · B얕음 · 끝높음,False,-0.646,-0.022,0.299
2022-07-12 12:00:00,롱,22,시작높음 · B중간 · 끝낮음,False,0.269,-0.508,-0.314
2022-07-12 20:00:00,숏,9,시작낮음 · B얕음 · 끝높음,False,-0.35,-0.181,0.311
2022-07-13 02:00:00,롱,26,시작높음 · B얕음 · 끝중간,True,0.537,-0.039,0.137
2022-07-14 08:00:00,숏,19,시작높음 · B깊음 · 끝낮음,True,0.005,-0.584,-0.224
2022-07-14 15:00:00,롱,9,시작낮음 · B얕음 · 끝높음,True,-0.327,-0.114,0.249
2022-07-15 04:00:00,숏,10,시작중간 · B깊음 · 끝낮음,False,-0.111,-0.63,-0.494
2022-07-15 05:00:00,롱,8,시작낮음 · B얕음 · 끝중간,False,-0.64,-0.065,0.047
2022-07-15 06:00:00,숏,10,시작중간 · B깊음 · 끝낮음,False,-0.224,-0.649,-0.279
2022-07-15 07:00:00,롱,18,시작중간 · B얕음 · 끝높음,True,-0.273,0.075,0.393
2022-07-15 15:00:00,숏,10,시작중간 · B깊음 · 끝낮음,False,-0.062,-0.79,-0.355
2022-07-15 19:00:00,롱,6,시작낮음 · B중간 · 끝높음,True,-0.402,-0.301,0.449
2022-07-15 20:00:00,숏,27,시작높음 · B얕음 · 끝높음,True,0.213,-0.139,0.168
2022-07-16 14:00:00,롱,10,시작중간 · B깊음 · 끝낮음,False,-0.204,-0.892,-0.491
2022-07-17 10:00:00,숏,10,시작중간 · B깊음 · 끝낮음,False,-0.253,-0.632,-0.453
2022-07-18 03:00:00,롱,2,시작낮음 · B깊음 · 끝중간,False,-0.584,-0.584,-0.083
2022-07-18 18:00:00,숏,10,시작중간 · B깊음 · 끝낮음,True,-0.026,-0.669,-0.254
2022-07-19 13:00:00,롱,9,시작낮음 · B얕음 · 끝높음,True,-0.308,-0.202,0.248
2022-07-20 03:00:00,숏,19,시작높음 · B깊음 · 끝낮음,False,0.128,-0.599,-0.52
2022-07-20 06:00:00,롱,9,시작낮음 · B얕음 · 끝높음,False,-0.691,-0.027,0.229
2022-07-20 07:00:00,숏,24,시작높음 · B중간 · 끝높음,True,0.268,-0.329,0.19
2022-07-20 14:00:00,롱,6,시작낮음 · B중간 · 끝높음,True,-0.31,-0.413,0.466
2022-07-20 16:00:00,숏,23,시작높음 · B중간 · 끝중간,False,0.044,-0.412,0.089
2022-07-21 17:00:00,롱,10,시작중간 · B깊음 · 끝낮음,False,-0.202,-0.935,-0.67
2022-07-22 17:00:00,숏,8,시작낮음 · B얕음 · 끝중간,True,-0.616,-0.291,0.01
2022-07-23 21:00:00,롱,19,시작높음 · B깊음 · 끝낮음,True,0.008,-0.583,-0.479
2022-07-24 23:00:00,숏,4,시작낮음 · B중간 · 끝낮음,True,-0.62,-0.528,-0.206
2022-07-25 16:00:00,롱,10,시작중간 · B깊음 · 끝낮음,False,-0.248,-0.675,-0.536
2022-07-25 23:00:00,숏,9,시작낮음 · B얕음 · 끝높음,False,-0.423,-0.233,0.386
2022-07-26 11:00:00,롱,22,시작높음 · B중간 · 끝낮음,False,0.216,-0.445,-0.402
2022-07-28 08:00:00,숏,10,시작중간 · B깊음 · 끝낮음,False,-0.216,-0.835,-0.686
2022-07-28 16:00:00,롱,9,시작낮음 · B얕음 · 끝높음,False,-0.559,-0.03,0.255
2022-07-29 00:00:00,숏,26,시작높음 · B얕음 · 끝중간,False,0.511,-0.216,-0.088
2022-07-30 12:00:00,롱,15,시작중간 · B중간 · 끝높음,True,-0.097,-0.311,0.496
2022-07-30 20:00:00,숏,23,시작높음 · B중간 · 끝중간,False,0.072,-0.497,-0.002
2022-07-31 15:00:00,롱,26,시작높음 · B얕음 · 끝중간,True,0.04,-0.275,-0.131
2022-07-31 22:00:00,숏,15,시작중간 · B중간 · 끝높음,False,-0.202,-0.414,0.35
2022-08-01 14:00:00,롱,23,시작높음 · B중간 · 끝중간,True,0.115,-0.49,-0.131
2022-08-01 17:00:00,숏,9,시작낮음 · B얕음 · 끝높음,False,-0.381,-0.269,0.383
2022-08-01 22:00:00,롱,23,시작높음 · B중간 · 끝중간,False,0.186,-0.483,-0.056
2022-08-02 03:00:00,숏,15,시작중간 · B중간 · 끝높음,False,-0.179,-0.416,0.256
2022-08-02 11:00:00,롱,26,시작높음 · B얕음 · 끝중간,True,0.042,-0.288,-0.06
2022-08-02 12:00:00,숏,18,시작중간 · B얕음 · 끝높음,False,-0.202,-0.16,0.351
2022-08-02 13:00:00,롱,13,시작중간 · B중간 · 끝낮음,False,-0.031,-0.454,-0.255
2022-08-03 01:00:00,숏,11,시작중간 · B깊음 · 끝중간,False,-0.193,-0.759,-0.079
2022-08-03 06:00:00,롱,18,시작중간 · B얕음 · 끝높음,False,-0.041,-0.078,0.286
2022-08-03 22:00:00,숏,20,시작높음 · B깊음 · 끝중간,False,0.176,-0.685,-0.029
2022-08-05 01:00:00,롱,10,시작중간 · B깊음 · 끝낮음,False,-0.254,-0.619,-0.3
2022-08-05 16:00:00,숏,1,시작낮음 · B깊음 · 끝낮음,False,-0.538,-0.663,-0.353
2022-08-05 22:00:00,롱,9,시작낮음 · B얕음 · 끝높음,False,-0.401,-0.21,0.282
2022-08-06 08:00:00,숏,23,시작높음 · B중간 · 끝중간,False,0.141,-0.366,-0.075
2022-08-07 11:00:00,롱,10,시작중간 · B깊음 · 끝낮음,False,-0.079,-0.624,-0.339
2022-08-08 18:00:00,숏,10,시작중간 · B깊음 · 끝낮음,False,-0.138,-0.886,-0.663
2022-08-10 06:00:00,롱,1,시작낮음 · B깊음 · 끝낮음,False,-0.564,-0.705,-0.604
2022-08-11 14:00:00,숏,1,시작낮음 · B깊음 · 끝낮음,False,-0.421,-0.703,-0.682
2022-08-12 16:00:00,롱,4,시작낮음 · B중간 · 끝낮음,False,-0.874,-0.503,-0.351
2022-08-13 10:00:00,숏,1,시작낮음 · B깊음 · 끝낮음,False,-0.592,-0.684,-0.398
2022-08-14 06:00:00,롱,8,시작낮음 · B얕음 · 끝중간,False,-0.573,-0.259,0.084
2022-08-14 11:00:00,숏,23,시작높음 · B중간 · 끝중간,True,0.01,-0.455,0.027
2022-08-15 01:00:00,롱,14,시작중간 · B중간 · 끝중간,False,-0.031,-0.457,0.023
2022-08-15 07:00:00,숏,15,시작중간 · B중간 · 끝높음,True,-0.196,-0.542,0.298
2022-08-16 00:00:00,롱,26,시작높음 · B얕음 · 끝중간,False,0.172,-0.232,-0.007
2022-08-16 14:00:00,숏,18,시작중간 · B얕음 · 끝높음,False,-0.159,-0.221,0.601
2022-08-16 19:00:00,롱,23,시작높음 · B중간 · 끝중간,False,0.328,-0.39,0.046
2022-08-17 09:00:00,숏,11,시작중간 · B깊음 · 끝중간,False,-0.046,-0.734,0.003
2022-08-18 01:00:00,롱,13,시작중간 · B중간 · 끝낮음,True,-0.001,-0.476,-0.263
2022-08-18 18:00:00,숏,9,시작낮음 · B얕음 · 끝높음,False,-0.486,-0.127,0.186
2022-08-18 20:00:00,롱,27,시작높음 · B얕음 · 끝높음,False,0.463,0.088,0.396
2022-08-18 23:00:00,숏,27,시작높음 · B얕음 · 끝높음,False,0.135,-0.256,0.449
2022-08-19 20:00:00,롱,19,시작높음 · B깊음 · 끝낮음,True,0.008,-0.66,-0.888
2022-08-19 21:00:00,숏,8,시작낮음 · B얕음 · 끝중간,False,-0.811,-0.018,0.101
2022-08-20 01:00:00,롱,19,시작높음 · B깊음 · 끝낮음,False,0.161,-0.726,-0.46
2022-08-22 02:00:00,숏,10,시작중간 · B깊음 · 끝낮음,False,-0.246,-0.63,-0.465
2022-08-22 23:00:00,롱,5,시작낮음 · B중간 · 끝중간,False,-0.382,-0.52,-0.05
2022-08-23 05:00:00,숏,6,시작낮음 · B중간 · 끝높음,False,-0.421,-0.413,0.293
2022-08-23 07:00:00,롱,11,시작중간 · B깊음 · 끝중간,True,-0.154,-0.566,0.056
2022-08-24 00:00:00,숏,10,시작중간 · B깊음 · 끝낮음,False,-0.239,-0.68,-0.379
2022-08-24 12:00:00,롱,2,시작낮음 · B깊음 · 끝중간,False,-0.658,-0.582,-0.072
2022-08-24 23:00:00,숏,14,시작중간 · B중간 · 끝중간,False,-0.127,-0.483,0.105
2022-08-25 06:00:00,롱,18,시작중간 · B얕음 · 끝높음,False,-0.062,-0.234,0.352
2022-08-25 15:00:00,숏,23,시작높음 · B중간 · 끝중간,False,0.119,-0.418,-0.03
2022-08-26 13:00:00,롱,14,시작중간 · B중간 · 끝중간,True,-0.124,-0.535,0.133
2022-08-26 14:00:00,숏,18,시작중간 · B얕음 · 끝높음,True,-0.021,-0.221,0.617
2022-08-27 08:00:00,롱,19,시작높음 · B깊음 · 끝낮음,True,0.029,-0.899,-0.793
2022-08-28 23:00:00,숏,9,시작낮음 · B얕음 · 끝높음,False,-0.552,-0.001,0.311
2022-08-29 06:00:00,롱,23,시작높음 · B중간 · 끝중간,False,0.456,-0.458,-0.072
2022-08-30 12:00:00,숏,10,시작중간 · B깊음 · 끝낮음,False,-0.101,-0.752,-0.553
2022-08-31 01:00:00,롱,1,시작낮음 · B깊음 · 끝낮음,True,-0.606,-0.764,-0.167
2022-08-31 14:00:00,숏,5,시작낮음 · B중간 · 끝중간,True,-0.489,-0.467,-0.148
2022-09-01 20:00:00,롱,1,시작낮음 · B깊음 · 끝낮음,False,-0.382,-0.73,-0.252
2022-09-02 17:00:00,숏,2,시작낮음 · B깊음 · 끝중간,False,-0.495,-0.609,0.083
2022-09-03 22:00:00,롱,4,시작낮음 · B중간 · 끝낮음,True,-0.303,-0.545,-0.429
2022-09-04 07:00:00,숏,9,시작낮음 · B얕음 · 끝높음,False,-0.671,-0.17,0.207
2022-09-04 09:00:00,롱,27,시작높음 · B얕음 · 끝높음,False,0.252,-0.205,0.244
2022-09-05 05:00:00,숏,20,시작높음 · B깊음 · 끝중간,False,0.064,-0.626,0.023
2022-09-05 15:00:00,롱,14,시작중간 · B중간 · 끝중간,False,-0.231,-0.493,-0.085
2022-09-05 19:00:00,숏,18,시작중간 · B얕음 · 끝높음,False,-0.114,-0.197,0.398
2022-09-05 22:00:00,롱,27,시작높음 · B얕음 · 끝높음,False,0.459,-0.108,0.215
2022-09-06 05:00:00,숏,20,시작높음 · B깊음 · 끝중간,True,0.016,-0.774,-0.053
2022-09-06 06:00:00,롱,18,시작중간 · B얕음 · 끝높음,True,-0.04,-0.041,0.178
2022-09-06 13:00:00,숏,20,시작높음 · B깊음 · 끝중간,False,0.089,-0.727,-0.016
2022-09-07 08:00:00,롱,10,시작중간 · B깊음 · 끝낮음,False,-0.045,-0.82,-0.666
2022-09-08 12:00:00,숏,4,시작낮음 · B중간 · 끝낮음,False,-0.732,-0.435,-0.239
2022-09-08 20:00:00,롱,5,시작낮음 · B중간 · 끝중간,True,-0.611,-0.308,0.086
2022-09-09 21:00:00,숏,19,시작높음 · B깊음 · 끝낮음,True,0.013,-0.843,-0.788
2022-09-10 22:00:00,롱,9,시작낮음 · B얕음 · 끝높음,False,-0.762,-0.046,0.182
2022-09-11 00:00:00,숏,26,시작높음 · B얕음 · 끝중간,False,0.472,-0.197,0.085
2022-09-12 01:00:00,롱,27,시작높음 · B얕음 · 끝높음,True,0.004,-0.262,0.375
2022-09-12 22:00:00,숏,10,시작중간 · B깊음 · 끝낮음,True,-0.01,-0.661,-0.596
2022-09-13 11:00:00,롱,9,시작낮음 · B얕음 · 끝높음,True,-0.611,-0.22,0.163
2022-09-13 12:00:00,숏,27,시작높음 · B얕음 · 끝높음,False,0.135,-0.131,0.774
2022-09-14 04:00:00,롱,19,시작높음 · B깊음 · 끝낮음,True,0.004,-0.855,-0.724
2022-09-15 14:00:00,숏,9,시작낮음 · B얕음 · 끝높음,False,-0.711,-0.024,0.19
2022-09-16 02:00:00,롱,22,시작높음 · B중간 · 끝낮음,False,0.235,-0.43,-0.397
2022-09-16 16:00:00,숏,9,시작낮음 · B얕음 · 끝높음,False,-0.53,-0.151,0.271
2022-09-16 20:00:00,롱,24,시작높음 · B중간 · 끝높음,True,0.119,-0.358,0.161
2022-09-18 01:00:00,숏,10,시작중간 · B깊음 · 끝낮음,True,-0.008,-0.6,-0.445
2022-09-19 12:00:00,롱,10,시작중간 · B깊음 · 끝낮음,False,-0.148,-0.821,-0.566
2022-09-20 08:00:00,숏,4,시작낮음 · B중간 · 끝낮음,False,-0.663,-0.467,-0.314
2022-09-21 03:00:00,롱,1,시작낮음 · B깊음 · 끝낮음,False,-0.671,-0.587,-0.335
2022-09-21 21:00:00,숏,18,시작중간 · B얕음 · 끝높음,False,-0.185,0.053,0.312
2022-09-22 07:00:00,롱,23,시작높음 · B중간 · 끝중간,False,0.047,-0.356,0.002
2022-09-23 07:00:00,숏,13,시작중간 · B중간 · 끝낮음,False,-0.085,-0.509,-0.322
2022-09-23 22:00:00,롱,2,시작낮음 · B깊음 · 끝중간,False,-0.598,-0.647,0.002
2022-09-24 10:00:00,숏,14,시작중간 · B중간 · 끝중간,True,-0.299,-0.358,-0.028
2022-09-24 12:00:00,롱,27,시작높음 · B얕음 · 끝높음,True,0.017,-0.069,0.259
2022-09-24 21:00:00,숏,24,시작높음 · B중간 · 끝높음,False,0.093,-0.42,0.265
2022-09-25 07:00:00,롱,11,시작중간 · B깊음 · 끝중간,False,-0.181,-0.809,-0.115
2022-09-25 14:00:00,숏,6,시작낮음 · B중간 · 끝높음,True,-0.306,-0.369,0.266
2022-09-26 08:00:00,롱,24,시작높음 · B중간 · 끝높음,False,0.126,-0.409,0.513
2022-09-27 15:00:00,숏,10,시작중간 · B깊음 · 끝낮음,True,-0.017,-0.79,-0.556
2022-09-28 11:00:00,롱,1,시작낮음 · B깊음 · 끝낮음,False,-0.655,-0.862,-0.646
2022-09-29 06:00:00,숏,4,시작낮음 · B중간 · 끝낮음,False,-0.65,-0.392,-0.211
2022-09-29 20:00:00,롱,2,시작낮음 · B깊음 · 끝중간,False,-0.569,-0.582,0.057
2022-09-30 05:00:00,숏,17,시작중간 · B얕음 · 끝중간,True,-0.024,-0.117,-0.049
2022-09-30 07:00:00,롱,18,시작중간 · B얕음 · 끝높음,False,-0.098,-0.06,0.332
2022-09-30 11:00:00,숏,20,시작높음 · B깊음 · 끝중간,False,0.071,-0.592,0.017
2022-09-30 14:00:00,롱,18,시작중간 · B얕음 · 끝높음,True,-0.025,-0.201,0.551
2022-09-30 20:00:00,숏,20,시작높음 · B깊음 · 끝중간,True,0.004,-0.615,0.039
2022-10-01 22:00:00,롱,26,시작높음 · B얕음 · 끝중간,True,0.046,-0.258,-0.146
2022-10-02 10:00:00,숏,18,시작중간 · B얕음 · 끝높음,True,-0.299,-0.176,0.361
2022-10-02 18:00:00,롱,20,시작높음 · B깊음 · 끝중간,True,0.07,-0.573,-0.123
2022-10-02 23:00:00,숏,18,시작중간 · B얕음 · 끝높음,False,-0.135,-0.241,0.314
2022-10-03 01:00:00,롱,23,시작높음 · B중간 · 끝중간,False,0.036,-0.382,0.1
2022-10-03 04:00:00,숏,14,시작중간 · B중간 · 끝중간,False,-0.094,-0.454,-0.032
2022-10-03 05:00:00,롱,15,시작중간 · B중간 · 끝높음,False,-0.235,-0.383,0.311
2022-10-05 01:00:00,숏,10,시작중간 · B깊음 · 끝낮음,False,-0.049,-0.949,-0.792
2022-10-06 00:00:00,롱,8,시작낮음 · B얕음 · 끝중간,True,-0.772,-0.273,0.059
2022-10-06 07:00:00,숏,14,시작중간 · B중간 · 끝중간,False,-0.049,-0.334,-0.097
2022-10-07 09:00:00,롱,22,시작높음 · B중간 · 끝낮음,True,0.012,-0.534,-0.314
2022-10-07 12:00:00,숏,18,시작중간 · B얕음 · 끝높음,False,-0.263,-0.061,0.414
2022-10-08 00:00:00,롱,10,시작중간 · B깊음 · 끝낮음,True,-0.014,-0.778,-0.559
2022-10-08 21:00:00,숏,9,시작낮음 · B얕음 · 끝높음,False,-0.53,-0.091,0.229
2022-10-09 01:00:00,롱,26,시작높음 · B얕음 · 끝중간,True,0.17,-0.273,-0.13
2022-10-09 23:00:00,숏,14,시작중간 · B중간 · 끝중간,True,-0.139,-0.346,-0.126
2022-10-10 00:00:00,롱,27,시작높음 · B얕음 · 끝높음,False,0.032,0.014,0.353
2022-10-10 05:00:00,숏,24,시작높음 · B중간 · 끝높음,True,0.232,-0.477,0.161
2022-10-11 08:00:00,롱,10,시작중간 · B깊음 · 끝낮음,False,-0.082,-0.826,-0.62
2022-10-13 02:00:00,숏,8,시작낮음 · B얕음 · 끝중간,False,-0.621,-0.256,-0.003
2022-10-13 17:00:00,롱,11,시작중간 · B깊음 · 끝중간,True,-0.001,-0.646,0.041
2022-10-14 10:00:00,숏,13,시작중간 · B중간 · 끝낮음,True,-0.014,-0.415,-0.324
2022-10-15 12:00:00,롱,1,시작낮음 · B깊음 · 끝낮음,False,-0.589,-0.629,-0.529
2022-10-17 03:00:00,숏,8,시작낮음 · B얕음 · 끝중간,False,-0.58,-0.265,-0.03
2022-10-17 04:00:00,롱,17,시작중간 · B얕음 · 끝중간,False,-0.104,-0.06,0.055
2022-10-17 23:00:00,숏,19,시작높음 · B깊음 · 끝낮음,True,0.003,-0.854,-0.682
2022-10-18 00:00:00,롱,9,시작낮음 · B얕음 · 끝높음,True,-0.676,0.044,0.156
2022-10-18 01:00:00,숏,23,시작높음 · B중간 · 끝중간,True,0.186,-0.506,0.131
2022-10-18 07:00:00,롱,6,시작낮음 · B중간 · 끝높음,False,-0.333,-0.416,0.305
2022-10-18 08:00:00,숏,27,시작높음 · B얕음 · 끝높음,False,0.224,-0.113,0.464
2022-10-19 15:00:00,롱,10,시작중간 · B깊음 · 끝낮음,False,-0.033,-0.92,-0.637
2022-10-20 00:00:00,숏,9,시작낮음 · B얕음 · 끝높음,False,-0.583,-0.145,0.224
2022-10-20 04:00:00,롱,23,시작높음 · B중간 · 끝중간,False,0.032,-0.33,0.116
2022-10-20 18:00:00,숏,11,시작중간 · B깊음 · 끝중간,True,-0.167,-0.58,-0.058
2022-10-21 15:00:00,롱,14,시작중간 · B중간 · 끝중간,False,-0.059,-0.452,0.088
2022-10-22 09:00:00,숏,13,시작중간 · B중간 · 끝낮음,False,-0.173,-0.414,-0.259
2022-10-22 11:00:00,롱,8,시작낮음 · B얕음 · 끝중간,False,-0.631,-0.053,0.056
2022-10-22 17:00:00,숏,23,시작높음 · B중간 · 끝중간,True,0.138,-0.445,0.138
2022-10-22 21:00:00,롱,14,시작중간 · B중간 · 끝중간,True,-0.223,-0.451,0.147
2022-10-22 22:00:00,숏,27,시작높음 · B얕음 · 끝높음,False,0.343,0.023,0.32
2022-10-23 17:00:00,롱,27,시작높음 · B얕음 · 끝높음,True,0.023,-0.185,0.599
2022-10-24 03:00:00,숏,10,시작중간 · B깊음 · 끝낮음,False,-0.04,-0.768,-0.339
2022-10-25 13:00:00,롱,5,시작낮음 · B중간 · 끝중간,False,-0.449,-0.338,0.114
2022-10-26 06:00:00,숏,10,시작중간 · B깊음 · 끝낮음,False,-0.079,-0.75,-0.711
2022-10-26 08:00:00,롱,9,시작낮음 · B얕음 · 끝높음,False,-0.574,-0.007,0.324
2022-10-26 18:00:00,숏,19,시작높음 · B깊음 · 끝낮음,False,0.186,-0.7,-0.415
2022-10-28 13:00:00,롱,1,시작낮음 · B깊음 · 끝낮음,True,-0.421,-0.555,-0.334
2022-10-29 13:00:00,숏,1,시작낮음 · B깊음 · 끝낮음,False,-0.573,-0.656,-0.504
2022-10-29 15:00:00,롱,9,시작낮음 · B얕음 · 끝높음,True,-0.588,-0.025,0.166
2022-10-29 17:00:00,숏,26,시작높음 · B얕음 · 끝중간,False,0.145,-0.259,-0.009
2022-10-31 09:00:00,롱,10,시작중간 · B깊음 · 끝낮음,False,-0.104,-0.737,-0.263
2022-10-31 14:00:00,숏,6,시작낮음 · B중간 · 끝높음,False,-0.509,-0.419,0.205
2022-10-31 23:00:00,롱,27,시작높음 · B얕음 · 끝높음,False,0.248,-0.029,0.266
2022-11-01 14:00:00,숏,24,시작높음 · B중간 · 끝높음,True,0.153,-0.308,0.15
2022-11-01 23:00:00,롱,27,시작높음 · B얕음 · 끝높음,True,0.139,-0.101,0.15
2022-11-02 07:00:00,숏,24,시작높음 · B중간 · 끝높음,False,0.39,-0.336,0.194
2022-11-02 08:00:00,롱,23,시작높음 · B중간 · 끝중간,True,0.007,-0.51,0.129
2022-11-02 09:00:00,숏,13,시작중간 · B중간 · 끝낮음,True,-0.284,-0.474,-0.196
2022-11-02 16:00:00,롱,5,시작낮음 · B중간 · 끝중간,True,-0.318,-0.476,0.129
2022-11-02 19:00:00,숏,15,시작중간 · B중간 · 끝높음,False,-0.147,-0.425,0.224
2022-11-03 04:00:00,롱,14,시작중간 · B중간 · 끝중간,True,-0.076,-0.485,-0.141
2022-11-03 11:00:00,숏,9,시작낮음 · B얕음 · 끝높음,True,-0.327,-0.06,0.314
2022-11-03 15:00:00,롱,23,시작높음 · B중간 · 끝중간,False,0.174,-0.45,-0.034
2022-11-05 08:00:00,숏,19,시작높음 · B깊음 · 끝낮음,False,0.037,-0.726,-0.669
2022-11-07 17:00:00,롱,4,시작낮음 · B중간 · 끝낮음,True,-0.819,-0.539,-0.517
2022-11-07 22:00:00,숏,9,시작낮음 · B얕음 · 끝높음,False,-0.673,-0.202,0.186
2022-11-08 16:00:00,롱,19,시작높음 · B깊음 · 끝낮음,True,0.002,-0.825,-0.189
2022-11-08 18:00:00,숏,6,시작낮음 · B중간 · 끝높음,False,-0.476,-0.446,0.399
2022-11-09 05:00:00,롱,22,시작높음 · B중간 · 끝낮음,True,0.121,-0.317,-0.242
2022-11-09 10:00:00,숏,9,시작낮음 · B얕음 · 끝높음,False,-0.38,-0.075,0.206
2022-11-10 03:00:00,롱,19,시작높음 · B깊음 · 끝낮음,False,0.166,-0.719,-0.462
2022-11-11 03:00:00,숏,1,시작낮음 · B깊음 · 끝낮음,False,-0.56,-0.687,-0.312
2022-11-12 03:00:00,롱,8,시작낮음 · B얕음 · 끝중간,True,-0.442,-0.295,-0.148
2022-11-12 04:00:00,숏,17,시작중간 · B얕음 · 끝중간,False,-0.213,-0.011,0.105
2022-11-12 08:00:00,롱,19,시작높음 · B깊음 · 끝낮음,True,0.021,-0.783,-0.193
2022-11-13 06:00:00,숏,15,시작중간 · B중간 · 끝높음,False,-0.251,-0.444,0.368
2022-11-14 07:00:00,롱,11,시작중간 · B깊음 · 끝중간,False,-0.045,-0.738,-0.031
2022-11-14 19:00:00,숏,15,시작중간 · B중간 · 끝높음,False,-0.143,-0.362,0.271
2022-11-15 01:00:00,롱,14,시작중간 · B중간 · 끝중간,False,-0.042,-0.338,0.088
2022-11-15 18:00:00,숏,13,시작중간 · B중간 · 끝낮음,True,-0.056,-0.497,-0.172
2022-11-16 23:00:00,롱,1,시작낮음 · B깊음 · 끝낮음,False,-0.529,-0.713,-0.422
2022-11-18 08:00:00,숏,5,시작낮음 · B중간 · 끝중간,False,-0.464,-0.449,-0.113
2022-11-19 11:00:00,롱,17,시작중간 · B얕음 · 끝중간,True,-0.072,-0.292,-0.133
2022-11-20 08:00:00,숏,14,시작중간 · B중간 · 끝중간,True,-0.24,-0.545,0.073
2022-11-21 12:00:00,롱,10,시작중간 · B깊음 · 끝낮음,False,-0.077,-0.814,-0.658
2022-11-21 19:00:00,숏,9,시작낮음 · B얕음 · 끝높음,False,-0.51,-0.138,0.296
2022-11-22 02:00:00,롱,23,시작높음 · B중간 · 끝중간,False,0.112,-0.426,-0.093
2022-11-23 13:00:00,숏,10,시작중간 · B깊음 · 끝낮음,False,-0.119,-0.635,-0.472
2022-11-24 01:00:00,롱,9,시작낮음 · B얕음 · 끝높음,False,-0.591,-0.145,0.202
2022-11-24 07:00:00,숏,23,시작높음 · B중간 · 끝중간,False,0.113,-0.401,-0.116
2022-11-25 12:00:00,롱,10,시작중간 · B깊음 · 끝낮음,True,-0.271,-0.682,-0.447
2022-11-26 11:00:00,숏,5,시작낮음 · B중간 · 끝중간,True,-0.503,-0.347,-0.144
2022-11-27 04:00:00,롱,11,시작중간 · B깊음 · 끝중간,True,-0.22,-0.553,-0.084
2022-11-27 23:00:00,숏,18,시작중간 · B얕음 · 끝높음,False,-0.217,-0.177,0.316
2022-11-28 14:00:00,롱,10,시작중간 · B깊음 · 끝낮음,False,-0.081,-0.913,-0.681
2022-11-28 15:00:00,숏,8,시작낮음 · B얕음 · 끝중간,False,-0.58,-0.176,0.056
2022-11-28 16:00:00,롱,18,시작중간 · B얕음 · 끝높음,True,-0.097,-0.282,0.241
2022-11-29 15:00:00,숏,10,시작중간 · B깊음 · 끝낮음,False,-0.138,-0.636,-0.446
2022-11-29 22:00:00,롱,9,시작낮음 · B얕음 · 끝높음,False,-0.456,0.041,0.235
2022-11-29 23:00:00,숏,26,시작높음 · B얕음 · 끝중간,True,0.551,-0.063,0.132
2022-11-30 00:00:00,롱,18,시작중간 · B얕음 · 끝높음,False,-0.07,-0.13,0.703
2022-11-30 12:00:00,숏,10,시작중간 · B깊음 · 끝낮음,False,-0.05,-0.853,-0.49
2022-11-30 20:00:00,롱,9,시작낮음 · B얕음 · 끝높음,False,-0.586,-0.061,0.285
2022-12-01 04:00:00,숏,26,시작높음 · B얕음 · 끝중간,True,0.306,-0.158,-0.141
2022-12-02 10:00:00,롱,13,시작중간 · B중간 · 끝낮음,False,-0.2,-0.448,-0.323
2022-12-02 14:00:00,숏,17,시작중간 · B얕음 · 끝중간,True,-0.291,-0.2,0.098
2022-12-02 19:00:00,롱,27,시작높음 · B얕음 · 끝높음,False,0.233,-0.068,0.284
2022-12-03 06:00:00,숏,20,시작높음 · B깊음 · 끝중간,True,0.282,-0.573,-0.083
2022-12-04 02:00:00,롱,14,시작중간 · B중간 · 끝중간,True,-0.219,-0.407,-0.144
2022-12-04 12:00:00,숏,14,시작중간 · B중간 · 끝중간,False,-0.203,-0.37,0.059
2022-12-04 15:00:00,롱,27,시작높음 · B얕음 · 끝높음,False,0.048,-0.084,0.476
2022-12-05 12:00:00,숏,19,시작높음 · B깊음 · 끝낮음,False,0.098,-0.684,-0.477
2022-12-06 08:00:00,롱,1,시작낮음 · B깊음 · 끝낮음,False,-0.485,-0.702,-0.474
2022-12-06 10:00:00,숏,8,시작낮음 · B얕음 · 끝중간,False,-0.631,-0.074,0.085
2022-12-06 11:00:00,롱,26,시작높음 · B얕음 · 끝중간,False,0.359,0.033,0.074
2022-12-07 07:00:00,숏,24,시작높음 · B중간 · 끝높음,True,0.035,-0.302,0.472
2022-12-07 21:00:00,롱,22,시작높음 · B중간 · 끝낮음,True,0.021,-0.385,-0.259
2022-12-09 07:00:00,숏,10,시작중간 · B깊음 · 끝낮음,False,-0.202,-0.681,-0.634
2022-12-10 15:00:00,롱,8,시작낮음 · B얕음 · 끝중간,False,-0.61,-0.155,-0.012
2022-12-10 20:00:00,숏,17,시작중간 · B얕음 · 끝중간,False,-0.173,-0.119,0.013
2022-12-11 05:00:00,롱,14,시작중간 · B중간 · 끝중간,True,-0.026,-0.449,0.034
2022-12-11 13:00:00,숏,17,시작중간 · B얕음 · 끝중간,True,-0.02,-0.283,0.071
2022-12-11 18:00:00,롱,15,시작중간 · B중간 · 끝높음,True,-0.018,-0.311,0.437
2022-12-11 20:00:00,숏,24,시작높음 · B중간 · 끝높음,False,0.089,-0.337,0.388
2022-12-12 11:00:00,롱,19,시작높음 · B깊음 · 끝낮음,True,0.006,-0.673,-0.475
2022-12-14 01:00:00,숏,10,시작중간 · B깊음 · 끝낮음,False,-0.159,-0.823,-0.708
2022-12-14 15:00:00,롱,9,시작낮음 · B얕음 · 끝높음,False,-0.7,-0.041,0.195
2022-12-14 19:00:00,숏,27,시작높음 · B얕음 · 끝높음,False,0.293,0.106,0.313
2022-12-16 02:00:00,롱,10,시작중간 · B깊음 · 끝낮음,False,-0.167,-0.786,-0.725
2022-12-16 09:00:00,숏,9,시작낮음 · B얕음 · 끝높음,False,-0.4,-0.097,0.241
2022-12-17 04:00:00,롱,19,시작높음 · B깊음 · 끝낮음,False,0.177,-0.65,-0.52
2022-12-19 04:00:00,숏,8,시작낮음 · B얕음 · 끝중간,False,-0.626,-0.204,-0.045
2022-12-19 08:00:00,롱,18,시작중간 · B얕음 · 끝높음,False,-0.092,-0.01,0.272
2022-12-19 13:00:00,숏,23,시작높음 · B중간 · 끝중간,True,0.416,-0.353,0.131
2022-12-20 02:00:00,롱,14,시작중간 · B중간 · 끝중간,True,-0.016,-0.472,-0.029
2022-12-21 00:00:00,숏,13,시작중간 · B중간 · 끝낮음,False,-0.202,-0.491,-0.313
2022-12-22 02:00:00,롱,8,시작낮음 · B얕음 · 끝중간,False,-0.664,-0.19,-0.094
2022-12-22 13:00:00,숏,9,시작낮음 · B얕음 · 끝높음,False,-0.41,-0.129,0.182
2022-12-22 21:00:00,롱,11,시작중간 · B깊음 · 끝중간,True,-0.02,-0.778,-0.028
2022-12-23 14:00:00,숏,17,시작중간 · B얕음 · 끝중간,False,-0.048,-0.054,0.012
2022-12-24 15:00:00,롱,17,시작중간 · B얕음 · 끝중간,False,-0.186,-0.258,-0.025
2022-12-24 21:00:00,숏,26,시작높음 · B얕음 · 끝중간,False,0.093,-0.149,0.082
2022-12-25 01:00:00,롱,14,시작중간 · B중간 · 끝중간,False,-0.135,-0.405,0.117
2022-12-25 02:00:00,숏,27,시작높음 · B얕음 · 끝높음,True,-0.0,-0.169,0.277
2022-12-25 23:00:00,롱,11,시작중간 · B깊음 · 끝중간,True,-0.032,-0.75,-0.121
2022-12-26 13:00:00,숏,14,시작중간 · B중간 · 끝중간,False,-0.141,-0.446,-0.083
2022-12-26 23:00:00,롱,18,시작중간 · B얕음 · 끝높음,False,-0.155,-0.262,0.414
2022-12-27 08:00:00,숏,11,시작중간 · B깊음 · 끝중간,False,-0.073,-0.596,-0.045
2022-12-28 09:00:00,롱,10,시작중간 · B깊음 · 끝낮음,False,-0.09,-0.671,-0.511
2022-12-28 21:00:00,숏,6,시작낮음 · B중간 · 끝높음,True,-0.545,-0.305,0.267
2022-12-29 04:00:00,롱,26,시작높음 · B얕음 · 끝중간,False,0.146,-0.185,-0.076
2022-12-30 05:00:00,숏,14,시작중간 · B중간 · 끝중간,False,-0.105,-0.419,-0.003
2022-12-30 16:00:00,롱,10,시작중간 · B깊음 · 끝낮음,False,-0.228,-0.691,-0.197
2022-12-31 09:00:00,숏,17,시작중간 · B얕음 · 끝중간,False,-0.134,-0.147,-0.008
2022-12-31 10:00:00,롱,26,시작높음 · B얕음 · 끝중간,True,0.007,-0.025,0.087
2022-12-31 20:00:00,숏,19,시작높음 · B깊음 · 끝낮음,True,0.049,-0.821,-0.158
2023-01-01 11:00:00,롱,17,시작중간 · B얕음 · 끝중간,True,-0.088,-0.297,-0.088
2023-01-02 17:00:00,숏,10,시작중간 · B깊음 · 끝낮음,True,-0.083,-0.557,-0.514
2023-01-02 21:00:00,롱,9,시작낮음 · B얕음 · 끝높음,True,-0.586,0.008,0.179
2023-01-02 22:00:00,숏,27,시작높음 · B얕음 · 끝높음,False,0.154,-0.19,0.271
2023-01-04 01:00:00,롱,10,시작중간 · B깊음 · 끝낮음,False,-0.137,-0.678,-0.276
2023-01-04 16:00:00,숏,10,시작중간 · B깊음 · 끝낮음,False,-0.268,-0.661,-0.651
2023-01-04 17:00:00,롱,8,시작낮음 · B얕음 · 끝중간,False,-0.676,-0.013,0.113
2023-01-04 20:00:00,숏,27,시작높음 · B얕음 · 끝높음,False,0.05,-0.249,0.222
2023-01-05 19:00:00,롱,26,시작높음 · B얕음 · 끝중간,False,0.035,-0.21,0.081
2023-01-06 01:00:00,숏,26,시작높음 · B얕음 · 끝중간,True,0.016,-0.249,0.095
2023-01-06 16:00:00,롱,14,시작중간 · B중간 · 끝중간,True,-0.116,-0.463,-0.14
2023-01-07 08:00:00,숏,13,시작중간 · B중간 · 끝낮음,False,-0.035,-0.428,-0.234
2023-01-08 15:00:00,롱,9,시작낮음 · B얕음 · 끝높음,False,-0.472,-0.132,0.241
2023-01-08 17:00:00,숏,24,시작높음 · B중간 · 끝높음,False,0.042,-0.418,0.216
2023-01-08 21:00:00,롱,27,시작높음 · B얕음 · 끝높음,False,0.052,-0.052,0.209
2023-01-09 20:00:00,숏,19,시작높음 · B깊음 · 끝낮음,False,0.084,-0.852,-0.529
2023-01-10 15:00:00,롱,8,시작낮음 · B얕음 · 끝중간,True,-0.714,-0.273,0.066
2023-01-11 04:00:00,숏,22,시작높음 · B중간 · 끝낮음,False,0.045,-0.503,-0.328
2023-01-11 19:00:00,롱,9,시작낮음 · B얕음 · 끝높음,False,-0.47,-0.267,0.434
2023-01-12 14:00:00,숏,19,시작높음 · B깊음 · 끝낮음,False,0.07,-0.706,-0.477
2023-01-12 17:00:00,롱,9,시작낮음 · B얕음 · 끝높음,False,-0.56,-0.218,0.387
2023-01-13 03:00:00,숏,10,시작중간 · B깊음 · 끝낮음,False,-0.161,-0.695,-0.602
2023-01-13 17:00:00,롱,9,시작낮음 · B얕음 · 끝높음,False,-0.547,-0.039,0.322
2023-01-14 10:00:00,숏,19,시작높음 · B깊음 · 끝낮음,False,0.105,-0.703,-0.503
2023-01-16 01:00:00,롱,9,시작낮음 · B얕음 · 끝높음,False,-0.586,-0.093,0.266
2023-01-16 08:00:00,숏,24,시작높음 · B중간 · 끝높음,False,0.423,-0.341,0.186
2023-01-16 18:00:00,롱,15,시작중간 · B중간 · 끝높음,True,-0.179,-0.523,0.189
2023-01-17 01:00:00,숏,14,시작중간 · B중간 · 끝중간,True,-0.01,-0.342,0.073
2023-01-17 12:00:00,롱,18,시작중간 · B얕음 · 끝높음,False,-0.035,-0.219,0.208
2023-01-17 16:00:00,숏,23,시작높음 · B중간 · 끝중간,False,0.105,-0.36,0.078
2023-01-17 18:00:00,롱,27,시작높음 · B얕음 · 끝높음,False,0.037,-0.111,0.282
2023-01-17 22:00:00,숏,23,시작높음 · B중간 · 끝중간,False,0.048,-0.435,0.012
2023-01-18 13:00:00,롱,18,시작중간 · B얕음 · 끝높음,False,-0.192,-0.15,0.215
2023-01-18 15:00:00,숏,18,시작중간 · B얕음 · 끝높음,False,-0.062,-0.25,0.259
2023-01-19 06:00:00,롱,10,시작중간 · B깊음 · 끝낮음,False,-0.108,-0.726,-0.463
2023-01-20 06:00:00,숏,8,시작낮음 · B얕음 · 끝중간,True,-0.546,-0.284,-0.106
2023-01-20 13:00:00,롱,17,시작중간 · B얕음 · 끝중간,True,-0.288,-0.109,0.136
2023-01-21 13:00:00,숏,19,시작높음 · B깊음 · 끝낮음,False,0.047,-0.893,-0.739
2023-01-23 09:00:00,롱,8,시작낮음 · B얕음 · 끝중간,True,-0.814,-0.284,-0.104
2023-01-24 09:00:00,숏,14,시작중간 · B중간 · 끝중간,True,-0.267,-0.384,-0.121
2023-01-24 20:00:00,롱,5,시작낮음 · B중간 · 끝중간,True,-0.441,-0.304,-0.049
2023-01-24 21:00:00,숏,27,시작높음 · B얕음 · 끝높음,False,0.24,-0.071,0.288
2023-01-25 12:00:00,롱,19,시작높음 · B깊음 · 끝낮음,True,0.001,-0.826,-0.408
2023-01-25 14:00:00,숏,9,시작낮음 · B얕음 · 끝높음,False,-0.58,-0.168,0.218
2023-01-25 16:00:00,롱,23,시작높음 · B중간 · 끝중간,False,0.068,-0.361,0.059
2023-01-26 08:00:00,숏,19,시작높음 · B깊음 · 끝낮음,True,0.007,-0.562,-0.269
2023-01-27 07:00:00,롱,17,시작중간 · B얕음 · 끝중간,True,-0.27,-0.236,0.081
2023-01-27 13:00:00,숏,17,시작중간 · B얕음 · 끝중간,True,-0.028,-0.067,0.129
2023-01-27 14:00:00,롱,27,시작높음 · B얕음 · 끝높음,True,0.261,-0.224,0.171
2023-01-28 04:00:00,숏,10,시작중간 · B깊음 · 끝낮음,False,-0.046,-0.757,-0.272
2023-01-28 19:00:00,롱,8,시작낮음 · B얕음 · 끝중간,True,-0.308,-0.3,-0.111
2023-01-28 20:00:00,숏,8,시작낮음 · B얕음 · 끝중간,True,-0.485,-0.175,0.131
2023-01-28 23:00:00,롱,2,시작낮음 · B깊음 · 끝중간,True,-0.326,-0.736,-0.128
2023-01-30 01:00:00,숏,10,시작중간 · B깊음 · 끝낮음,False,-0.057,-0.904,-0.671
2023-01-31 06:00:00,롱,1,시작낮음 · B깊음 · 끝낮음,False,-0.528,-0.694,-0.636
2023-02-01 07:00:00,숏,4,시작낮음 · B중간 · 끝낮음,False,-0.781,-0.372,-0.253
2023-02-01 19:00:00,롱,9,시작낮음 · B얕음 · 끝높음,False,-0.41,-0.217,0.423
2023-02-02 08:00:00,숏,19,시작높음 · B깊음 · 끝낮음,False,0.03,-0.742,-0.473
2023-02-03 15:00:00,롱,5,시작낮음 · B중간 · 끝중간,True,-0.517,-0.301,-0.115
2023-02-03 19:00:00,숏,18,시작중간 · B얕음 · 끝높음,True,-0.292,-0.155,0.215
2023-02-04 02:00:00,롱,26,시작높음 · B얕음 · 끝중간,True,0.082,-0.281,-0.059
2023-02-04 03:00:00,숏,17,시작중간 · B얕음 · 끝중간,False,-0.097,-0.09,0.107
2023-02-04 09:00:00,롱,10,시작중간 · B깊음 · 끝낮음,False,-0.128,-0.628,-0.309
2023-02-04 23:00:00,숏,11,시작중간 · B깊음 · 끝중간,False,-0.2,-0.754,-0.063
2023-02-05 06:00:00,롱,14,시작중간 · B중간 · 끝중간,True,-0.273,-0.306,-0.001
2023-02-05 12:00:00,숏,18,시작중간 · B얕음 · 끝높음,False,-0.089,-0.076,0.477
2023-02-06 08:00:00,롱,19,시작높음 · B깊음 · 끝낮음,True,0.019,-0.807,-0.613
2023-02-07 00:00:00,숏,5,시작낮음 · B중간 · 끝중간,False,-0.637,-0.336,0.115
2023-02-07 04:00:00,롱,27,시작높음 · B얕음 · 끝높음,False,0.277,0.045,0.19
2023-02-08 07:00:00,숏,19,시작높음 · B깊음 · 끝낮음,False,0.123,-0.706,-0.509
2023-02-09 12:00:00,롱,10,시작중간 · B깊음 · 끝낮음,True,-0.293,-0.648,-0.454
2023-02-09 16:00:00,숏,9,시작낮음 · B얕음 · 끝높음,False,-0.6,-0.049,0.186
2023-02-10 07:00:00,롱,19,시작높음 · B깊음 · 끝낮음,False,0.053,-0.668,-0.562
2023-02-12 21:00:00,숏,8,시작낮음 · B얕음 · 끝중간,True,-0.601,-0.158,0.131
2023-02-13 20:00:00,롱,10,시작중간 · B깊음 · 끝낮음,False,-0.108,-0.658,-0.391
2023-02-15 02:00:00,숏,1,시작낮음 · B깊음 · 끝낮음,False,-0.351,-0.678,-0.461
2023-02-15 11:00:00,롱,9,시작낮음 · B얕음 · 끝높음,False,-0.547,-0.061,0.342
2023-02-16 09:00:00,숏,19,시작높음 · B깊음 · 끝낮음,False,0.043,-0.887,-0.839
2023-02-17 15:00:00,롱,5,시작낮음 · B중간 · 끝중간,True,-0.758,-0.335,-0.148
2023-02-18 08:00:00,숏,1,시작낮음 · B깊음 · 끝낮음,True,-0.38,-0.559,-0.371
2023-02-19 15:00:00,롱,9,시작낮음 · B얕음 · 끝높음,False,-0.403,-0.025,0.338
2023-02-19 17:00:00,숏,24,시작높음 · B중간 · 끝높음,False,0.234,-0.36,0.449
2023-02-20 06:00:00,롱,10,시작중간 · B깊음 · 끝낮음,True,-0.022,-0.61,-0.195
2023-02-20 21:00:00,숏,13,시작중간 · B중간 · 끝낮음,False,-0.122,-0.413,-0.207
2023-02-21 03:00:00,롱,9,시작낮음 · B얕음 · 끝높음,True,-0.421,-0.083,0.152
2023-02-21 04:00:00,숏,26,시작높음 · B얕음 · 끝중간,False,0.221,-0.173,0.038
2023-02-21 05:00:00,롱,5,시작낮음 · B중간 · 끝중간,True,-0.33,-0.305,0.105
2023-02-21 08:00:00,숏,18,시작중간 · B얕음 · 끝높음,False,-0.063,-0.228,0.315
2023-02-22 11:00:00,롱,10,시작중간 · B깊음 · 끝낮음,False,-0.071,-0.725,-0.584
2023-02-22 15:00:00,숏,9,시작낮음 · B얕음 · 끝높음,False,-0.507,-0.02,0.277
2023-02-22 22:00:00,롱,24,시작높음 · B중간 · 끝높음,False,0.364,-0.512,0.268
2023-02-23 11:00:00,숏,11,시작중간 · B깊음 · 끝중간,False,-0.078,-0.746,0.023
2023-02-24 01:00:00,롱,4,시작낮음 · B중간 · 끝낮음,True,-0.453,-0.521,-0.248
2023-02-24 13:00:00,숏,9,시작낮음 · B얕음 · 끝높음,False,-0.413,-0.192,0.259
2023-02-25 04:00:00,롱,19,시작높음 · B깊음 · 끝낮음,False,0.102,-0.612,-0.573
2023-02-27 05:00:00,숏,4,시작낮음 · B중간 · 끝낮음,False,-0.61,-0.442,-0.242
2023-02-27 14:00:00,롱,9,시작낮음 · B얕음 · 끝높음,False,-0.353,-0.094,0.273
2023-02-27 16:00:00,숏,27,시작높음 · B얕음 · 끝높음,False,0.283,-0.2,0.415
2023-02-28 12:00:00,롱,23,시작높음 · B중간 · 끝중간,True,0.206,-0.437,-0.131
2023-02-28 20:00:00,숏,6,시작낮음 · B중간 · 끝높음,True,-0.367,-0.328,0.238
2023-03-01 03:00:00,롱,27,시작높음 · B얕음 · 끝높음,True,0.253,-0.282,0.304
2023-03-01 17:00:00,숏,19,시작높음 · B깊음 · 끝낮음,False,0.146,-0.622,-0.368
2023-03-02 19:00:00,롱,4,시작낮음 · B중간 · 끝낮음,False,-0.439,-0.519,-0.265
2023-03-03 01:00:00,숏,18,시작중간 · B얕음 · 끝높음,False,-0.121,-0.055,0.689
2023-03-03 14:00:00,롱,19,시작높음 · B깊음 · 끝낮음,False,0.036,-0.599,-0.629
2023-03-06 01:00:00,숏,8,시작낮음 · B얕음 · 끝중간,False,-0.676,-0.149,0.014
2023-03-06 13:00:00,롱,26,시작높음 · B얕음 · 끝중간,True,0.016,-0.189,-0.014
2023-03-06 20:00:00,숏,14,시작중간 · B중간 · 끝중간,True,-0.1,-0.485,0.13
2023-03-07 02:00:00,롱,18,시작중간 · B얕음 · 끝높음,True,-0.009,-0.144,0.356
2023-03-07 07:00:00,숏,27,시작높음 · B얕음 · 끝높음,False,0.342,-0.081,0.304
2023-03-08 11:00:00,롱,19,시작높음 · B깊음 · 끝낮음,False,0.052,-0.71,-0.508
2023-03-08 22:00:00,숏,9,시작낮음 · B얕음 · 끝높음,False,-0.368,-0.044,0.357
2023-03-09 13:00:00,롱,22,시작높음 · B중간 · 끝낮음,True,0.123,-0.524,-0.425
2023-03-09 16:00:00,숏,6,시작낮음 · B중간 · 끝높음,False,-0.622,-0.339,0.224
2023-03-10 11:00:00,롱,10,시작중간 · B깊음 · 끝낮음,True,-0.01,-0.878,-0.819
2023-03-11 12:00:00,숏,4,시작낮음 · B중간 · 끝낮음,False,-0.945,-0.457,-0.193
2023-03-11 14:00:00,롱,8,시작낮음 · B얕음 · 끝중간,False,-0.401,-0.033,0.021
2023-03-12 13:00:00,숏,10,시작중간 · B깊음 · 끝낮음,True,-0.006,-0.742,-0.541
2023-03-12 17:00:00,롱,9,시작낮음 · B얕음 · 끝높음,True,-0.307,-0.063,0.452
2023-03-13 09:00:00,숏,19,시작높음 · B깊음 · 끝낮음,True,0.009,-0.882,-0.68
2023-03-13 14:00:00,롱,9,시작낮음 · B얕음 · 끝높음,False,-0.551,-0.081,0.401
2023-03-14 02:00:00,숏,19,시작높음 · B깊음 · 끝낮음,False,0.1,-0.639,-0.654
2023-03-14 12:00:00,롱,9,시작낮음 · B얕음 · 끝높음,False,-0.517,-0.067,0.392
2023-03-14 18:00:00,숏,20,시작높음 · B깊음 · 끝중간,False,0.121,-0.717,-0.11
2023-03-16 06:00:00,롱,1,시작낮음 · B깊음 · 끝낮음,False,-0.346,-0.636,-0.41
2023-03-17 17:00:00,숏,1,시작낮음 · B깊음 · 끝낮음,True,-0.323,-0.827,-0.688
2023-03-17 19:00:00,롱,9,시작낮음 · B얕음 · 끝높음,True,-0.73,-0.013,0.168
2023-03-17 20:00:00,숏,25,시작높음 · B얕음 · 끝낮음,False,0.085,-0.224,-0.23
2023-03-17 21:00:00,롱,18,시작중간 · B얕음 · 끝높음,False,-0.267,-0.258,0.381
2023-03-18 04:00:00,숏,19,시작높음 · B깊음 · 끝낮음,True,0.025,-0.767,-0.46
2023-03-19 13:00:00,롱,5,시작낮음 · B중간 · 끝중간,False,-0.432,-0.425,-0.102
2023-03-20 02:00:00,숏,14,시작중간 · B중간 · 끝중간,False,-0.032,-0.484,-0.103
2023-03-20 08:00:00,롱,6,시작낮음 · B중간 · 끝높음,False,-0.341,-0.382,0.466
2023-03-20 14:00:00,숏,26,시작높음 · B얕음 · 끝중간,False,0.414,-0.204,0.091
2023-03-21 11:00:00,롱,24,시작높음 · B중간 · 끝높음,False,0.36,-0.38,0.187
2023-03-21 22:00:00,숏,17,시작중간 · B얕음 · 끝중간,False,-0.084,-0.23,-0.055
2023-03-21 23:00:00,롱,26,시작높음 · B얕음 · 끝중간,True,0.007,-0.05,0.142
2023-03-22 00:00:00,숏,23,시작높음 · B중간 · 끝중간,False,0.077,-0.336,0.021
2023-03-22 04:00:00,롱,15,시작중간 · B중간 · 끝높음,False,-0.244,-0.375,0.27
2023-03-22 08:00:00,숏,27,시작높음 · B얕음 · 끝높음,False,0.166,-0.238,0.207
2023-03-22 13:00:00,롱,27,시작높음 · B얕음 · 끝높음,False,0.12,-0.094,0.442
2023-03-22 19:00:00,숏,27,시작높음 · B얕음 · 끝높음,False,0.06,-0.177,0.684
2023-03-23 06:00:00,롱,22,시작높음 · B중간 · 끝낮음,True,0.072,-0.501,-0.161
2023-03-24 04:00:00,숏,22,시작높음 · B중간 · 끝낮음,True,0.001,-0.415,-0.235
2023-03-25 09:00:00,롱,1,시작낮음 · B깊음 · 끝낮음,False,-0.351,-0.594,-0.408
2023-03-25 19:00:00,숏,9,시작낮음 · B얕음 · 끝높음,True,-0.591,-0.205,0.17
2023-03-25 22:00:00,롱,17,시작중간 · B얕음 · 끝중간,True,-0.02,-0.253,-0.0
2023-03-27 02:00:00,숏,19,시작높음 · B깊음 · 끝낮음,False,0.095,-0.701,-0.442
2023-03-28 05:00:00,롱,10,시작중간 · B깊음 · 끝낮음,False,-0.223,-0.638,-0.492
2023-03-29 18:00:00,숏,1,시작낮음 · B깊음 · 끝낮음,False,-0.378,-0.728,-0.622
2023-03-31 13:00:00,롱,8,시작낮음 · B얕음 · 끝중간,False,-0.495,-0.235,0.042
2023-04-01 07:00:00,숏,13,시작중간 · B중간 · 끝낮음,False,-0.078,-0.394,-0.186
2023-04-01 22:00:00,롱,8,시작낮음 · B얕음 · 끝중간,False,-0.483,-0.223,0.042
2023-04-02 00:00:00,숏,27,시작높음 · B얕음 · 끝높음,False,0.082,-0.087,0.292
2023-04-02 06:00:00,롱,26,시작높음 · B얕음 · 끝중간,False,0.159,-0.262,0.049
2023-04-02 07:00:00,숏,27,시작높음 · B얕음 · 끝높음,False,0.064,0.001,0.249
2023-04-03 08:00:00,롱,11,시작중간 · B깊음 · 끝중간,True,-0.002,-0.805,-0.137
2023-04-03 20:00:00,숏,6,시작낮음 · B중간 · 끝높음,False,-0.425,-0.387,0.342
2023-04-04 05:00:00,롱,14,시작중간 · B중간 · 끝중간,True,-0.026,-0.436,-0.139
2023-04-05 11:00:00,숏,13,시작중간 · B중간 · 끝낮음,False,-0.147,-0.509,-0.459
2023-04-06 15:00:00,롱,1,시작낮음 · B깊음 · 끝낮음,False,-0.61,-0.631,-0.373
2023-04-07 07:00:00,숏,8,시작낮음 · B얕음 · 끝중간,False,-0.514,-0.171,0.105
2023-04-07 15:00:00,롱,26,시작높음 · B얕음 · 끝중간,True,0.131,-0.29,-0.03
2023-04-08 16:00:00,숏,10,시작중간 · B깊음 · 끝낮음,True,-0.074,-0.563,-0.217
2023-04-09 01:00:00,롱,15,시작중간 · B중간 · 끝높음,True,-0.242,-0.345,0.165
2023-04-09 06:00:00,숏,27,시작높음 · B얕음 · 끝높음,False,0.044,-0.193,0.566
2023-04-09 18:00:00,롱,23,시작높음 · B중간 · 끝중간,False,0.101,-0.506,0.099
2023-04-10 09:00:00,숏,10,시작중간 · B깊음 · 끝낮음,True,-0.024,-0.734,-0.531
2023-04-10 16:00:00,롱,18,시작중간 · B얕음 · 끝높음,True,-0.296,-0.063,0.582
2023-04-11 10:00:00,숏,19,시작높음 · B깊음 · 끝낮음,False,0.065,-0.836,-0.728
2023-04-13 02:00:00,롱,8,시작낮음 · B얕음 · 끝중간,False,-0.726,-0.114,0.028
2023-04-13 21:00:00,숏,22,시작높음 · B중간 · 끝낮음,True,0.018,-0.312,-0.22
2023-04-14 00:00:00,롱,18,시작중간 · B얕음 · 끝높음,False,-0.236,0.005,0.594
2023-04-14 12:00:00,숏,19,시작높음 · B깊음 · 끝낮음,False,0.151,-0.652,-0.286
2023-04-15 09:00:00,롱,1,시작낮음 · B깊음 · 끝낮음,False,-0.382,-0.613,-0.312
2023-04-15 14:00:00,숏,8,시작낮음 · B얕음 · 끝중간,False,-0.449,-0.063,0.018
2023-04-16 05:00:00,롱,23,시작높음 · B중간 · 끝중간,False,0.17,-0.464,-0.063
2023-04-16 12:00:00,숏,17,시작중간 · B얕음 · 끝중간,True,-0.011,-0.255,0.146
2023-04-16 14:00:00,롱,27,시작높음 · B얕음 · 끝높음,False,0.344,-0.236,0.381
2023-04-17 00:00:00,숏,27,시작높음 · B얕음 · 끝높음,True,0.019,-0.299,0.518
2023-04-17 22:00:00,롱,10,시작중간 · B깊음 · 끝낮음,True,-0.016,-0.654,-0.595
2023-04-19 02:00:00,숏,1,시작낮음 · B깊음 · 끝낮음,False,-0.593,-0.68,-0.52
2023-04-20 06:00:00,롱,1,시작낮음 · B깊음 · 끝낮음,False,-0.383,-0.793,-0.665
2023-04-20 16:00:00,숏,9,시작낮음 · B얕음 · 끝높음,False,-0.643,-0.07,0.215
2023-04-21 01:00:00,롱,22,시작높음 · B중간 · 끝낮음,False,0.365,-0.398,-0.263
2023-04-21 19:00:00,숏,18,시작중간 · B얕음 · 끝높음,False,-0.067,-0.023,0.679
2023-04-22 05:00:00,롱,22,시작높음 · B중간 · 끝낮음,False,0.372,-0.439,-0.295
2023-04-23 14:00:00,숏,1,시작낮음 · B깊음 · 끝낮음,False,-0.337,-0.592,-0.246
2023-04-23 23:00:00,롱,5,시작낮음 · B중간 · 끝중간,False,-0.394,-0.4,-0.064
2023-04-24 07:00:00,숏,15,시작중간 · B중간 · 끝높음,True,-0.049,-0.523,0.203
2023-04-24 21:00:00,롱,23,시작높음 · B중간 · 끝중간,True,0.059,-0.415,-0.128
2023-04-25 07:00:00,숏,18,시작중간 · B얕음 · 끝높음,True,-0.013,-0.035,0.258
2023-04-25 08:00:00,롱,24,시작높음 · B중간 · 끝높음,True,0.163,-0.32,0.174
2023-04-25 09:00:00,숏,4,시작낮음 · B중간 · 끝낮음,True,-0.423,-0.549,-0.202
2023-04-25 11:00:00,롱,4,시작낮음 · B중간 · 끝낮음,True,-0.835,-0.549,-0.167
2023-04-25 14:00:00,숏,14,시작중간 · B중간 · 끝중간,True,-0.279,-0.405,0.145
2023-04-25 15:00:00,롱,17,시작중간 · B얕음 · 끝중간,False,-0.099,-0.226,0.008
2023-04-26 19:00:00,숏,10,시작중간 · B깊음 · 끝낮음,True,-0.008,-0.902,-0.206
2023-04-27 17:00:00,롱,1,시작낮음 · B깊음 · 끝낮음,True,-0.852,-0.845,-0.153
2023-04-28 02:00:00,숏,17,시작중간 · B얕음 · 끝중간,False,-0.208,-0.243,-0.101
2023-04-28 22:00:00,롱,4,시작낮음 · B중간 · 끝낮음,True,-0.401,-0.527,-0.164
2023-04-29 00:00:00,숏,17,시작중간 · B얕음 · 끝중간,True,-0.283,-0.096,0.097
2023-04-29 02:00:00,롱,24,시작높음 · B중간 · 끝높음,False,0.218,-0.36,0.231
2023-04-29 09:00:00,숏,14,시작중간 · B중간 · 끝중간,True,-0.199,-0.545,-0.124
2023-04-30 05:00:00,롱,14,시작중간 · B중간 · 끝중간,False,-0.044,-0.408,-0.117
2023-04-30 22:00:00,숏,10,시작중간 · B깊음 · 끝낮음,True,-0.079,-0.687,-0.174
2023-05-02 01:00:00,롱,10,시작중간 · B깊음 · 끝낮음,False,-0.084,-0.75,-0.638
2023-05-03 05:00:00,숏,4,시작낮음 · B중간 · 끝낮음,False,-0.77,-0.419,-0.246
2023-05-03 07:00:00,롱,8,시작낮음 · B얕음 · 끝중간,True,-0.472,-0.015,0.126
2023-05-03 10:00:00,숏,26,시작높음 · B얕음 · 끝중간,False,0.271,-0.262,0.089
2023-05-03 21:00:00,롱,15,시작중간 · B중간 · 끝높음,False,-0.055,-0.454,0.262
2023-05-04 12:00:00,숏,10,시작중간 · B깊음 · 끝낮음,False,-0.095,-0.595,-0.408
2023-05-05 01:00:00,롱,6,시작낮음 · B중간 · 끝높음,False,-0.701,-0.51,0.192
2023-05-05 09:00:00,숏,13,시작중간 · B중간 · 끝낮음,True,-0.273,-0.549,-0.187
2023-05-05 14:00:00,롱,18,시작중간 · B얕음 · 끝높음,False,-0.19,-0.185,0.255
2023-05-06 03:00:00,숏,19,시작높음 · B깊음 · 끝낮음,True,0.093,-0.572,-0.183
2023-05-07 00:00:00,롱,10,시작중간 · B깊음 · 끝낮음,False,-0.198,-0.665,-0.35
2023-05-07 22:00:00,숏,8,시작낮음 · B얕음 · 끝중간,False,-0.535,-0.205,0.097
2023-05-08 16:00:00,롱,19,시작높음 · B깊음 · 끝낮음,False,0.068,-0.667,-0.571
2023-05-08 17:00:00,숏,9,시작낮음 · B얕음 · 끝높음,False,-0.67,0.002,0.293
2023-05-08 22:00:00,롱,19,시작높음 · B깊음 · 끝낮음,True,0.028,-0.677,-0.315
2023-05-10 09:00:00,숏,5,시작낮음 · B중간 · 끝중간,False,-0.455,-0.396,-0.06
2023-05-10 11:00:00,롱,18,시작중간 · B얕음 · 끝높음,True,-0.008,-0.055,0.194
2023-05-10 18:00:00,숏,23,시작높음 · B중간 · 끝중간,True,0.019,-0.42,0.1
2023-05-12 13:00:00,롱,19,시작높음 · B깊음 · 끝낮음,False,0.049,-0.612,-0.475
2023-05-13 18:00:00,숏,7,시작낮음 · B얕음 · 끝낮음,True,-0.46,-0.272,-0.169
2023-05-13 19:00:00,롱,8,시작낮음 · B얕음 · 끝중간,True,-0.318,-0.022,0.021
2023-05-13 23:00:00,숏,11,시작중간 · B깊음 · 끝중간,True,-0.071,-0.551,0.005
2023-05-14 13:00:00,롱,14,시작중간 · B중간 · 끝중간,False,-0.098,-0.505,0.046
2023-05-14 21:00:00,숏,14,시작중간 · B중간 · 끝중간,False,-0.051,-0.394,-0.054
2023-05-15 01:00:00,롱,18,시작중간 · B얕음 · 끝높음,False,-0.144,-0.235,0.459
2023-05-15 15:00:00,숏,10,시작중간 · B깊음 · 끝낮음,False,-0.137,-0.824,-0.701
2023-05-15 16:00:00,롱,8,시작낮음 · B얕음 · 끝중간,False,-0.741,-0.027,0.102
2023-05-15 18:00:00,숏,11,시작중간 · B깊음 · 끝중간,True,-0.05,-0.728,-0.134
2023-05-16 23:00:00,롱,10,시작중간 · B깊음 · 끝낮음,False,-0.115,-0.731,-0.566
2023-05-17 07:00:00,숏,9,시작낮음 · B얕음 · 끝높음,True,-0.65,-0.286,0.186
2023-05-17 17:00:00,롱,14,시작중간 · B중간 · 끝중간,True,-0.022,-0.465,0.109
2023-05-18 12:00:00,숏,13,시작중간 · B중간 · 끝낮음,False,-0.097,-0.495,-0.308
2023-05-19 05:00:00,롱,1,시작낮음 · B깊음 · 끝낮음,False,-0.423,-0.748,-0.431
2023-05-21 07:00:00,숏,4,시작낮음 · B중간 · 끝낮음,True,-0.452,-0.324,-0.161
2023-05-22 06:00:00,롱,10,시작중간 · B깊음 · 끝낮음,True,-0.293,-0.63,-0.34
2023-05-23 15:00:00,숏,1,시작낮음 · B깊음 · 끝낮음,False,-0.335,-0.631,-0.571
2023-05-24 23:00:00,롱,1,시작낮음 · B깊음 · 끝낮음,False,-0.379,-0.757,-0.689
2023-05-25 01:00:00,숏,9,시작낮음 · B얕음 · 끝높음,True,-0.631,-0.017,0.153
2023-05-25 03:00:00,롱,23,시작높음 · B중간 · 끝중간,False,0.228,-0.506,-0.098
2023-05-27 00:00:00,숏,10,시작중간 · B깊음 · 끝낮음,False,-0.173,-0.646,-0.495
2023-05-27 22:00:00,롱,8,시작낮음 · B얕음 · 끝중간,True,-0.651,-0.097,0.121
2023-05-28 12:00:00,숏,19,시작높음 · B깊음 · 끝낮음,False,0.09,-0.59,-0.459
2023-05-28 17:00:00,롱,9,시작낮음 · B얕음 · 끝높음,False,-0.543,-0.043,0.28
2023-05-29 07:00:00,숏,19,시작높음 · B깊음 · 끝낮음,False,0.066,-0.843,-0.486
2023-05-30 09:00:00,롱,5,시작낮음 · B중간 · 끝중간,True,-0.602,-0.312,-0.123
2023-05-30 14:00:00,숏,6,시작낮음 · B중간 · 끝높음,False,-0.334,-0.459,0.306
2023-05-31 19:00:00,롱,10,시작중간 · B깊음 · 끝낮음,True,-0.008,-0.732,-0.65
2023-06-01 03:00:00,숏,9,시작낮음 · B얕음 · 끝높음,False,-0.585,-0.217,0.205
2023-06-01 08:00:00,롱,27,시작높음 · B얕음 · 끝높음,False,0.389,-0.068,0.249
2023-06-02 14:00:00,숏,22,시작높음 · B중간 · 끝낮음,False,0.167,-0.447,-0.208
2023-06-02 15:00:00,롱,18,시작중간 · B얕음 · 끝높음,False,-0.139,0.066,0.243
2023-06-03 02:00:00,숏,19,시작높음 · B깊음 · 끝낮음,True,0.011,-0.746,-0.456
2023-06-03 15:00:00,롱,18,시작중간 · B얕음 · 끝높음,True,-0.294,-0.018,0.45
2023-06-03 17:00:00,숏,20,시작높음 · B깊음 · 끝중간,True,0.136,-0.552,0.05
2023-06-04 07:00:00,롱,10,시작중간 · B깊음 · 끝낮음,True,-0.142,-0.579,-0.239
2023-06-04 23:00:00,숏,14,시작중간 · B중간 · 끝중간,False,-0.213,-0.457,0.026
2023-06-06 03:00:00,롱,10,시작중간 · B깊음 · 끝낮음,False,-0.04,-0.817,-0.72
2023-06-07 06:00:00,숏,1,시작낮음 · B깊음 · 끝낮음,False,-0.741,-0.713,-0.517
2023-06-08 06:00:00,롱,4,시작낮음 · B중간 · 끝낮음,False,-0.562,-0.368,-0.236
2023-06-09 00:00:00,숏,5,시작낮음 · B중간 · 끝중간,False,-0.649,-0.428,-0.088
2023-06-09 08:00:00,롱,18,시작중간 · B얕음 · 끝높음,True,-0.26,-0.296,0.261
2023-06-09 15:00:00,숏,14,시작중간 · B중간 · 끝중간,True,-0.043,-0.541,0.014
2023-06-10 17:00:00,롱,10,시작중간 · B깊음 · 끝낮음,False,-0.059,-0.74,-0.4
2023-06-12 02:00:00,숏,5,시작낮음 · B중간 · 끝중간,True,-0.763,-0.427,-0.145
2023-06-12 09:00:00,롱,8,시작낮음 · B얕음 · 끝중간,False,-0.463,-0.229,0.03
2023-06-12 13:00:00,숏,18,시작중간 · B얕음 · 끝높음,True,-0.042,-0.27,0.275
2023-06-12 21:00:00,롱,23,시작높음 · B중간 · 끝중간,True,0.028,-0.402,0.004
2023-06-13 14:00:00,숏,14,시작중간 · B중간 · 끝중간,False,-0.038,-0.515,-0.116
2023-06-14 01:00:00,롱,14,시작중간 · B중간 · 끝중간,False,-0.2,-0.381,0.019
2023-06-14 05:00:00,숏,18,시작중간 · B얕음 · 끝높음,False,-0.132,-0.094,0.419
2023-06-14 09:00:00,롱,20,시작높음 · B깊음 · 끝중간,True,0.003,-0.564,0.035
2023-06-14 19:00:00,숏,18,시작중간 · B얕음 · 끝높음,True,-0.129,0.005,0.17
2023-06-15 11:00:00,롱,19,시작높음 · B깊음 · 끝낮음,True,0.012,-0.752,-0.68
2023-06-16 13:00:00,숏,1,시작낮음 · B깊음 · 끝낮음,False,-0.849,-0.661,-0.477
2023-06-16 15:00:00,롱,9,시작낮음 · B얕음 · 끝높음,False,-0.606,-0.198,0.25
2023-06-17 03:00:00,숏,19,시작높음 · B깊음 · 끝낮음,True,0.023,-0.601,-0.472
2023-06-17 05:00:00,롱,9,시작낮음 · B얕음 · 끝높음,False,-0.507,-0.029,0.314
2023-06-17 11:00:00,숏,22,시작높음 · B중간 · 끝낮음,True,0.111,-0.534,-0.209
2023-06-18 18:00:00,롱,8,시작낮음 · B얕음 · 끝중간,False,-0.382,-0.252,0.053
2023-06-18 20:00:00,숏,27,시작높음 · B얕음 · 끝높음,False,0.091,0.114,0.37
2023-06-19 12:00:00,롱,13,시작중간 · B중간 · 끝낮음,True,-0.11,-0.542,-0.265
2023-06-20 08:00:00,숏,10,시작중간 · B깊음 · 끝낮음,False,-0.149,-0.743,-0.338
2023-06-20 16:00:00,롱,9,시작낮음 · B얕음 · 끝높음,False,-0.37,-0.121,0.495
2023-06-21 10:00:00,숏,19,시작높음 · B깊음 · 끝낮음,False,0.095,-0.717,-0.686
2023-06-21 14:00:00,롱,9,시작낮음 · B얕음 · 끝높음,False,-0.724,-0.035,0.234
2023-06-21 23:00:00,숏,19,시작높음 · B깊음 · 끝낮음,False,0.184,-0.634,-0.344
2023-06-23 14:00:00,롱,8,시작낮음 · B얕음 · 끝중간,False,-0.535,-0.213,0.098
2023-06-24 00:00:00,숏,10,시작중간 · B깊음 · 끝낮음,False,-0.04,-0.586,-0.208
2023-06-25 03:00:00,롱,8,시작낮음 · B얕음 · 끝중간,False,-0.427,-0.25,0.048
2023-06-25 10:00:00,숏,14,시작중간 · B중간 · 끝중간,True,-0.013,-0.511,-0.001
2023-06-26 07:00:00,롱,13,시작중간 · B중간 · 끝낮음,False,-0.044,-0.446,-0.256
2023-06-26 10:00:00,숏,18,시작중간 · B얕음 · 끝높음,False,-0.262,-0.019,0.271
2023-06-26 11:00:00,롱,26,시작높음 · B얕음 · 끝중간,True,0.596,-0.137,0.143
2023-06-26 17:00:00,숏,24,시작높음 · B중간 · 끝높음,False,0.043,-0.372,0.245
2023-06-26 23:00:00,롱,27,시작높음 · B얕음 · 끝높음,False,0.256,-0.027,0.235
2023-06-27 22:00:00,숏,19,시작높음 · B깊음 · 끝낮음,False,0.094,-0.69,-0.327
2023-06-29 03:00:00,롱,1,시작낮음 · B깊음 · 끝낮음,False,-0.426,-0.603,-0.467
2023-06-29 21:00:00,숏,1,시작낮음 · B깊음 · 끝낮음,False,-0.607,-0.645,-0.298
2023-06-30 03:00:00,롱,9,시작낮음 · B얕음 · 끝높음,False,-0.373,-0.035,0.438
2023-06-30 13:00:00,숏,27,시작높음 · B얕음 · 끝높음,True,0.123,-0.299,0.279
2023-07-01 06:00:00,롱,10,시작중간 · B깊음 · 끝낮음,False,-0.192,-0.625,-0.292
2023-07-02 01:00:00,숏,17,시작중간 · B얕음 · 끝중간,True,-0.299,-0.098,-0.082
2023-07-02 14:00:00,롱,8,시작낮음 · B얕음 · 끝중간,False,-0.52,-0.226,0.073
2023-07-02 15:00:00,숏,17,시작중간 · B얕음 · 끝중간,False,-0.066,-0.079,0.051
2023-07-02 16:00:00,롱,11,시작중간 · B깊음 · 끝중간,True,-0.131,-0.553,-0.06
2023-07-02 17:00:00,숏,17,시작중간 · B얕음 · 끝중간,False,-0.187,-0.223,0.105
2023-07-02 20:00:00,롱,14,시작중간 · B중간 · 끝중간,False,-0.189,-0.388,0.063
2023-07-03 09:00:00,숏,17,시작중간 · B얕음 · 끝중간,True,-0.033,-0.298,-0.111
2023-07-03 15:00:00,롱,18,시작중간 · B얕음 · 끝높음,False,-0.116,-0.072,0.552
2023-07-04 04:00:00,숏,19,시작높음 · B깊음 · 끝낮음,False,0.099,-0.674,-0.373
2023-07-05 20:00:00,롱,10,시작중간 · B깊음 · 끝낮음,False,-0.228,-0.751,-0.609
2023-07-06 14:00:00,숏,2,시작낮음 · B깊음 · 끝중간,True,-0.451,-0.561,0.129
2023-07-07 09:00:00,롱,26,시작높음 · B얕음 · 끝중간,True,0.026,-0.295,-0.124
2023-07-08 06:00:00,숏,4,시작낮음 · B중간 · 끝낮음,True,-0.425,-0.448,-0.162
2023-07-08 16:00:00,롱,8,시작낮음 · B얕음 · 끝중간,False,-0.363,-0.172,0.028
2023-07-08 19:00:00,숏,18,시작중간 · B얕음 · 끝높음,False,-0.163,-0.24,0.349
2023-07-08 23:00:00,롱,24,시작높음 · B중간 · 끝높음,False,0.139,-0.422,0.296
2023-07-09 18:00:00,숏,23,시작높음 · B중간 · 끝중간,False,0.088,-0.347,-0.09
2023-07-10 10:00:00,롱,13,시작중간 · B중간 · 끝낮음,False,-0.085,-0.485,-0.204
2023-07-11 04:00:00,숏,10,시작중간 · B깊음 · 끝낮음,False,-0.148,-0.669,-0.272
2023-07-11 06:00:00,롱,9,시작낮음 · B얕음 · 끝높음,True,-0.348,-0.028,0.17
2023-07-11 08:00:00,숏,10,시작중간 · B깊음 · 끝낮음,True,-0.169,-0.587,-0.169
2023-07-11 16:00:00,롱,18,시작중간 · B얕음 · 끝높음,True,-0.087,-0.291,0.194
2023-07-11 18:00:00,숏,27,시작높음 · B얕음 · 끝높음,False,0.079,-0.148,0.21
2023-07-11 19:00:00,롱,23,시작높음 · B중간 · 끝중간,True,0.014,-0.512,0.031
2023-07-11 21:00:00,숏,1,시작낮음 · B깊음 · 끝낮음,False,-0.334,-0.594,-0.398
2023-07-11 23:00:00,롱,9,시작낮음 · B얕음 · 끝높음,False,-0.417,-0.242,0.251
2023-07-12 00:00:00,숏,24,시작높음 · B중간 · 끝높음,False,0.059,-0.43,0.451
2023-07-12 05:00:00,롱,15,시작중간 · B중간 · 끝높음,True,-0.074,-0.522,0.155
2023-07-12 13:00:00,숏,26,시작높음 · B얕음 · 끝중간,False,0.044,-0.269,-0.06
2023-07-13 08:00:00,롱,10,시작중간 · B깊음 · 끝낮음,True,-0.117,-0.577,-0.395
2023-07-14 06:00:00,숏,10,시작중간 · B깊음 · 끝낮음,False,-0.24,-0.805,-0.564
2023-07-15 07:00:00,롱,1,시작낮음 · B깊음 · 끝낮음,False,-0.513,-0.627,-0.529
2023-07-16 23:00:00,숏,8,시작낮음 · B얕음 · 끝중간,False,-0.693,-0.064,0.047
2023-07-17 03:00:00,롱,14,시작중간 · B중간 · 끝중간,True,-0.025,-0.349,-0.031
2023-07-17 09:00:00,숏,18,시작중간 · B얕음 · 끝높음,True,-0.288,-0.248,0.363
2023-07-17 14:00:00,롱,14,시작중간 · B중간 · 끝중간,True,-0.021,-0.332,0.039
2023-07-17 15:00:00,숏,27,시작높음 · B얕음 · 끝높음,False,0.046,0.006,0.303
2023-07-17 23:00:00,롱,19,시작높음 · B깊음 · 끝낮음,True,0.013,-0.893,-0.206
2023-07-18 06:00:00,숏,18,시작중간 · B얕음 · 끝높음,True,-0.264,-0.154,0.171
2023-07-18 23:00:00,롱,22,시작높음 · B중간 · 끝낮음,False,0.049,-0.404,-0.21
2023-07-19 14:00:00,숏,5,시작낮음 · B중간 · 끝중간,True,-0.303,-0.402,-0.001
2023-07-19 18:00:00,롱,6,시작낮음 · B중간 · 끝높음,False,-0.364,-0.359,0.185
2023-07-19 22:00:00,숏,27,시작높음 · B얕음 · 끝높음,False,0.067,-0.25,0.331
2023-07-20 01:00:00,롱,27,시작높음 · B얕음 · 끝높음,False,0.106,-0.251,0.201
2023-07-20 14:00:00,숏,24,시작높음 · B중간 · 끝높음,False,0.064,-0.411,0.265
2023-07-21 03:00:00,롱,10,시작중간 · B깊음 · 끝낮음,False,-0.238,-0.698,-0.356
2023-07-21 09:00:00,숏,9,시작낮음 · B얕음 · 끝높음,False,-0.444,-0.003,0.199
2023-07-21 11:00:00,롱,26,시작높음 · B얕음 · 끝중간,False,0.546,-0.235,-0.02
2023-07-22 06:00:00,숏,19,시작높음 · B깊음 · 끝낮음,False,0.05,-0.737,-0.289
2023-07-22 07:00:00,롱,18,시작중간 · B얕음 · 끝높음,False,-0.262,-0.014,0.209
2023-07-22 11:00:00,숏,23,시작높음 · B중간 · 끝중간,False,0.195,-0.496,0.023
2023-07-23 03:00:00,롱,13,시작중간 · B중간 · 끝낮음,True,-0.073,-0.535,-0.168
2023-07-24 01:00:00,숏,11,시작중간 · B깊음 · 끝중간,True,-0.033,-0.562,-0.045
2023-07-24 22:00:00,롱,10,시작중간 · B깊음 · 끝낮음,False,-0.092,-0.656,-0.571
2023-07-26 11:00:00,숏,8,시작낮음 · B얕음 · 끝중간,False,-0.725,-0.127,-0.007
2023-07-26 12:00:00,롱,17,시작중간 · B얕음 · 끝중간,False,-0.042,-0.085,0.086
2023-07-27 06:00:00,숏,10,시작중간 · B깊음 · 끝낮음,False,-0.054,-0.761,-0.402
2023-07-27 09:00:00,롱,9,시작낮음 · B얕음 · 끝높음,True,-0.544,-0.106,0.161
2023-07-27 13:00:00,숏,14,시작중간 · B중간 · 끝중간,True,-0.006,-0.401,0.139
2023-07-28 04:00:00,롱,10,시작중간 · B깊음 · 끝낮음,False,-0.05,-0.73,-0.493
2023-07-28 05:00:00,숏,9,시작낮음 · B얕음 · 끝높음,True,-0.553,-0.0,0.162
2023-07-28 10:00:00,롱,10,시작중간 · B깊음 · 끝낮음,False,-0.18,-0.962,-0.288
2023-07-29 07:00:00,숏,10,시작중간 · B깊음 · 끝낮음,True,-0.058,-0.614,-0.172
2023-07-29 19:00:00,롱,8,시작낮음 · B얕음 · 끝중간,False,-0.351,-0.156,-0.026
2023-07-30 03:00:00,숏,5,시작낮음 · B중간 · 끝중간,True,-0.317,-0.48,-0.028
2023-07-30 14:00:00,롱,24,시작높음 · B중간 · 끝높음,True,0.054,-0.323,0.34
2023-07-30 19:00:00,숏,15,시작중간 · B중간 · 끝높음,False,-0.091,-0.443,0.236
2023-07-31 00:00:00,롱,15,시작중간 · B중간 · 끝높음,False,-0.126,-0.475,0.202
2023-07-31 14:00:00,숏,14,시작중간 · B중간 · 끝중간,False,-0.135,-0.398,-0.042
2023-08-01 15:00:00,롱,13,시작중간 · B중간 · 끝낮음,True,-0.078,-0.54,-0.421
2023-08-02 09:00:00,숏,1,시작낮음 · B깊음 · 끝낮음,False,-0.343,-0.79,-0.424
2023-08-03 10:00:00,롱,7,시작낮음 · B얕음 · 끝낮음,True,-0.463,-0.273,-0.208
2023-08-04 02:00:00,숏,5,시작낮음 · B중간 · 끝중간,False,-0.448,-0.343,-0.019
2023-08-04 13:00:00,롱,17,시작중간 · B얕음 · 끝중간,False,-0.069,-0.221,0.108
2023-08-04 18:00:00,숏,27,시작높음 · B얕음 · 끝높음,False,0.038,-0.226,0.386
2023-08-05 08:00:00,롱,22,시작높음 · B중간 · 끝낮음,False,0.081,-0.49,-0.21
2023-08-05 12:00:00,숏,17,시작중간 · B얕음 · 끝중간,True,-0.29,-0.091,0.082
2023-08-05 14:00:00,롱,24,시작높음 · B중간 · 끝높음,True,0.004,-0.318,0.214
2023-08-06 13:00:00,숏,11,시작중간 · B깊음 · 끝중간,False,-0.127,-0.698,0.065
2023-08-06 17:00:00,롱,27,시작높음 · B얕음 · 끝높음,False,0.103,-0.101,0.342
2023-08-07 07:00:00,숏,23,시작높음 · B중간 · 끝중간,False,0.257,-0.409,-0.021
2023-08-07 19:00:00,롱,24,시작높음 · B중간 · 끝높음,False,0.066,-0.463,0.208
2023-08-09 02:00:00,숏,19,시작높음 · B깊음 · 끝낮음,True,0.019,-0.659,-0.38
2023-08-09 12:00:00,롱,9,시작낮음 · B얕음 · 끝높음,False,-0.611,-0.127,0.182
2023-08-09 13:00:00,숏,26,시작높음 · B얕음 · 끝중간,False,0.106,-0.221,0.021
2023-08-10 13:00:00,롱,10,시작중간 · B깊음 · 끝낮음,False,-0.252,-0.859,-0.513
2023-08-10 15:00:00,숏,8,시작낮음 · B얕음 · 끝중간,True,-0.578,-0.188,0.124
2023-08-11 00:00:00,롱,26,시작높음 · B얕음 · 끝중간,False,0.111,-0.13,-0.045
2023-08-11 02:00:00,숏,18,시작중간 · B얕음 · 끝높음,False,-0.21,-0.211,0.355
2023-08-11 05:00:00,롱,14,시작중간 · B중간 · 끝중간,True,-0.001,-0.507,0.057
2023-08-11 17:00:00,숏,18,시작중간 · B얕음 · 끝높음,False,-0.044,-0.248,0.219
2023-08-11 20:00:00,롱,27,시작높음 · B얕음 · 끝높음,True,0.122,-0.089,0.166
2023-08-13 04:00:00,숏,23,시작높음 · B중간 · 끝중간,False,0.34,-0.501,0.031
2023-08-13 18:00:00,롱,14,시작중간 · B중간 · 끝중간,False,-0.12,-0.462,0.036
2023-08-13 22:00:00,숏,15,시작중간 · B중간 · 끝높음,False,-0.061,-0.34,0.388
2023-08-14 04:00:00,롱,23,시작높음 · B중간 · 끝중간,False,0.106,-0.507,0.109
2023-08-14 19:00:00,숏,23,시작높음 · B중간 · 끝중간,False,0.033,-0.42,0.063
2023-08-15 14:00:00,롱,27,시작높음 · B얕음 · 끝높음,False,0.173,0.035,0.277
2023-08-15 15:00:00,숏,24,시작높음 · B중간 · 끝높음,False,0.124,-0.416,0.207
2023-08-16 10:00:00,롱,10,시작중간 · B깊음 · 끝낮음,False,-0.179,-0.773,-0.565
2023-08-16 13:00:00,숏,9,시작낮음 · B얕음 · 끝높음,True,-0.559,-0.036,0.166
2023-08-16 17:00:00,롱,20,시작높음 · B깊음 · 끝중간,False,0.043,-0.658,0.046
2023-08-16 20:00:00,숏,15,시작중간 · B중간 · 끝높음,False,-0.2,-0.339,0.259
2023-08-18 08:00:00,롱,10,시작중간 · B깊음 · 끝낮음,True,-0.009,-0.966,-0.503
2023-08-20 16:00:00,숏,8,시작낮음 · B얕음 · 끝중간,False,-0.549,-0.027,0.076
2023-08-20 17:00:00,롱,26,시작높음 · B얕음 · 끝중간,False,0.347,-0.064,0.018
2023-08-21 02:00:00,숏,11,시작중간 · B깊음 · 끝중간,True,-0.176,-0.629,-0.141
2023-08-21 14:00:00,롱,14,시작중간 · B중간 · 끝중간,False,-0.257,-0.388,-0.076
2023-08-21 15:00:00,숏,18,시작중간 · B얕음 · 끝높음,True,-0.01,-0.083,0.475
2023-08-21 19:00:00,롱,11,시작중간 · B깊음 · 끝중간,True,-0.029,-0.61,-0.026
2023-08-22 04:00:00,숏,14,시작중간 · B중간 · 끝중간,True,-0.17,-0.303,0.043
2023-08-22 07:00:00,롱,27,시작높음 · B얕음 · 끝높음,True,0.028,-0.066,0.173
2023-08-22 09:00:00,숏,24,시작높음 · B중간 · 끝높음,False,0.238,-0.394,0.2
2023-08-23 00:00:00,롱,23,시작높음 · B중간 · 끝중간,True,0.011,-0.461,-0.021
2023-08-23 12:00:00,숏,18,시작중간 · B얕음 · 끝높음,True,-0.002,-0.077,0.233
2023-08-23 14:00:00,롱,27,시작높음 · B얕음 · 끝높음,True,0.48,-0.274,0.276
2023-08-24 03:00:00,숏,19,시작높음 · B깊음 · 끝낮음,False,0.06,-0.735,-0.411
2023-08-25 09:00:00,롱,13,시작중간 · B중간 · 끝낮음,True,-0.292,-0.399,-0.301
2023-08-25 14:00:00,숏,9,시작낮음 · B얕음 · 끝높음,False,-0.349,-0.016,0.313
2023-08-25 19:00:00,롱,22,시작높음 · B중간 · 끝낮음,True,0.064,-0.41,-0.166
2023-08-26 23:00:00,숏,26,시작높음 · B얕음 · 끝중간,True,0.003,-0.063,0.057
2023-08-27 05:00:00,롱,23,시작높음 · B중간 · 끝중간,True,0.042,-0.311,0.005
2023-08-27 21:00:00,숏,13,시작중간 · B중간 · 끝낮음,True,-0.004,-0.486,-0.171
2023-08-28 12:00:00,롱,14,시작중간 · B중간 · 끝중간,False,-0.14,-0.436,0.109
2023-08-28 20:00:00,숏,14,시작중간 · B중간 · 끝중간,False,-0.232,-0.415,0.023
2023-08-28 23:00:00,롱,18,시작중간 · B얕음 · 끝높음,True,-0.02,-0.034,0.345
2023-08-29 05:00:00,숏,23,시작높음 · B중간 · 끝중간,False,0.208,-0.378,-0.023
2023-08-29 14:00:00,롱,27,시작높음 · B얕음 · 끝높음,True,0.009,-0.074,0.805
2023-08-30 02:00:00,숏,10,시작중간 · B깊음 · 끝낮음,True,-0.002,-0.833,-0.604
2023-09-01 06:00:00,롱,1,시작낮음 · B깊음 · 끝낮음,False,-0.557,-0.707,-0.62
2023-09-01 17:00:00,숏,9,시작낮음 · B얕음 · 끝높음,False,-0.649,-0.038,0.236
2023-09-01 20:00:00,롱,23,시작높음 · B중간 · 끝중간,False,0.29,-0.429,-0.02
2023-09-03 16:00:00,숏,13,시작중간 · B중간 · 끝낮음,False,-0.148,-0.47,-0.254
2023-09-03 19:00:00,롱,9,시작낮음 · B얕음 · 끝높음,False,-0.454,-0.081,0.263
2023-09-04 01:00:00,숏,23,시작높음 · B중간 · 끝중간,False,0.184,-0.35,0.085
2023-09-04 02:00:00,롱,27,시작높음 · B얕음 · 끝높음,False,0.192,-0.098,0.263
2023-09-04 05:00:00,숏,14,시작중간 · B중간 · 끝중간,False,-0.03,-0.517,-0.113
2023-09-04 08:00:00,롱,8,시작낮음 · B얕음 · 끝중간,False,-0.388,-0.134,0.026
2023-09-04 09:00:00,숏,14,시작중간 · B중간 · 끝중간,False,-0.148,-0.437,0.074
2023-09-05 09:00:00,롱,10,시작중간 · B깊음 · 끝낮음,True,-0.015,-0.838,-0.521
2023-09-06 09:00:00,숏,5,시작낮음 · B중간 · 끝중간,True,-0.639,-0.307,-0.091
2023-09-06 21:00:00,롱,14,시작중간 · B중간 · 끝중간,False,-0.053,-0.364,-0.032
2023-09-07 11:00:00,숏,17,시작중간 · B얕음 · 끝중간,False,-0.106,-0.217,-0.037
2023-09-07 16:00:00,롱,18,시작중간 · B얕음 · 끝높음,True,-0.176,-0.271,0.207
2023-09-08 08:00:00,숏,19,시작높음 · B깊음 · 끝낮음,False,0.031,-0.638,-0.49
2023-09-09 06:00:00,롱,1,시작낮음 · B깊음 · 끝낮음,False,-0.572,-0.618,-0.457
2023-09-10 04:00:00,숏,8,시작낮음 · B얕음 · 끝중간,False,-0.668,-0.113,0.015
2023-09-10 08:00:00,롱,14,시작중간 · B중간 · 끝중간,True,-0.056,-0.322,0.003
2023-09-10 09:00:00,숏,18,시작중간 · B얕음 · 끝높음,True,-0.01,-0.101,0.198
2023-09-10 21:00:00,롱,14,시작중간 · B중간 · 끝중간,False,-0.051,-0.387,0.113
2023-09-11 01:00:00,숏,15,시작중간 · B중간 · 끝높음,True,-0.067,-0.313,0.276
2023-09-11 05:00:00,롱,27,시작높음 · B얕음 · 끝높음,False,0.226,-0.176,0.442
2023-09-11 10:00:00,숏,27,시작높음 · B얕음 · 끝높음,False,0.125,-0.257,0.2
2023-09-12 02:00:00,롱,19,시작높음 · B깊음 · 끝낮음,False,0.047,-0.658,-0.507
2023-09-12 21:00:00,숏,1,시작낮음 · B깊음 · 끝낮음,True,-0.32,-0.735,-0.554
2023-09-13 10:00:00,롱,8,시작낮음 · B얕음 · 끝중간,False,-0.63,-0.16,0.055
2023-09-13 18:00:00,숏,26,시작높음 · B얕음 · 끝중간,True,0.085,-0.29,0.061
2023-09-14 00:00:00,롱,27,시작높음 · B얕음 · 끝높음,False,0.135,0.053,0.825
2023-09-14 03:00:00,숏,23,시작높음 · B중간 · 끝중간,False,0.179,-0.338,-0.085
2023-09-14 11:00:00,롱,18,시작중간 · B얕음 · 끝높음,True,-0.202,-0.274,0.359
2023-09-14 21:00:00,숏,22,시작높음 · B중간 · 끝낮음,False,0.096,-0.476,-0.28
2023-09-15 22:00:00,롱,6,시작낮음 · B중간 · 끝높음,True,-0.327,-0.461,0.313
2023-09-16 07:00:00,숏,14,시작중간 · B중간 · 끝중간,False,-0.165,-0.502,-0.046
2023-09-16 18:00:00,롱,18,시작중간 · B얕음 · 끝높음,False,-0.037,-0.065,0.197
2023-09-16 19:00:00,숏,27,시작높음 · B얕음 · 끝높음,True,0.332,-0.07,0.156
2023-09-16 22:00:00,롱,19,시작높음 · B깊음 · 끝낮음,True,0.236,-0.554,-0.199
2023-09-17 00:00:00,숏,18,시작중간 · B얕음 · 끝높음,False,-0.033,-0.029,0.551
2023-09-17 09:00:00,롱,23,시작높음 · B중간 · 끝중간,False,0.062,-0.507,0.078
2023-09-17 15:00:00,숏,17,시작중간 · B얕음 · 끝중간,False,-0.038,-0.108,0.012
2023-09-18 02:00:00,롱,24,시작높음 · B중간 · 끝높음,True,0.03,-0.307,0.318
2023-09-18 18:00:00,숏,10,시작중간 · B깊음 · 끝낮음,False,-0.103,-0.869,-0.235
2023-09-19 08:00:00,롱,18,시작중간 · B얕음 · 끝높음,True,-0.299,-0.079,0.319
2023-09-19 21:00:00,숏,19,시작높음 · B깊음 · 끝낮음,True,0.053,-0.562,-0.361
2023-09-20 01:00:00,롱,9,시작낮음 · B얕음 · 끝높음,False,-0.483,-0.233,0.244
2023-09-20 02:00:00,숏,26,시작높음 · B얕음 · 끝중간,True,0.101,-0.297,0.087
2023-09-20 17:00:00,롱,10,시작중간 · B깊음 · 끝낮음,False,-0.197,-0.846,-0.319
2023-09-20 19:00:00,숏,18,시작중간 · B얕음 · 끝높음,False,-0.248,-0.16,0.35
2023-09-21 22:00:00,롱,19,시작높음 · B깊음 · 끝낮음,True,0.009,-0.787,-0.616
2023-09-24 05:00:00,숏,8,시작낮음 · B얕음 · 끝중간,False,-0.608,-0.126,0.055
2023-09-24 08:00:00,롱,26,시작높음 · B얕음 · 끝중간,False,0.047,-0.045,0.093
2023-09-24 19:00:00,숏,18,시작중간 · B얕음 · 끝높음,True,-0.009,-0.269,0.266
2023-09-25 13:00:00,롱,10,시작중간 · B깊음 · 끝낮음,True,-0.029,-0.616,-0.57
2023-09-26 10:00:00,숏,4,시작낮음 · B중간 · 끝낮음,False,-0.759,-0.476,-0.239
2023-09-27 00:00:00,롱,5,시작낮음 · B중간 · 끝중간,False,-0.432,-0.38,-0.035
2023-09-27 16:00:00,숏,11,시작중간 · B깊음 · 끝중간,False,-0.07,-0.745,-0.027
2023-09-28 00:00:00,롱,18,시작중간 · B얕음 · 끝높음,False,-0.096,-0.158,0.187
2023-09-29 02:00:00,숏,19,시작높음 · B깊음 · 끝낮음,False,0.08,-0.694,-0.425
2023-09-30 10:00:00,롱,5,시작낮음 · B중간 · 끝중간,True,-0.686,-0.32,-0.067
2023-09-30 12:00:00,숏,17,시작중간 · B얕음 · 끝중간,False,-0.226,-0.074,0.033
2023-09-30 13:00:00,롱,27,시작높음 · B얕음 · 끝높음,False,0.22,-0.204,0.408
2023-09-30 23:00:00,숏,10,시작중간 · B깊음 · 끝낮음,False,-0.065,-0.581,-0.209
2023-10-01 03:00:00,롱,9,시작낮음 · B얕음 · 끝높음,False,-0.5,-0.208,0.213
2023-10-01 16:00:00,숏,19,시작높음 · B깊음 · 끝낮음,False,0.049,-0.684,-0.247
2023-10-01 22:00:00,롱,18,시작중간 · B얕음 · 끝높음,False,-0.092,-0.06,0.626
2023-10-02 15:00:00,숏,19,시작높음 · B깊음 · 끝낮음,True,0.019,-0.763,-0.543
2023-10-03 22:00:00,롱,1,시작낮음 · B깊음 · 끝낮음,False,-0.785,-0.705,-0.619
2023-10-05 06:00:00,숏,4,시작낮음 · B중간 · 끝낮음,False,-0.727,-0.357,-0.205
2023-10-05 13:00:00,롱,18,시작중간 · B얕음 · 끝높음,True,-0.297,-0.083,0.378
2023-10-05 16:00:00,숏,24,시작높음 · B중간 · 끝높음,True,0.103,-0.326,0.365
2023-10-06 07:00:00,롱,26,시작높음 · B얕음 · 끝중간,False,0.226,-0.183,0.113
2023-10-06 12:00:00,숏,15,시작중간 · B중간 · 끝높음,False,-0.065,-0.457,0.395
2023-10-06 14:00:00,롱,2,시작낮음 · B깊음 · 끝중간,True,-0.407,-0.67,-0.141
2023-10-07 03:00:00,숏,10,시작중간 · B깊음 · 끝낮음,False,-0.185,-0.615,-0.327
2023-10-08 02:00:00,롱,9,시작낮음 · B얕음 · 끝높음,True,-0.435,-0.012,0.168
2023-10-08 04:00:00,숏,27,시작높음 · B얕음 · 끝높음,False,0.545,-0.168,0.341
2023-10-08 21:00:00,롱,10,시작중간 · B깊음 · 끝낮음,True,-0.133,-0.571,-0.346
2023-10-09 00:00:00,숏,9,시작낮음 · B얕음 · 끝높음,False,-0.412,-0.121,0.214
2023-10-09 01:00:00,롱,21,시작높음 · B깊음 · 끝높음,True,0.075,-0.552,0.231
2023-10-09 07:00:00,숏,2,시작낮음 · B깊음 · 끝중간,True,-0.433,-0.556,0.031
2023-10-09 19:00:00,롱,10,시작중간 · B깊음 · 끝낮음,False,-0.141,-0.802,-0.394
2023-10-10 12:00:00,숏,9,시작낮음 · B얕음 · 끝높음,False,-0.525,-0.203,0.219
2023-10-10 22:00:00,롱,23,시작높음 · B중간 · 끝중간,True,0.167,-0.342,-0.127
2023-10-11 02:00:00,숏,18,시작중간 · B얕음 · 끝높음,False,-0.154,-0.056,0.498
2023-10-11 10:00:00,롱,19,시작높음 · B깊음 · 끝낮음,True,0.017,-0.726,-0.309
2023-10-11 15:00:00,숏,18,시작중간 · B얕음 · 끝높음,False,-0.19,0.018,0.695
2023-10-11 23:00:00,롱,19,시작높음 · B깊음 · 끝낮음,False,0.199,-0.663,-0.269
2023-10-12 17:00:00,숏,9,시작낮음 · B얕음 · 끝높음,False,-0.542,-0.23,0.25
2023-10-12 19:00:00,롱,26,시작높음 · B얕음 · 끝중간,True,0.211,-0.278,0.087
2023-10-13 15:00:00,숏,23,시작높음 · B중간 · 끝중간,False,0.072,-0.49,-0.111
2023-10-13 16:00:00,롱,8,시작낮음 · B얕음 · 끝중간,True,-0.313,-0.146,0.126
2023-10-13 17:00:00,숏,1,시작낮음 · B깊음 · 끝낮음,False,-0.476,-0.718,-0.442
2023-10-13 20:00:00,롱,18,시작중간 · B얕음 · 끝높음,False,-0.22,-0.26,0.443
2023-10-14 07:00:00,숏,10,시작중간 · B깊음 · 끝낮음,True,-0.029,-0.581,-0.203
2023-10-14 15:00:00,롱,18,시작중간 · B얕음 · 끝높음,False,-0.193,0.017,0.192
2023-10-14 17:00:00,숏,23,시작높음 · B중간 · 끝중간,False,0.326,-0.37,-0.006
2023-10-15 06:00:00,롱,10,시작중간 · B깊음 · 끝낮음,False,-0.234,-0.733,-0.293
2023-10-15 11:00:00,숏,9,시작낮음 · B얕음 · 끝높음,True,-0.307,-0.29,0.189
2023-10-15 16:00:00,롱,15,시작중간 · B중간 · 끝높음,True,-0.096,-0.458,0.169
2023-10-17 00:00:00,숏,19,시작높음 · B깊음 · 끝낮음,True,0.006,-0.616,-0.363
2023-10-18 04:00:00,롱,8,시작낮음 · B얕음 · 끝중간,False,-0.422,-0.104,0.062
2023-10-18 08:00:00,숏,17,시작중간 · B얕음 · 끝중간,True,-0.026,-0.223,-0.051
2023-10-19 00:00:00,롱,23,시작높음 · B중간 · 끝중간,True,-0.0,-0.309,-0.122
2023-10-19 01:00:00,숏,9,시작낮음 · B얕음 · 끝높음,True,-0.392,-0.16,0.168
2023-10-19 06:00:00,롱,10,시작중간 · B깊음 · 끝낮음,False,-0.248,-0.778,-0.302
2023-10-20 16:00:00,숏,10,시작중간 · B깊음 · 끝낮음,False,-0.042,-0.774,-0.544
2023-10-21 15:00:00,롱,9,시작낮음 · B얕음 · 끝높음,False,-0.615,-0.086,0.185
2023-10-21 22:00:00,숏,26,시작높음 · B얕음 · 끝중간,False,0.328,-0.216,-0.103
2023-10-22 23:00:00,롱,17,시작중간 · B얕음 · 끝중간,True,-0.063,-0.296,0.018
2023-10-24 13:00:00,숏,19,시작높음 · B깊음 · 끝낮음,True,0.002,-0.567,-0.619
2023-10-25 14:00:00,롱,8,시작낮음 · B얕음 · 끝중간,False,-0.677,-0.188,0.03
2023-10-25 21:00:00,숏,23,시작높음 · B중간 · 끝중간,True,0.005,-0.31,-0.036
2023-10-27 04:00:00,롱,10,시작중간 · B깊음 · 끝낮음,False,-0.198,-0.631,-0.402
2023-10-27 16:00:00,숏,9,시작낮음 · B얕음 · 끝높음,False,-0.527,-0.119,0.234
2023-10-28 00:00:00,롱,23,시작높음 · B중간 · 끝중간,False,0.101,-0.383,-0.104
2023-10-28 23:00:00,숏,14,시작중간 · B중간 · 끝중간,True,-0.053,-0.394,-0.15
2023-10-29 08:00:00,롱,18,시작중간 · B얕음 · 끝높음,True,-0.282,-0.24,0.203
2023-10-30 01:00:00,숏,10,시작중간 · B깊음 · 끝낮음,True,-0.017,-0.636,-0.401
2023-10-30 11:00:00,롱,6,시작낮음 · B중간 · 끝높음,False,-0.51,-0.372,0.232
2023-10-30 17:00:00,숏,27,시작높음 · B얕음 · 끝높음,True,0.07,-0.288,0.267
2023-10-31 10:00:00,롱,23,시작높음 · B중간 · 끝중간,False,0.126,-0.396,-0.019
2023-10-31 13:00:00,숏,18,시작중간 · B얕음 · 끝높음,False,-0.057,-0.194,0.335
2023-10-31 16:00:00,롱,27,시작높음 · B얕음 · 끝높음,False,0.317,-0.129,0.301
2023-11-01 04:00:00,숏,10,시작중간 · B깊음 · 끝낮음,True,-0.06,-0.573,-0.273
2023-11-01 12:00:00,롱,18,시작중간 · B얕음 · 끝높음,False,-0.238,-0.137,0.539
2023-11-01 14:00:00,숏,24,시작높음 · B중간 · 끝높음,True,0.022,-0.367,0.214
2023-11-01 18:00:00,롱,14,시작중간 · B중간 · 끝중간,False,-0.148,-0.352,-0.017
2023-11-02 07:00:00,숏,10,시작중간 · B깊음 · 끝낮음,True,-0.026,-0.688,-0.379
2023-11-03 14:00:00,롱,1,시작낮음 · B깊음 · 끝낮음,True,-0.362,-0.57,-0.272
2023-11-04 15:00:00,숏,8,시작낮음 · B얕음 · 끝중간,False,-0.517,-0.261,-0.097
2023-11-04 18:00:00,롱,17,시작중간 · B얕음 · 끝중간,False,-0.215,-0.088,0.066
2023-11-04 19:00:00,숏,27,시작높음 · B얕음 · 끝높음,False,0.147,-0.086,0.203
2023-11-04 21:00:00,롱,17,시작중간 · B얕음 · 끝중간,True,-0.134,-0.277,0.044
2023-11-05 11:00:00,숏,10,시작중간 · B깊음 · 끝낮음,False,-0.036,-0.851,-0.558
2023-11-06 09:00:00,롱,5,시작낮음 · B중간 · 끝중간,False,-0.369,-0.497,0.006
2023-11-06 17:00:00,숏,14,시작중간 · B중간 · 끝중간,True,-0.173,-0.316,-0.018
2023-11-07 18:00:00,롱,15,시작중간 · B중간 · 끝높음,True,-0.013,-0.349,0.402
2023-11-08 06:00:00,숏,10,시작중간 · B깊음 · 끝낮음,True,-0.044,-0.554,-0.305
2023-11-08 18:00:00,롱,9,시작낮음 · B얕음 · 끝높음,True,-0.327,-0.127,0.315
2023-11-09 16:00:00,숏,19,시작높음 · B깊음 · 끝낮음,False,0.034,-0.855,-0.334
2023-11-10 12:00:00,롱,5,시작낮음 · B중간 · 끝중간,False,-0.622,-0.404,0.025
2023-11-11 01:00:00,숏,17,시작중간 · B얕음 · 끝중간,True,-0.018,-0.167,0.011
2023-11-12 06:00:00,롱,14,시작중간 · B중간 · 끝중간,True,-0.272,-0.498,-0.149
2023-11-12 12:00:00,숏,17,시작중간 · B얕음 · 끝중간,True,-0.219,-0.075,0.137
2023-11-12 13:00:00,롱,23,시작높음 · B중간 · 끝중간,False,0.114,-0.348,0.061
2023-11-12 23:00:00,숏,10,시작중간 · B깊음 · 끝낮음,True,-0.206,-0.624,-0.174
2023-11-13 01:00:00,롱,8,시작낮음 · B얕음 · 끝중간,False,-0.354,-0.266,0.071
2023-11-13 03:00:00,숏,15,시작중간 · B중간 · 끝높음,False,-0.149,-0.462,0.308
2023-11-14 05:00:00,롱,10,시작중간 · B깊음 · 끝낮음,True,-0.011,-0.723,-0.414
2023-11-14 12:00:00,숏,9,시작낮음 · B얕음 · 끝높음,True,-0.635,-0.242,0.157
2023-11-14 13:00:00,롱,27,시작높음 · B얕음 · 끝높음,False,0.435,0.139,0.415
2023-11-14 15:00:00,숏,27,시작높음 · B얕음 · 끝높음,False,0.111,-0.226,0.199
2023-11-15 05:00:00,롱,10,시작중간 · B깊음 · 끝낮음,False,-0.083,-0.681,-0.458
2023-11-16 06:00:00,숏,10,시작중간 · B깊음 · 끝낮음,True,-0.279,-0.66,-0.576
2023-11-17 03:00:00,롱,1,시작낮음 · B깊음 · 끝낮음,False,-0.751,-0.658,-0.387
2023-11-17 15:00:00,숏,9,시작낮음 · B얕음 · 끝높음,False,-0.472,-0.062,0.194
2023-11-17 17:00:00,롱,27,시작높음 · B얕음 · 끝높음,False,0.414,-0.07,0.466
2023-11-18 06:00:00,숏,22,시작높음 · B중간 · 끝낮음,True,0.028,-0.436,-0.273
2023-11-18 07:00:00,롱,26,시작높음 · B얕음 · 끝중간,False,0.092,-0.053,0.084
2023-11-19 00:00:00,숏,10,시작중간 · B깊음 · 끝낮음,False,-0.122,-0.789,-0.309
2023-11-19 07:00:00,롱,8,시작낮음 · B얕음 · 끝중간,False,-0.521,-0.222,0.064
2023-11-19 11:00:00,숏,27,시작높음 · B얕음 · 끝높음,False,0.172,-0.221,0.438
2023-11-19 18:00:00,롱,27,시작높음 · B얕음 · 끝높음,False,0.095,-0.215,0.536
2023-11-20 08:00:00,숏,19,시작높음 · B깊음 · 끝낮음,False,0.065,-0.756,-0.461
2023-11-20 15:00:00,롱,6,시작낮음 · B중간 · 끝높음,False,-0.644,-0.381,0.218
2023-11-20 16:00:00,숏,27,시작높음 · B얕음 · 끝높음,True,0.184,-0.197,0.175
2023-11-20 17:00:00,롱,14,시작중간 · B중간 · 끝중간,True,-0.146,-0.427,0.126
2023-11-20 22:00:00,숏,4,시작낮음 · B중간 · 끝낮음,False,-0.367,-0.445,-0.18
2023-11-22 07:00:00,롱,10,시작중간 · B깊음 · 끝낮음,False,-0.092,-0.691,-0.442
2023-11-23 11:00:00,숏,1,시작낮음 · B깊음 · 끝낮음,True,-0.41,-0.564,-0.376
2023-11-24 05:00:00,롱,5,시작낮음 · B중간 · 끝중간,True,-0.553,-0.321,-0.035
2023-11-24 21:00:00,숏,10,시작중간 · B깊음 · 끝낮음,False,-0.064,-0.601,-0.311
2023-11-26 21:00:00,롱,4,시작낮음 · B중간 · 끝낮음,True,-0.374,-0.41,-0.151
2023-11-27 02:00:00,숏,18,시작중간 · B얕음 · 끝높음,True,-0.297,-0.159,0.341
2023-11-27 21:00:00,롱,19,시작높음 · B깊음 · 끝낮음,False,0.086,-0.622,-0.427
2023-11-29 04:00:00,숏,1,시작낮음 · B깊음 · 끝낮음,False,-0.377,-0.879,-0.662
2023-11-29 06:00:00,롱,8,시작낮음 · B얕음 · 끝중간,True,-0.696,-0.029,0.14
2023-11-29 10:00:00,숏,26,시작높음 · B얕음 · 끝중간,False,0.157,-0.214,0.074
2023-11-30 04:00:00,롱,10,시작중간 · B깊음 · 끝낮음,True,-0.271,-0.619,-0.298
2023-11-30 06:00:00,숏,18,시작중간 · B얕음 · 끝높음,False,-0.222,-0.023,0.238
2023-11-30 21:00:00,롱,22,시작높음 · B중간 · 끝낮음,False,0.213,-0.44,-0.213
2023-11-30 22:00:00,숏,17,시작중간 · B얕음 · 끝중간,True,-0.271,-0.13,0.061
2023-11-30 23:00:00,롱,14,시작중간 · B중간 · 끝중간,False,-0.072,-0.45,-0.057
2023-12-01 00:00:00,숏,17,시작중간 · B얕음 · 끝중간,False,-0.249,0.022,0.067
2023-12-01 01:00:00,롱,18,시작중간 · B얕음 · 끝높음,False,-0.228,-0.212,0.571
2023-12-01 23:00:00,숏,10,시작중간 · B깊음 · 끝낮음,True,-0.007,-0.796,-0.708
2023-12-02 19:00:00,롱,9,시작낮음 · B얕음 · 끝높음,False,-0.472,-0.024,0.324
2023-12-03 05:00:00,숏,22,시작높음 · B중간 · 끝낮음,False,0.12,-0.456,-0.438
2023-12-03 22:00:00,롱,18,시작중간 · B얕음 · 끝높음,False,-0.269,-0.011,0.474
2023-12-04 15:00:00,숏,19,시작높음 · B깊음 · 끝낮음,False,0.132,-0.83,-0.539
2023-12-05 16:00:00,롱,9,시작낮음 · B얕음 · 끝높음,False,-0.597,-0.146,0.34
2023-12-06 04:00:00,숏,19,시작높음 · B깊음 · 끝낮음,False,0.193,-0.628,-0.427
2023-12-08 02:00:00,롱,8,시작낮음 · B얕음 · 끝중간,True,-0.662,-0.278,-0.094
2023-12-08 08:00:00,숏,17,시작중간 · B얕음 · 끝중간,True,-0.282,-0.073,0.13
2023-12-08 11:00:00,롱,27,시작높음 · B얕음 · 끝높음,False,0.311,0.043,0.637
2023-12-09 07:00:00,숏,19,시작높음 · B깊음 · 끝낮음,False,0.092,-0.73,-0.501
2023-12-10 07:00:00,롱,4,시작낮음 · B중간 · 끝낮음,True,-0.577,-0.42,-0.169
2023-12-10 08:00:00,숏,8,시작낮음 · B얕음 · 끝중간,True,-0.326,-0.086,0.132
2023-12-10 14:00:00,롱,10,시작중간 · B깊음 · 끝낮음,False,-0.106,-0.825,-0.279
2023-12-11 00:00:00,숏,15,시작중간 · B중간 · 끝높음,True,-0.275,-0.401,0.396
2023-12-12 00:00:00,롱,22,시작높음 · B중간 · 끝낮음,True,0.013,-0.524,-0.525
2023-12-12 17:00:00,숏,9,시작낮음 · B얕음 · 끝높음,True,-0.697,-0.209,0.151
2023-12-12 23:00:00,롱,14,시작중간 · B중간 · 끝중간,False,-0.077,-0.331,0.103
2023-12-13 02:00:00,숏,18,시작중간 · B얕음 · 끝높음,True,-0.023,-0.267,0.218
2023-12-13 07:00:00,롱,26,시작높음 · B얕음 · 끝중간,False,0.225,-0.143,0.087
2023-12-14 08:00:00,숏,10,시작중간 · B깊음 · 끝낮음,False,-0.09,-0.815,-0.613
2023-12-16 03:00:00,롱,4,시작낮음 · B중간 · 끝낮음,False,-0.712,-0.342,-0.208
2023-12-16 22:00:00,숏,8,시작낮음 · B얕음 · 끝중간,True,-0.319,-0.233,-0.069
2023-12-17 16:00:00,롱,14,시작중간 · B중간 · 끝중간,True,-0.108,-0.495,-0.134
2023-12-17 23:00:00,숏,6,시작낮음 · B중간 · 끝높음,False,-0.384,-0.505,0.362
2023-12-18 13:00:00,롱,22,시작높음 · B중간 · 끝낮음,True,0.047,-0.547,-0.182
2023-12-19 12:00:00,숏,10,시작중간 · B깊음 · 끝낮음,True,-0.271,-0.778,-0.684
2023-12-20 05:00:00,롱,5,시작낮음 · B중간 · 끝중간,False,-0.774,-0.433,-0.103
2023-12-20 22:00:00,숏,10,시작중간 · B깊음 · 끝낮음,False,-0.071,-0.594,-0.32
2023-12-21 12:00:00,롱,9,시작낮음 · B얕음 · 끝높음,False,-0.424,-0.1,0.333
2023-12-21 14:00:00,숏,27,시작높음 · B얕음 · 끝높음,False,0.434,-0.229,0.449
2023-12-22 01:00:00,롱,11,시작중간 · B깊음 · 끝중간,False,-0.204,-0.747,-0.029
2023-12-22 06:00:00,숏,14,시작중간 · B중간 · 끝중간,True,-0.234,-0.524,-0.043
2023-12-22 23:00:00,롱,11,시작중간 · B깊음 · 끝중간,True,-0.196,-0.688,-0.15
2023-12-23 02:00:00,숏,9,시작낮음 · B얕음 · 끝높음,True,-0.301,-0.222,0.289
2023-12-23 12:00:00,롱,23,시작높음 · B중간 · 끝중간,False,0.204,-0.339,0.09
2023-12-24 05:00:00,숏,14,시작중간 · B중간 · 끝중간,True,-0.072,-0.53,0.055
2023-12-24 14:00:00,롱,5,시작낮음 · B중간 · 끝중간,True,-0.423,-0.529,-0.13
2023-12-24 17:00:00,숏,18,시작중간 · B얕음 · 끝높음,False,-0.077,-0.208,0.283
2023-12-25 07:00:00,롱,19,시작높음 · B깊음 · 끝낮음,True,0.077,-0.556,-0.333
2023-12-26 03:00:00,숏,4,시작낮음 · B중간 · 끝낮음,True,-0.325,-0.384,-0.16
2023-12-26 23:00:00,롱,10,시작중간 · B깊음 · 끝낮음,False,-0.097,-0.725,-0.408
2023-12-28 05:00:00,숏,1,시작낮음 · B깊음 · 끝낮음,False,-0.441,-0.587,-0.344
2023-12-29 03:00:00,롱,1,시작낮음 · B깊음 · 끝낮음,True,-0.469,-0.566,-0.358
2023-12-29 16:00:00,숏,9,시작낮음 · B얕음 · 끝높음,True,-0.494,-0.289,0.393
2023-12-30 05:00:00,롱,26,시작높음 · B얕음 · 끝중간,True,0.151,-0.299,-0.075
2023-12-30 08:00:00,숏,18,시작중간 · B얕음 · 끝높음,False,-0.251,-0.101,0.38
2023-12-30 11:00:00,롱,20,시작높음 · B깊음 · 끝중간,False,0.193,-0.623,-0.09
2023-12-31 03:00:00,숏,10,시작중간 · B깊음 · 끝낮음,False,-0.123,-0.7,-0.346
2023-12-31 04:00:00,롱,18,시작중간 · B얕음 · 끝높음,True,-0.269,-0.046,0.163
2023-12-31 05:00:00,숏,26,시작높음 · B얕음 · 끝중간,True,0.232,-0.274,-0.065
2023-12-31 06:00:00,롱,9,시작낮음 · B얕음 · 끝높음,True,-0.399,-0.151,0.178
2023-12-31 21:00:00,숏,10,시작중간 · B깊음 · 끝낮음,True,-0.023,-0.752,-0.451
2024-01-01 09:00:00,롱,8,시작낮음 · B얕음 · 끝중간,True,-0.424,-0.299,0.114
2024-01-02 12:00:00,숏,10,시작중간 · B깊음 · 끝낮음,True,-0.008,-0.826,-0.719
2024-01-04 01:00:00,롱,1,시작낮음 · B깊음 · 끝낮음,False,-0.503,-0.619,-0.482
2024-01-05 02:00:00,숏,8,시작낮음 · B얕음 · 끝중간,True,-0.461,-0.279,-0.108
2024-01-05 09:00:00,롱,18,시작중간 · B얕음 · 끝높음,False,-0.174,-0.032,0.289
2024-01-05 10:00:00,숏,27,시작높음 · B얕음 · 끝높음,False,0.298,-0.109,0.238
2024-01-05 21:00:00,롱,14,시작중간 · B중간 · 끝중간,True,-0.009,-0.366,-0.144
2024-01-06 05:00:00,숏,18,시작중간 · B얕음 · 끝높음,True,-0.081,-0.167,0.174
2024-01-06 15:00:00,롱,17,시작중간 · B얕음 · 끝중간,True,-0.073,-0.299,0.012
2024-01-07 10:00:00,숏,13,시작중간 · B중간 · 끝낮음,True,-0.02,-0.457,-0.152
2024-01-07 11:00:00,롱,18,시작중간 · B얕음 · 끝높음,True,-0.153,0.007,0.178
2024-01-07 16:00:00,숏,20,시작높음 · B깊음 · 끝중간,False,0.03,-0.719,0.076
2024-01-07 19:00:00,롱,18,시작중간 · B얕음 · 끝높음,False,-0.074,-0.231,0.217
2024-01-07 20:00:00,숏,26,시작높음 · B얕음 · 끝중간,False,0.044,-0.2,-0.029
2024-01-07 21:00:00,롱,5,시작낮음 · B중간 · 끝중간,True,-0.685,-0.309,-0.025
2024-01-07 22:00:00,숏,18,시작중간 · B얕음 · 끝높음,False,-0.223,-0.247,0.512
2024-01-08 10:00:00,롱,11,시작중간 · B깊음 · 끝중간,False,-0.052,-0.717,-0.11
2024-01-09 05:00:00,숏,10,시작중간 · B깊음 · 끝낮음,False,-0.11,-0.816,-0.72
2024-01-10 17:00:00,롱,5,시작낮음 · B중간 · 끝중간,False,-0.706,-0.48,-0.091
2024-01-11 06:00:00,숏,1,시작낮음 · B깊음 · 끝낮음,True,-0.391,-0.614,-0.151
2024-01-11 10:00:00,롱,18,시작중간 · B얕음 · 끝높음,False,-0.255,-0.114,0.266
2024-01-11 17:00:00,숏,20,시작높음 · B깊음 · 끝중간,False,0.063,-0.692,-0.086
2024-01-13 06:00:00,롱,22,시작높음 · B중간 · 끝낮음,True,0.025,-0.524,-0.372
2024-01-14 20:00:00,숏,8,시작낮음 · B얕음 · 끝중간,False,-0.543,-0.026,0.106
2024-01-15 04:00:00,롱,20,시작높음 · B깊음 · 끝중간,True,0.268,-0.573,-0.035
2024-01-15 15:00:00,숏,27,시작높음 · B얕음 · 끝높음,True,0.086,-0.274,0.231
2024-01-15 17:00:00,롱,27,시작높음 · B얕음 · 끝높음,False,0.475,0.093,0.607
2024-01-16 00:00:00,숏,20,시작높음 · B깊음 · 끝중간,False,0.196,-0.663,-0.057
2024-01-16 03:00:00,롱,27,시작높음 · B얕음 · 끝높음,False,0.08,-0.017,0.385
2024-01-16 14:00:00,숏,23,시작높음 · B중간 · 끝중간,False,0.153,-0.395,0.009
2024-01-16 15:00:00,롱,15,시작중간 · B중간 · 끝높음,True,-0.069,-0.525,0.337
2024-01-17 01:00:00,숏,13,시작중간 · B중간 · 끝낮음,True,-0.1,-0.507,-0.175
2024-01-17 21:00:00,롱,4,시작낮음 · B중간 · 끝낮음,True,-0.367,-0.55,-0.286
2024-01-18 11:00:00,숏,9,시작낮음 · B얕음 · 끝높음,False,-0.33,-0.147,0.184
2024-01-19 06:00:00,롱,19,시작높음 · B깊음 · 끝낮음,False,0.071,-0.718,-0.439
2024-01-19 16:00:00,숏,9,시작낮음 · B얕음 · 끝높음,False,-0.505,-0.12,0.317
2024-01-19 17:00:00,롱,27,시작높음 · B얕음 · 끝높음,True,0.257,-0.27,0.273
2024-01-20 14:00:00,숏,10,시작중간 · B깊음 · 끝낮음,True,-0.277,-0.907,-0.583
2024-01-20 19:00:00,롱,8,시작낮음 · B얕음 · 끝중간,False,-0.633,-0.065,0.004
2024-01-21 05:00:00,숏,20,시작높음 · B깊음 · 끝중간,False,0.033,-0.633,-0.072
2024-01-21 10:00:00,롱,15,시작중간 · B중간 · 끝높음,True,-0.165,-0.308,0.34
2024-01-21 16:00:00,숏,27,시작높음 · B얕음 · 끝높음,False,0.131,-0.243,0.402
2024-01-23 04:00:00,롱,19,시작높음 · B깊음 · 끝낮음,False,0.031,-0.747,-0.634
2024-01-23 09:00:00,숏,9,시작낮음 · B얕음 · 끝높음,False,-0.565,-0.055,0.356
2024-01-23 16:00:00,롱,23,시작높음 · B중간 · 끝중간,False,0.359,-0.495,-0.088
2024-01-24 18:00:00,숏,10,시작중간 · B깊음 · 끝낮음,False,-0.075,-0.636,-0.275
2024-01-25 00:00:00,롱,8,시작낮음 · B얕음 · 끝중간,True,-0.644,-0.292,0.016
2024-01-25 01:00:00,숏,17,시작중간 · B얕음 · 끝중간,True,-0.049,-0.078,0.149
2024-01-25 07:00:00,롱,11,시작중간 · B깊음 · 끝중간,False,-0.24,-0.883,-0.099
2024-01-25 12:00:00,숏,15,시작중간 · B중간 · 끝높음,False,-0.185,-0.447,0.319
2024-01-26 02:00:00,롱,11,시작중간 · B깊음 · 끝중간,False,-0.205,-0.743,-0.058
2024-01-27 01:00:00,숏,10,시작중간 · B깊음 · 끝낮음,False,-0.11,-0.841,-0.697
2024-01-27 22:00:00,롱,8,시작낮음 · B얕음 · 끝중간,True,-0.767,-0.124,0.148
2024-01-28 00:00:00,숏,27,시작높음 · B얕음 · 끝높음,False,0.393,-0.035,0.187
2024-01-28 03:00:00,롱,24,시작높음 · B중간 · 끝높음,False,0.124,-0.518,0.342
2024-01-28 12:00:00,숏,10,시작중간 · B깊음 · 끝낮음,True,-0.024,-0.754,-0.352
2024-01-29 04:00:00,롱,10,시작중간 · B깊음 · 끝낮음,True,-0.292,-0.56,-0.205
2024-01-29 07:00:00,숏,18,시작중간 · B얕음 · 끝높음,False,-0.09,-0.022,0.276
2024-01-29 09:00:00,롱,24,시작높음 · B중간 · 끝높음,False,0.33,-0.446,0.341
2024-01-29 13:00:00,숏,15,시작중간 · B중간 · 끝높음,False,-0.145,-0.52,0.26
2024-01-29 15:00:00,롱,27,시작높음 · B얕음 · 끝높음,True,0.028,-0.298,0.63
2024-01-30 07:00:00,숏,10,시작중간 · B깊음 · 끝낮음,False,-0.071,-0.883,-0.705
2024-01-31 15:00:00,롱,5,시작낮음 · B중간 · 끝중간,False,-0.723,-0.457,0.0
2024-01-31 21:00:00,숏,6,시작낮음 · B중간 · 끝높음,True,-0.306,-0.513,0.235
2024-02-01 12:00:00,롱,22,시작높음 · B중간 · 끝낮음,False,0.16,-0.33,-0.205
2024-02-02 09:00:00,숏,1,시작낮음 · B깊음 · 끝낮음,True,-0.317,-0.838,-0.573
2024-02-03 00:00:00,롱,8,시작낮음 · B얕음 · 끝중간,True,-0.6,-0.251,0.131
2024-02-03 06:00:00,숏,26,시작높음 · B얕음 · 끝중간,False,0.202,-0.161,0.109
2024-02-03 17:00:00,롱,14,시작중간 · B중간 · 끝중간,True,-0.013,-0.384,0.114
2024-02-03 18:00:00,숏,14,시작중간 · B중간 · 끝중간,False,-0.158,-0.417,0.055
2024-02-04 11:00:00,롱,10,시작중간 · B깊음 · 끝낮음,False,-0.227,-0.771,-0.319
2024-02-04 18:00:00,숏,9,시작낮음 · B얕음 · 끝높음,False,-0.532,-0.242,0.297
2024-02-05 05:00:00,롱,23,시작높음 · B중간 · 끝중간,True,0.06,-0.5,-0.125
2024-02-05 16:00:00,숏,14,시작중간 · B중간 · 끝중간,True,-0.12,-0.521,0.008
2024-02-06 03:00:00,롱,27,시작높음 · B얕음 · 끝높음,True,0.065,-0.181,0.17
2024-02-07 01:00:00,숏,22,시작높음 · B중간 · 끝낮음,False,0.172,-0.463,-0.184
2024-02-07 13:00:00,롱,14,시작중간 · B중간 · 끝중간,False,-0.239,-0.357,0.062
2024-02-07 14:00:00,숏,17,시작중간 · B얕음 · 끝중간,False,-0.053,-0.001,0.108
2024-02-07 15:00:00,롱,13,시작중간 · B중간 · 끝낮음,True,-0.202,-0.415,-0.179
2024-02-08 11:00:00,숏,10,시작중간 · B깊음 · 끝낮음,False,-0.075,-0.875,-0.837
2024-02-08 14:00:00,롱,8,시작낮음 · B얕음 · 끝중간,False,-0.755,-0.067,0.104
2024-02-08 22:00:00,숏,22,시작높음 · B중간 · 끝낮음,False,0.152,-0.491,-0.268
2024-02-09 02:00:00,롱,18,시작중간 · B얕음 · 끝높음,False,-0.165,-0.036,0.638
2024-02-09 21:00:00,숏,19,시작높음 · B깊음 · 끝낮음,False,0.038,-0.853,-0.66
2024-02-10 20:00:00,롱,8,시작낮음 · B얕음 · 끝중간,True,-0.715,-0.205,0.134
2024-02-11 10:00:00,숏,13,시작중간 · B중간 · 끝낮음,True,-0.009,-0.51,-0.363
2024-02-11 11:00:00,롱,9,시작낮음 · B얕음 · 끝높음,False,-0.56,-0.091,0.237
2024-02-11 13:00:00,숏,24,시작높음 · B중간 · 끝높음,True,0.008,-0.517,0.158
2024-02-12 14:00:00,롱,15,시작중간 · B중간 · 끝높음,True,-0.065,-0.318,0.447
2024-02-13 04:00:00,숏,10,시작중간 · B깊음 · 끝낮음,False,-0.133,-0.854,-0.722
2024-02-14 00:00:00,롱,5,시작낮음 · B중간 · 끝중간,True,-0.732,-0.528,-0.125
2024-02-14 22:00:00,숏,13,시작중간 · B중간 · 끝낮음,True,-0.044,-0.55,-0.554
2024-02-15 00:00:00,롱,9,시작낮음 · B얕음 · 끝높음,True,-0.619,-0.016,0.178
2024-02-15 01:00:00,숏,20,시작높음 · B깊음 · 끝중간,False,0.073,-0.68,-0.118
2024-02-16 11:00:00,롱,2,시작낮음 · B깊음 · 끝중간,True,-0.304,-0.645,-0.071
2024-02-16 15:00:00,숏,27,시작높음 · B얕음 · 끝높음,False,0.079,0.012,0.267
2024-02-17 21:00:00,롱,20,시작높음 · B깊음 · 끝중간,False,0.192,-0.623,-0.056
2024-02-19 13:00:00,숏,13,시작중간 · B중간 · 끝낮음,False,-0.154,-0.509,-0.334
2024-02-20 07:00:00,롱,1,시작낮음 · B깊음 · 끝낮음,False,-0.6,-0.61,-0.312
2024-02-20 09:00:00,숏,9,시작낮음 · B얕음 · 끝높음,True,-0.324,-0.005,0.196
2024-02-20 10:00:00,롱,27,시작높음 · B얕음 · 끝높음,False,0.311,-0.15,0.592
2024-02-20 16:00:00,숏,12,시작중간 · B깊음 · 끝높음,False,-0.036,-0.654,0.204
2024-02-20 21:00:00,롱,23,시작높음 · B중간 · 끝중간,True,0.068,-0.369,0.137
2024-02-21 05:00:00,숏,26,시작높음 · B얕음 · 끝중간,False,0.19,-0.247,0.089
2024-02-21 21:00:00,롱,13,시작중간 · B중간 · 끝낮음,True,-0.006,-0.521,-0.266
2024-02-22 13:00:00,숏,2,시작낮음 · B깊음 · 끝중간,True,-0.644,-0.647,-0.128
2024-02-22 18:00:00,롱,6,시작낮음 · B중간 · 끝높음,True,-0.468,-0.513,0.174
2024-02-22 23:00:00,숏,27,시작높음 · B얕음 · 끝높음,False,0.156,-0.149,0.346
2024-02-23 17:00:00,롱,22,시작높음 · B중간 · 끝낮음,False,0.149,-0.498,-0.213
2024-02-23 22:00:00,숏,9,시작낮음 · B얕음 · 끝높음,False,-0.361,-0.095,0.282
2024-02-24 04:00:00,롱,23,시작높음 · B중간 · 끝중간,False,0.15,-0.392,-0.009
2024-02-25 09:00:00,숏,10,시작중간 · B깊음 · 끝낮음,False,-0.102,-0.702,-0.571
2024-02-26 14:00:00,롱,2,시작낮음 · B깊음 · 끝중간,True,-0.645,-0.561,0.084
2024-02-27 14:00:00,숏,10,시작중간 · B깊음 · 끝낮음,False,-0.056,-0.833,-0.862
2024-02-28 08:00:00,롱,9,시작낮음 · B얕음 · 끝높음,False,-0.698,-0.076,0.283
2024-02-28 21:00:00,숏,19,시작높음 · B깊음 · 끝낮음,False,0.175,-0.605,-0.276
2024-02-28 23:00:00,롱,18,시작중간 · B얕음 · 끝높음,True,-0.28,-0.093,0.323
2024-02-29 00:00:00,숏,23,시작높음 · B중간 · 끝중간,False,0.39,-0.422,-0.037
2024-02-29 06:00:00,롱,6,시작낮음 · B중간 · 끝높음,False,-0.334,-0.445,0.218
2024-02-29 08:00:00,숏,23,시작높음 · B중간 · 끝중간,True,0.147,-0.327,-0.09
2024-03-01 09:00:00,롱,19,시작높음 · B깊음 · 끝낮음,True,0.063,-0.631,-0.172
2024-03-01 15:00:00,숏,18,시작중간 · B얕음 · 끝높음,True,-0.293,-0.201,0.2
2024-03-01 18:00:00,롱,24,시작높음 · B중간 · 끝높음,False,0.047,-0.425,0.231
2024-03-02 02:00:00,숏,14,시작중간 · B중간 · 끝중간,False,-0.055,-0.464,-0.092
2024-03-03 04:00:00,롱,17,시작중간 · B얕음 · 끝중간,False,-0.047,-0.229,0.013
2024-03-03 07:00:00,숏,18,시작중간 · B얕음 · 끝높음,True,-0.018,-0.11,0.301
2024-03-03 12:00:00,롱,27,시작높음 · B얕음 · 끝높음,False,0.073,-0.227,0.235
2024-03-05 04:00:00,숏,10,시작중간 · B깊음 · 끝낮음,True,-0.005,-0.918,-0.736
2024-03-06 05:00:00,롱,1,시작낮음 · B깊음 · 끝낮음,True,-0.609,-0.656,-0.166
2024-03-06 22:00:00,숏,8,시작낮음 · B얕음 · 끝중간,True,-0.37,-0.288,-0.126
2024-03-07 10:00:00,롱,8,시작낮음 · B얕음 · 끝중간,True,-0.576,-0.182,0.142
2024-03-07 23:00:00,숏,23,시작높음 · B중간 · 끝중간,False,0.141,-0.441,-0.033
2024-03-08 11:00:00,롱,18,시작중간 · B얕음 · 끝높음,False,-0.254,-0.146,0.415
2024-03-09 00:00:00,숏,25,시작높음 · B얕음 · 끝낮음,True,0.072,-0.266,-0.176
2024-03-10 01:00:00,롱,18,시작중간 · B얕음 · 끝높음,False,-0.18,-0.048,0.208
2024-03-10 14:00:00,숏,19,시작높음 · B깊음 · 끝낮음,False,0.125,-0.75,-0.437
2024-03-11 07:00:00,롱,15,시작중간 · B중간 · 끝높음,True,-0.152,-0.318,0.394
2024-03-11 23:00:00,숏,13,시작중간 · B중간 · 끝낮음,True,-0.001,-0.537,-0.457
2024-03-13 02:00:00,롱,2,시작낮음 · B깊음 · 끝중간,False,-0.555,-0.618,-0.099
2024-03-13 14:00:00,숏,17,시작중간 · B얕음 · 끝중간,True,-0.078,-0.294,-0.067
2024-03-13 18:00:00,롱,18,시작중간 · B얕음 · 끝높음,False,-0.152,0.153,0.45
2024-03-13 22:00:00,숏,23,시작높음 · B중간 · 끝중간,False,0.205,-0.42,-0.08
2024-03-15 00:00:00,롱,10,시작중간 · B깊음 · 끝낮음,False,-0.077,-0.796,-0.249
2024-03-15 02:00:00,숏,18,시작중간 · B얕음 · 끝높음,True,-0.281,-0.168,0.387
2024-03-15 14:00:00,롱,10,시작중간 · B깊음 · 끝낮음,True,-0.017,-0.797,-0.438
2024-03-16 11:00:00,숏,8,시작낮음 · B얕음 · 끝중간,True,-0.516,-0.289,0.033
2024-03-17 05:00:00,롱,10,시작중간 · B깊음 · 끝낮음,True,-0.027,-0.564,-0.365
2024-03-17 06:00:00,숏,9,시작낮음 · B얕음 · 끝높음,False,-0.56,-0.023,0.36
2024-03-17 08:00:00,롱,20,시작높음 · B깊음 · 끝중간,True,0.064,-0.575,0.132
2024-03-18 09:00:00,숏,10,시작중간 · B깊음 · 끝낮음,False,-0.155,-0.733,-0.494
2024-03-19 16:00:00,롱,1,시작낮음 · B깊음 · 끝낮음,False,-0.367,-0.842,-0.462
2024-03-19 23:00:00,숏,9,시작낮음 · B얕음 · 끝높음,False,-0.546,-0.208,0.297
2024-03-20 07:00:00,롱,26,시작높음 · B얕음 · 끝중간,True,0.306,-0.289,0.064
2024-03-21 07:00:00,숏,10,시작중간 · B깊음 · 끝낮음,False,-0.059,-0.836,-0.693
2024-03-22 05:00:00,롱,5,시작낮음 · B중간 · 끝중간,False,-0.775,-0.347,-0.081
2024-03-22 09:00:00,숏,18,시작중간 · B얕음 · 끝높음,False,-0.251,-0.148,0.2
2024-03-23 00:00:00,롱,19,시작높음 · B깊음 · 끝낮음,False,0.073,-0.759,-0.497
2024-03-23 23:00:00,숏,5,시작낮음 · B중간 · 끝중간,True,-0.557,-0.547,-0.045
2024-03-24 08:00:00,롱,9,시작낮음 · B얕음 · 끝높음,True,-0.338,-0.23,0.163
2024-03-25 08:00:00,숏,10,시작중간 · B깊음 · 끝낮음,False,-0.044,-0.77,-0.589
2024-03-25 14:00:00,롱,9,시작낮음 · B얕음 · 끝높음,False,-0.442,-0.011,0.51
2024-03-26 00:00:00,숏,19,시작높음 · B깊음 · 끝낮음,False,0.247,-0.633,-0.422
2024-03-28 00:00:00,롱,8,시작낮음 · B얕음 · 끝중간,False,-0.453,-0.145,-0.034
2024-03-28 20:00:00,숏,10,시작중간 · B깊음 · 끝낮음,False,-0.069,-0.586,-0.339
2024-03-29 23:00:00,롱,4,시작낮음 · B중간 · 끝낮음,True,-0.482,-0.541,-0.361
2024-03-30 19:00:00,숏,8,시작낮음 · B얕음 · 끝중간,False,-0.47,-0.21,-0.042
2024-03-31 02:00:00,롱,14,시작중간 · B중간 · 끝중간,False,-0.194,-0.465,0.102
2024-04-01 03:00:00,숏,19,시작높음 · B깊음 · 끝낮음,False,0.11,-0.66,-0.288
2024-04-01 20:00:00,롱,10,시작중간 · B깊음 · 끝낮음,False,-0.261,-0.724,-0.33
2024-04-02 02:00:00,숏,18,시작중간 · B얕음 · 끝높음,False,-0.231,-0.025,0.497
2024-04-02 18:00:00,롱,19,시작높음 · B깊음 · 끝낮음,False,0.043,-0.849,-0.652
2024-04-04 03:00:00,숏,8,시작낮음 · B얕음 · 끝중간,False,-0.731,-0.227,0.001
2024-04-04 07:00:00,롱,17,시작중간 · B얕음 · 끝중간,True,-0.099,-0.235,0.13
2024-04-05 02:00:00,숏,19,시작높음 · B깊음 · 끝낮음,True,0.017,-0.759,-0.425
2024-04-05 15:00:00,롱,5,시작낮음 · B중간 · 끝중간,False,-0.671,-0.519,0.013
2024-04-05 19:00:00,숏,27,시작높음 · B얕음 · 끝높음,False,0.047,0.009,0.287
2024-04-05 23:00:00,롱,27,시작높음 · B얕음 · 끝높음,True,0.278,-0.211,0.164
2024-04-06 02:00:00,숏,14,시작중간 · B중간 · 끝중간,False,-0.247,-0.369,0.072
2024-04-06 03:00:00,롱,24,시작높음 · B중간 · 끝높음,True,0.073,-0.311,0.157
2024-04-06 04:00:00,숏,1,시작낮음 · B깊음 · 끝낮음,False,-0.348,-0.584,-0.375
2024-04-06 05:00:00,롱,18,시작중간 · B얕음 · 끝높음,False,-0.139,-0.255,0.361
2024-04-06 10:00:00,숏,13,시작중간 · B중간 · 끝낮음,True,-0.036,-0.524,-0.171
2024-04-06 16:00:00,롱,18,시작중간 · B얕음 · 끝높음,False,-0.037,-0.238,0.407
2024-04-07 10:00:00,숏,19,시작높음 · B깊음 · 끝낮음,False,0.127,-0.6,-0.539
2024-04-07 16:00:00,롱,9,시작낮음 · B얕음 · 끝높음,False,-0.493,-0.03,0.325
2024-04-07 18:00:00,숏,23,시작높음 · B중간 · 끝중간,True,0.263,-0.543,0.126
2024-04-08 07:00:00,롱,15,시작중간 · B중간 · 끝높음,False,-0.115,-0.414,0.441
2024-04-08 19:00:00,숏,19,시작높음 · B깊음 · 끝낮음,False,0.034,-0.741,-0.505
2024-04-10 01:00:00,롱,1,시작낮음 · B깊음 · 끝낮음,False,-0.432,-0.755,-0.566
2024-04-10 02:00:00,숏,8,시작낮음 · B얕음 · 끝중간,True,-0.727,-0.096,0.127
2024-04-10 03:00:00,롱,14,시작중간 · B중간 · 끝중간,True,-0.263,-0.544,-0.114
2024-04-10 12:00:00,숏,6,시작낮음 · B중간 · 끝높음,False,-0.407,-0.37,0.322
2024-04-10 16:00:00,롱,15,시작중간 · B중간 · 끝높음,False,-0.121,-0.428,0.223
2024-04-11 11:00:00,숏,10,시작중간 · B깊음 · 끝낮음,False,-0.086,-0.665,-0.342
2024-04-12 03:00:00,롱,6,시작낮음 · B중간 · 끝높음,True,-0.59,-0.313,0.189
2024-04-12 12:00:00,숏,23,시작높음 · B중간 · 끝중간,True,0.105,-0.317,0.059
2024-04-13 05:00:00,롱,10,시작중간 · B깊음 · 끝낮음,True,-0.027,-0.736,-0.542
2024-04-13 19:00:00,숏,9,시작낮음 · B얕음 · 끝높음,False,-0.43,-0.04,0.371
2024-04-14 06:00:00,롱,19,시작높음 · B깊음 · 끝낮음,False,0.058,-0.672,-0.311
2024-04-15 14:00:00,숏,8,시작낮음 · B얕음 · 끝중간,True,-0.371,-0.296,0.022
2024-04-16 07:00:00,롱,1,시작낮음 · B깊음 · 끝낮음,True,-0.313,-0.694,-0.45
2024-04-16 14:00:00,숏,9,시작낮음 · B얕음 · 끝높음,False,-0.594,-0.096,0.249
2024-04-16 17:00:00,롱,23,시작높음 · B중간 · 끝중간,False,0.236,-0.413,-0.096
2024-04-17 09:00:00,숏,19,시작높음 · B깊음 · 끝낮음,False,0.037,-0.584,-0.191
2024-04-18 00:00:00,롱,10,시작중간 · B깊음 · 끝낮음,False,-0.142,-0.598,-0.369
2024-04-19 01:00:00,숏,2,시작낮음 · B깊음 · 끝중간,False,-0.472,-0.623,0.056
2024-04-19 06:00:00,롱,15,시작중간 · B중간 · 끝높음,False,-0.246,-0.463,0.35
2024-04-19 18:00:00,숏,13,시작중간 · B중간 · 끝낮음,True,-0.075,-0.549,-0.359
2024-04-20 15:00:00,롱,5,시작낮음 · B중간 · 끝중간,False,-0.724,-0.395,0.048
2024-04-21 08:00:00,숏,10,시작중간 · B깊음 · 끝낮음,False,-0.171,-0.59,-0.362
2024-04-22 03:00:00,롱,6,시작낮음 · B중간 · 끝높음,False,-0.536,-0.343,0.25
2024-04-23 03:00:00,숏,10,시작중간 · B깊음 · 끝낮음,False,-0.118,-0.79,-0.539
2024-04-23 16:00:00,롱,8,시작낮음 · B얕음 · 끝중간,False,-0.681,-0.264,0.059
2024-04-23 20:00:00,숏,17,시작중간 · B얕음 · 끝중간,False,-0.225,-0.259,0.051
2024-04-24 04:00:00,롱,24,시작높음 · B중간 · 끝높음,True,0.014,-0.318,0.454
2024-04-24 08:00:00,숏,23,시작높음 · B중간 · 끝중간,True,0.186,-0.318,0.075
2024-04-25 04:00:00,롱,19,시작높음 · B깊음 · 끝낮음,True,0.011,-0.8,-0.645
2024-04-25 10:00:00,숏,9,시작낮음 · B얕음 · 끝높음,False,-0.694,-0.009,0.243
2024-04-25 11:00:00,롱,23,시작높음 · B중간 · 끝중간,False,0.272,-0.417,-0.116
2024-04-25 12:00:00,숏,5,시작낮음 · B중간 · 끝중간,True,-0.422,-0.327,0.03
2024-04-25 15:00:00,롱,15,시작중간 · B중간 · 끝높음,False,-0.2,-0.447,0.186
2024-04-26 11:00:00,숏,10,시작중간 · B깊음 · 끝낮음,False,-0.135,-0.641,-0.341
2024-04-26 13:00:00,롱,9,시작낮음 · B얕음 · 끝높음,False,-0.339,-0.075,0.191
2024-04-26 14:00:00,숏,24,시작높음 · B중간 · 끝높음,True,0.011,-0.474,0.244
2024-04-27 12:00:00,롱,10,시작중간 · B깊음 · 끝낮음,False,-0.143,-0.717,-0.597
2024-04-28 11:00:00,숏,4,시작낮음 · B중간 · 끝낮음,True,-0.639,-0.537,-0.257
2024-04-28 18:00:00,롱,8,시작낮음 · B얕음 · 끝중간,True,-0.481,-0.153,0.143
2024-04-28 19:00:00,숏,26,시작높음 · B얕음 · 끝중간,False,0.116,-0.241,0.058
2024-04-29 14:00:00,롱,10,시작중간 · B깊음 · 끝낮음,False,-0.091,-0.911,-0.486
2024-04-30 07:00:00,숏,1,시작낮음 · B깊음 · 끝낮음,False,-0.624,-0.861,-0.38
2024-05-01 01:00:00,롱,10,시작중간 · B깊음 · 끝낮음,False,-0.248,-0.736,-0.586
2024-05-01 07:00:00,숏,9,시작낮음 · B얕음 · 끝높음,False,-0.492,-0.023,0.428
2024-05-01 18:00:00,롱,19,시작높음 · B깊음 · 끝낮음,True,0.199,-0.656,-0.162
2024-05-03 07:00:00,숏,1,시작낮음 · B깊음 · 끝낮음,False,-0.536,-0.734,-0.502
2024-05-03 12:00:00,롱,18,시작중간 · B얕음 · 끝높음,True,-0.294,-0.081,0.344
2024-05-04 06:00:00,숏,10,시작중간 · B깊음 · 끝낮음,True,-0.007,-0.886,-0.757
2024-05-04 12:00:00,롱,8,시작낮음 · B얕음 · 끝중간,True,-0.758,-0.086,0.123
2024-05-04 13:00:00,숏,26,시작높음 · B얕음 · 끝중간,False,0.372,-0.115,0.096
2024-05-05 14:00:00,롱,11,시작중간 · B깊음 · 끝중간,False,-0.163,-0.742,0.027
2024-05-05 19:00:00,숏,26,시작높음 · B얕음 · 끝중간,True,0.028,-0.178,0.134
2024-05-06 07:00:00,롱,18,시작중간 · B얕음 · 끝높음,False,-0.072,-0.239,0.552
2024-05-06 12:00:00,숏,24,시작높음 · B중간 · 끝높음,False,0.127,-0.513,0.28
2024-05-07 01:00:00,롱,23,시작높음 · B중간 · 끝중간,True,0.019,-0.434,-0.108
2024-05-07 03:00:00,숏,9,시작낮음 · B얕음 · 끝높음,False,-0.447,-0.15,0.193
2024-05-07 04:00:00,롱,13,시작중간 · B중간 · 끝낮음,False,-0.08,-0.457,-0.218
2024-05-07 13:00:00,숏,11,시작중간 · B깊음 · 끝중간,True,-0.284,-0.623,0.015
2024-05-07 14:00:00,롱,6,시작낮음 · B중간 · 끝높음,True,-0.314,-0.396,0.264
2024-05-07 17:00:00,숏,2,시작낮음 · B깊음 · 끝중간,True,-0.314,-0.721,-0.139
2024-05-08 13:00:00,롱,10,시작중간 · B깊음 · 끝낮음,False,-0.105,-0.682,-0.463
2024-05-08 20:00:00,숏,9,시작낮음 · B얕음 · 끝높음,False,-0.541,-0.215,0.301
2024-05-09 05:00:00,롱,10,시작중간 · B깊음 · 끝낮음,True,-0.023,-0.602,-0.311
2024-05-09 10:00:00,숏,9,시작낮음 · B얕음 · 끝높음,False,-0.451,-0.182,0.47
2024-05-09 12:00:00,롱,24,시작높음 · B중간 · 끝높음,False,0.21,-0.457,0.181
2024-05-10 13:00:00,숏,10,시작중간 · B깊음 · 끝낮음,False,-0.05,-0.817,-0.666
2024-05-11 05:00:00,롱,1,시작낮음 · B깊음 · 끝낮음,False,-0.57,-0.797,-0.621
2024-05-13 02:00:00,숏,5,시작낮음 · B중간 · 끝중간,True,-0.76,-0.312,-0.081
2024-05-13 07:00:00,롱,9,시작낮음 · B얕음 · 끝높음,True,-0.303,-0.24,0.473
2024-05-13 22:00:00,숏,19,시작높음 · B깊음 · 끝낮음,False,0.04,-0.617,-0.453
2024-05-15 01:00:00,롱,4,시작낮음 · B중간 · 끝낮음,True,-0.464,-0.542,-0.492
2024-05-16 04:00:00,숏,10,시작중간 · B깊음 · 끝낮음,False,-0.253,-0.868,-0.771
2024-05-17 07:00:00,롱,8,시작낮음 · B얕음 · 끝중간,False,-0.811,-0.24,0.079
2024-05-18 00:00:00,숏,13,시작중간 · B중간 · 끝낮음,True,-0.003,-0.497,-0.329
2024-05-19 03:00:00,롱,8,시작낮음 · B얕음 · 끝중간,False,-0.51,-0.194,0.096
2024-05-19 06:00:00,숏,27,시작높음 · B얕음 · 끝높음,False,0.317,-0.083,0.184
2024-05-19 07:00:00,롱,27,시작높음 · B얕음 · 끝높음,True,0.169,-0.282,0.536
2024-05-19 12:00:00,숏,15,시작중간 · B중간 · 끝높음,False,-0.073,-0.489,0.209
2024-05-20 03:00:00,롱,10,시작중간 · B깊음 · 끝낮음,False,-0.145,-0.695,-0.344
2024-05-21 09:00:00,숏,10,시작중간 · B깊음 · 끝낮음,False,-0.088,-0.82,-0.698
2024-05-22 15:00:00,롱,8,시작낮음 · B얕음 · 끝중간,True,-0.732,-0.275,-0.077
2024-05-22 18:00:00,숏,9,시작낮음 · B얕음 · 끝높음,False,-0.341,-0.18,0.227
2024-05-23 06:00:00,롱,23,시작높음 · B중간 · 끝중간,True,0.166,-0.394,-0.142
2024-05-23 13:00:00,숏,18,시작중간 · B얕음 · 끝높음,False,-0.083,-0.222,0.594
2024-05-24 02:00:00,롱,19,시작높음 · B깊음 · 끝낮음,True,0.007,-0.719,-0.376
2024-05-24 06:00:00,숏,9,시작낮음 · B얕음 · 끝높음,False,-0.479,-0.057,0.263
2024-05-24 09:00:00,롱,23,시작높음 · B중간 · 끝중간,False,0.372,-0.424,0.043
2024-05-25 15:00:00,숏,10,시작중간 · B깊음 · 끝낮음,True,-0.029,-0.784,-0.581
2024-05-27 02:00:00,롱,8,시작낮음 · B얕음 · 끝중간,False,-0.665,-0.217,0.042
2024-05-27 05:00:00,숏,27,시작높음 · B얕음 · 끝높음,True,0.029,-0.062,0.375
2024-05-27 13:00:00,롱,24,시작높음 · B중간 · 끝높음,True,0.371,-0.422,0.176
2024-05-28 00:00:00,숏,10,시작중간 · B깊음 · 끝낮음,False,-0.043,-0.826,-0.303
2024-05-28 19:00:00,롱,10,시작중간 · B깊음 · 끝낮음,False,-0.232,-0.616,-0.285
2024-05-29 08:00:00,숏,5,시작낮음 · B중간 · 끝중간,False,-0.647,-0.45,-0.004
2024-05-29 23:00:00,롱,22,시작높음 · B중간 · 끝낮음,True,0.022,-0.375,-0.163
2024-05-30 23:00:00,숏,10,시작중간 · B깊음 · 끝낮음,False,-0.077,-0.675,-0.271
2024-06-01 02:00:00,롱,10,시작중간 · B깊음 · 끝낮음,True,-0.207,-0.553,-0.197
2024-06-02 08:00:00,숏,17,시작중간 · B얕음 · 끝중간,True,-0.294,-0.12,-0.078
2024-06-02 11:00:00,롱,18,시작중간 · B얕음 · 끝높음,True,-0.109,-0.289,0.548
2024-06-02 18:00:00,숏,11,시작중간 · B깊음 · 끝중간,True,-0.169,-0.79,-0.13
2024-06-03 01:00:00,롱,18,시작중간 · B얕음 · 끝높음,True,-0.278,-0.3,0.473
2024-06-03 19:00:00,숏,19,시작높음 · B깊음 · 끝낮음,False,0.091,-0.803,-0.462
2024-06-04 14:00:00,롱,8,시작낮음 · B얕음 · 끝중간,True,-0.562,-0.251,0.144
2024-06-05 08:00:00,숏,19,시작높음 · B깊음 · 끝낮음,False,0.124,-0.649,-0.502
2024-06-06 14:00:00,롱,8,시작낮음 · B얕음 · 끝중간,True,-0.558,-0.295,0.101
2024-06-06 16:00:00,숏,14,시작중간 · B중간 · 끝중간,True,-0.014,-0.342,0.127
2024-06-07 04:00:00,롱,11,시작중간 · B깊음 · 끝중간,False,-0.12,-0.615,-0.053
2024-06-07 16:00:00,숏,17,시작중간 · B얕음 · 끝중간,False,-0.185,0.012,0.055
2024-06-08 07:00:00,롱,19,시작높음 · B깊음 · 끝낮음,True,0.004,-0.655,-0.401
2024-06-10 05:00:00,숏,8,시작낮음 · B얕음 · 끝중간,False,-0.564,-0.139,-0.067
2024-06-10 15:00:00,롱,15,시작중간 · B중간 · 끝높음,True,-0.285,-0.321,0.356
2024-06-10 21:00:00,숏,23,시작높음 · B중간 · 끝중간,False,0.048,-0.464,0.097
2024-06-11 19:00:00,롱,19,시작높음 · B깊음 · 끝낮음,True,0.008,-0.823,-0.526
2024-06-12 20:00:00,숏,1,시작낮음 · B깊음 · 끝낮음,False,-0.623,-0.685,-0.24
2024-06-14 02:00:00,롱,16,시작중간 · B얕음 · 끝낮음,True,-0.086,-0.298,-0.157
2024-06-14 16:00:00,숏,18,시작중간 · B얕음 · 끝높음,False,-0.209,-0.123,0.429
2024-06-15 00:00:00,롱,20,시작높음 · B깊음 · 끝중간,True,0.182,-0.575,-0.092
2024-06-16 21:00:00,숏,13,시작중간 · B중간 · 끝낮음,False,-0.178,-0.388,-0.266
2024-06-16 22:00:00,롱,9,시작낮음 · B얕음 · 끝높음,False,-0.394,-0.037,0.211
2024-06-17 01:00:00,숏,20,시작높음 · B깊음 · 끝중간,False,0.04,-0.629,0.06
2024-06-17 17:00:00,롱,20,시작높음 · B깊음 · 끝중간,False,0.047,-0.662,0.014
2024-06-18 01:00:00,숏,15,시작중간 · B중간 · 끝높음,False,-0.25,-0.448,0.273
2024-06-18 21:00:00,롱,22,시작높음 · B중간 · 끝낮음,True,0.108,-0.469,-0.157
2024-06-19 14:00:00,숏,5,시작낮음 · B중간 · 끝중간,False,-0.476,-0.334,0.002
2024-06-20 00:00:00,롱,14,시작중간 · B중간 · 끝중간,False,-0.154,-0.345,0.017
2024-06-20 14:00:00,숏,11,시작중간 · B깊음 · 끝중간,False,-0.074,-0.757,0.0
2024-06-21 18:00:00,롱,13,시작중간 · B중간 · 끝낮음,True,-0.083,-0.546,-0.308
2024-06-23 10:00:00,숏,4,시작낮음 · B중간 · 끝낮음,False,-0.711,-0.444,-0.341
2024-06-25 00:00:00,롱,10,시작중간 · B깊음 · 끝낮음,False,-0.107,-0.854,-0.649
2024-06-26 05:00:00,숏,4,시작낮음 · B중간 · 끝낮음,False,-0.677,-0.331,-0.209
2024-06-27 09:00:00,롱,4,시작낮음 · B중간 · 끝낮음,True,-0.615,-0.448,-0.175
2024-06-28 05:00:00,숏,1,시작낮음 · B깊음 · 끝낮음,False,-0.464,-0.76,-0.41
2024-06-29 02:00:00,롱,1,시작낮음 · B깊음 · 끝낮음,False,-0.378,-0.634,-0.425
2024-06-30 01:00:00,숏,8,시작낮음 · B얕음 · 끝중간,False,-0.422,-0.172,-0.037
2024-06-30 07:00:00,롱,18,시작중간 · B얕음 · 끝높음,False,-0.056,-0.24,0.462
2024-07-01 09:00:00,숏,19,시작높음 · B깊음 · 끝낮음,True,0.003,-0.883,-0.615
2024-07-03 17:00:00,롱,1,시작낮음 · B깊음 · 끝낮음,False,-0.401,-0.693,-0.587
2024-07-03 19:00:00,숏,9,시작낮음 · B얕음 · 끝높음,False,-0.574,0.004,0.193
2024-07-03 21:00:00,롱,20,시작높음 · B깊음 · 끝중간,False,0.202,-0.643,0.007
2024-07-04 01:00:00,숏,15,시작중간 · B중간 · 끝높음,True,-0.224,-0.32,0.497
2024-07-04 16:00:00,롱,10,시작중간 · B깊음 · 끝낮음,False,-0.241,-0.848,-0.561
2024-07-05 02:00:00,숏,9,시작낮음 · B얕음 · 끝높음,False,-0.455,-0.091,0.469
2024-07-05 12:00:00,롱,19,시작높음 · B깊음 · 끝낮음,False,0.143,-0.616,-0.385
2024-07-07 04:00:00,숏,1,시작낮음 · B깊음 · 끝낮음,True,-0.304,-0.563,-0.412
2024-07-08 08:00:00,롱,2,시작낮음 · B깊음 · 끝중간,False,-0.616,-0.831,-0.036
2024-07-08 16:00:00,숏,5,시작낮음 · B중간 · 끝중간,False,-0.511,-0.495,0.014
2024-07-08 19:00:00,롱,27,시작높음 · B얕음 · 끝높음,False,0.068,-0.026,0.219
2024-07-09 14:00:00,숏,22,시작높음 · B중간 · 끝낮음,False,0.132,-0.487,-0.281
2024-07-09 16:00:00,롱,9,시작낮음 · B얕음 · 끝높음,True,-0.523,-0.073,0.178
2024-07-10 00:00:00,숏,23,시작높음 · B중간 · 끝중간,False,0.154,-0.341,-0.01
2024-07-10 03:00:00,롱,5,시작낮음 · B중간 · 끝중간,True,-0.597,-0.542,0.137
2024-07-10 11:00:00,숏,10,시작중간 · B깊음 · 끝낮음,True,-0.008,-0.625,-0.283
2024-07-11 05:00:00,롱,13,시작중간 · B중간 · 끝낮음,True,-0.279,-0.531,-0.271
2024-07-11 15:00:00,숏,2,시작낮음 · B깊음 · 끝중간,True,-0.332,-0.563,0.139
2024-07-12 10:00:00,롱,22,시작높음 · B중간 · 끝낮음,True,0.015,-0.376,-0.192
2024-07-13 20:00:00,숏,1,시작낮음 · B깊음 · 끝낮음,False,-0.345,-0.739,-0.67
2024-07-13 22:00:00,롱,9,시작낮음 · B얕음 · 끝높음,False,-0.531,-0.072,0.286
2024-07-14 12:00:00,숏,19,시작높음 · B깊음 · 끝낮음,False,0.042,-0.754,-0.416
2024-07-14 21:00:00,롱,9,시작낮음 · B얕음 · 끝높음,False,-0.449,-0.117,0.375
2024-07-15 12:00:00,숏,10,시작중간 · B깊음 · 끝낮음,True,-0.002,-0.724,-0.647
2024-07-15 22:00:00,롱,9,시작낮음 · B얕음 · 끝높음,False,-0.506,0.021,0.389
2024-07-16 05:00:00,숏,23,시작높음 · B중간 · 끝중간,True,0.367,-0.541,-0.055
2024-07-16 16:00:00,롱,2,시작낮음 · B깊음 · 끝중간,True,-0.313,-0.675,0.007
2024-07-17 07:00:00,숏,23,시작높음 · B중간 · 끝중간,True,0.086,-0.324,-0.101
2024-07-18 05:00:00,롱,10,시작중간 · B깊음 · 끝낮음,False,-0.17,-0.669,-0.355
2024-07-18 14:00:00,숏,9,시작낮음 · B얕음 · 끝높음,False,-0.481,-0.216,0.306
2024-07-19 03:00:00,롱,11,시작중간 · B깊음 · 끝중간,True,-0.009,-0.703,-0.138
2024-07-20 03:00:00,숏,10,시작중간 · B깊음 · 끝낮음,False,-0.202,-0.76,-0.659
2024-07-20 18:00:00,롱,9,시작낮음 · B얕음 · 끝높음,False,-0.598,-0.036,0.212
2024-07-20 21:00:00,숏,27,시작높음 · B얕음 · 끝높음,False,0.568,-0.067,0.224
2024-07-21 16:00:00,롱,12,시작중간 · B깊음 · 끝높음,True,-0.069,-0.58,0.219
2024-07-21 17:00:00,숏,27,시작높음 · B얕음 · 끝높음,False,0.138,-0.19,0.401
2024-07-21 20:00:00,롱,14,시작중간 · B중간 · 끝중간,True,-0.16,-0.523,0.065
2024-07-22 05:00:00,숏,23,시작높음 · B중간 · 끝중간,True,0.003,-0.33,-0.077
2024-07-22 19:00:00,롱,3,시작낮음 · B깊음 · 끝높음,True,-0.325,-0.691,0.15
2024-07-23 01:00:00,숏,14,시작중간 · B중간 · 끝중간,False,-0.219,-0.447,0.028
2024-07-24 03:00:00,롱,19,시작높음 · B깊음 · 끝낮음,True,0.002,-0.678,-0.495
2024-07-24 19:00:00,숏,5,시작낮음 · B중간 · 끝중간,False,-0.661,-0.49,0.097
2024-07-25 14:00:00,롱,19,시작높음 · B깊음 · 끝낮음,True,0.027,-0.573,-0.251
2024-07-26 17:00:00,숏,1,시작낮음 · B깊음 · 끝낮음,False,-0.369,-0.826,-0.715
2024-07-27 13:00:00,롱,9,시작낮음 · B얕음 · 끝높음,False,-0.605,-0.006,0.309
2024-07-27 17:00:00,숏,23,시작높음 · B중간 · 끝중간,False,0.461,-0.44,-0.061
2024-07-28 13:00:00,롱,13,시작중간 · B중간 · 끝낮음,False,-0.086,-0.478,-0.243
2024-07-28 15:00:00,숏,17,시작중간 · B얕음 · 끝중간,True,-0.263,0.018,0.133
2024-07-28 17:00:00,롱,27,시작높음 · B얕음 · 끝높음,True,0.58,-0.298,0.529
2024-07-29 14:00:00,숏,10,시작중간 · B깊음 · 끝낮음,True,-0.003,-0.821,-0.204
2024-07-30 08:00:00,롱,1,시작낮음 · B깊음 · 끝낮음,False,-0.336,-0.702,-0.582
2024-07-30 14:00:00,숏,9,시작낮음 · B얕음 · 끝높음,False,-0.54,-0.007,0.307
2024-07-30 15:00:00,롱,23,시작높음 · B중간 · 끝중간,False,0.375,-0.462,-0.106
2024-07-30 17:00:00,숏,2,시작낮음 · B깊음 · 끝중간,False,-0.499,-0.707,-0.055
2024-07-30 20:00:00,롱,5,시작낮음 · B중간 · 끝중간,False,-0.354,-0.369,0.013
2024-07-31 19:00:00,숏,15,시작중간 · B중간 · 끝높음,False,-0.042,-0.406,0.344
2024-08-01 09:00:00,롱,10,시작중간 · B깊음 · 끝낮음,False,-0.243,-0.843,-0.626
2024-08-01 15:00:00,숏,9,시작낮음 · B얕음 · 끝높음,False,-0.492,-0.077,0.399
2024-08-01 20:00:00,롱,24,시작높음 · B중간 · 끝높음,False,0.216,-0.507,0.304
2024-08-02 14:00:00,숏,11,시작중간 · B깊음 · 끝중간,False,-0.085,-0.621,0.079
2024-08-03 07:00:00,롱,1,시작낮음 · B깊음 · 끝낮음,False,-0.355,-0.855,-0.691
2024-08-03 17:00:00,숏,9,시작낮음 · B얕음 · 끝높음,False,-0.652,-0.071,0.248
2024-08-03 23:00:00,롱,23,시작높음 · B중간 · 끝중간,False,0.404,-0.402,-0.087
2024-08-04 15:00:00,숏,18,시작중간 · B얕음 · 끝높음,False,-0.109,-0.214,0.71
2024-08-05 14:00:00,롱,19,시작높음 · B깊음 · 끝낮음,False,0.084,-0.836,-0.454
2024-08-07 00:00:00,숏,4,시작낮음 · B중간 · 끝낮음,False,-0.696,-0.464,-0.405
2024-08-07 01:00:00,롱,9,시작낮음 · B얕음 · 끝높음,False,-0.47,-0.023,0.184
2024-08-07 12:00:00,숏,19,시작높음 · B깊음 · 끝낮음,False,0.157,-0.618,-0.458
2024-08-08 02:00:00,롱,11,시작중간 · B깊음 · 끝중간,True,-0.183,-0.72,0.122
2024-08-09 05:00:00,숏,10,시작중간 · B깊음 · 끝낮음,True,-0.003,-0.653,-0.499
2024-08-10 19:00:00,롱,8,시작낮음 · B얕음 · 끝중간,False,-0.58,-0.163,0.051
2024-08-11 04:00:00,숏,26,시작높음 · B얕음 · 끝중간,False,0.177,-0.188,0.033
2024-08-11 07:00:00,롱,18,시작중간 · B얕음 · 끝높음,True,-0.281,-0.289,0.252
2024-08-11 10:00:00,숏,23,시작높음 · B중간 · 끝중간,False,0.031,-0.4,0.084
2024-08-12 10:00:00,롱,19,시작높음 · B깊음 · 끝낮음,True,0.005,-0.679,-0.493
2024-08-13 09:00:00,숏,4,시작낮음 · B중간 · 끝낮음,True,-0.72,-0.522,-0.178
2024-08-13 13:00:00,롱,8,시작낮음 · B얕음 · 끝중간,True,-0.311,-0.191,0.103
2024-08-14 06:00:00,숏,19,시작높음 · B깊음 · 끝낮음,False,0.049,-0.748,-0.546
2024-08-15 10:00:00,롱,1,시작낮음 · B깊음 · 끝낮음,False,-0.396,-0.675,-0.579
2024-08-15 19:00:00,숏,9,시작낮음 · B얕음 · 끝높음,False,-0.442,-0.23,0.254
2024-08-16 03:00:00,롱,23,시작높음 · B중간 · 끝중간,True,0.144,-0.317,0.01
2024-08-17 10:00:00,숏,22,시작높음 · B중간 · 끝낮음,False,0.152,-0.392,-0.242
2024-08-17 16:00:00,롱,8,시작낮음 · B얕음 · 끝중간,True,-0.509,-0.078,0.124
2024-08-17 18:00:00,숏,23,시작높음 · B중간 · 끝중간,True,0.209,-0.317,-0.033
2024-08-18 02:00:00,롱,27,시작높음 · B얕음 · 끝높음,True,0.006,-0.166,0.597
2024-08-18 03:00:00,숏,11,시작중간 · B깊음 · 끝중간,True,-0.009,-0.584,0.094
2024-08-18 09:00:00,롱,1,시작낮음 · B깊음 · 끝낮음,False,-0.677,-0.713,-0.243
2024-08-18 16:00:00,숏,17,시작중간 · B얕음 · 끝중간,True,-0.214,-0.289,-0.134
2024-08-19 14:00:00,롱,10,시작중간 · B깊음 · 끝낮음,False,-0.07,-0.761,-0.498
2024-08-20 13:00:00,숏,1,시작낮음 · B깊음 · 끝낮음,False,-0.46,-0.846,-0.723
2024-08-21 06:00:00,롱,4,시작낮음 · B중간 · 끝낮음,False,-0.703,-0.512,-0.312
2024-08-22 03:00:00,숏,1,시작낮음 · B깊음 · 끝낮음,False,-0.35,-0.703,-0.342
2024-08-22 10:00:00,롱,18,시작중간 · B얕음 · 끝높음,False,-0.264,0.002,0.392
2024-08-22 12:00:00,숏,23,시작높음 · B중간 · 끝중간,False,0.53,-0.34,0.001
2024-08-23 05:00:00,롱,1,시작낮음 · B깊음 · 끝낮음,False,-0.348,-0.801,-0.351
2024-08-24 07:00:00,숏,10,시작중간 · B깊음 · 끝낮음,False,-0.115,-0.739,-0.724
2024-08-25 21:00:00,롱,8,시작낮음 · B얕음 · 끝중간,False,-0.726,-0.102,0.075
2024-08-26 00:00:00,숏,23,시작높음 · B중간 · 끝중간,False,0.034,-0.36,0.077
2024-08-28 09:00:00,롱,19,시작높음 · B깊음 · 끝낮음,True,0.001,-0.729,-0.563
2024-08-29 19:00:00,숏,8,시작낮음 · B얕음 · 끝중간,True,-0.768,-0.281,-0.005
2024-08-30 09:00:00,롱,26,시작높음 · B얕음 · 끝중간,True,0.019,-0.083,0.13
2024-08-30 14:00:00,숏,27,시작높음 · B얕음 · 끝높음,False,0.325,-0.076,0.656
2024-08-30 21:00:00,롱,10,시작중간 · B깊음 · 끝낮음,False,-0.07,-0.696,-0.267
2024-08-31 09:00:00,숏,8,시작낮음 · B얕음 · 끝중간,True,-0.328,-0.111,0.069
2024-08-31 10:00:00,롱,27,시작높음 · B얕음 · 끝높음,True,0.028,-0.221,0.236
2024-08-31 16:00:00,숏,11,시작중간 · B깊음 · 끝중간,True,-0.231,-0.767,-0.145
2024-08-31 22:00:00,롱,17,시작중간 · B얕음 · 끝중간,False,-0.22,-0.222,0.022
2024-09-01 01:00:00,숏,27,시작높음 · B얕음 · 끝높음,False,0.157,-0.151,0.519
2024-09-01 17:00:00,롱,19,시작높음 · B깊음 · 끝낮음,False,0.062,-0.663,-0.373
2024-09-01 22:00:00,숏,9,시작낮음 · B얕음 · 끝높음,False,-0.395,-0.205,0.407
2024-09-02 06:00:00,롱,10,시작중간 · B깊음 · 끝낮음,False,-0.11,-0.6,-0.384
2024-09-03 06:00:00,숏,10,시작중간 · B깊음 · 끝낮음,False,-0.148,-0.728,-0.406
2024-09-04 12:00:00,롱,1,시작낮음 · B깊음 · 끝낮음,True,-0.31,-0.736,-0.6
2024-09-05 03:00:00,숏,5,시작낮음 · B중간 · 끝중간,True,-0.641,-0.489,-0.145
2024-09-06 01:00:00,롱,4,시작낮음 · B중간 · 끝낮음,True,-0.352,-0.547,-0.376
2024-09-06 08:00:00,숏,9,시작낮음 · B얕음 · 끝높음,True,-0.584,-0.245,0.158
2024-09-06 12:00:00,롱,27,시작높음 · B얕음 · 끝높음,False,0.143,-0.026,0.623
2024-09-06 14:00:00,숏,24,시작높음 · B중간 · 끝높음,False,0.079,-0.332,0.481
2024-09-07 02:00:00,롱,19,시작높음 · B깊음 · 끝낮음,False,0.044,-0.619,-0.461
2024-09-08 15:00:00,숏,8,시작낮음 · B얕음 · 끝중간,True,-0.553,-0.282,0.036
2024-09-08 18:00:00,롱,18,시작중간 · B얕음 · 끝높음,True,-0.289,-0.246,0.226
2024-09-10 03:00:00,숏,19,시작높음 · B깊음 · 끝낮음,False,0.077,-0.731,-0.443
2024-09-10 19:00:00,롱,9,시작낮음 · B얕음 · 끝높음,False,-0.597,-0.07,0.296
2024-09-11 01:00:00,숏,27,시작높음 · B얕음 · 끝높음,False,0.491,-0.24,0.516
2024-09-11 16:00:00,롱,11,시작중간 · B깊음 · 끝중간,True,-0.075,-0.821,-0.134
2024-09-12 11:00:00,숏,10,시작중간 · B깊음 · 끝낮음,True,-0.299,-0.564,-0.464
2024-09-12 19:00:00,롱,9,시작낮음 · B얕음 · 끝높음,False,-0.484,-0.17,0.244
2024-09-12 21:00:00,숏,27,시작높음 · B얕음 · 끝높음,False,0.187,-0.164,0.202
2024-09-13 14:00:00,롱,24,시작높음 · B중간 · 끝높음,True,0.021,-0.537,0.266
2024-09-14 05:00:00,숏,10,시작중간 · B깊음 · 끝낮음,False,-0.038,-0.824,-0.613
2024-09-15 15:00:00,롱,8,시작낮음 · B얕음 · 끝중간,False,-0.77,-0.239,0.045
2024-09-15 16:00:00,숏,27,시작높음 · B얕음 · 끝높음,False,0.042,-0.097,0.313
2024-09-16 11:00:00,롱,19,시작높음 · B깊음 · 끝낮음,True,0.016,-0.889,-0.721
2024-09-16 14:00:00,숏,9,시작낮음 · B얕음 · 끝높음,False,-0.55,0.009,0.408
2024-09-16 22:00:00,롱,19,시작높음 · B깊음 · 끝낮음,False,0.191,-0.65,-0.375
2024-09-18 01:00:00,숏,10,시작중간 · B깊음 · 끝낮음,False,-0.083,-0.808,-0.541
2024-09-18 21:00:00,롱,8,시작낮음 · B얕음 · 끝중간,True,-0.605,-0.274,-0.009
2024-09-19 20:00:00,숏,19,시작높음 · B깊음 · 끝낮음,True,0.024,-0.76,-0.589
2024-09-21 11:00:00,롱,8,시작낮음 · B얕음 · 끝중간,False,-0.746,-0.193,-0.041
2024-09-21 21:00:00,숏,17,시작중간 · B얕음 · 끝중간,False,-0.087,-0.232,-0.063
2024-09-21 23:00:00,롱,18,시작중간 · B얕음 · 끝높음,False,-0.221,-0.128,0.333
2024-09-22 01:00:00,숏,24,시작높음 · B중간 · 끝높음,True,0.153,-0.529,0.325
2024-09-22 17:00:00,롱,11,시작중간 · B깊음 · 끝중간,True,-0.028,-0.638,-0.149
2024-09-23 09:00:00,숏,10,시작중간 · B깊음 · 끝낮음,False,-0.175,-0.783,-0.353
2024-09-24 07:00:00,롱,17,시작중간 · B얕음 · 끝중간,True,-0.271,-0.293,0.03
2024-09-24 15:00:00,숏,14,시작중간 · B중간 · 끝중간,False,-0.175,-0.419,0.12
2024-09-24 17:00:00,롱,27,시작높음 · B얕음 · 끝높음,False,0.142,-0.096,0.443
2024-09-25 06:00:00,숏,19,시작높음 · B깊음 · 끝낮음,False,0.049,-0.812,-0.289
2024-09-26 04:00:00,롱,1,시작낮음 · B깊음 · 끝낮음,False,-0.375,-0.629,-0.337
2024-09-27 02:00:00,숏,10,시작중간 · B깊음 · 끝낮음,False,-0.187,-0.672,-0.426
2024-09-27 03:00:00,롱,8,시작낮음 · B얕음 · 끝중간,False,-0.641,-0.102,0.093
2024-09-27 04:00:00,숏,1,시작낮음 · B깊음 · 끝낮음,False,-0.352,-0.743,-0.648
2024-09-27 08:00:00,롱,9,시작낮음 · B얕음 · 끝높음,False,-0.497,-0.194,0.386
2024-09-27 11:00:00,숏,23,시작높음 · B중간 · 끝중간,False,0.056,-0.336,0.035
2024-09-27 14:00:00,롱,27,시작높음 · B얕음 · 끝높음,False,0.032,-0.095,0.613
2024-09-27 18:00:00,숏,22,시작높음 · B중간 · 끝낮음,True,0.104,-0.509,-0.155
2024-09-29 01:00:00,롱,14,시작중간 · B중간 · 끝중간,False,-0.06,-0.381,-0.029
2024-09-29 05:00:00,숏,17,시작중간 · B얕음 · 끝중간,False,-0.159,-0.245,0.09
2024-09-29 13:00:00,롱,23,시작높음 · B중간 · 끝중간,True,-0.0,-0.494,0.145
2024-09-29 23:00:00,숏,14,시작중간 · B중간 · 끝중간,True,-0.124,-0.535,0.048
2024-09-30 20:00:00,롱,10,시작중간 · B깊음 · 끝낮음,True,-0.022,-0.775,-0.592
2024-10-01 13:00:00,숏,9,시작낮음 · B얕음 · 끝높음,False,-0.682,-0.184,0.193
2024-10-02 03:00:00,롱,10,시작중간 · B깊음 · 끝낮음,False,-0.041,-0.766,-0.482
2024-10-02 19:00:00,숏,9,시작낮음 · B얕음 · 끝높음,False,-0.49,-0.112,0.428
2024-10-02 21:00:00,롱,26,시작높음 · B얕음 · 끝중간,True,0.403,-0.294,0.035
2024-10-02 23:00:00,숏,27,시작높음 · B얕음 · 끝높음,False,0.215,0.06,0.266
2024-10-03 00:00:00,롱,18,시작중간 · B얕음 · 끝높음,True,-0.003,-0.186,0.183
2024-10-03 12:00:00,숏,11,시작중간 · B깊음 · 끝중간,True,-0.155,-0.592,0.133
2024-10-03 18:00:00,롱,14,시작중간 · B중간 · 끝중간,False,-0.144,-0.386,-0.025
2024-10-05 01:00:00,숏,19,시작높음 · B깊음 · 끝낮음,False,0.038,-0.673,-0.546
2024-10-06 10:00:00,롱,8,시작낮음 · B얕음 · 끝중간,False,-0.754,-0.183,-0.072
2024-10-07 09:00:00,숏,10,시작중간 · B깊음 · 끝낮음,True,-0.004,-0.788,-0.496
2024-10-07 16:00:00,롱,5,시작낮음 · B중간 · 끝중간,True,-0.597,-0.311,0.113
2024-10-07 18:00:00,숏,27,시작높음 · B얕음 · 끝높음,False,0.111,-0.122,0.437
2024-10-08 13:00:00,롱,10,시작중간 · B깊음 · 끝낮음,False,-0.053,-0.865,-0.413
2024-10-08 18:00:00,숏,6,시작낮음 · B중간 · 끝높음,True,-0.649,-0.321,0.168
2024-10-09 01:00:00,롱,26,시작높음 · B얕음 · 끝중간,True,0.069,-0.285,0.014
2024-10-09 12:00:00,숏,6,시작낮음 · B중간 · 끝높음,False,-0.35,-0.47,0.214
2024-10-10 05:00:00,롱,10,시작중간 · B깊음 · 끝낮음,True,-0.008,-0.789,-0.562
2024-10-10 17:00:00,숏,9,시작낮음 · B얕음 · 끝높음,False,-0.441,-0.132,0.435
2024-10-10 23:00:00,롱,20,시작높음 · B깊음 · 끝중간,True,0.236,-0.571,0.012
2024-10-12 03:00:00,숏,10,시작중간 · B깊음 · 끝낮음,False,-0.052,-0.689,-0.535
2024-10-13 21:00:00,롱,8,시작낮음 · B얕음 · 끝중간,False,-0.695,-0.128,0.096
2024-10-15 00:00:00,숏,19,시작높음 · B깊음 · 끝낮음,False,0.03,-0.702,-0.602
2024-10-15 13:00:00,롱,9,시작낮음 · B얕음 · 끝높음,False,-0.623,-0.152,0.296
2024-10-15 14:00:00,숏,12,시작중간 · B깊음 · 끝높음,True,-0.106,-0.667,0.15
2024-10-15 16:00:00,롱,1,시작낮음 · B깊음 · 끝낮음,False,-0.537,-0.845,-0.247
2024-10-15 21:00:00,숏,5,시작낮음 · B중간 · 끝중간,True,-0.52,-0.398,-0.125
2024-10-15 23:00:00,롱,18,시작중간 · B얕음 · 끝높음,False,-0.266,-0.056,0.431
2024-10-16 04:00:00,숏,22,시작높음 · B중간 · 끝낮음,True,0.142,-0.506,-0.17
2024-10-16 10:00:00,롱,18,시작중간 · B얕음 · 끝높음,False,-0.232,-0.189,0.544
2024-10-16 14:00:00,숏,23,시작높음 · B중간 · 끝중간,True,0.178,-0.446,-0.137
2024-10-17 23:00:00,롱,26,시작높음 · B얕음 · 끝중간,True,0.008,-0.259,0.009
2024-10-18 12:00:00,숏,14,시작중간 · B중간 · 끝중간,True,-0.12,-0.422,-0.127
2024-10-18 13:00:00,롱,18,시작중간 · B얕음 · 끝높음,True,-0.275,-0.044,0.403
2024-10-18 22:00:00,숏,10,시작중간 · B깊음 · 끝낮음,False,-0.061,-0.912,-0.384
2024-10-19 23:00:00,롱,8,시작낮음 · B얕음 · 끝중간,False,-0.436,-0.224,-0.018
2024-10-20 00:00:00,숏,26,시작높음 · B얕음 · 끝중간,True,0.053,-0.15,0.132
2024-10-20 06:00:00,롱,11,시작중간 · B깊음 · 끝중간,False,-0.174,-0.699,0.012
2024-10-21 06:00:00,숏,10,시작중간 · B깊음 · 끝낮음,False,-0.127,-0.753,-0.337
2024-10-22 04:00:00,롱,10,시작중간 · B깊음 · 끝낮음,True,-0.282,-0.754,-0.499
2024-10-22 08:00:00,숏,9,시작낮음 · B얕음 · 끝높음,True,-0.617,-0.139,0.178
2024-10-22 11:00:00,롱,14,시작중간 · B중간 · 끝중간,True,-0.024,-0.533,-0.086
2024-10-22 12:00:00,숏,18,시작중간 · B얕음 · 끝높음,True,-0.139,-0.275,0.254
2024-10-22 14:00:00,롱,18,시작중간 · B얕음 · 끝높음,True,-0.101,-0.282,0.235
2024-10-23 05:00:00,숏,2,시작낮음 · B깊음 · 끝중간,True,-0.318,-0.602,-0.074
2024-10-23 20:00:00,롱,10,시작중간 · B깊음 · 끝낮음,False,-0.111,-0.742,-0.204
2024-10-25 02:00:00,숏,10,시작중간 · B깊음 · 끝낮음,False,-0.178,-0.609,-0.432
2024-10-25 13:00:00,롱,9,시작낮음 · B얕음 · 끝높음,True,-0.617,-0.235,0.151
2024-10-25 15:00:00,숏,24,시작높음 · B중간 · 끝높음,True,0.014,-0.339,0.252
2024-10-26 06:00:00,롱,10,시작중간 · B깊음 · 끝낮음,False,-0.098,-0.788,-0.354
2024-10-28 03:00:00,숏,4,시작낮음 · B중간 · 끝낮음,False,-0.457,-0.362,-0.196
2024-10-28 07:00:00,롱,9,시작낮음 · B얕음 · 끝높음,False,-0.366,-0.082,0.315
2024-10-29 12:00:00,숏,19,시작높음 · B깊음 · 끝낮음,True,0.012,-0.888,-0.781
2024-10-29 13:00:00,롱,8,시작낮음 · B얕음 · 끝중간,False,-0.878,-0.133,0.089
2024-10-29 21:00:00,숏,10,시작중간 · B깊음 · 끝낮음,False,-0.122,-0.895,-0.436
2024-11-01 10:00:00,롱,10,시작중간 · B깊음 · 끝낮음,False,-0.25,-0.677,-0.482
2024-11-01 19:00:00,숏,5,시작낮음 · B중간 · 끝중간,False,-0.658,-0.457,0.066
2024-11-01 23:00:00,롱,26,시작높음 · B얕음 · 끝중간,False,0.161,-0.096,0.119
2024-11-02 14:00:00,숏,24,시작높음 · B중간 · 끝높음,True,0.294,-0.405,0.169
2024-11-02 15:00:00,롱,26,시작높음 · B얕음 · 끝중간,False,0.128,-0.211,0.03
2024-11-03 00:00:00,숏,15,시작중간 · B중간 · 끝높음,True,-0.137,-0.499,0.161
2024-11-03 17:00:00,롱,10,시작중간 · B깊음 · 끝낮음,False,-0.114,-0.76,-0.474
2024-11-04 11:00:00,숏,1,시작낮음 · B깊음 · 끝낮음,True,-0.563,-0.57,-0.313
2024-11-04 12:00:00,롱,17,시작중간 · B얕음 · 끝중간,True,-0.278,0.033,0.072
2024-11-04 13:00:00,숏,21,시작높음 · B깊음 · 끝높음,False,0.079,-0.635,0.206
2024-11-05 02:00:00,롱,10,시작중간 · B깊음 · 끝낮음,False,-0.088,-0.829,-0.444
2024-11-05 23:00:00,숏,10,시작중간 · B깊음 · 끝낮음,True,-0.291,-0.601,-0.364
2024-11-06 00:00:00,롱,9,시작낮음 · B얕음 · 끝높음,False,-0.443,-0.071,0.416
2024-11-06 14:00:00,숏,10,시작중간 · B깊음 · 끝낮음,False,-0.047,-0.968,-0.692
2024-11-06 19:00:00,롱,9,시작낮음 · B얕음 · 끝높음,False,-0.68,-0.052,0.27
2024-11-06 23:00:00,숏,26,시작높음 · B얕음 · 끝중간,True,0.383,-0.293,-0.119
2024-11-07 17:00:00,롱,12,시작중간 · B깊음 · 끝높음,True,-0.182,-0.567,0.311
2024-11-07 22:00:00,숏,23,시작높음 · B중간 · 끝중간,False,0.14,-0.343,0.023
2024-11-08 18:00:00,롱,27,시작높음 · B얕음 · 끝높음,False,0.036,-0.154,0.574
2024-11-08 22:00:00,숏,23,시작높음 · B중간 · 끝중간,False,0.269,-0.416,0.019
2024-11-09 23:00:00,롱,14,시작중간 · B중간 · 끝중간,True,-0.017,-0.42,0.142
2024-11-10 20:00:00,숏,10,시작중간 · B깊음 · 끝낮음,True,-0.014,-0.804,-0.454
2024-11-11 01:00:00,롱,9,시작낮음 · B얕음 · 끝높음,False,-0.59,-0.152,0.276
2024-11-11 06:00:00,숏,23,시작높음 · B중간 · 끝중간,False,0.265,-0.342,-0.09
2024-11-11 11:00:00,롱,18,시작중간 · B얕음 · 끝높음,False,-0.112,0.031,0.695
2024-11-11 13:00:00,숏,26,시작높음 · B얕음 · 끝중간,False,0.624,-0.088,0.089
2024-11-11 14:00:00,롱,15,시작중간 · B중간 · 끝높음,False,-0.165,-0.404,0.256
2024-11-12 08:00:00,숏,10,시작중간 · B깊음 · 끝낮음,True,-0.013,-0.913,-0.883
2024-11-13 13:00:00,롱,5,시작낮음 · B중간 · 끝중간,False,-0.809,-0.392,0.016
2024-11-13 21:00:00,숏,11,시작중간 · B깊음 · 끝중간,False,-0.157,-0.659,-0.105
2024-11-14 11:00:00,롱,9,시작낮음 · B얕음 · 끝높음,False,-0.336,-0.172,0.313
2024-11-14 13:00:00,숏,26,시작높음 · B얕음 · 끝중간,False,0.581,-0.097,0.094
2024-11-15 09:00:00,롱,10,시작중간 · B깊음 · 끝낮음,False,-0.081,-0.766,-0.396
2024-11-16 09:00:00,숏,1,시작낮음 · B깊음 · 끝낮음,False,-0.608,-0.686,-0.603
2024-11-17 09:00:00,롱,5,시작낮음 · B중간 · 끝중간,False,-0.795,-0.409,-0.019
2024-11-17 14:00:00,숏,18,시작중간 · B얕음 · 끝높음,False,-0.154,-0.21,0.309
2024-11-18 01:00:00,롱,23,시작높음 · B중간 · 끝중간,False,0.265,-0.5,0.092
2024-11-18 13:00:00,숏,11,시작중간 · B깊음 · 끝중간,True,-0.2,-0.553,0.12
2024-11-18 15:00:00,롱,15,시작중간 · B중간 · 끝높음,True,-0.161,-0.309,0.558
2024-11-18 18:00:00,숏,20,시작높음 · B깊음 · 끝중간,False,0.129,-0.622,-0.016
2024-11-18 21:00:00,롱,2,시작낮음 · B깊음 · 끝중간,True,-0.344,-0.563,-0.098
2024-11-18 23:00:00,숏,27,시작높음 · B얕음 · 끝높음,True,0.021,-0.133,0.433
2024-11-19 03:00:00,롱,24,시작높음 · B중간 · 끝높음,True,0.267,-0.336,0.164
2024-11-19 13:00:00,숏,20,시작높음 · B깊음 · 끝중간,True,0.038,-0.559,0.057
2024-11-19 15:00:00,롱,5,시작낮음 · B중간 · 끝중간,False,-0.662,-0.502,-0.047
2024-11-19 22:00:00,숏,11,시작중간 · B깊음 · 끝중간,False,-0.215,-0.693,0.01
2024-11-20 08:00:00,롱,18,시작중간 · B얕음 · 끝높음,False,-0.061,-0.231,0.371
2024-11-20 22:00:00,숏,22,시작높음 · B중간 · 끝낮음,True,0.168,-0.525,-0.345
2024-11-21 00:00:00,롱,9,시작낮음 · B얕음 · 끝높음,True,-0.671,-0.214,0.179
2024-11-21 02:00:00,숏,14,시작중간 · B중간 · 끝중간,False,-0.061,-0.464,-0.078
2024-11-21 03:00:00,롱,18,시작중간 · B얕음 · 끝높음,False,-0.215,-0.267,0.544
2024-11-21 15:00:00,숏,10,시작중간 · B깊음 · 끝낮음,False,-0.041,-0.906,-0.527
2024-11-24 02:00:00,롱,9,시작낮음 · B얕음 · 끝높음,False,-0.468,-0.153,0.259
2024-11-24 10:00:00,숏,26,시작높음 · B얕음 · 끝중간,True,0.319,-0.066,0.129
2024-11-24 22:00:00,롱,20,시작높음 · B깊음 · 끝중간,False,0.109,-0.641,0.032
2024-11-25 14:00:00,숏,15,시작중간 · B중간 · 끝높음,True,-0.279,-0.493,0.437
2024-11-26 05:00:00,롱,10,시작중간 · B깊음 · 끝낮음,False,-0.072,-0.703,-0.446
2024-11-26 08:00:00,숏,9,시작낮음 · B얕음 · 끝높음,False,-0.603,-0.113,0.217
2024-11-26 16:00:00,롱,23,시작높음 · B중간 · 끝중간,False,0.153,-0.505,0.075
2024-11-26 20:00:00,숏,15,시작중간 · B중간 · 끝높음,False,-0.21,-0.379,0.442
2024-11-26 23:00:00,롱,26,시작높음 · B얕음 · 끝중간,False,0.334,-0.208,0.073
2024-11-28 03:00:00,숏,19,시작높음 · B깊음 · 끝낮음,False,0.047,-0.835,-0.567
2024-11-29 01:00:00,롱,8,시작낮음 · B얕음 · 끝중간,False,-0.705,-0.187,0.037
2024-11-29 20:00:00,숏,10,시작중간 · B깊음 · 끝낮음,True,-0.002,-0.745,-0.454
2024-11-30 18:00:00,롱,5,시작낮음 · B중간 · 끝중간,False,-0.546,-0.337,-0.115
2024-11-30 22:00:00,숏,9,시작낮음 · B얕음 · 끝높음,True,-0.305,-0.166,0.201
2024-12-01 08:00:00,롱,21,시작높음 · B깊음 · 끝높음,True,0.043,-0.652,0.177
2024-12-02 03:00:00,숏,14,시작중간 · B중간 · 끝중간,True,-0.134,-0.532,0.001
2024-12-02 15:00:00,롱,1,시작낮음 · B깊음 · 끝낮음,True,-0.324,-0.788,-0.173
2024-12-02 17:00:00,숏,9,시작낮음 · B얕음 · 끝높음,True,-0.348,-0.292,0.521
2024-12-02 20:00:00,롱,13,시작중간 · B중간 · 끝낮음,True,-0.052,-0.521,-0.168
2024-12-02 21:00:00,숏,9,시작낮음 · B얕음 · 끝높음,True,-0.304,-0.158,0.188
2024-12-02 23:00:00,롱,23,시작높음 · B중간 · 끝중간,True,0.279,-0.42,0.133
2024-12-03 09:00:00,숏,11,시작중간 · B깊음 · 끝중간,False,-0.093,-0.637,0.085
2024-12-03 16:00:00,롱,10,시작중간 · B깊음 · 끝낮음,True,-0.008,-0.707,-0.152
2024-12-04 13:00:00,숏,23,시작높음 · B중간 · 끝중간,False,0.053,-0.372,-0.0
2024-12-04 19:00:00,롱,15,시작중간 · B중간 · 끝높음,False,-0.098,-0.394,0.467
2024-12-05 15:00:00,숏,19,시작높음 · B깊음 · 끝낮음,True,0.025,-0.755,-0.518
2024-12-06 13:00:00,롱,1,시작낮음 · B깊음 · 끝낮음,False,-0.523,-0.681,-0.352
2024-12-07 03:00:00,숏,5,시작낮음 · B중간 · 끝중간,True,-0.436,-0.326,-0.13
2024-12-07 18:00:00,롱,8,시작낮음 · B얕음 · 끝중간,False,-0.47,-0.202,0.046
2024-12-08 04:00:00,숏,14,시작중간 · B중간 · 끝중간,False,-0.111,-0.468,-0.067
2024-12-08 13:00:00,롱,12,시작중간 · B깊음 · 끝높음,True,-0.146,-0.553,0.256
2024-12-09 01:00:00,숏,15,시작중간 · B중간 · 끝높음,True,-0.006,-0.436,0.152
2024-12-09 14:00:00,롱,23,시작높음 · B중간 · 끝중간,True,0.086,-0.406,0.147
2024-12-09 15:00:00,숏,15,시작중간 · B중간 · 끝높음,True,-0.278,-0.381,0.415
2024-12-10 01:00:00,롱,10,시작중간 · B깊음 · 끝낮음,True,-0.172,-0.576,-0.342
2024-12-10 02:00:00,숏,9,시작낮음 · B얕음 · 끝높음,False,-0.347,-0.016,0.182
2024-12-10 05:00:00,롱,10,시작중간 · B깊음 · 끝낮음,False,-0.055,-0.784,-0.391
2024-12-10 16:00:00,숏,18,시작중간 · B얕음 · 끝높음,True,-0.186,-0.285,0.201
2024-12-10 22:00:00,롱,27,시작높음 · B얕음 · 끝높음,True,0.292,-0.278,0.279
2024-12-12 04:00:00,숏,19,시작높음 · B깊음 · 끝낮음,False,0.139,-0.646,-0.5
2024-12-13 10:00:00,롱,8,시작낮음 · B얕음 · 끝중간,False,-0.577,-0.236,-0.085
2024-12-14 09:00:00,숏,10,시작중간 · B깊음 · 끝낮음,True,-0.283,-0.701,-0.413
2024-12-15 01:00:00,롱,5,시작낮음 · B중간 · 끝중간,False,-0.543,-0.364,0.097
2024-12-16 09:00:00,숏,10,시작중간 · B깊음 · 끝낮음,False,-0.039,-0.836,-0.526
2024-12-16 15:00:00,롱,9,시작낮음 · B얕음 · 끝높음,False,-0.583,-0.175,0.338
2024-12-16 22:00:00,숏,23,시작높음 · B중간 · 끝중간,False,0.219,-0.495,-0.066
2024-12-17 09:00:00,롱,18,시작중간 · B얕음 · 끝높음,False,-0.089,-0.189,0.478
2024-12-17 11:00:00,숏,27,시작높음 · B얕음 · 끝높음,False,0.629,0.029,0.294
2024-12-17 14:00:00,롱,24,시작높음 · B중간 · 끝높음,True,0.076,-0.306,0.551
2024-12-17 15:00:00,숏,24,시작높음 · B중간 · 끝높음,False,0.059,-0.351,0.314
2024-12-18 13:00:00,롱,10,시작중간 · B깊음 · 끝낮음,False,-0.154,-0.906,-0.698
2024-12-18 14:00:00,숏,9,시작낮음 · B얕음 · 끝높음,True,-0.576,-0.049,0.17
2024-12-18 15:00:00,롱,23,시작높음 · B중간 · 끝중간,True,0.112,-0.531,-0.089
2024-12-18 19:00:00,숏,15,시작중간 · B중간 · 끝높음,True,-0.292,-0.378,0.547
2024-12-19 06:00:00,롱,10,시작중간 · B깊음 · 끝낮음,False,-0.178,-0.946,-0.583
2024-12-19 17:00:00,숏,9,시작낮음 · B얕음 · 끝높음,False,-0.391,-0.122,0.327
2024-12-20 06:00:00,롱,19,시작높음 · B깊음 · 끝낮음,False,0.082,-0.665,-0.481
2024-12-20 09:00:00,숏,9,시작낮음 · B얕음 · 끝높음,False,-0.627,-0.222,0.32
2024-12-20 15:00:00,롱,24,시작높음 · B중간 · 끝높음,False,0.253,-0.396,0.256
2024-12-21 13:00:00,숏,22,시작높음 · B중간 · 끝낮음,True,0.042,-0.531,-0.233
2024-12-22 10:00:00,롱,17,시작중간 · B얕음 · 끝중간,True,-0.285,-0.283,-0.032
2024-12-22 14:00:00,숏,18,시작중간 · B얕음 · 끝높음,False,-0.112,-0.143,0.568
2024-12-23 03:00:00,롱,10,시작중간 · B깊음 · 끝낮음,False,-0.036,-0.8,-0.263
2024-12-23 15:00:00,숏,6,시작낮음 · B중간 · 끝높음,False,-0.55,-0.392,0.372
2024-12-23 22:00:00,롱,24,시작높음 · B중간 · 끝높음,False,0.092,-0.408,0.199
2024-12-25 03:00:00,숏,19,시작높음 · B깊음 · 끝낮음,True,0.002,-0.738,-0.586
2024-12-26 22:00:00,롱,4,시작낮음 · B중간 · 끝낮음,False,-0.654,-0.441,-0.359
2024-12-27 15:00:00,숏,9,시작낮음 · B얕음 · 끝높음,False,-0.41,-0.22,0.208
2024-12-28 04:00:00,롱,22,시작높음 · B중간 · 끝낮음,True,0.021,-0.515,-0.285
2024-12-29 11:00:00,숏,4,시작낮음 · B중간 · 끝낮음,True,-0.31,-0.357,-0.189
2024-12-30 06:00:00,롱,10,시작중간 · B깊음 · 끝낮음,False,-0.218,-0.763,-0.456
2024-12-30 13:00:00,숏,9,시작낮음 · B얕음 · 끝높음,False,-0.58,-0.206,0.351
2024-12-30 18:00:00,롱,12,시작중간 · B깊음 · 끝높음,False,-0.049,-0.652,0.266
2024-12-30 23:00:00,숏,24,시작높음 · B중간 · 끝높음,True,0.037,-0.329,0.294
2024-12-31 07:00:00,롱,26,시작높음 · B얕음 · 끝중간,False,0.3,-0.187,0.021
2024-12-31 20:00:00,숏,19,시작높음 · B깊음 · 끝낮음,True,0.056,-0.736,-0.175
2025-01-01 14:00:00,롱,8,시작낮음 · B얕음 · 끝중간,True,-0.374,-0.287,-0.002
2025-01-02 22:00:00,숏,10,시작중간 · B깊음 · 끝낮음,True,-0.015,-0.76,-0.572
2025-01-03 16:00:00,롱,8,시작낮음 · B얕음 · 끝중간,True,-0.593,-0.203,0.139
2025-01-04 03:00:00,숏,22,시작높음 · B중간 · 끝낮음,False,0.165,-0.493,-0.226
2025-01-04 20:00:00,롱,6,시작낮음 · B중간 · 끝높음,False,-0.413,-0.363,0.195
2025-01-05 01:00:00,숏,14,시작중간 · B중간 · 끝중간,True,-0.043,-0.307,0.023
2025-01-05 06:00:00,롱,27,시작높음 · B얕음 · 끝높음,False,0.076,-0.208,0.325
2025-01-05 07:00:00,숏,27,시작높음 · B얕음 · 끝높음,True,0.261,-0.279,0.166
2025-01-05 20:00:00,롱,11,시작중간 · B깊음 · 끝중간,True,-0.092,-0.804,-0.127
2025-01-07 02:00:00,숏,10,시작중간 · B깊음 · 끝낮음,False,-0.07,-0.769,-0.651
2025-01-08 10:00:00,롱,1,시작낮음 · B깊음 · 끝낮음,False,-0.519,-0.865,-0.794
2025-01-08 11:00:00,숏,8,시작낮음 · B얕음 · 끝중간,False,-0.87,-0.077,0.037
2025-01-08 13:00:00,롱,10,시작중간 · B깊음 · 끝낮음,False,-0.236,-0.768,-0.362
2025-01-08 18:00:00,숏,9,시작낮음 · B얕음 · 끝높음,True,-0.306,-0.262,0.177
2025-01-08 21:00:00,롱,26,시작높음 · B얕음 · 끝중간,True,0.423,-0.019,0.123
2025-01-09 08:00:00,숏,15,시작중간 · B중간 · 끝높음,False,-0.162,-0.514,0.365
2025-01-09 12:00:00,롱,26,시작높음 · B얕음 · 끝중간,False,0.341,-0.117,0.073
2025-01-09 13:00:00,숏,27,시작높음 · B얕음 · 끝높음,False,0.142,-0.095,0.737
2025-01-09 15:00:00,롱,24,시작높음 · B중간 · 끝높음,True,0.009,-0.473,0.299
2025-01-09 19:00:00,숏,12,시작중간 · B깊음 · 끝높음,False,-0.147,-0.599,0.326
2025-01-09 23:00:00,롱,14,시작중간 · B중간 · 끝중간,True,-0.056,-0.469,-0.133
2025-01-10 16:00:00,숏,10,시작중간 · B깊음 · 끝낮음,False,-0.117,-0.671,-0.294
2025-01-10 17:00:00,롱,9,시작낮음 · B얕음 · 끝높음,True,-0.308,-0.122,0.535
2025-01-11 00:00:00,숏,19,시작높음 · B깊음 · 끝낮음,False,0.053,-0.789,-0.346
2025-01-11 21:00:00,롱,5,시작낮음 · B중간 · 끝중간,True,-0.456,-0.307,0.082
2025-01-12 06:00:00,숏,15,시작중간 · B중간 · 끝높음,True,-0.082,-0.325,0.204
2025-01-12 14:00:00,롱,21,시작높음 · B깊음 · 끝높음,True,0.09,-0.559,0.195
2025-01-12 21:00:00,숏,24,시작높음 · B중간 · 끝높음,True,0.069,-0.311,0.18
2025-01-13 00:00:00,롱,27,시작높음 · B얕음 · 끝높음,True,0.008,-0.3,0.283
2025-01-13 01:00:00,숏,15,시작중간 · B중간 · 끝높음,True,-0.042,-0.54,0.15
2025-01-13 19:00:00,롱,10,시작중간 · B깊음 · 끝낮음,False,-0.112,-0.749,-0.441
2025-01-14 20:00:00,숏,1,시작낮음 · B깊음 · 끝낮음,False,-0.388,-0.634,-0.533
2025-01-15 13:00:00,롱,9,시작낮음 · B얕음 · 끝높음,False,-0.587,-0.043,0.323
2025-01-16 03:00:00,숏,19,시작높음 · B깊음 · 끝낮음,False,0.147,-0.761,-0.532
2025-01-16 19:00:00,롱,6,시작낮음 · B중간 · 끝높음,False,-0.632,-0.512,0.19
2025-01-17 23:00:00,숏,10,시작중간 · B깊음 · 끝낮음,True,-0.009,-0.724,-0.53
2025-01-18 23:00:00,롱,8,시작낮음 · B얕음 · 끝중간,True,-0.746,-0.278,0.024
2025-01-19 00:00:00,숏,17,시작중간 · B얕음 · 끝중간,False,-0.034,-0.097,0.067
2025-01-19 01:00:00,롱,14,시작중간 · B중간 · 끝중간,True,-0.158,-0.53,-0.088
2025-01-19 10:00:00,숏,10,시작중간 · B깊음 · 끝낮음,False,-0.134,-0.666,-0.332
2025-01-19 19:00:00,롱,6,시작낮음 · B중간 · 끝높음,True,-0.368,-0.329,0.339
2025-01-19 21:00:00,숏,24,시작높음 · B중간 · 끝높음,False,0.047,-0.45,0.477
2025-01-20 06:00:00,롱,14,시작중간 · B중간 · 끝중간,True,-0.118,-0.532,0.119
2025-01-20 17:00:00,숏,5,시작낮음 · B중간 · 끝중간,False,-0.333,-0.498,-0.062
2025-01-21 10:00:00,롱,1,시작낮음 · B깊음 · 끝낮음,False,-0.421,-0.587,-0.358
2025-01-22 04:00:00,숏,10,시작중간 · B깊음 · 끝낮음,False,-0.235,-0.615,-0.398
2025-01-23 14:00:00,롱,2,시작낮음 · B깊음 · 끝중간,False,-0.465,-0.719,-0.064
2025-01-24 01:00:00,숏,2,시작낮음 · B깊음 · 끝중간,True,-0.56,-0.583,-0.125
2025-01-24 04:00:00,롱,18,시작중간 · B얕음 · 끝높음,False,-0.222,-0.145,0.237
2025-01-24 20:00:00,숏,19,시작높음 · B깊음 · 끝낮음,False,0.071,-0.691,-0.222
2025-01-25 15:00:00,롱,4,시작낮음 · B중간 · 끝낮음,False,-0.576,-0.487,-0.263
2025-01-26 01:00:00,숏,5,시작낮음 · B중간 · 끝중간,False,-0.68,-0.349,-0.028
2025-01-26 03:00:00,롱,27,시작높음 · B얕음 · 끝높음,False,0.031,-0.005,0.495
2025-01-26 09:00:00,숏,20,시작높음 · B깊음 · 끝중간,True,0.066,-0.556,0.057
2025-01-26 15:00:00,롱,14,시작중간 · B중간 · 끝중간,False,-0.199,-0.383,-0.05
2025-01-26 21:00:00,숏,15,시작중간 · B중간 · 끝높음,False,-0.03,-0.355,0.454
2025-01-27 13:00:00,롱,10,시작중간 · B깊음 · 끝낮음,True,-0.002,-0.954,-0.595
2025-01-28 16:00:00,숏,4,시작낮음 · B중간 · 끝낮음,False,-0.569,-0.402,-0.225
2025-01-29 05:00:00,롱,5,시작낮음 · B중간 · 끝중간,False,-0.427,-0.487,-0.101
2025-01-29 13:00:00,숏,14,시작중간 · B중간 · 끝중간,True,-0.221,-0.327,0.053
2025-01-29 18:00:00,롱,18,시작중간 · B얕음 · 끝높음,False,-0.133,-0.178,0.413
2025-01-30 12:00:00,숏,19,시작높음 · B깊음 · 끝낮음,False,0.065,-0.726,-0.617
2025-01-31 15:00:00,롱,8,시작낮음 · B얕음 · 끝중간,False,-0.642,-0.266,0.024
2025-01-31 18:00:00,숏,18,시작중간 · B얕음 · 끝높음,False,-0.19,-0.257,0.471
2025-02-01 12:00:00,롱,19,시작높음 · B깊음 · 끝낮음,True,0.027,-0.644,-0.5
2025-02-01 22:00:00,숏,9,시작낮음 · B얕음 · 끝높음,False,-0.578,-0.058,0.316
2025-02-03 08:00:00,롱,19,시작높음 · B깊음 · 끝낮음,False,0.08,-0.73,-0.529
2025-02-04 05:00:00,숏,1,시작낮음 · B깊음 · 끝낮음,False,-0.541,-0.616,-0.315
2025-02-05 11:00:00,롱,4,시작낮음 · B중간 · 끝낮음,False,-0.592,-0.422,-0.22
2025-02-05 18:00:00,숏,9,시작낮음 · B얕음 · 끝높음,False,-0.38,-0.223,0.221
2025-02-06 03:00:00,롱,23,시작높음 · B중간 · 끝중간,False,0.061,-0.394,-0.063
2025-02-06 16:00:00,숏,12,시작중간 · B깊음 · 끝높음,False,-0.044,-0.587,0.259
2025-02-07 02:00:00,롱,23,시작높음 · B중간 · 끝중간,True,0.016,-0.412,0.068
2025-02-07 19:00:00,숏,11,시작중간 · B깊음 · 끝중간,True,-0.021,-0.562,0.109
2025-02-08 13:00:00,롱,13,시작중간 · B중간 · 끝낮음,False,-0.046,-0.436,-0.331
2025-02-09 11:00:00,숏,4,시작낮음 · B중간 · 끝낮음,True,-0.708,-0.535,-0.226
2025-02-10 00:00:00,롱,11,시작중간 · B깊음 · 끝중간,False,-0.264,-0.741,-0.017
2025-02-10 01:00:00,숏,18,시작중간 · B얕음 · 끝높음,False,-0.18,-0.187,0.361
2025-02-10 03:00:00,롱,20,시작높음 · B깊음 · 끝중간,False,0.041,-0.581,0.042
2025-02-10 19:00:00,숏,10,시작중간 · B깊음 · 끝낮음,False,-0.253,-0.77,-0.501
2025-02-11 01:00:00,롱,9,시작낮음 · B얕음 · 끝높음,True,-0.639,-0.158,0.166
2025-02-11 03:00:00,숏,27,시작높음 · B얕음 · 끝높음,True,0.186,-0.208,0.166
2025-02-11 04:00:00,롱,24,시작높음 · B중간 · 끝높음,False,0.279,-0.371,0.398
2025-02-11 10:00:00,숏,19,시작높음 · B깊음 · 끝낮음,True,0.004,-0.801,-0.333
2025-02-12 06:00:00,롱,10,시작중간 · B깊음 · 끝낮음,False,-0.102,-0.81,-0.595
2025-02-13 05:00:00,숏,4,시작낮음 · B중간 · 끝낮음,False,-0.505,-0.51,-0.185
2025-02-13 21:00:00,롱,14,시작중간 · B중간 · 끝중간,True,-0.276,-0.357,-0.112
2025-02-14 22:00:00,숏,10,시작중간 · B깊음 · 끝낮음,False,-0.128,-0.622,-0.233
2025-02-15 02:00:00,롱,9,시작낮음 · B얕음 · 끝높음,True,-0.405,-0.124,0.153
2025-02-15 03:00:00,숏,26,시작높음 · B얕음 · 끝중간,False,0.27,-0.162,0.116
2025-02-17 12:00:00,롱,10,시작중간 · B깊음 · 끝낮음,True,-0.016,-0.898,-0.632
2025-02-17 16:00:00,숏,6,시작낮음 · B중간 · 끝높음,True,-0.666,-0.301,0.274
2025-02-17 21:00:00,롱,27,시작높음 · B얕음 · 끝높음,False,0.292,-0.192,0.41
2025-02-18 07:00:00,숏,24,시작높음 · B중간 · 끝높음,False,0.058,-0.365,0.422
2025-02-18 10:00:00,롱,27,시작높음 · B얕음 · 끝높음,False,0.47,-0.172,0.265
2025-02-18 16:00:00,숏,24,시작높음 · B중간 · 끝높음,False,0.114,-0.333,0.524
2025-02-18 23:00:00,롱,20,시작높음 · B깊음 · 끝중간,True,0.08,-0.577,0.03
2025-02-20 14:00:00,숏,13,시작중간 · B중간 · 끝낮음,True,-0.032,-0.55,-0.355
2025-02-20 17:00:00,롱,8,시작낮음 · B얕음 · 끝중간,True,-0.708,-0.128,0.137
2025-02-21 02:00:00,숏,10,시작중간 · B깊음 · 끝낮음,False,-0.074,-0.595,-0.293
2025-02-21 13:00:00,롱,9,시작낮음 · B얕음 · 끝높음,True,-0.307,-0.074,0.53
2025-02-21 15:00:00,숏,27,시작높음 · B얕음 · 끝높음,False,0.267,-0.227,0.332
2025-02-22 06:00:00,롱,19,시작높음 · B깊음 · 끝낮음,False,0.097,-0.79,-0.497
2025-02-23 05:00:00,숏,8,시작낮음 · B얕음 · 끝중간,False,-0.564,-0.061,0.078
2025-02-23 07:00:00,롱,26,시작높음 · B얕음 · 끝중간,False,0.213,-0.212,0.096
2025-02-23 09:00:00,숏,15,시작중간 · B중간 · 끝높음,True,-0.224,-0.407,0.156
2025-02-23 21:00:00,롱,10,시작중간 · B깊음 · 끝낮음,False,-0.043,-0.837,-0.452
2025-02-24 04:00:00,숏,6,시작낮음 · B중간 · 끝높음,False,-0.409,-0.395,0.336
2025-02-24 06:00:00,롱,27,시작높음 · B얕음 · 끝높음,False,0.228,-0.189,0.293
2025-02-24 14:00:00,숏,27,시작높음 · B얕음 · 끝높음,False,0.171,-0.195,0.655
2025-02-25 20:00:00,롱,19,시작높음 · B깊음 · 끝낮음,True,0.012,-0.843,-0.733
2025-02-26 15:00:00,숏,8,시작낮음 · B얕음 · 끝중간,False,-0.737,-0.133,0.044
2025-02-27 03:00:00,롱,19,시작높음 · B깊음 · 끝낮음,False,0.032,-0.633,-0.319
2025-02-27 17:00:00,숏,5,시작낮음 · B중간 · 끝중간,False,-0.516,-0.385,-0.049
2025-02-28 12:00:00,롱,19,시작높음 · B깊음 · 끝낮음,True,0.006,-0.668,-0.417
2025-03-01 11:00:00,숏,1,시작낮음 · B깊음 · 끝낮음,False,-0.485,-0.728,-0.496
2025-03-01 21:00:00,롱,9,시작낮음 · B얕음 · 끝높음,False,-0.704,-0.069,0.183
2025-03-02 03:00:00,숏,22,시작높음 · B중간 · 끝낮음,True,0.369,-0.406,-0.152
2025-03-02 16:00:00,롱,18,시작중간 · B얕음 · 끝높음,False,-0.042,-0.089,0.782
2025-03-03 04:00:00,숏,19,시작높음 · B깊음 · 끝낮음,False,0.149,-0.645,-0.541
2025-03-04 11:00:00,롱,1,시작낮음 · B깊음 · 끝낮음,False,-0.389,-0.748,-0.694
2025-03-06 08:00:00,숏,1,시작낮음 · B깊음 · 끝낮음,False,-0.715,-0.713,-0.586
2025-03-07 09:00:00,롱,4,시작낮음 · B중간 · 끝낮음,False,-0.658,-0.514,-0.213
2025-03-07 17:00:00,숏,5,시작낮음 · B중간 · 끝중간,False,-0.407,-0.358,0.092
2025-03-08 10:00:00,롱,22,시작높음 · B중간 · 끝낮음,True,0.21,-0.315,-0.193
2025-03-09 09:00:00,숏,8,시작낮음 · B얕음 · 끝중간,False,-0.344,-0.152,0.098
2025-03-10 03:00:00,롱,19,시작높음 · B깊음 · 끝낮음,False,0.039,-0.814,-0.562
2025-03-10 15:00:00,숏,9,시작낮음 · B얕음 · 끝높음,False,-0.525,-0.219,0.318
2025-03-11 02:00:00,롱,23,시작높음 · B중간 · 끝중간,False,0.318,-0.353,-0.064
2025-03-12 04:00:00,숏,10,시작중간 · B깊음 · 끝낮음,False,-0.096,-0.645,-0.375
2025-03-12 12:00:00,롱,9,시작낮음 · B얕음 · 끝높음,False,-0.555,-0.128,0.344
2025-03-12 14:00:00,숏,27,시작높음 · B얕음 · 끝높음,True,0.365,-0.284,0.467
2025-03-12 21:00:00,롱,23,시작높음 · B중간 · 끝중간,False,0.123,-0.458,0.101
2025-03-13 05:00:00,숏,26,시작높음 · B얕음 · 끝중간,True,0.091,-0.274,-0.011
2025-03-14 01:00:00,롱,10,시작중간 · B깊음 · 끝낮음,True,-0.012,-0.74,-0.384
2025-03-15 00:00:00,숏,1,시작낮음 · B깊음 · 끝낮음,False,-0.357,-0.677,-0.522
2025-03-16 18:00:00,롱,5,시작낮음 · B중간 · 끝중간,False,-0.645,-0.363,-0.069
2025-03-16 19:00:00,숏,18,시작중간 · B얕음 · 끝높음,False,-0.057,0.005,0.285
2025-03-17 02:00:00,롱,19,시작높음 · B깊음 · 끝낮음,False,0.068,-0.765,-0.226
2025-03-17 14:00:00,숏,18,시작중간 · B얕음 · 끝높음,True,-0.198,-0.09,0.154
2025-03-17 15:00:00,롱,27,시작높음 · B얕음 · 끝높음,False,0.106,-0.121,0.329
2025-03-18 01:00:00,숏,20,시작높음 · B깊음 · 끝중간,False,0.041,-0.743,-0.103
2025-03-18 22:00:00,롱,10,시작중간 · B깊음 · 끝낮음,True,-0.278,-0.709,-0.387
2025-03-20 05:00:00,숏,10,시작중간 · B깊음 · 끝낮음,True,-0.288,-0.831,-0.6
2025-03-21 17:00:00,롱,4,시작낮음 · B중간 · 끝낮음,False,-0.641,-0.426,-0.304
2025-03-22 14:00:00,숏,8,시작낮음 · B얕음 · 끝중간,False,-0.473,-0.112,0.03
2025-03-22 18:00:00,롱,17,시작중간 · B얕음 · 끝중간,True,-0.293,-0.2,0.073
2025-03-22 19:00:00,숏,27,시작높음 · B얕음 · 끝높음,True,0.216,-0.226,0.17
2025-03-23 02:00:00,롱,11,시작중간 · B깊음 · 끝중간,True,-0.024,-0.746,0.003
2025-03-24 20:00:00,숏,10,시작중간 · B깊음 · 끝낮음,False,-0.032,-0.889,-0.733
2025-03-25 14:00:00,롱,5,시작낮음 · B중간 · 끝중간,False,-0.871,-0.369,-0.045
2025-03-25 23:00:00,숏,14,시작중간 · B중간 · 끝중간,False,-0.263,-0.341,0.093
2025-03-26 07:00:00,롱,27,시작높음 · B얕음 · 끝높음,False,0.075,-0.22,0.46
2025-03-26 13:00:00,숏,27,시작높음 · B얕음 · 끝높음,False,0.424,-0.16,0.654
2025-03-27 00:00:00,롱,19,시작높음 · B깊음 · 끝낮음,True,0.02,-0.668,-0.214
2025-03-27 11:00:00,숏,5,시작낮음 · B중간 · 끝중간,False,-0.414,-0.412,-0.019
2025-03-27 20:00:00,롱,11,시작중간 · B깊음 · 끝중간,True,-0.126,-0.577,0.052
2025-03-28 03:00:00,숏,14,시작중간 · B중간 · 끝중간,True,-0.113,-0.315,0.137
2025-03-28 22:00:00,롱,19,시작높음 · B깊음 · 끝낮음,True,0.012,-0.8,-0.603
2025-03-29 10:00:00,숏,9,시작낮음 · B얕음 · 끝높음,False,-0.692,-0.12,0.268
2025-03-29 19:00:00,롱,19,시작높음 · B깊음 · 끝낮음,False,0.206,-0.581,-0.262
2025-03-30 16:00:00,숏,2,시작낮음 · B깊음 · 끝중간,False,-0.581,-0.582,0.035
2025-03-31 08:00:00,롱,10,시작중간 · B깊음 · 끝낮음,True,-0.134,-0.566,-0.359
2025-03-31 09:00:00,숏,9,시작낮음 · B얕음 · 끝높음,False,-0.466,-0.163,0.295
2025-03-31 10:00:00,롱,24,시작높음 · B중간 · 끝높음,False,0.221,-0.442,0.264
2025-03-31 23:00:00,숏,10,시작중간 · B깊음 · 끝낮음,False,-0.158,-0.824,-0.411
2025-04-01 02:00:00,롱,9,시작낮음 · B얕음 · 끝높음,True,-0.305,0.008,0.262
2025-04-02 01:00:00,숏,19,시작높음 · B깊음 · 끝낮음,False,0.058,-0.804,-0.738
2025-04-02 14:00:00,롱,9,시작낮음 · B얕음 · 끝높음,True,-0.639,-0.275,0.253
2025-04-02 21:00:00,숏,20,시작높음 · B깊음 · 끝중간,False,0.046,-0.583,0.077
2025-04-03 21:00:00,롱,19,시작높음 · B깊음 · 끝낮음,True,0.012,-0.582,-0.395
2025-04-04 14:00:00,숏,5,시작낮음 · B중간 · 끝중간,False,-0.647,-0.487,-0.04
2025-04-04 16:00:00,롱,8,시작낮음 · B얕음 · 끝중간,True,-0.319,-0.287,0.016
2025-04-05 03:00:00,숏,13,시작중간 · B중간 · 끝낮음,True,-0.122,-0.531,-0.281
2025-04-05 23:00:00,롱,1,시작낮음 · B깊음 · 끝낮음,False,-0.434,-0.697,-0.196
2025-04-06 08:00:00,숏,5,시작낮음 · B중간 · 끝중간,True,-0.436,-0.324,0.105
2025-04-07 11:00:00,롱,19,시작높음 · B깊음 · 끝낮음,True,0.022,-0.902,-0.68
2025-04-08 10:00:00,숏,4,시작낮음 · B중간 · 끝낮음,False,-0.685,-0.376,-0.235
2025-04-08 11:00:00,롱,9,시작낮음 · B얕음 · 끝높음,True,-0.305,0.012,0.198
2025-04-08 14:00:00,숏,24,시작높음 · B중간 · 끝높음,True,0.026,-0.531,0.289
2025-04-09 07:00:00,롱,10,시작중간 · B깊음 · 끝낮음,False,-0.147,-0.902,-0.381
2025-04-10 06:00:00,숏,1,시작낮음 · B깊음 · 끝낮음,False,-0.352,-0.729,-0.591
2025-04-11 03:00:00,롱,4,시작낮음 · B중간 · 끝낮음,True,-0.6,-0.429,-0.169
2025-04-12 01:00:00,숏,1,시작낮음 · B깊음 · 끝낮음,True,-0.319,-0.646,-0.499
2025-04-12 14:00:00,롱,9,시작낮음 · B얕음 · 끝높음,False,-0.601,-0.106,0.291
2025-04-13 01:00:00,숏,22,시작높음 · B중간 · 끝낮음,False,0.327,-0.355,-0.237
2025-04-14 02:00:00,롱,2,시작낮음 · B깊음 · 끝중간,False,-0.355,-0.629,-0.117
2025-04-14 16:00:00,숏,5,시작낮음 · B중간 · 끝중간,False,-0.388,-0.48,-0.037
2025-04-14 18:00:00,롱,27,시작높음 · B얕음 · 끝높음,True,0.008,-0.012,0.416
2025-04-14 22:00:00,숏,27,시작높음 · B얕음 · 끝높음,False,0.428,-0.142,0.275
2025-04-15 01:00:00,롱,24,시작높음 · B중간 · 끝높음,False,0.348,-0.383,0.308
2025-04-15 14:00:00,숏,20,시작높음 · B깊음 · 끝중간,False,0.124,-0.695,-0.106
2025-04-16 10:00:00,롱,10,시작중간 · B깊음 · 끝낮음,False,-0.234,-0.677,-0.486
2025-04-17 14:00:00,숏,4,시작낮음 · B중간 · 끝낮음,True,-0.692,-0.458,-0.173
2025-04-17 16:00:00,롱,9,시작낮음 · B얕음 · 끝높음,False,-0.335,-0.264,0.199
2025-04-18 02:00:00,숏,22,시작높음 · B중간 · 끝낮음,False,0.149,-0.485,-0.206
2025-04-19 02:00:00,롱,5,시작낮음 · B중간 · 끝중간,True,-0.439,-0.425,-0.124
2025-04-19 16:00:00,숏,10,시작중간 · B깊음 · 끝낮음,True,-0.278,-0.64,-0.225
2025-04-20 19:00:00,롱,1,시작낮음 · B깊음 · 끝낮음,False,-0.391,-0.634,-0.312
2025-04-21 13:00:00,숏,10,시작중간 · B깊음 · 끝낮음,False,-0.183,-0.794,-0.634
2025-04-21 14:00:00,롱,9,시작낮음 · B얕음 · 끝높음,False,-0.626,-0.026,0.294
2025-04-21 16:00:00,숏,20,시작높음 · B깊음 · 끝중간,True,0.007,-0.74,-0.087
2025-04-22 02:00:00,롱,5,시작낮음 · B중간 · 끝중간,True,-0.32,-0.546,0.06
2025-04-23 10:00:00,숏,19,시작높음 · B깊음 · 끝낮음,False,0.047,-0.721,-0.654
2025-04-24 15:00:00,롱,5,시작낮음 · B중간 · 끝중간,True,-0.765,-0.308,-0.101
2025-04-25 03:00:00,숏,14,시작중간 · B중간 · 끝중간,False,-0.185,-0.352,-0.069
2025-04-25 07:00:00,롱,27,시작높음 · B얕음 · 끝높음,False,0.107,0.012,0.451
2025-04-25 22:00:00,숏,19,시작높음 · B깊음 · 끝낮음,False,0.181,-0.623,-0.44
2025-04-26 22:00:00,롱,8,시작낮음 · B얕음 · 끝중간,False,-0.423,-0.239,0.078
2025-04-27 03:00:00,숏,14,시작중간 · B중간 · 끝중간,True,-0.217,-0.324,0.134
2025-04-27 18:00:00,롱,23,시작높음 · B중간 · 끝중간,False,0.055,-0.361,-0.028
2025-04-27 23:00:00,숏,6,시작낮음 · B중간 · 끝높음,False,-0.335,-0.384,0.309
2025-04-28 05:00:00,롱,24,시작높음 · B중간 · 끝높음,True,0.04,-0.544,0.169
2025-04-28 15:00:00,숏,23,시작높음 · B중간 · 끝중간,False,0.075,-0.484,0.075
2025-04-28 22:00:00,롱,15,시작중간 · B중간 · 끝높음,True,-0.204,-0.408,0.177
2025-04-29 04:00:00,숏,23,시작높음 · B중간 · 끝중간,False,0.073,-0.346,0.087
2025-04-29 08:00:00,롱,15,시작중간 · B중간 · 끝높음,True,-0.091,-0.327,0.289
2025-04-29 15:00:00,숏,26,시작높음 · B얕음 · 끝중간,False,0.321,-0.214,0.078
2025-04-29 17:00:00,롱,18,시작중간 · B얕음 · 끝높음,False,-0.14,-0.242,0.208
2025-04-29 21:00:00,숏,24,시작높음 · B중간 · 끝높음,True,0.011,-0.401,0.181
2025-04-30 05:00:00,롱,11,시작중간 · B깊음 · 끝중간,True,-0.01,-0.591,0.048
2025-04-30 06:00:00,숏,27,시작높음 · B얕음 · 끝높음,False,0.161,0.016,0.218
2025-04-30 09:00:00,롱,20,시작높음 · B깊음 · 끝중간,True,0.122,-0.561,0.108
2025-04-30 12:00:00,숏,15,시작중간 · B중간 · 끝높음,False,-0.245,-0.416,0.199
2025-04-30 21:00:00,롱,10,시작중간 · B깊음 · 끝낮음,False,-0.172,-0.782,-0.319
2025-05-01 22:00:00,숏,10,시작중간 · B깊음 · 끝낮음,False,-0.13,-0.623,-0.4
2025-05-02 14:00:00,롱,9,시작낮음 · B얕음 · 끝높음,False,-0.465,-0.05,0.324
2025-05-02 18:00:00,숏,19,시작높음 · B깊음 · 끝낮음,True,0.176,-0.561,-0.219
2025-05-03 19:00:00,롱,10,시작중간 · B깊음 · 끝낮음,False,-0.197,-0.644,-0.497
2025-05-03 23:00:00,숏,8,시작낮음 · B얕음 · 끝중간,True,-0.7,-0.138,0.148
2025-05-04 19:00:00,롱,10,시작중간 · B깊음 · 끝낮음,True,-0.024,-0.675,-0.487
2025-05-04 23:00:00,숏,9,시작낮음 · B얕음 · 끝높음,False,-0.372,-0.13,0.51
2025-05-05 07:00:00,롱,20,시작높음 · B깊음 · 끝중간,False,0.171,-0.607,-0.104
2025-05-05 11:00:00,숏,18,시작중간 · B얕음 · 끝높음,False,-0.063,0.054,0.475
2025-05-05 13:00:00,롱,26,시작높음 · B얕음 · 끝중간,True,0.469,-0.293,0.108
2025-05-05 14:00:00,숏,27,시작높음 · B얕음 · 끝높음,False,0.18,0.033,0.512
2025-05-05 17:00:00,롱,21,시작높음 · B깊음 · 끝높음,False,0.124,-0.638,0.228
2025-05-06 10:00:00,숏,12,시작중간 · B깊음 · 끝높음,True,-0.059,-0.602,0.159
2025-05-06 15:00:00,롱,24,시작높음 · B중간 · 끝높음,True,0.016,-0.424,0.184
2025-05-07 13:00:00,숏,10,시작중간 · B깊음 · 끝낮음,True,-0.007,-0.766,-0.654
2025-05-08 01:00:00,롱,9,시작낮음 · B얕음 · 끝높음,True,-0.633,-0.274,0.196
2025-05-08 14:00:00,숏,22,시작높음 · B중간 · 끝낮음,False,0.208,-0.488,-0.384
2025-05-08 15:00:00,롱,9,시작낮음 · B얕음 · 끝높음,False,-0.333,-0.032,0.37
2025-05-09 04:00:00,숏,10,시작중간 · B깊음 · 끝낮음,True,-0.002,-0.848,-0.674
2025-05-10 23:00:00,롱,9,시작낮음 · B얕음 · 끝높음,False,-0.544,0.007,0.415
2025-05-11 06:00:00,숏,23,시작높음 · B중간 · 끝중간,True,0.411,-0.527,-0.101
2025-05-11 10:00:00,롱,18,시작중간 · B얕음 · 끝높음,False,-0.146,-0.258,0.457
2025-05-11 14:00:00,숏,26,시작높음 · B얕음 · 끝중간,True,0.281,-0.278,0.097
2025-05-12 08:00:00,롱,27,시작높음 · B얕음 · 끝높음,False,0.164,-0.17,0.277
2025-05-12 11:00:00,숏,27,시작높음 · B얕음 · 끝높음,False,0.178,-0.113,0.314
2025-05-13 05:00:00,롱,10,시작중간 · B깊음 · 끝낮음,False,-0.051,-0.93,-0.51
2025-05-14 01:00:00,숏,4,시작낮음 · B중간 · 끝낮음,True,-0.42,-0.522,-0.233
2025-05-15 00:00:00,롱,5,시작낮음 · B중간 · 끝중간,False,-0.463,-0.379,-0.038
2025-05-15 01:00:00,숏,18,시작중간 · B얕음 · 끝높음,False,-0.232,-0.166,0.265
2025-05-15 15:00:00,롱,10,시작중간 · B깊음 · 끝낮음,False,-0.105,-0.859,-0.225
2025-05-16 08:00:00,숏,1,시작낮음 · B깊음 · 끝낮음,False,-0.555,-0.73,-0.446
2025-05-16 16:00:00,롱,9,시작낮음 · B얕음 · 끝높음,True,-0.586,-0.221,0.165
2025-05-16 17:00:00,숏,27,시작높음 · B얕음 · 끝높음,False,0.411,-0.108,0.218
2025-05-17 19:00:00,롱,19,시작높음 · B깊음 · 끝낮음,False,0.163,-0.684,-0.493
2025-05-18 20:00:00,숏,1,시작낮음 · B깊음 · 끝낮음,False,-0.351,-0.83,-0.314
2025-05-18 22:00:00,롱,18,시작중간 · B얕음 · 끝높음,True,-0.29,-0.103,0.667
2025-05-19 02:00:00,숏,20,시작높음 · B깊음 · 끝중간,True,0.159,-0.694,-0.121
2025-05-19 15:00:00,롱,14,시작중간 · B중간 · 끝중간,False,-0.181,-0.52,-0.052
2025-05-20 07:00:00,숏,14,시작중간 · B중간 · 끝중간,True,-0.161,-0.51,-0.136
2025-05-20 19:00:00,롱,6,시작낮음 · B중간 · 끝높음,True,-0.323,-0.379,0.507
2025-05-21 08:00:00,숏,10,시작중간 · B깊음 · 끝낮음,False,-0.033,-0.666,-0.278
2025-05-21 14:00:00,롱,18,시작중간 · B얕음 · 끝높음,True,-0.287,-0.1,0.663
2025-05-21 18:00:00,숏,20,시작높음 · B깊음 · 끝중간,False,0.149,-0.641,0.077
2025-05-21 19:00:00,롱,27,시작높음 · B얕음 · 끝높음,False,0.206,0.012,0.532
2025-05-22 10:00:00,숏,19,시작높음 · B깊음 · 끝낮음,False,0.054,-0.837,-0.683
2025-05-24 04:00:00,롱,1,시작낮음 · B깊음 · 끝낮음,False,-0.679,-0.668,-0.43
2025-05-24 23:00:00,숏,8,시작낮음 · B얕음 · 끝중간,False,-0.458,-0.183,0.111
2025-05-25 17:00:00,롱,22,시작높음 · B중간 · 끝낮음,True,0.073,-0.327,-0.243
2025-05-26 14:00:00,숏,10,시작중간 · B깊음 · 끝낮음,False,-0.199,-0.819,-0.669
2025-05-27 08:00:00,롱,5,시작낮음 · B중간 · 끝중간,False,-0.688,-0.466,0.03
2025-05-27 21:00:00,숏,18,시작중간 · B얕음 · 끝높음,True,-0.021,-0.266,0.207
2025-05-29 00:00:00,롱,19,시작높음 · B깊음 · 끝낮음,False,0.036,-0.651,-0.309
2025-05-29 15:00:00,숏,6,시작낮음 · B중간 · 끝높음,True,-0.506,-0.314,0.236
2025-05-30 05:00:00,롱,19,시작높음 · B깊음 · 끝낮음,True,0.013,-0.617,-0.351
2025-05-30 07:00:00,숏,9,시작낮음 · B얕음 · 끝높음,False,-0.442,-0.051,0.339
2025-05-30 09:00:00,롱,23,시작높음 · B중간 · 끝중간,False,0.256,-0.388,-0.024
2025-05-30 16:00:00,숏,15,시작중간 · B중간 · 끝높음,True,-0.29,-0.333,0.539
2025-05-31 06:00:00,롱,10,시작중간 · B깊음 · 끝낮음,False,-0.114,-0.79,-0.569
2025-06-01 09:00:00,숏,4,시작낮음 · B중간 · 끝낮음,True,-0.738,-0.529,-0.158
2025-06-01 14:00:00,롱,8,시작낮음 · B얕음 · 끝중간,True,-0.493,-0.256,0.131
2025-06-02 04:00:00,숏,10,시작중간 · B깊음 · 끝낮음,True,-0.015,-0.694,-0.233
2025-06-02 20:00:00,롱,14,시작중간 · B중간 · 끝중간,False,-0.178,-0.365,0.021
2025-06-03 07:00:00,숏,10,시작중간 · B깊음 · 끝낮음,False,-0.152,-0.691,-0.26
2025-06-03 14:00:00,롱,9,시작낮음 · B얕음 · 끝높음,False,-0.382,-0.206,0.495
2025-06-03 21:00:00,숏,11,시작중간 · B깊음 · 끝중간,True,-0.005,-0.627,0.029
2025-06-05 03:00:00,롱,13,시작중간 · B중간 · 끝낮음,True,-0.143,-0.525,-0.271
2025-06-05 06:00:00,숏,9,시작낮음 · B얕음 · 끝높음,False,-0.394,-0.132,0.297
2025-06-05 09:00:00,롱,27,시작높음 · B얕음 · 끝높음,False,0.326,-0.247,0.276
2025-06-05 16:00:00,숏,24,시작높음 · B중간 · 끝높음,True,0.002,-0.427,0.532
2025-06-06 04:00:00,롱,19,시작높음 · B깊음 · 끝낮음,False,0.034,-0.731,-0.318
2025-06-07 09:00:00,숏,4,시작낮음 · B중간 · 끝낮음,False,-0.42,-0.495,-0.47
2025-06-07 10:00:00,롱,8,시작낮음 · B얕음 · 끝중간,True,-0.783,0.032,0.128
2025-06-07 23:00:00,숏,10,시작중간 · B깊음 · 끝낮음,True,-0.008,-0.911,-0.612
2025-06-08 15:00:00,롱,2,시작낮음 · B깊음 · 끝중간,True,-0.704,-0.555,0.113
2025-06-08 23:00:00,숏,23,시작높음 · B중간 · 끝중간,False,0.053,-0.4,0.066
2025-06-09 09:00:00,롱,27,시작높음 · B얕음 · 끝높음,False,0.076,-0.217,0.533
2025-06-10 05:00:00,숏,19,시작높음 · B깊음 · 끝낮음,False,0.046,-0.761,-0.626
2025-06-10 23:00:00,롱,9,시작낮음 · B얕음 · 끝높음,True,-0.746,-0.218,0.153
2025-06-11 01:00:00,숏,26,시작높음 · B얕음 · 끝중간,False,0.111,-0.242,0.06
2025-06-12 16:00:00,롱,19,시작높음 · B깊음 · 끝낮음,True,0.014,-0.778,-0.542
2025-06-12 20:00:00,숏,9,시작낮음 · B얕음 · 끝높음,True,-0.595,-0.295,0.228
2025-06-13 08:00:00,롱,19,시작높음 · B깊음 · 끝낮음,False,0.063,-0.673,-0.354
2025-06-14 08:00:00,숏,8,시작낮음 · B얕음 · 끝중간,False,-0.457,-0.223,-0.047
2025-06-14 21:00:00,롱,14,시작중간 · B중간 · 끝중간,True,-0.048,-0.324,0.124
2025-06-15 09:00:00,숏,11,시작중간 · B깊음 · 끝중간,True,-0.041,-0.56,-0.014
2025-06-15 14:00:00,롱,18,시작중간 · B얕음 · 끝높음,False,-0.242,-0.216,0.369
2025-06-15 20:00:00,숏,27,시작높음 · B얕음 · 끝높음,False,0.391,-0.199,0.642
2025-06-16 01:00:00,롱,24,시작높음 · B중간 · 끝높음,False,0.074,-0.52,0.362
2025-06-16 23:00:00,숏,19,시작높음 · B깊음 · 끝낮음,False,0.055,-0.742,-0.299
2025-06-18 00:00:00,롱,1,시작낮음 · B깊음 · 끝낮음,False,-0.394,-0.713,-0.505
2025-06-18 18:00:00,숏,9,시작낮음 · B얕음 · 끝높음,False,-0.656,-0.207,0.206
2025-06-18 20:00:00,롱,27,시작높음 · B얕음 · 끝높음,False,0.124,-0.198,0.23
2025-06-19 13:00:00,숏,10,시작중간 · B깊음 · 끝낮음,False,-0.133,-0.786,-0.268
2025-06-19 22:00:00,롱,5,시작낮음 · B중간 · 끝중간,False,-0.551,-0.485,-0.097
2025-06-20 14:00:00,숏,12,시작중간 · B깊음 · 끝높음,True,-0.158,-0.787,0.159
2025-06-21 06:00:00,롱,10,시작중간 · B깊음 · 끝낮음,True,-0.28,-0.744,-0.496
2025-06-21 18:00:00,숏,9,시작낮음 · B얕음 · 끝높음,False,-0.672,-0.167,0.213
2025-06-22 04:00:00,롱,22,시작높음 · B중간 · 끝낮음,False,0.069,-0.468,-0.197
2025-06-22 13:00:00,숏,18,시작중간 · B얕음 · 끝높음,True,-0.29,-0.145,0.485
2025-06-22 23:00:00,롱,10,시작중간 · B깊음 · 끝낮음,False,-0.08,-0.909,-0.376
2025-06-24 09:00:00,숏,10,시작중간 · B깊음 · 끝낮음,True,-0.218,-0.574,-0.535
2025-06-25 11:00:00,롱,9,시작낮음 · B얕음 · 끝높음,False,-0.551,0.029,0.286
2025-06-25 16:00:00,숏,26,시작높음 · B얕음 · 끝중간,True,0.633,-0.28,-0.001
2025-06-27 04:00:00,롱,27,시작높음 · B얕음 · 끝높음,False,0.037,-0.267,0.248
2025-06-27 07:00:00,숏,27,시작높음 · B얕음 · 끝높음,False,0.096,-0.027,0.317
2025-06-27 16:00:00,롱,23,시작높음 · B중간 · 끝중간,True,0.137,-0.416,0.143
2025-06-27 18:00:00,숏,27,시작높음 · B얕음 · 끝높음,True,0.004,-0.153,0.424
2025-06-27 20:00:00,롱,27,시작높음 · B얕음 · 끝높음,False,0.315,-0.24,0.189
2025-06-28 14:00:00,숏,10,시작중간 · B깊음 · 끝낮음,True,-0.01,-0.643,-0.394
2025-06-28 15:00:00,롱,9,시작낮음 · B얕음 · 끝높음,True,-0.321,0.0,0.453
2025-06-28 19:00:00,숏,23,시작높음 · B중간 · 끝중간,True,0.231,-0.547,-0.008
2025-06-29 00:00:00,롱,15,시작중간 · B중간 · 끝높음,False,-0.233,-0.397,0.336
2025-06-29 01:00:00,숏,14,시작중간 · B중간 · 끝중간,False,-0.076,-0.503,-0.077
2025-06-29 08:00:00,롱,6,시작낮음 · B중간 · 끝높음,True,-0.305,-0.53,0.411
2025-06-29 16:00:00,숏,11,시작중간 · B깊음 · 끝중간,True,-0.027,-0.73,-0.107
2025-06-29 23:00:00,롱,15,시작중간 · B중간 · 끝높음,False,-0.189,-0.335,0.465
2025-06-30 06:00:00,숏,24,시작높음 · B중간 · 끝높음,False,0.217,-0.336,0.34
2025-07-02 02:00:00,롱,10,시작중간 · B깊음 · 끝낮음,True,-0.014,-0.76,-0.642
2025-07-03 01:00:00,숏,1,시작낮음 · B깊음 · 끝낮음,False,-0.544,-0.832,-0.699
2025-07-03 10:00:00,롱,9,시작낮음 · B얕음 · 끝높음,False,-0.677,-0.068,0.189
2025-07-03 11:00:00,숏,27,시작높음 · B얕음 · 끝높음,False,0.582,0.05,0.191
2025-07-04 23:00:00,롱,19,시작높음 · B깊음 · 끝낮음,True,0.004,-0.776,-0.565
2025-07-06 05:00:00,숏,8,시작낮음 · B얕음 · 끝중간,False,-0.487,-0.014,0.076
2025-07-06 06:00:00,롱,27,시작높음 · B얕음 · 끝높음,True,0.197,-0.015,0.173
2025-07-06 08:00:00,숏,20,시작높음 · B깊음 · 끝중간,False,0.086,-0.616,-0.033
2025-07-06 12:00:00,롱,15,시작중간 · B중간 · 끝높음,False,-0.168,-0.341,0.48
2025-07-07 06:00:00,숏,19,시작높음 · B깊음 · 끝낮음,True,0.027,-0.662,-0.365
2025-07-08 05:00:00,롱,1,시작낮음 · B깊음 · 끝낮음,False,-0.431,-0.621,-0.376
2025-07-09 02:00:00,숏,4,시작낮음 · B중간 · 끝낮음,True,-0.548,-0.539,-0.322
2025-07-09 11:00:00,롱,9,시작낮음 · B얕음 · 끝높음,True,-0.62,-0.3,0.227
2025-07-10 08:00:00,숏,19,시작높음 · B깊음 · 끝낮음,True,0.023,-0.758,-0.623
2025-07-10 16:00:00,롱,9,시작낮음 · B얕음 · 끝높음,False,-0.539,-0.101,0.333
2025-07-11 12:00:00,숏,19,시작높음 · B깊음 · 끝낮음,False,0.03,-0.886,-0.774
2025-07-13 04:00:00,롱,8,시작낮음 · B얕음 · 끝중간,False,-0.857,-0.125,0.004
2025-07-14 14:00:00,숏,10,시작중간 · B깊음 · 끝낮음,False,-0.038,-0.779,-0.522
2025-07-15 17:00:00,롱,1,시작낮음 · B깊음 · 끝낮음,False,-0.536,-0.754,-0.568
2025-07-16 23:00:00,숏,4,시작낮음 · B중간 · 끝낮음,False,-0.734,-0.434,-0.226
2025-07-17 15:00:00,롱,8,시작낮음 · B얕음 · 끝중간,False,-0.339,-0.234,0.063
2025-07-18 08:00:00,숏,20,시작높음 · B깊음 · 끝중간,False,0.074,-0.613,0.031
2025-07-19 02:00:00,롱,10,시작중간 · B깊음 · 끝낮음,False,-0.173,-0.61,-0.283
2025-07-19 18:00:00,숏,8,시작낮음 · B얕음 · 끝중간,False,-0.456,-0.138,0.072
2025-07-19 19:00:00,롱,27,시작높음 · B얕음 · 끝높음,False,0.171,-0.072,0.21
2025-07-19 20:00:00,숏,24,시작높음 · B중간 · 끝높음,False,0.039,-0.38,0.228
2025-07-20 00:00:00,롱,14,시작중간 · B중간 · 끝중간,False,-0.14,-0.336,-0.056
2025-07-20 21:00:00,숏,11,시작중간 · B깊음 · 끝중간,False,-0.085,-0.623,-0.115
2025-07-21 04:00:00,롱,14,시작중간 · B중간 · 끝중간,False,-0.123,-0.466,0.101
2025-07-21 12:00:00,숏,23,시작높음 · B중간 · 끝중간,True,0.141,-0.313,0.062
2025-07-21 13:00:00,롱,27,시작높음 · B얕음 · 끝높음,False,0.168,-0.074,0.4
2025-07-21 15:00:00,숏,23,시작높음 · B중간 · 끝중간,True,0.169,-0.542,-0.102
2025-07-22 06:00:00,롱,10,시작중간 · B깊음 · 끝낮음,False,-0.264,-0.632,-0.32
2025-07-23 02:00:00,숏,1,시작낮음 · B깊음 · 끝낮음,False,-0.38,-0.703,-0.425
2025-07-23 22:00:00,롱,1,시작낮음 · B깊음 · 끝낮음,False,-0.683,-0.59,-0.336
2025-07-24 05:00:00,숏,6,시작낮음 · B중간 · 끝높음,False,-0.487,-0.409,0.26
2025-07-24 08:00:00,롱,27,시작높음 · B얕음 · 끝높음,False,0.067,-0.16,0.376
2025-07-24 22:00:00,숏,23,시작높음 · B중간 · 끝중간,False,0.175,-0.364,0.052
2025-07-25 13:00:00,롱,10,시작중간 · B깊음 · 끝낮음,False,-0.043,-0.79,-0.477
2025-07-25 14:00:00,숏,9,시작낮음 · B얕음 · 끝높음,False,-0.639,0.034,0.287
2025-07-25 16:00:00,롱,11,시작중간 · B깊음 · 끝중간,False,-0.145,-0.742,-0.036
2025-07-26 21:00:00,숏,10,시작중간 · B깊음 · 끝낮음,False,-0.053,-0.747,-0.667
2025-07-27 15:00:00,롱,9,시작낮음 · B얕음 · 끝높음,False,-0.67,-0.021,0.205
2025-07-28 07:00:00,숏,19,시작높음 · B깊음 · 끝낮음,False,0.232,-0.605,-0.23
2025-07-29 03:00:00,롱,1,시작낮음 · B깊음 · 끝낮음,False,-0.394,-0.829,-0.284
2025-07-29 14:00:00,숏,5,시작낮음 · B중간 · 끝중간,True,-0.57,-0.492,0.136
2025-07-30 02:00:00,롱,10,시작중간 · B깊음 · 끝낮음,False,-0.166,-0.649,-0.26
2025-07-30 12:00:00,숏,5,시작낮음 · B중간 · 끝중간,True,-0.31,-0.357,0.082
2025-07-30 14:00:00,롱,27,시작높음 · B얕음 · 끝높음,False,0.146,-0.07,0.775
2025-07-30 17:00:00,숏,20,시작높음 · B깊음 · 끝중간,False,0.051,-0.606,-0.08
2025-07-31 00:00:00,롱,12,시작중간 · B깊음 · 끝높음,True,-0.016,-0.559,0.219
2025-07-31 14:00:00,숏,23,시작높음 · B중간 · 끝중간,True,0.021,-0.338,-0.031
2025-08-01 12:00:00,롱,10,시작중간 · B깊음 · 끝낮음,False,-0.152,-0.842,-0.586
2025-08-01 13:00:00,숏,9,시작낮음 · B얕음 · 끝높음,False,-0.653,-0.1,0.197
2025-08-01 14:00:00,롱,11,시작중간 · B깊음 · 끝중간,False,-0.158,-0.683,-0.054
2025-08-01 18:00:00,숏,3,시작낮음 · B깊음 · 끝높음,False,-0.612,-0.629,0.214
2025-08-02 02:00:00,롱,13,시작중간 · B중간 · 끝낮음,False,-0.048,-0.491,-0.235
2025-08-02 17:00:00,숏,9,시작낮음 · B얕음 · 끝높음,True,-0.303,-0.192,0.476
2025-08-02 22:00:00,롱,19,시작높음 · B깊음 · 끝낮음,True,0.204,-0.568,-0.176
2025-08-04 05:00:00,숏,10,시작중간 · B깊음 · 끝낮음,False,-0.16,-0.626,-0.49
2025-08-04 15:00:00,롱,8,시작낮음 · B얕음 · 끝중간,False,-0.383,-0.049,0.114
2025-08-04 20:00:00,숏,23,시작높음 · B중간 · 끝중간,False,0.247,-0.487,-0.043
2025-08-04 21:00:00,롱,27,시작높음 · B얕음 · 끝높음,False,0.093,-0.079,0.294
2025-08-05 00:00:00,숏,20,시작높음 · B깊음 · 끝중간,True,0.167,-0.696,-0.127
2025-08-05 23:00:00,롱,10,시작중간 · B깊음 · 끝낮음,False,-0.075,-0.848,-0.337
2025-08-07 01:00:00,숏,4,시작낮음 · B중간 · 끝낮음,True,-0.336,-0.54,-0.249
2025-08-07 10:00:00,롱,18,시작중간 · B얕음 · 끝높음,False,-0.259,-0.174,0.462
2025-08-08 02:00:00,숏,19,시작높음 · B깊음 · 끝낮음,False,0.051,-0.734,-0.491
2025-08-09 08:00:00,롱,5,시작낮음 · B중간 · 끝중간,True,-0.548,-0.304,0.09
2025-08-09 15:00:00,숏,14,시작중간 · B중간 · 끝중간,False,-0.046,-0.505,-0.061
2025-08-10 02:00:00,롱,15,시작중간 · B중간 · 끝높음,False,-0.115,-0.343,0.234
2025-08-10 20:00:00,숏,10,시작중간 · B깊음 · 끝낮음,False,-0.128,-0.582,-0.562
2025-08-10 23:00:00,롱,9,시작낮음 · B얕음 · 끝높음,False,-0.719,-0.178,0.219
2025-08-11 11:00:00,숏,19,시작높음 · B깊음 · 끝낮음,True,0.101,-0.579,-0.34
2025-08-12 12:00:00,롱,1,시작낮음 · B깊음 · 끝낮음,False,-0.44,-0.598,-0.431
2025-08-13 04:00:00,숏,4,시작낮음 · B중간 · 끝낮음,True,-0.722,-0.528,-0.251
2025-08-13 08:00:00,롱,9,시작낮음 · B얕음 · 끝높음,False,-0.501,-0.223,0.284
2025-08-14 05:00:00,숏,10,시작중간 · B깊음 · 끝낮음,True,-0.003,-0.814,-0.467
2025-08-15 02:00:00,롱,1,시작낮음 · B깊음 · 끝낮음,False,-0.46,-0.753,-0.591
2025-08-15 14:00:00,숏,9,시작낮음 · B얕음 · 끝높음,False,-0.74,-0.084,0.209
2025-08-15 22:00:00,롱,23,시작높음 · B중간 · 끝중간,True,0.371,-0.316,-0.029
2025-08-17 00:00:00,숏,5,시작낮음 · B중간 · 끝중간,False,-0.499,-0.346,0.053
2025-08-17 02:00:00,롱,18,시작중간 · B얕음 · 끝높음,True,-0.025,-0.188,0.244
2025-08-17 17:00:00,숏,19,시작높음 · B깊음 · 끝낮음,False,0.041,-0.713,-0.323
2025-08-18 14:00:00,롱,10,시작중간 · B깊음 · 끝낮음,False,-0.092,-0.787,-0.548
2025-08-19 03:00:00,숏,2,시작낮음 · B깊음 · 끝중간,False,-0.896,-0.614,0.01
2025-08-19 11:00:00,롱,14,시작중간 · B중간 · 끝중간,True,-0.271,-0.46,-0.091
2025-08-19 14:00:00,숏,18,시작중간 · B얕음 · 끝높음,False,-0.112,-0.036,0.714
2025-08-20 03:00:00,롱,19,시작높음 · B깊음 · 끝낮음,False,0.091,-0.781,-0.502
2025-08-21 06:00:00,숏,5,시작낮음 · B중간 · 끝중간,False,-0.626,-0.372,-0.117
2025-08-22 01:00:00,롱,10,시작중간 · B깊음 · 끝낮음,False,-0.166,-0.645,-0.406
2025-08-22 12:00:00,숏,5,시작낮음 · B중간 · 끝중간,True,-0.46,-0.369,0.125
2025-08-22 14:00:00,롱,27,시작높음 · B얕음 · 끝높음,False,0.069,-0.141,0.78
2025-08-23 03:00:00,숏,19,시작높음 · B깊음 · 끝낮음,True,0.019,-0.805,-0.539
2025-08-25 14:00:00,롱,13,시작중간 · B중간 · 끝낮음,False,-0.263,-0.472,-0.536
2025-08-25 20:00:00,숏,9,시작낮음 · B얕음 · 끝높음,False,-0.629,-0.195,0.291
2025-08-26 05:00:00,롱,23,시작높음 · B중간 · 끝중간,False,0.224,-0.332,-0.117
2025-08-27 08:00:00,숏,10,시작중간 · B깊음 · 끝낮음,True,-0.241,-0.61,-0.176
2025-08-27 13:00:00,롱,18,시작중간 · B얕음 · 끝높음,False,-0.176,-0.087,0.251
2025-08-27 22:00:00,숏,23,시작높음 · B중간 · 끝중간,True,0.26,-0.542,-0.028
2025-08-28 04:00:00,롱,18,시작중간 · B얕음 · 끝높음,True,-0.109,-0.293,0.643
2025-08-28 15:00:00,숏,22,시작높음 · B중간 · 끝낮음,False,0.288,-0.49,-0.254
2025-08-30 00:00:00,롱,10,시작중간 · B깊음 · 끝낮음,False,-0.201,-0.908,-0.806
2025-08-30 01:00:00,숏,9,시작낮음 · B얕음 · 끝높음,True,-0.804,-0.003,0.159
2025-08-30 02:00:00,롱,10,시작중간 · B깊음 · 끝낮음,True,-0.011,-0.782,-0.476
2025-08-31 09:00:00,숏,1,시작낮음 · B깊음 · 끝낮음,False,-0.397,-0.917,-0.493
2025-08-31 16:00:00,롱,5,시작낮음 · B중간 · 끝중간,False,-0.631,-0.361,-0.039
2025-08-31 23:00:00,숏,15,시작중간 · B중간 · 끝높음,True,-0.153,-0.317,0.462
2025-09-01 07:00:00,롱,12,시작중간 · B깊음 · 끝높음,False,-0.083,-0.716,0.248
2025-09-01 21:00:00,숏,11,시작중간 · B깊음 · 끝중간,False,-0.225,-0.67,0.102
2025-09-02 01:00:00,롱,15,시작중간 · B중간 · 끝높음,True,-0.296,-0.528,0.179
2025-09-02 12:00:00,숏,23,시작높음 · B중간 · 끝중간,False,0.139,-0.45,0.077
2025-09-02 13:00:00,롱,15,시작중간 · B중간 · 끝높음,False,-0.202,-0.414,0.487
2025-09-03 02:00:00,숏,10,시작중간 · B깊음 · 끝낮음,False,-0.236,-0.833,-0.755
2025-09-03 14:00:00,롱,9,시작낮음 · B얕음 · 끝높음,False,-0.591,-0.126,0.288
2025-09-03 22:00:00,숏,22,시작높음 · B중간 · 끝낮음,False,0.115,-0.488,-0.231
2025-09-04 21:00:00,롱,10,시작중간 · B깊음 · 끝낮음,False,-0.042,-0.777,-0.452
2025-09-05 15:00:00,숏,2,시작낮음 · B깊음 · 끝중간,False,-0.401,-0.687,-0.072
2025-09-06 13:00:00,롱,17,시작중간 · B얕음 · 끝중간,False,-0.041,-0.068,0.112
2025-09-06 15:00:00,숏,27,시작높음 · B얕음 · 끝높음,False,0.242,-0.083,0.289
2025-09-07 01:00:00,롱,19,시작높음 · B깊음 · 끝낮음,False,0.041,-0.667,-0.232
2025-09-07 23:00:00,숏,10,시작중간 · B깊음 · 끝낮음,False,-0.261,-0.674,-0.47
2025-09-08 08:00:00,롱,6,시작낮음 · B중간 · 끝높음,False,-0.569,-0.351,0.264
2025-09-08 20:00:00,숏,10,시작중간 · B깊음 · 끝낮음,True,-0.005,-0.676,-0.292
2025-09-09 06:00:00,롱,6,시작낮음 · B중간 · 끝높음,False,-0.358,-0.424,0.456
2025-09-09 14:00:00,숏,24,시작높음 · B중간 · 끝높음,False,0.059,-0.412,0.197
2025-09-10 04:00:00,롱,10,시작중간 · B깊음 · 끝낮음,False,-0.109,-0.677,-0.479
2025-09-11 02:00:00,숏,10,시작중간 · B깊음 · 끝낮음,False,-0.221,-0.759,-0.638
2025-09-11 03:00:00,롱,9,시작낮음 · B얕음 · 끝높음,True,-0.762,-0.025,0.159
2025-09-11 06:00:00,숏,10,시작중간 · B깊음 · 끝낮음,False,-0.034,-0.749,-0.678
2025-09-11 22:00:00,롱,18,시작중간 · B얕음 · 끝높음,False,-0.209,-0.251,0.418
2025-09-12 07:00:00,숏,19,시작높음 · B깊음 · 끝낮음,False,0.125,-0.584,-0.206
2025-09-12 18:00:00,롱,9,시작낮음 · B얕음 · 끝높음,False,-0.405,-0.227,0.572
2025-09-13 01:00:00,숏,23,시작높음 · B중간 · 끝중간,False,0.251,-0.423,0.033
2025-09-14 01:00:00,롱,14,시작중간 · B중간 · 끝중간,True,-0.205,-0.463,-0.149
2025-09-14 02:00:00,숏,17,시작중간 · B얕음 · 끝중간,False,-0.24,-0.143,0.059
2025-09-14 09:00:00,롱,11,시작중간 · B깊음 · 끝중간,True,-0.106,-0.606,0.128
2025-09-14 12:00:00,숏,15,시작중간 · B중간 · 끝높음,True,-0.035,-0.303,0.23
2025-09-14 21:00:00,롱,24,시작높음 · B중간 · 끝높음,False,0.101,-0.477,0.264
2025-09-15 00:00:00,숏,18,시작중간 · B얕음 · 끝높음,True,-0.01,-0.167,0.636
2025-09-15 04:00:00,롱,27,시작높음 · B얕음 · 끝높음,False,0.416,-0.241,0.568
2025-09-15 08:00:00,숏,21,시작높음 · B깊음 · 끝높음,False,0.127,-0.623,0.325
2025-09-15 18:00:00,롱,10,시작중간 · B깊음 · 끝낮음,True,-0.161,-0.553,-0.201
2025-09-16 13:00:00,숏,14,시작중간 · B중간 · 끝중간,False,-0.201,-0.482,-0.05
2025-09-16 15:00:00,롱,15,시작중간 · B중간 · 끝높음,True,-0.286,-0.372,0.374
2025-09-17 04:00:00,숏,10,시작중간 · B깊음 · 끝낮음,False,-0.076,-0.637,-0.436
2025-09-17 05:00:00,롱,9,시작낮음 · B얕음 · 끝높음,False,-0.586,-0.04,0.346
2025-09-17 09:00:00,숏,10,시작중간 · B깊음 · 끝낮음,False,-0.102,-0.792,-0.229
2025-09-17 23:00:00,롱,10,시작중간 · B깊음 · 끝낮음,True,-0.152,-0.646,-0.163
2025-09-18 20:00:00,숏,13,시작중간 · B중간 · 끝낮음,False,-0.056,-0.384,-0.29
2025-09-20 01:00:00,롱,10,시작중간 · B깊음 · 끝낮음,False,-0.225,-0.759,-0.647
2025-09-21 01:00:00,숏,8,시작낮음 · B얕음 · 끝중간,False,-0.635,-0.131,0.086
2025-09-21 06:00:00,롱,26,시작높음 · B얕음 · 끝중간,False,0.043,-0.241,0.066
2025-09-21 15:00:00,숏,27,시작높음 · B얕음 · 끝높음,False,0.053,-0.177,0.311
2025-09-22 20:00:00,롱,19,시작높음 · B깊음 · 끝낮음,False,0.047,-0.702,-0.632
2025-09-23 18:00:00,숏,8,시작낮음 · B얕음 · 끝중간,False,-0.807,-0.223,0.082
2025-09-24 01:00:00,롱,27,시작높음 · B얕음 · 끝높음,False,0.068,-0.059,0.26
2025-09-24 03:00:00,숏,27,시작높음 · B얕음 · 끝높음,False,0.224,-0.254,0.485
2025-09-24 04:00:00,롱,23,시작높음 · B중간 · 끝중간,False,0.063,-0.427,0.029
2025-09-25 00:00:00,숏,10,시작중간 · B깊음 · 끝낮음,False,-0.179,-0.725,-0.462
2025-09-26 03:00:00,롱,1,시작낮음 · B깊음 · 끝낮음,True,-0.328,-0.845,-0.699
2025-09-28 11:00:00,숏,8,시작낮음 · B얕음 · 끝중간,False,-0.772,-0.116,0.051
2025-09-28 13:00:00,롱,27,시작높음 · B얕음 · 끝높음,True,0.121,-0.09,0.164
2025-09-29 11:00:00,숏,10,시작중간 · B깊음 · 끝낮음,True,-0.015,-0.888,-0.856
2025-09-29 13:00:00,롱,9,시작낮음 · B얕음 · 끝높음,False,-0.653,-0.028,0.269
2025-09-30 02:00:00,숏,19,시작높음 · B깊음 · 끝낮음,True,0.002,-0.886,-0.823
2025-09-30 20:00:00,롱,2,시작낮음 · B깊음 · 끝중간,True,-0.849,-0.562,0.045
2025-10-02 05:00:00,숏,10,시작중간 · B깊음 · 끝낮음,False,-0.031,-0.738,-0.587
2025-10-02 18:00:00,롱,9,시작낮음 · B얕음 · 끝높음,False,-0.624,-0.045,0.267
2025-10-02 22:00:00,숏,23,시작높음 · B중간 · 끝중간,True,0.446,-0.405,-0.123
2025-10-03 15:00:00,롱,18,시작중간 · B얕음 · 끝높음,True,-0.005,-0.255,0.677
2025-10-04 01:00:00,숏,19,시작높음 · B깊음 · 끝낮음,False,0.117,-0.613,-0.205
2025-10-05 02:00:00,롱,9,시작낮음 · B얕음 · 끝높음,False,-0.367,-0.134,0.511
2025-10-05 10:00:00,숏,20,시작높음 · B깊음 · 끝중간,True,0.076,-0.671,-0.148
2025-10-06 01:00:00,롱,18,시작중간 · B얕음 · 끝높음,False,-0.174,-0.027,0.271
2025-10-06 23:00:00,숏,19,시작높음 · B깊음 · 끝낮음,False,0.167,-0.662,-0.322
2025-10-08 02:00:00,롱,10,시작중간 · B깊음 · 끝낮음,True,-0.294,-0.759,-0.532
2025-10-08 03:00:00,숏,8,시작낮음 · B얕음 · 끝중간,True,-0.66,-0.048,0.127
2025-10-08 04:00:00,롱,11,시작중간 · B깊음 · 끝중간,True,-0.084,-0.554,-0.116
2025-10-09 02:00:00,숏,11,시작중간 · B깊음 · 끝중간,False,-0.147,-0.795,-0.069
2025-10-09 12:00:00,롱,6,시작낮음 · B중간 · 끝높음,False,-0.333,-0.427,0.324
2025-10-09 14:00:00,숏,27,시작높음 · B얕음 · 끝높음,False,0.147,-0.264,0.464
2025-10-09 22:00:00,롱,19,시작높음 · B깊음 · 끝낮음,True,0.138,-0.594,-0.17
2025-10-10 15:00:00,숏,18,시작중간 · B얕음 · 끝높음,False,-0.168,-0.229,0.594
2025-10-11 10:00:00,롱,19,시작높음 · B깊음 · 끝낮음,True,0.049,-0.571,-0.388
2025-10-13 08:00:00,숏,7,시작낮음 · B얕음 · 끝낮음,False,-0.428,-0.19,-0.185
2025-10-13 20:00:00,롱,8,시작낮음 · B얕음 · 끝중간,True,-0.554,-0.273,0.048
2025-10-13 23:00:00,숏,27,시작높음 · B얕음 · 끝높음,False,0.211,0.047,0.272
2025-10-14 16:00:00,롱,19,시작높음 · B깊음 · 끝낮음,False,0.048,-0.86,-0.524
2025-10-15 11:00:00,숏,9,시작낮음 · B얕음 · 끝높음,False,-0.449,-0.054,0.181
2025-10-16 02:00:00,롱,22,시작높음 · B중간 · 끝낮음,True,0.088,-0.523,-0.208
2025-10-16 15:00:00,숏,18,시작중간 · B얕음 · 끝높음,False,-0.245,-0.123,0.652
2025-10-17 02:00:00,롱,19,시작높음 · B깊음 · 끝낮음,False,0.163,-0.665,-0.329
2025-10-17 06:00:00,숏,9,시작낮음 · B얕음 · 끝높음,False,-0.358,-0.084,0.506
2025-10-17 15:00:00,롱,19,시작높음 · B깊음 · 끝낮음,False,0.073,-0.804,-0.278
2025-10-19 06:00:00,숏,4,시작낮음 · B중간 · 끝낮음,False,-0.652,-0.426,-0.319
2025-10-19 09:00:00,롱,9,시작낮음 · B얕음 · 끝높음,True,-0.43,-0.23,0.166
2025-10-20 00:00:00,숏,10,시작중간 · B깊음 · 끝낮음,False,-0.133,-0.784,-0.478
2025-10-20 03:00:00,롱,9,시작낮음 · B얕음 · 끝높음,False,-0.528,-0.224,0.344
2025-10-20 16:00:00,숏,19,시작높음 · B깊음 · 끝낮음,False,0.094,-0.625,-0.446
2025-10-21 14:00:00,롱,3,시작낮음 · B깊음 · 끝높음,False,-0.503,-0.734,0.214
2025-10-21 22:00:00,숏,2,시작낮음 · B깊음 · 끝중간,False,-0.369,-0.803,-0.094
2025-10-22 14:00:00,롱,13,시작중간 · B중간 · 끝낮음,True,-0.273,-0.494,-0.248
2025-10-22 21:00:00,숏,9,시작낮음 · B얕음 · 끝높음,False,-0.457,0.006,0.377
2025-10-23 00:00:00,롱,26,시작높음 · B얕음 · 끝중간,False,0.232,-0.225,0.069
2025-10-23 21:00:00,숏,19,시작높음 · B깊음 · 끝낮음,False,0.059,-0.775,-0.423
2025-10-24 00:00:00,롱,9,시작낮음 · B얕음 · 끝높음,False,-0.499,-0.011,0.262
2025-10-24 12:00:00,숏,22,시작높음 · B중간 · 끝낮음,True,0.146,-0.524,-0.436
2025-10-25 04:00:00,롱,5,시작낮음 · B중간 · 끝중간,False,-0.389,-0.424,0.058
2025-10-25 15:00:00,숏,14,시작중간 · B중간 · 끝중간,True,-0.073,-0.324,-0.146
2025-10-26 09:00:00,롱,9,시작낮음 · B얕음 · 끝높음,True,-0.302,-0.209,0.523
2025-10-27 09:00:00,숏,19,시작높음 · B깊음 · 끝낮음,False,0.058,-0.792,-0.657
2025-10-28 10:00:00,롱,5,시작낮음 · B중간 · 끝중간,True,-0.701,-0.307,-0.096
2025-10-28 19:00:00,숏,15,시작중간 · B중간 · 끝높음,False,-0.153,-0.502,0.312
2025-10-29 07:00:00,롱,10,시작중간 · B깊음 · 끝낮음,False,-0.142,-0.703,-0.365
2025-10-29 15:00:00,숏,9,시작낮음 · B얕음 · 끝높음,False,-0.438,-0.066,0.473
2025-10-30 07:00:00,롱,19,시작높음 · B깊음 · 끝낮음,False,0.138,-0.728,-0.192
2025-10-30 12:00:00,숏,9,시작낮음 · B얕음 · 끝높음,True,-0.314,-0.162,0.515
2025-10-30 22:00:00,롱,19,시작높음 · B깊음 · 끝낮음,True,0.193,-0.555,-0.333
2025-10-31 18:00:00,숏,1,시작낮음 · B깊음 · 끝낮음,False,-0.365,-0.635,-0.307
2025-11-01 03:00:00,롱,9,시작낮음 · B얕음 · 끝높음,False,-0.373,-0.072,0.247
2025-11-01 13:00:00,숏,23,시작높음 · B중간 · 끝중간,False,0.228,-0.385,-0.106
2025-11-01 16:00:00,롱,18,시작중간 · B얕음 · 끝높음,False,-0.177,-0.268,0.524
2025-11-01 21:00:00,숏,27,시작높음 · B얕음 · 끝높음,False,0.379,-0.172,0.522
2025-11-02 04:00:00,롱,15,시작중간 · B중간 · 끝높음,True,-0.074,-0.547,0.268
2025-11-02 14:00:00,숏,10,시작중간 · B깊음 · 끝낮음,False,-0.237,-0.737,-0.254
2025-11-03 14:00:00,롱,10,시작중간 · B깊음 · 끝낮음,False,-0.12,-0.795,-0.556
2025-11-03 15:00:00,숏,9,시작낮음 · B얕음 · 끝높음,False,-0.514,-0.031,0.406
2025-11-03 19:00:00,롱,10,시작중간 · B깊음 · 끝낮음,True,-0.014,-0.814,-0.312
2025-11-04 05:00:00,숏,18,시작중간 · B얕음 · 끝높음,False,-0.207,-0.079,0.691
2025-11-05 02:00:00,롱,10,시작중간 · B깊음 · 끝낮음,True,-0.001,-0.882,-0.598
2025-11-06 05:00:00,숏,4,시작낮음 · B중간 · 끝낮음,False,-0.736,-0.481,-0.306
2025-11-07 02:00:00,롱,1,시작낮음 · B깊음 · 끝낮음,False,-0.66,-0.811,-0.498
2025-11-07 10:00:00,숏,9,시작낮음 · B얕음 · 끝높음,False,-0.635,-0.237,0.205
2025-11-07 16:00:00,롱,23,시작높음 · B중간 · 끝중간,False,0.144,-0.418,0.046
2025-11-08 05:00:00,숏,10,시작중간 · B깊음 · 끝낮음,False,-0.09,-0.658,-0.31
2025-11-08 22:00:00,롱,8,시작낮음 · B얕음 · 끝중간,True,-0.498,-0.296,-0.05
2025-11-09 00:00:00,숏,18,시작중간 · B얕음 · 끝높음,True,-0.288,-0.123,0.372
2025-11-09 08:00:00,롱,10,시작중간 · B깊음 · 끝낮음,False,-0.056,-0.678,-0.266
2025-11-09 09:00:00,숏,9,시작낮음 · B얕음 · 끝높음,False,-0.35,-0.144,0.302
2025-11-09 11:00:00,롱,15,시작중간 · B중간 · 끝높음,True,-0.076,-0.324,0.303
2025-11-10 10:00:00,숏,10,시작중간 · B깊음 · 끝낮음,True,-0.023,-0.854,-0.793
2025-11-12 03:00:00,롱,1,시작낮음 · B깊음 · 끝낮음,False,-0.773,-0.696,-0.555
2025-11-12 16:00:00,숏,6,시작낮음 · B중간 · 끝높음,False,-0.52,-0.339,0.276
2025-11-13 03:00:00,롱,26,시작높음 · B얕음 · 끝중간,False,0.239,-0.236,-0.007
2025-11-13 15:00:00,숏,21,시작높음 · B깊음 · 끝높음,True,0.053,-0.568,0.211
2025-11-14 16:00:00,롱,10,시작중간 · B깊음 · 끝낮음,False,-0.086,-0.837,-0.613
2025-11-14 20:00:00,숏,9,시작낮음 · B얕음 · 끝높음,False,-0.61,-0.046,0.273
2025-11-14 22:00:00,롱,22,시작높음 · B중간 · 끝낮음,False,0.221,-0.437,-0.185
2025-11-16 00:00:00,숏,11,시작중간 · B깊음 · 끝중간,True,-0.253,-0.555,-0.103
2025-11-16 02:00:00,롱,17,시작중간 · B얕음 · 끝중간,True,-0.105,-0.214,0.125
2025-11-16 14:00:00,숏,11,시작중간 · B깊음 · 끝중간,True,-0.184,-0.735,-0.142
2025-11-17 00:00:00,롱,14,시작중간 · B중간 · 끝중간,True,-0.052,-0.544,-0.029
2025-11-17 13:00:00,숏,5,시작낮음 · B중간 · 끝중간,True,-0.402,-0.521,0.096
2025-11-18 09:00:00,롱,10,시작중간 · B깊음 · 끝낮음,False,-0.165,-0.799,-0.577
2025-11-19 04:00:00,숏,5,시작낮음 · B중간 · 끝중간,False,-0.585,-0.361,0.01
2025-11-19 14:00:00,롱,14,시작중간 · B중간 · 끝중간,False,-0.207,-0.4,-0.044
2025-11-19 15:00:00,숏,18,시작중간 · B얕음 · 끝높음,False,-0.181,-0.249,0.574
2025-11-19 23:00:00,롱,11,시작중간 · B깊음 · 끝중간,False,-0.121,-0.811,-0.043
2025-11-20 13:00:00,숏,4,시작낮음 · B중간 · 끝낮음,True,-0.305,-0.538,-0.226
2025-11-21 14:00:00,롱,10,시작중간 · B깊음 · 끝낮음,False,-0.078,-0.866,-0.558
2025-11-24 00:00:00,숏,4,시작낮음 · B중간 · 끝낮음,True,-0.641,-0.308,-0.22
2025-11-24 17:00:00,롱,9,시작낮음 · B얕음 · 끝높음,False,-0.483,-0.179,0.246
2025-11-25 03:00:00,숏,22,시작높음 · B중간 · 끝낮음,True,0.141,-0.516,-0.161
2025-11-25 23:00:00,롱,13,시작중간 · B중간 · 끝낮음,True,-0.222,-0.476,-0.175
2025-11-26 09:00:00,숏,18,시작중간 · B얕음 · 끝높음,False,-0.086,-0.184,0.329
2025-11-26 16:00:00,롱,24,시작높음 · B중간 · 끝높음,True,0.015,-0.494,0.208
2025-11-27 11:00:00,숏,10,시작중간 · B깊음 · 끝낮음,False,-0.079,-0.851,-0.778
2025-11-28 13:00:00,롱,8,시작낮음 · B얕음 · 끝중간,True,-0.774,-0.191,0.132
2025-11-28 16:00:00,숏,15,시작중간 · B중간 · 끝높음,False,-0.036,-0.398,0.223
2025-11-29 14:00:00,롱,10,시작중간 · B깊음 · 끝낮음,True,-0.27,-0.717,-0.592
2025-11-30 21:00:00,숏,4,시작낮음 · B중간 · 끝낮음,True,-0.62,-0.508,-0.177
2025-12-01 19:00:00,롱,10,시작중간 · B깊음 · 끝낮음,False,-0.071,-0.853,-0.767
2025-12-03 09:00:00,숏,1,시작낮음 · B깊음 · 끝낮음,False,-0.6,-0.86,-0.783
2025-12-06 02:00:00,롱,4,시작낮음 · B중간 · 끝낮음,False,-0.794,-0.456,-0.352
2025-12-07 10:00:00,숏,8,시작낮음 · B얕음 · 끝중간,False,-0.579,-0.117,0.017
2025-12-07 12:00:00,롱,27,시작높음 · B얕음 · 끝높음,False,0.096,0.043,0.27
2025-12-07 13:00:00,숏,23,시작높음 · B중간 · 끝중간,True,0.004,-0.395,0.097
2025-12-07 16:00:00,롱,12,시작중간 · B깊음 · 끝높음,False,-0.137,-0.726,0.194
2025-12-08 14:00:00,숏,19,시작높음 · B깊음 · 끝낮음,True,0.031,-0.557,-0.283
2025-12-09 11:00:00,롱,4,시작낮음 · B중간 · 끝낮음,False,-0.616,-0.485,-0.322
2025-12-10 01:00:00,숏,10,시작중간 · B깊음 · 끝낮음,False,-0.234,-0.809,-0.392
2025-12-11 18:00:00,롱,4,시작낮음 · B중간 · 끝낮음,False,-0.339,-0.483,-0.268
2025-12-12 13:00:00,숏,1,시작낮음 · B깊음 · 끝낮음,False,-0.441,-0.644,-0.445
2025-12-13 06:00:00,롱,1,시작낮음 · B깊음 · 끝낮음,False,-0.543,-0.674,-0.504
2025-12-14 10:00:00,숏,9,시작낮음 · B얕음 · 끝높음,True,-0.626,-0.083,0.15
2025-12-15 01:00:00,롱,19,시작높음 · B깊음 · 끝낮음,False,0.1,-0.677,-0.253
2025-12-15 14:00:00,숏,6,시작낮음 · B중간 · 끝높음,True,-0.607,-0.51,0.166
2025-12-16 05:00:00,롱,10,시작중간 · B깊음 · 끝낮음,False,-0.196,-0.807,-0.694
2025-12-17 04:00:00,숏,4,시작낮음 · B중간 · 끝낮음,False,-0.777,-0.448,-0.192
2025-12-17 13:00:00,롱,6,시작낮음 · B중간 · 끝높음,True,-0.553,-0.335,0.174
2025-12-17 17:00:00,숏,11,시작중간 · B깊음 · 끝중간,True,-0.061,-0.653,0.145
2025-12-18 03:00:00,롱,26,시작높음 · B얕음 · 끝중간,True,0.029,-0.289,-0.069
2025-12-18 18:00:00,숏,21,시작높음 · B깊음 · 끝높음,True,0.02,-0.559,0.172
2025-12-19 04:00:00,롱,26,시작높음 · B얕음 · 끝중간,True,0.031,-0.281,0.122
2025-12-19 17:00:00,숏,23,시작높음 · B중간 · 끝중간,False,0.097,-0.352,-0.009
2025-12-19 22:00:00,롱,5,시작낮음 · B중간 · 끝중간,True,-0.375,-0.351,0.128
2025-12-20 01:00:00,숏,17,시작중간 · B얕음 · 끝중간,True,-0.049,-0.255,-0.14
2025-12-20 04:00:00,롱,27,시작높음 · B얕음 · 끝높음,False,0.088,0.068,0.503
2025-12-20 05:00:00,숏,23,시작높음 · B중간 · 끝중간,True,0.313,-0.487,-0.143
2025-12-21 09:00:00,롱,18,시작중간 · B얕음 · 끝높음,False,-0.041,-0.201,0.453
2025-12-21 13:00:00,숏,24,시작높음 · B중간 · 끝높음,False,0.128,-0.333,0.578
2025-12-21 19:00:00,롱,20,시작높음 · B깊음 · 끝중간,False,0.059,-0.616,-0.093
2025-12-21 20:00:00,숏,27,시작높음 · B얕음 · 끝높음,False,0.091,-0.094,0.189
2025-12-21 23:00:00,롱,15,시작중간 · B중간 · 끝높음,False,-0.106,-0.447,0.24
2025-12-22 17:00:00,숏,19,시작높음 · B깊음 · 끝낮음,True,0.01,-0.642,-0.297
2025-12-23 16:00:00,롱,10,시작중간 · B깊음 · 끝낮음,False,-0.211,-0.662,-0.384
2025-12-23 17:00:00,숏,8,시작낮음 · B얕음 · 끝중간,False,-0.632,-0.209,0.094
2025-12-23 18:00:00,롱,20,시작높음 · B깊음 · 끝중간,True,0.083,-0.57,-0.02
2025-12-24 05:00:00,숏,2,시작낮음 · B깊음 · 끝중간,True,-0.567,-0.617,0.136
2025-12-24 11:00:00,롱,26,시작높음 · B얕음 · 끝중간,False,0.119,-0.259,0.032
2025-12-25 09:00:00,숏,13,시작중간 · B중간 · 끝낮음,True,-0.055,-0.543,-0.269
2025-12-25 15:00:00,롱,18,시작중간 · B얕음 · 끝높음,False,-0.176,-0.137,0.36
2025-12-25 22:00:00,숏,23,시작높음 · B중간 · 끝중간,False,0.117,-0.508,0.048
2025-12-26 02:00:00,롱,15,시작중간 · B중간 · 끝높음,False,-0.07,-0.363,0.498
2025-12-26 14:00:00,숏,11,시작중간 · B깊음 · 끝중간,False,-0.18,-0.733,0.016
2025-12-27 06:00:00,롱,1,시작낮음 · B깊음 · 끝낮음,False,-0.516,-0.716,-0.526
2025-12-28 17:00:00,숏,8,시작낮음 · B얕음 · 끝중간,False,-0.639,-0.202,-0.104
2025-12-28 23:00:00,롱,6,시작낮음 · B중간 · 끝높음,True,-0.425,-0.362,0.172
2025-12-29 10:00:00,숏,20,시작높음 · B깊음 · 끝중간,True,0.018,-0.788,0.04
2025-12-30 06:00:00,롱,13,시작중간 · B중간 · 끝낮음,True,-0.088,-0.322,-0.181
2025-12-31 04:00:00,숏,1,시작낮음 · B깊음 · 끝낮음,True,-0.311,-0.773,-0.415
2025-12-31 10:00:00,롱,9,시작낮음 · B얕음 · 끝높음,True,-0.543,-0.06,0.176
2025-12-31 14:00:00,숏,24,시작높음 · B중간 · 끝높음,False,0.204,-0.484,0.187
2026-01-01 09:00:00,롱,10,시작중간 · B깊음 · 끝낮음,False,-0.15,-0.779,-0.561
2026-01-03 00:00:00,숏,1,시작낮음 · B깊음 · 끝낮음,False,-0.343,-0.812,-0.63
2026-01-03 01:00:00,롱,8,시작낮음 · B얕음 · 끝중간,False,-0.685,-0.013,0.085
2026-01-03 04:00:00,숏,23,시작높음 · B중간 · 끝중간,False,0.215,-0.474,-0.025
2026-01-03 20:00:00,롱,11,시작중간 · B깊음 · 끝중간,False,-0.127,-0.765,0.041
2026-01-04 12:00:00,숏,10,시작중간 · B깊음 · 끝낮음,False,-0.108,-0.618,-0.397
2026-01-05 00:00:00,롱,9,시작낮음 · B얕음 · 끝높음,False,-0.515,-0.158,0.463
2026-01-05 13:00:00,숏,19,시작높음 · B깊음 · 끝낮음,False,0.078,-0.623,-0.467
2026-01-05 14:00:00,롱,9,시작낮음 · B얕음 · 끝높음,False,-0.484,-0.008,0.253
2026-01-05 23:00:00,숏,10,시작중간 · B깊음 · 끝낮음,False,-0.069,-0.826,-0.469
2026-01-06 23:00:00,롱,2,시작낮음 · B깊음 · 끝중간,False,-0.367,-0.686,-0.116
2026-01-07 00:00:00,숏,18,시작중간 · B얕음 · 끝높음,False,-0.22,-0.124,0.205
2026-01-08 00:00:00,롱,10,시작중간 · B깊음 · 끝낮음,False,-0.082,-0.919,-0.752
2026-01-08 06:00:00,숏,9,시작낮음 · B얕음 · 끝높음,False,-0.581,-0.036,0.385
2026-01-08 15:00:00,롱,23,시작높음 · B중간 · 끝중간,False,0.217,-0.378,-0.016
2026-01-09 08:00:00,숏,5,시작낮음 · B중간 · 끝중간,True,-0.309,-0.481,-0.003
2026-01-09 15:00:00,롱,6,시작낮음 · B중간 · 끝높음,False,-0.365,-0.438,0.186
2026-01-09 20:00:00,숏,11,시작중간 · B깊음 · 끝중간,False,-0.176,-0.739,-0.069
2026-01-10 01:00:00,롱,18,시작중간 · B얕음 · 끝높음,True,-0.098,0.047,0.171
2026-01-10 04:00:00,숏,27,시작높음 · B얕음 · 끝높음,False,0.389,-0.191,0.215
2026-01-10 07:00:00,롱,14,시작중간 · B중간 · 끝중간,True,-0.037,-0.435,0.134
2026-01-10 17:00:00,숏,11,시작중간 · B깊음 · 끝중간,False,-0.203,-0.729,-0.094
2026-01-11 01:00:00,롱,11,시작중간 · B깊음 · 끝중간,True,-0.235,-0.576,-0.08
2026-01-11 19:00:00,숏,11,시작중간 · B깊음 · 끝중간,False,-0.095,-0.613,-0.06
2026-01-12 00:00:00,롱,15,시작중간 · B중간 · 끝높음,False,-0.229,-0.489,0.339
2026-01-12 08:00:00,숏,20,시작높음 · B깊음 · 끝중간,False,0.043,-0.625,0.111
2026-01-12 16:00:00,롱,15,시작중간 · B중간 · 끝높음,False,-0.201,-0.489,0.299
2026-01-12 22:00:00,숏,27,시작높음 · B얕음 · 끝높음,False,0.147,-0.165,0.197
2026-01-13 05:00:00,롱,27,시작높음 · B얕음 · 끝높음,False,0.531,0.122,0.62
2026-01-14 06:00:00,숏,19,시작높음 · B깊음 · 끝낮음,False,0.052,-0.723,-0.622
2026-01-14 15:00:00,롱,9,시작낮음 · B얕음 · 끝높음,False,-0.604,-0.04,0.308
2026-01-15 00:00:00,숏,23,시작높음 · B중간 · 끝중간,True,0.452,-0.328,-0.047
2026-01-16 09:00:00,롱,10,시작중간 · B깊음 · 끝낮음,False,-0.199,-0.617,-0.46
2026-01-16 10:00:00,숏,9,시작낮음 · B얕음 · 끝높음,True,-0.549,-0.023,0.171
2026-01-16 20:00:00,롱,20,시작높음 · B깊음 · 끝중간,False,0.051,-0.77,-0.033
2026-01-17 22:00:00,숏,5,시작낮음 · B중간 · 끝중간,False,-0.371,-0.356,-0.098
2026-01-18 09:00:00,롱,5,시작낮음 · B중간 · 끝중간,False,-0.451,-0.363,-0.052
2026-01-18 14:00:00,숏,18,시작중간 · B얕음 · 끝높음,False,-0.201,-0.197,0.431
2026-01-18 16:00:00,롱,26,시작높음 · B얕음 · 끝중간,False,0.056,-0.263,0.019
2026-01-18 23:00:00,숏,18,시작중간 · B얕음 · 끝높음,True,-0.015,-0.213,0.738
2026-01-19 11:00:00,롱,10,시작중간 · B깊음 · 끝낮음,False,-0.1,-0.683,-0.621
2026-01-20 04:00:00,숏,9,시작낮음 · B얕음 · 끝높음,False,-0.534,-0.063,0.275
2026-01-21 03:00:00,롱,19,시작높음 · B깊음 · 끝낮음,False,0.099,-0.752,-0.538
2026-01-21 17:00:00,숏,9,시작낮음 · B얕음 · 끝높음,False,-0.642,-0.265,0.214
2026-01-21 19:00:00,롱,27,시작높음 · B얕음 · 끝높음,False,0.48,0.051,0.835
2026-01-22 13:00:00,숏,22,시작높음 · B중간 · 끝낮음,True,0.123,-0.532,-0.349
2026-01-23 01:00:00,롱,2,시작낮음 · B깊음 · 끝중간,False,-0.748,-0.601,-0.033
2026-01-23 08:00:00,숏,18,시작중간 · B얕음 · 끝높음,True,-0.282,-0.246,0.177
2026-01-23 15:00:00,롱,23,시작높음 · B중간 · 끝중간,True,0.075,-0.474,0.143
2026-01-23 23:00:00,숏,10,시작중간 · B깊음 · 끝낮음,False,-0.21,-0.731,-0.218
2026-01-24 04:00:00,롱,17,시작중간 · B얕음 · 끝중간,False,-0.221,-0.067,0.076
2026-01-24 07:00:00,숏,27,시작높음 · B얕음 · 끝높음,False,0.332,-0.086,0.304
2026-01-25 14:00:00,롱,19,시작높음 · B깊음 · 끝낮음,False,0.079,-0.803,-0.551
2026-01-25 15:00:00,숏,9,시작낮음 · B얕음 · 끝높음,False,-0.461,0.029,0.301
2026-01-26 02:00:00,롱,19,시작높음 · B깊음 · 끝낮음,False,0.059,-0.771,-0.404
2026-01-27 08:00:00,숏,4,시작낮음 · B중간 · 끝낮음,True,-0.349,-0.379,-0.163
2026-01-27 19:00:00,롱,5,시작낮음 · B중간 · 끝중간,False,-0.405,-0.45,0.044
2026-01-28 08:00:00,숏,13,시작중간 · B중간 · 끝낮음,True,-0.029,-0.527,-0.284
2026-01-28 09:00:00,롱,9,시작낮음 · B얕음 · 끝높음,False,-0.629,-0.115,0.28
2026-01-28 16:00:00,숏,10,시작중간 · B깊음 · 끝낮음,False,-0.186,-0.902,-0.429
2026-01-28 17:00:00,롱,9,시작낮음 · B얕음 · 끝높음,True,-0.323,-0.119,0.394
2026-01-28 18:00:00,숏,20,시작높음 · B깊음 · 끝중간,False,0.169,-0.618,0.071
2026-01-30 08:00:00,롱,10,시작중간 · B깊음 · 끝낮음,False,-0.051,-0.85,-0.783
2026-01-31 09:00:00,숏,8,시작낮음 · B얕음 · 끝중간,False,-0.762,-0.183,-0.035
2026-02-01 03:00:00,롱,10,시작중간 · B깊음 · 끝낮음,False,-0.03,-0.611,-0.468
2026-02-01 21:00:00,숏,9,시작낮음 · B얕음 · 끝높음,False,-0.563,-0.037,0.31
2026-02-01 22:00:00,롱,26,시작높음 · B얕음 · 끝중간,False,0.58,-0.199,0.05
2026-02-02 04:00:00,숏,15,시작중간 · B중간 · 끝높음,True,-0.095,-0.371,0.177
2026-02-02 07:00:00,롱,23,시작높음 · B중간 · 끝중간,True,0.164,-0.318,0.093
2026-02-03 05:00:00,숏,22,시작높음 · B중간 · 끝낮음,True,0.182,-0.54,-0.371
2026-02-03 07:00:00,롱,8,시작낮음 · B얕음 · 끝중간,False,-0.707,-0.242,-0.002
2026-02-03 09:00:00,숏,15,시작중간 · B중간 · 끝높음,True,-0.079,-0.326,0.182
2026-02-04 03:00:00,롱,10,시작중간 · B깊음 · 끝낮음,False,-0.032,-0.91,-0.331
2026-02-04 13:00:00,숏,9,시작낮음 · B얕음 · 끝높음,False,-0.467,-0.124,0.186
2026-02-05 10:00:00,롱,10,시작중간 · B깊음 · 끝낮음,True,-0.012,-0.85,-0.772
2026-02-05 11:00:00,숏,9,시작낮음 · B얕음 · 끝높음,False,-0.718,0.0,0.197
2026-02-06 03:00:00,롱,19,시작높음 · B깊음 · 끝낮음,False,0.051,-0.913,-0.566
2026-02-07 06:00:00,숏,4,시작낮음 · B중간 · 끝낮음,True,-0.494,-0.54,-0.319
2026-02-07 20:00:00,롱,8,시작낮음 · B얕음 · 끝중간,True,-0.653,-0.293,-0.066
2026-02-08 00:00:00,숏,17,시작중간 · B얕음 · 끝중간,True,-0.275,-0.091,0.081
2026-02-08 07:00:00,롱,24,시작높음 · B중간 · 끝높음,False,0.133,-0.344,0.438
2026-02-08 21:00:00,숏,10,시작중간 · B깊음 · 끝낮음,True,-0.012,-0.781,-0.501
2026-02-09 17:00:00,롱,2,시작낮음 · B깊음 · 끝중간,True,-0.374,-0.553,-0.055
2026-02-10 03:00:00,숏,17,시작중간 · B얕음 · 끝중간,True,-0.201,-0.243,0.142
2026-02-10 16:00:00,롱,19,시작높음 · B깊음 · 끝낮음,True,0.044,-0.577,-0.183
2026-02-10 22:00:00,숏,9,시작낮음 · B얕음 · 끝높음,True,-0.313,-0.261,0.258
2026-02-11 00:00:00,롱,27,시작높음 · B얕음 · 끝높음,False,0.247,-0.022,0.323
2026-02-11 03:00:00,숏,24,시작높음 · B중간 · 끝높음,False,0.051,-0.338,0.499
2026-02-11 18:00:00,롱,19,시작높음 · B깊음 · 끝낮음,False,0.037,-0.722,-0.396
2026-02-12 16:00:00,숏,6,시작낮음 · B중간 · 끝높음,False,-0.632,-0.453,0.202
2026-02-13 02:00:00,롱,11,시작중간 · B깊음 · 끝중간,True,-0.229,-0.562,-0.141
2026-02-14 04:00:00,숏,10,시작중간 · B깊음 · 끝낮음,False,-0.169,-0.621,-0.531
2026-02-14 08:00:00,롱,9,시작낮음 · B얕음 · 끝높음,False,-0.638,-0.049,0.2
2026-02-14 13:00:00,숏,20,시작높음 · B깊음 · 끝중간,True,0.15,-0.691,-0.14
2026-02-15 07:00:00,롱,18,시작중간 · B얕음 · 끝높음,False,-0.142,-0.138,0.683
2026-02-15 11:00:00,숏,26,시작높음 · B얕음 · 끝중간,True,0.536,-0.286,0.057
2026-02-16 08:00:00,롱,10,시작중간 · B깊음 · 끝낮음,True,-0.005,-0.788,-0.576
2026-02-16 15:00:00,숏,6,시작낮음 · B중간 · 끝높음,False,-0.573,-0.41,0.32
2026-02-16 21:00:00,롱,24,시작높음 · B중간 · 끝높음,True,0.074,-0.343,0.154
2026-02-17 08:00:00,숏,27,시작높음 · B얕음 · 끝높음,True,0.007,-0.3,0.185
2026-02-17 20:00:00,롱,19,시작높음 · B깊음 · 끝낮음,True,0.026,-0.619,-0.235
2026-02-18 00:00:00,숏,9,시작낮음 · B얕음 · 끝높음,False,-0.334,-0.028,0.264
2026-02-18 03:00:00,롱,23,시작높음 · B중간 · 끝중간,True,0.227,-0.543,0.107
2026-02-18 13:00:00,숏,11,시작중간 · B깊음 · 끝중간,False,-0.13,-0.601,0.057
2026-02-19 02:00:00,롱,19,시작높음 · B깊음 · 끝낮음,True,0.003,-0.567,-0.236
2026-02-19 13:00:00,숏,18,시작중간 · B얕음 · 끝높음,False,-0.203,-0.101,0.368
2026-02-19 18:00:00,롱,27,시작높음 · B얕음 · 끝높음,False,0.166,-0.237,0.305
2026-02-20 13:00:00,숏,10,시작중간 · B깊음 · 끝낮음,True,-0.022,-0.676,-0.163
2026-02-20 18:00:00,롱,6,시작낮음 · B중간 · 끝높음,False,-0.607,-0.435,0.189
2026-02-20 19:00:00,숏,26,시작높음 · B얕음 · 끝중간,False,0.237,-0.161,-0.021
2026-02-20 20:00:00,롱,1,시작낮음 · B깊음 · 끝낮음,False,-0.479,-0.62,-0.31
2026-02-21 03:00:00,숏,11,시작중간 · B깊음 · 끝중간,False,-0.074,-0.588,-0.033
2026-02-21 10:00:00,롱,6,시작낮음 · B중간 · 끝높음,False,-0.384,-0.471,0.26
2026-02-21 20:00:00,숏,23,시작높음 · B중간 · 끝중간,False,0.295,-0.405,-0.045
2026-02-23 09:00:00,롱,10,시작중간 · B깊음 · 끝낮음,False,-0.073,-0.872,-0.48
2026-02-23 17:00:00,숏,9,시작낮음 · B얕음 · 끝높음,False,-0.634,-0.183,0.195
2026-02-24 11:00:00,롱,19,시작높음 · B깊음 · 끝낮음,False,0.113,-0.678,-0.546
2026-02-26 01:00:00,숏,10,시작중간 · B깊음 · 끝낮음,True,-0.281,-0.806,-0.656
2026-02-27 05:00:00,롱,8,시작낮음 · B얕음 · 끝중간,False,-0.665,-0.223,-0.08
2026-02-27 10:00:00,숏,9,시작낮음 · B얕음 · 끝높음,True,-0.312,-0.083,0.476
2026-02-28 00:00:00,롱,19,시작높음 · B깊음 · 끝낮음,False,0.139,-0.73,-0.437
2026-02-28 06:00:00,숏,9,시작낮음 · B얕음 · 끝높음,True,-0.313,-0.002,0.6
2026-02-28 13:00:00,롱,19,시작높음 · B깊음 · 끝낮음,True,0.106,-0.784,-0.158
2026-03-01 09:00:00,숏,10,시작중간 · B깊음 · 끝낮음,True,-0.297,-0.769,-0.46
2026-03-02 03:00:00,롱,5,시작낮음 · B중간 · 끝중간,False,-0.612,-0.331,0.059
2026-03-02 09:00:00,숏,17,시작중간 · B얕음 · 끝중간,False,-0.151,-0.254,0.049
2026-03-02 11:00:00,롱,17,시작중간 · B얕음 · 끝중간,False,-0.074,-0.133,0.052
2026-03-02 12:00:00,숏,27,시작높음 · B얕음 · 끝높음,False,0.105,-0.042,0.424
2026-03-02 14:00:00,롱,15,시작중간 · B중간 · 끝높음,False,-0.042,-0.485,0.415
2026-03-03 03:00:00,숏,10,시작중간 · B깊음 · 끝낮음,False,-0.194,-0.908,-0.61
2026-03-03 17:00:00,롱,5,시작낮음 · B중간 · 끝중간,False,-0.641,-0.462,-0.041
2026-03-04 03:00:00,숏,18,시작중간 · B얕음 · 끝높음,True,-0.083,-0.205,0.151
2026-03-04 06:00:00,롱,14,시작중간 · B중간 · 끝중간,False,-0.214,-0.45,0.113
2026-03-04 23:00:00,숏,19,시작높음 · B깊음 · 끝낮음,True,0.01,-0.817,-0.67
2026-03-07 01:00:00,롱,1,시작낮음 · B깊음 · 끝낮음,False,-0.718,-0.771,-0.706
2026-03-08 04:00:00,숏,9,시작낮음 · B얕음 · 끝높음,False,-0.624,-0.034,0.232
2026-03-08 05:00:00,롱,26,시작높음 · B얕음 · 끝중간,False,0.646,-0.181,0.068
2026-03-08 18:00:00,숏,11,시작중간 · B깊음 · 끝중간,False,-0.23,-0.835,-0.104
2026-03-08 19:00:00,롱,18,시작중간 · B얕음 · 끝높음,True,-0.175,-0.189,0.178
2026-03-08 22:00:00,숏,18,시작중간 · B얕음 · 끝높음,True,-0.091,-0.291,0.3
2026-03-09 03:00:00,롱,11,시작중간 · B깊음 · 끝중간,False,-0.07,-0.646,0.093
2026-03-09 23:00:00,숏,19,시작높음 · B깊음 · 끝낮음,False,0.195,-0.676,-0.481
2026-03-10 00:00:00,롱,9,시작낮음 · B얕음 · 끝높음,True,-0.581,-0.068,0.172
2026-03-10 13:00:00,숏,10,시작중간 · B깊음 · 끝낮음,False,-0.07,-0.947,-0.501
2026-03-10 14:00:00,롱,9,시작낮음 · B얕음 · 끝높음,True,-0.656,-0.292,0.303
2026-03-10 18:00:00,숏,14,시작중간 · B중간 · 끝중간,True,-0.274,-0.497,-0.039
2026-03-11 14:00:00,롱,2,시작낮음 · B깊음 · 끝중간,True,-0.301,-0.648,-0.104
2026-03-12 00:00:00,숏,14,시작중간 · B중간 · 끝중간,True,-0.286,-0.46,-0.013
2026-03-12 10:00:00,롱,23,시작높음 · B중간 · 끝중간,False,0.096,-0.432,0.107
2026-03-13 16:00:00,숏,10,시작중간 · B깊음 · 끝낮음,False,-0.048,-0.799,-0.408
2026-03-14 18:00:00,롱,7,시작낮음 · B얕음 · 끝낮음,True,-0.403,-0.299,-0.255
2026-03-15 16:00:00,숏,1,시작낮음 · B깊음 · 끝낮음,False,-0.558,-0.671,-0.42
2026-03-15 21:00:00,롱,9,시작낮음 · B얕음 · 끝높음,False,-0.535,-0.018,0.37
2026-03-16 14:00:00,숏,19,시작높음 · B깊음 · 끝낮음,False,0.052,-0.72,-0.564
2026-03-16 22:00:00,롱,9,시작낮음 · B얕음 · 끝높음,True,-0.733,-0.295,0.196
2026-03-17 04:00:00,숏,23,시작높음 · B중간 · 끝중간,False,0.055,-0.419,0.048
2026-03-17 19:00:00,롱,23,시작높음 · B중간 · 끝중간,False,0.074,-0.335,0.013
2026-03-17 23:00:00,숏,27,시작높음 · B얕음 · 끝높음,False,0.119,-0.036,0.502
2026-03-19 03:00:00,롱,19,시작높음 · B깊음 · 끝낮음,False,0.082,-0.821,-0.715
2026-03-19 07:00:00,숏,9,시작낮음 · B얕음 · 끝높음,True,-0.621,-0.1,0.166
2026-03-19 09:00:00,롱,23,시작높음 · B중간 · 끝중간,False,0.238,-0.429,-0.039
2026-03-19 11:00:00,숏,5,시작낮음 · B중간 · 끝중간,False,-0.404,-0.382,0.029
2026-03-19 17:00:00,롱,13,시작중간 · B중간 · 끝낮음,True,-0.016,-0.529,-0.153
2026-03-20 13:00:00,숏,10,시작중간 · B깊음 · 끝낮음,True,-0.269,-0.7,-0.156
2026-03-20 21:00:00,롱,5,시작낮음 · B중간 · 끝중간,True,-0.453,-0.32,0.089
2026-03-21 15:00:00,숏,10,시작중간 · B깊음 · 끝낮음,True,-0.177,-0.558,-0.328
2026-03-22 15:00:00,롱,10,시작중간 · B깊음 · 끝낮음,False,-0.192,-0.764,-0.588
2026-03-22 20:00:00,숏,9,시작낮음 · B얕음 · 끝높음,False,-0.709,-0.064,0.201
2026-03-23 02:00:00,롱,23,시작높음 · B중간 · 끝중간,True,0.34,-0.307,0.07
2026-03-24 01:00:00,숏,10,시작중간 · B깊음 · 끝낮음,False,-0.085,-0.806,-0.58
2026-03-24 10:00:00,롱,8,시작낮음 · B얕음 · 끝중간,True,-0.637,-0.117,0.139
2026-03-24 11:00:00,숏,26,시작높음 · B얕음 · 끝중간,True,0.554,0.002,0.133
2026-03-25 00:00:00,롱,10,시작중간 · B깊음 · 끝낮음,True,-0.002,-0.904,-0.179
2026-03-25 15:00:00,숏,14,시작중간 · B중간 · 끝중간,False,-0.148,-0.428,-0.086
2026-03-27 00:00:00,롱,10,시작중간 · B깊음 · 끝낮음,False,-0.155,-0.78,-0.63
2026-03-27 08:00:00,숏,9,시작낮음 · B얕음 · 끝높음,False,-0.578,-0.055,0.219
2026-03-27 22:00:00,롱,19,시작높음 · B깊음 · 끝낮음,False,0.071,-0.804,-0.688
2026-03-29 10:00:00,숏,5,시작낮음 · B중간 · 끝중간,True,-0.806,-0.373,-0.134
2026-03-29 11:00:00,롱,8,시작낮음 · B얕음 · 끝중간,True,-0.414,-0.073,0.127
2026-03-29 14:00:00,숏,13,시작중간 · B중간 · 끝낮음,True,-0.067,-0.517,-0.156
2026-03-30 02:00:00,롱,21,시작높음 · B깊음 · 끝높음,False,0.039,-0.615,0.214
2026-03-30 17:00:00,숏,23,시작높음 · B중간 · 끝중간,False,0.048,-0.423,-0.056
2026-03-31 01:00:00,롱,6,시작낮음 · B중간 · 끝높음,False,-0.33,-0.509,0.256
2026-03-31 08:00:00,숏,15,시작중간 · B중간 · 끝높음,False,-0.031,-0.51,0.2
2026-03-31 16:00:00,롱,14,시작중간 · B중간 · 끝중간,True,-0.097,-0.51,0.123
2026-04-01 12:00:00,숏,10,시작중간 · B깊음 · 끝낮음,False,-0.211,-0.728,-0.494
2026-04-02 15:00:00,롱,1,시작낮음 · B깊음 · 끝낮음,False,-0.509,-0.804,-0.512
2026-04-05 00:00:00,숏,8,시작낮음 · B얕음 · 끝중간,False,-0.47,-0.149,-0.1
2026-04-05 15:00:00,롱,5,시작낮음 · B중간 · 끝중간,True,-0.319,-0.392,0.001
2026-04-06 17:00:00,숏,10,시작중간 · B깊음 · 끝낮음,False,-0.094,-0.869,-0.695
2026-04-07 19:00:00,롱,4,시작낮음 · B중간 · 끝낮음,True,-0.816,-0.539,-0.22
2026-04-08 13:00:00,숏,10,시작중간 · B깊음 · 끝낮음,False,-0.222,-0.804,-0.609
2026-04-09 15:00:00,롱,5,시작낮음 · B중간 · 끝중간,False,-0.8,-0.335,0.019
2026-04-10 02:00:00,숏,1,시작낮음 · B깊음 · 끝낮음,False,-0.375,-0.622,-0.31
2026-04-10 13:00:00,롱,5,시작낮음 · B중간 · 끝중간,True,-0.489,-0.32,0.07
2026-04-11 00:00:00,숏,22,시작높음 · B중간 · 끝낮음,False,0.061,-0.466,-0.271
2026-04-11 18:00:00,롱,9,시작낮음 · B얕음 · 끝높음,False,-0.407,-0.192,0.326
2026-04-12 00:00:00,숏,23,시작높음 · B중간 · 끝중간,False,0.201,-0.465,0.017
2026-04-12 19:00:00,롱,10,시작중간 · B깊음 · 끝낮음,True,-0.001,-0.697,-0.607
2026-04-14 10:00:00,숏,1,시작낮음 · B깊음 · 끝낮음,False,-0.395,-0.849,-0.719
2026-04-15 19:00:00,롱,8,시작낮음 · B얕음 · 끝중간,False,-0.604,-0.147,0.088
2026-04-16 08:00:00,숏,14,시작중간 · B중간 · 끝중간,False,-0.035,-0.349,-0.112
2026-04-16 19:00:00,롱,15,시작중간 · B중간 · 끝높음,False,-0.119,-0.43,0.3
2026-04-17 02:00:00,숏,26,시작높음 · B얕음 · 끝중간,True,0.185,-0.131,0.147
2026-04-17 07:00:00,롱,27,시작높음 · B얕음 · 끝높음,False,0.177,-0.094,0.335
2026-04-17 23:00:00,숏,19,시작높음 · B깊음 · 끝낮음,False,0.04,-0.832,-0.549
2026-04-19 11:00:00,롱,1,시작낮음 · B깊음 · 끝낮음,False,-0.653,-0.652,-0.479
2026-04-19 18:00:00,숏,9,시작낮음 · B얕음 · 끝높음,True,-0.71,-0.291,0.159
2026-04-20 04:00:00,롱,26,시작높음 · B얕음 · 끝중간,True,0.177,-0.276,-0.085
2026-04-21 03:00:00,숏,10,시작중간 · B깊음 · 끝낮음,True,-0.023,-0.624,-0.372
2026-04-21 08:00:00,롱,9,시작낮음 · B얕음 · 끝높음,False,-0.355,0.013,0.324
2026-04-21 13:00:00,숏,23,시작높음 · B중간 · 끝중간,True,0.321,-0.38,0.132
2026-04-22 00:00:00,롱,24,시작높음 · B중간 · 끝높음,True,0.066,-0.462,0.17
2026-04-22 20:00:00,숏,19,시작높음 · B깊음 · 끝낮음,False,0.089,-0.63,-0.45
2026-04-23 22:00:00,롱,4,시작낮음 · B중간 · 끝낮음,False,-0.759,-0.462,-0.181
2026-04-24 04:00:00,숏,8,시작낮음 · B얕음 · 끝중간,True,-0.522,-0.283,0.095
2026-04-24 12:00:00,롱,27,시작높음 · B얕음 · 끝높음,False,0.223,-0.238,0.446
2026-04-24 17:00:00,숏,27,시작높음 · B얕음 · 끝높음,False,0.514,-0.1,0.52
2026-04-25 08:00:00,롱,23,시작높음 · B중간 · 끝중간,False,0.365,-0.372,-0.097
2026-04-25 16:00:00,숏,14,시작중간 · B중간 · 끝중간,True,-0.24,-0.481,0.134
2026-04-25 22:00:00,롱,27,시작높음 · B얕음 · 끝높음,False,0.252,-0.078,0.308
2026-04-27 05:00:00,숏,20,시작높음 · B깊음 · 끝중간,False,0.058,-0.772,-0.105
2026-04-28 00:00:00,롱,1,시작낮음 · B깊음 · 끝낮음,False,-0.461,-0.771,-0.511
2026-04-28 11:00:00,숏,9,시작낮음 · B얕음 · 끝높음,False,-0.492,-0.011,0.4
2026-04-28 19:00:00,롱,22,시작높음 · B중간 · 끝낮음,True,0.372,-0.408,-0.157
2026-04-29 14:00:00,숏,10,시작중간 · B깊음 · 끝낮음,True,-0.137,-0.738,-0.153
2026-04-30 07:00:00,롱,13,시작중간 · B중간 · 끝낮음,True,-0.207,-0.533,-0.205
2026-05-01 21:00:00,숏,10,시작중간 · B깊음 · 끝낮음,False,-0.239,-0.746,-0.61
2026-05-02 22:00:00,롱,9,시작낮음 · B얕음 · 끝높음,False,-0.601,0.006,0.275
2026-05-03 00:00:00,숏,26,시작높음 · B얕음 · 끝중간,True,0.602,-0.077,0.132
2026-05-03 11:00:00,롱,20,시작높음 · B깊음 · 끝중간,True,0.025,-0.712,-0.029
2026-05-04 00:00:00,숏,11,시작중간 · B깊음 · 끝중간,False,-0.219,-0.591,-0.093
2026-05-04 01:00:00,롱,18,시작중간 · B얕음 · 끝높음,False,-0.1,-0.138,0.76
2026-05-04 10:00:00,숏,19,시작높음 · B깊음 · 끝낮음,True,0.02,-0.816,-0.164
2026-05-04 16:00:00,롱,5,시작낮음 · B중간 · 끝중간,True,-0.578,-0.542,0.077
2026-05-04 23:00:00,숏,26,시작높음 · B얕음 · 끝중간,False,0.31,-0.157,0.064
2026-05-05 01:00:00,롱,18,시작중간 · B얕음 · 끝높음,False,-0.032,-0.217,0.249
2026-05-05 10:00:00,숏,19,시작높음 · B깊음 · 끝낮음,False,0.136,-0.666,-0.415
2026-05-05 11:00:00,롱,9,시작낮음 · B얕음 · 끝높음,False,-0.367,0.005,0.336
2026-05-05 21:00:00,숏,19,시작높음 · B깊음 · 끝낮음,False,0.182,-0.649,-0.435
2026-05-06 09:00:00,롱,3,시작낮음 · B깊음 · 끝높음,False,-0.57,-0.6,0.258
2026-05-06 14:00:00,숏,24,시작높음 · B중간 · 끝높음,False,0.128,-0.368,0.201
2026-05-08 07:00:00,롱,19,시작높음 · B깊음 · 끝낮음,False,0.041,-0.626,-0.538
2026-05-10 01:00:00,숏,4,시작낮음 · B중간 · 끝낮음,True,-0.664,-0.531,-0.41
2026-05-10 13:00:00,롱,9,시작낮음 · B얕음 · 끝높음,True,-0.67,-0.028,0.161
2026-05-10 20:00:00,숏,23,시작높음 · B중간 · 끝중간,True,0.23,-0.423,0.142
2026-05-10 22:00:00,롱,15,시작중간 · B중간 · 끝높음,True,-0.271,-0.416,0.315
2026-05-11 03:00:00,숏,2,시작낮음 · B깊음 · 끝중간,True,-0.312,-0.695,-0.01
2026-05-11 15:00:00,롱,17,시작중간 · B얕음 · 끝중간,True,-0.11,-0.282,0.13
2026-05-12 01:00:00,숏,11,시작중간 · B깊음 · 끝중간,True,-0.098,-0.632,-0.141
2026-05-12 20:00:00,롱,10,시작중간 · B깊음 · 끝낮음,True,-0.276,-0.678,-0.373
2026-05-13 11:00:00,숏,9,시작낮음 · B얕음 · 끝높음,True,-0.36,-0.272,0.186
2026-05-14 01:00:00,롱,19,시작높음 · B깊음 · 끝낮음,True,0.022,-0.726,-0.47
2026-05-14 03:00:00,숏,9,시작낮음 · B얕음 · 끝높음,False,-0.562,-0.049,0.254
2026-05-14 04:00:00,롱,23,시작높음 · B중간 · 끝중간,False,0.385,-0.408,0.092
2026-05-15 03:00:00,숏,10,시작중간 · B깊음 · 끝낮음,False,-0.126,-0.917,-0.643
2026-05-16 03:00:00,롱,1,시작낮음 · B깊음 · 끝낮음,False,-0.655,-0.691,-0.657
2026-05-16 06:00:00,숏,9,시작낮음 · B얕음 · 끝높음,True,-0.718,-0.008,0.171
2026-05-16 15:00:00,롱,19,시작높음 · B깊음 · 끝낮음,False,0.078,-0.812,-0.517
2026-05-17 23:00:00,숏,9,시작낮음 · B얕음 · 끝높음,False,-0.384,-0.167,0.287
2026-05-18 12:00:00,롱,22,시작높음 · B중간 · 끝낮음,True,0.103,-0.546,-0.172
2026-05-18 14:00:00,숏,9,시작낮음 · B얕음 · 끝높음,False,-0.353,-0.214,0.501
2026-05-18 19:00:00,롱,23,시작높음 · B중간 · 끝중간,False,0.193,-0.405,-0.002
2026-05-19 14:00:00,숏,2,시작낮음 · B깊음 · 끝중간,False,-0.508,-0.724,-0.11
2026-05-19 17:00:00,롱,14,시작중간 · B중간 · 끝중간,False,-0.081,-0.487,-0.018
2026-05-20 23:00:00,숏,13,시작중간 · B중간 · 끝낮음,False,-0.061,-0.42,-0.378
2026-05-21 00:00:00,롱,9,시작낮음 · B얕음 · 끝높음,True,-0.327,-0.04,0.289
2026-05-21 06:00:00,숏,23,시작높음 · B중간 · 끝중간,True,0.132,-0.538,-0.085
2026-05-21 20:00:00,롱,11,시작중간 · B깊음 · 끝중간,False,-0.127,-0.717,-0.086
2026-05-22 06:00:00,숏,18,시작중간 · B얕음 · 끝높음,False,-0.096,-0.09,0.187
2026-05-23 13:00:00,롱,19,시작높음 · B깊음 · 끝낮음,False,0.053,-0.816,-0.625
2026-05-24 14:00:00,숏,1,시작낮음 · B깊음 · 끝낮음,False,-0.832,-0.743,-0.513
2026-05-25 01:00:00,롱,8,시작낮음 · B얕음 · 끝중간,False,-0.669,-0.234,0.051
2026-05-25 13:00:00,숏,26,시작높음 · B얕음 · 끝중간,True,0.26,-0.293,-0.114
2026-05-25 14:00:00,롱,9,시작낮음 · B얕음 · 끝높음,True,-0.308,-0.019,0.403
2026-05-25 18:00:00,숏,10,시작중간 · B깊음 · 끝낮음,False,-0.129,-0.582,-0.332
2026-05-26 11:00:00,롱,10,시작중간 · B깊음 · 끝낮음,False,-0.085,-0.676,-0.254
2026-05-26 15:00:00,숏,18,시작중간 · B얕음 · 끝높음,True,-0.093,-0.284,0.508
2026-05-27 07:00:00,롱,19,시작높음 · B깊음 · 끝낮음,True,0.209,-0.558,-0.335
2026-05-27 13:00:00,숏,9,시작낮음 · B얕음 · 끝높음,False,-0.473,-0.012,0.348
2026-05-28 11:00:00,롱,19,시작높음 · B깊음 · 끝낮음,False,0.045,-0.745,-0.63
2026-05-29 14:00:00,숏,8,시작낮음 · B얕음 · 끝중간,False,-0.68,-0.112,0.095
2026-05-29 15:00:00,롱,27,시작높음 · B얕음 · 끝높음,False,0.146,-0.247,0.384
2026-05-31 07:00:00,숏,10,시작중간 · B깊음 · 끝낮음,False,-0.041,-0.645,-0.424
2026-05-31 22:00:00,롱,5,시작낮음 · B중간 · 끝중간,False,-0.55,-0.391,-0.075
2026-05-31 23:00:00,숏,18,시작중간 · B얕음 · 끝높음,False,-0.116,-0.221,0.253
2026-06-01 00:00:00,롱,5,시작낮음 · B중간 · 끝중간,True,-0.31,-0.534,-0.09
2026-06-01 01:00:00,숏,9,시작낮음 · B얕음 · 끝높음,False,-0.412,-0.25,0.416
2026-06-03 02:00:00,롱,10,시작중간 · B깊음 · 끝낮음,True,-0.002,-0.942,-0.92
2026-06-03 03:00:00,숏,8,시작낮음 · B얕음 · 끝중간,True,-0.795,-0.002,0.123
2026-06-03 04:00:00,롱,23,시작높음 · B중간 · 끝중간,False,0.178,-0.446,-0.094
2026-06-03 19:00:00,숏,3,시작낮음 · B깊음 · 끝높음,True,-0.33,-0.718,0.17
2026-06-04 06:00:00,롱,19,시작높음 · B깊음 · 끝낮음,False,0.074,-0.743,-0.324
2026-06-04 10:00:00,숏,9,시작낮음 · B얕음 · 끝높음,False,-0.442,-0.088,0.331
2026-06-04 12:00:00,롱,24,시작높음 · B중간 · 끝높음,False,0.376,-0.452,0.207
2026-06-05 05:00:00,숏,11,시작중간 · B깊음 · 끝중간,False,-0.21,-0.774,0.096
2026-06-05 09:00:00,롱,10,시작중간 · B깊음 · 끝낮음,True,-0.279,-0.637,-0.222
2026-06-05 11:00:00,숏,9,시작낮음 · B얕음 · 끝높음,False,-0.365,-0.19,0.194
2026-06-05 21:00:00,롱,19,시작높음 · B깊음 · 끝낮음,True,0.001,-0.79,-0.208
2026-06-07 15:00:00,숏,17,시작중간 · B얕음 · 끝중간,True,-0.204,-0.296,-0.124
2026-06-07 23:00:00,롱,18,시작중간 · B얕음 · 끝높음,True,-0.014,-0.101,0.298
2026-06-08 17:00:00,숏,22,시작높음 · B중간 · 끝낮음,False,0.361,-0.412,-0.223
2026-06-10 01:00:00,롱,10,시작중간 · B깊음 · 끝낮음,False,-0.192,-0.65,-0.515
2026-06-10 02:00:00,숏,9,시작낮음 · B얕음 · 끝높음,False,-0.495,-0.019,0.195
2026-06-10 07:00:00,롱,20,시작높음 · B깊음 · 끝중간,False,0.283,-0.677,-0.039
2026-06-10 22:00:00,숏,11,시작중간 · B깊음 · 끝중간,False,-0.109,-0.611,0.036
2026-06-11 00:00:00,롱,27,시작높음 · B얕음 · 끝높음,False,0.077,-0.039,0.21
2026-06-11 16:00:00,숏,19,시작높음 · B깊음 · 끝낮음,False,0.151,-0.78,-0.495
2026-06-11 17:00:00,롱,9,시작낮음 · B얕음 · 끝높음,False,-0.541,0.116,0.406
2026-06-12 03:00:00,숏,10,시작중간 · B깊음 · 끝낮음,False,-0.072,-0.729,-0.597
2026-06-12 17:00:00,롱,5,시작낮음 · B중간 · 끝중간,True,-0.578,-0.323,0.116
2026-06-12 18:00:00,숏,27,시작높음 · B얕음 · 끝높음,False,0.254,-0.023,0.189
2026-06-13 10:00:00,롱,20,시작높음 · B깊음 · 끝중간,False,0.21,-0.63,-0.028
2026-06-14 04:00:00,숏,10,시작중간 · B깊음 · 끝낮음,False,-0.079,-0.596,-0.426
2026-06-14 21:00:00,롱,6,시작낮음 · B중간 · 끝높음,False,-0.396,-0.394,0.383
2026-06-15 20:00:00,숏,10,시작중간 · B깊음 · 끝낮음,False,-0.143,-0.903,-0.693
2026-06-17 05:00:00,롱,4,시작낮음 · B중간 · 끝낮음,True,-0.785,-0.315,-0.236
2026-06-17 06:00:00,숏,9,시작낮음 · B얕음 · 끝높음,True,-0.413,0.055,0.164
2026-06-17 15:00:00,롱,20,시작높음 · B깊음 · 끝중간,False,0.093,-0.838,-0.062
2026-06-17 19:00:00,숏,6,시작낮음 · B중간 · 끝높음,True,-0.303,-0.472,0.328
2026-06-18 08:00:00,롱,10,시작중간 · B깊음 · 끝낮음,False,-0.117,-0.621,-0.398
2026-06-18 15:00:00,숏,18,시작중간 · B얕음 · 끝높음,True,-0.277,-0.038,0.625
2026-06-19 00:00:00,롱,22,시작높음 · B중간 · 끝낮음,False,0.248,-0.518,-0.329
2026-06-20 13:00:00,숏,4,시작낮음 · B중간 · 끝낮음,False,-0.416,-0.497,-0.26
2026-06-20 14:00:00,롱,9,시작낮음 · B얕음 · 끝높음,True,-0.36,-0.232,0.161
2026-06-21 07:00:00,숏,10,시작중간 · B깊음 · 끝낮음,False,-0.159,-0.795,-0.55
2026-06-22 02:00:00,롱,2,시작낮음 · B깊음 · 끝중간,True,-0.566,-0.572,-0.025
2026-06-22 03:00:00,숏,27,시작높음 · B얕음 · 끝높음,False,0.216,0.014,0.396
2026-06-22 05:00:00,롱,23,시작높음 · B중간 · 끝중간,True,0.399,-0.307,-0.005
2026-06-22 19:00:00,숏,10,시작중간 · B깊음 · 끝낮음,False,-0.033,-0.759,-0.217
2026-06-23 20:00:00,롱,10,시작중간 · B깊음 · 끝낮음,False,-0.066,-0.621,-0.503
2026-06-24 13:00:00,숏,9,시작낮음 · B얕음 · 끝높음,False,-0.577,-0.208,0.31
2026-06-24 23:00:00,롱,10,시작중간 · B깊음 · 끝낮음,False,-0.04,-0.776,-0.368
2026-06-25 13:00:00,숏,9,시작낮음 · B얕음 · 끝높음,False,-0.332,-0.226,0.568
2026-06-25 23:00:00,롱,10,시작중간 · B깊음 · 끝낮음,False,-0.079,-0.755,-0.368
2026-06-26 02:00:00,숏,9,시작낮음 · B얕음 · 끝높음,False,-0.429,-0.087,0.388
2026-06-26 03:00:00,롱,24,시작높음 · B중간 · 끝높음,False,0.258,-0.407,0.317
2026-06-27 19:00:00,숏,1,시작낮음 · B깊음 · 끝낮음,True,-0.303,-0.865,-0.611
2026-06-28 11:00:00,롱,8,시작낮음 · B얕음 · 끝중간,True,-0.718,-0.277,-0.08
2026-06-28 13:00:00,숏,8,시작낮음 · B얕음 · 끝중간,False,-0.495,-0.201,0.109
2026-06-29 03:00:00,롱,10,시작중간 · B깊음 · 끝낮음,True,-0.041,-0.798,-0.157
2026-06-29 14:00:00,숏,15,시작중간 · B중간 · 끝높음,True,-0.144,-0.479,0.151
2026-06-29 16:00:00,롱,27,시작높음 · B얕음 · 끝높음,True,0.192,-0.242,0.176
2026-06-30 01:00:00,숏,23,시작높음 · B중간 · 끝중간,False,0.198,-0.403,-0.069
2026-06-30 22:00:00,롱,10,시작중간 · B깊음 · 끝낮음,True,-0.013,-0.595,-0.49
2026-07-01 12:00:00,숏,5,시작낮음 · B중간 · 끝중간,False,-0.534,-0.332,0.054
2026-07-01 13:00:00,롱,27,시작높음 · B얕음 · 끝높음,False,0.043,-0.153,0.505
2026-07-02 07:00:00,숏,10,시작중간 · B깊음 · 끝낮음,True,-0.003,-0.81,-0.537
2026-07-02 09:00:00,롱,9,시작낮음 · B얕음 · 끝높음,False,-0.565,-0.026,0.312
2026-07-02 20:00:00,숏,19,시작높음 · B깊음 · 끝낮음,False,0.133,-0.635,-0.5
2026-07-03 13:00:00,롱,9,시작낮음 · B얕음 · 끝높음,False,-0.519,-0.072,0.333
2026-07-03 15:00:00,숏,23,시작높음 · B중간 · 끝중간,True,0.445,-0.301,0.043
2026-07-03 17:00:00,롱,14,시작중간 · B중간 · 끝중간,False,-0.234,-0.458,0.044
2026-07-03 19:00:00,숏,16,시작중간 · B얕음 · 끝낮음,True,-0.112,-0.266,-0.16
2026-07-03 20:00:00,롱,18,시작중간 · B얕음 · 끝높음,False,-0.054,-0.021,0.68
2026-07-04 02:00:00,숏,10,시작중간 · B깊음 · 끝낮음,True,-0.004,-0.654,-0.402
2026-07-04 17:00:00,롱,18,시작중간 · B얕음 · 끝높음,False,-0.204,-0.031,0.617
2026-07-05 00:00:00,숏,23,시작높음 · B중간 · 끝중간,False,0.38,-0.386,-0.062
2026-07-05 21:00:00,롱,11,시작중간 · B깊음 · 끝중간,True,-0.223,-0.576,-0.046
2026-07-06 06:00:00,숏,10,시작중간 · B깊음 · 끝낮음,True,-0.21,-0.75,-0.155
2026-07-06 16:00:00,롱,12,시작중간 · B깊음 · 끝높음,False,-0.161,-0.582,0.237
2026-07-07 03:00:00,숏,26,시작높음 · B얕음 · 끝중간,False,0.132,-0.224,0.105
2026-07-07 15:00:00,롱,27,시작높음 · B얕음 · 끝높음,False,0.073,-0.211,0.298
2026-07-07 21:00:00,숏,23,시작높음 · B중간 · 끝중간,False,0.137,-0.351,0.09
2026-07-08 19:00:00,롱,10,시작중간 · B깊음 · 끝낮음,False,-0.076,-0.758,-0.516
2026-07-10 14:00:00,숏,1,시작낮음 · B깊음 · 끝낮음,False,-0.514,-0.752,-0.544
2026-07-12 14:00:00,롱,8,시작낮음 · B얕음 · 끝중간,True,-0.764,-0.273,-0.096
2026-07-12 22:00:00,숏,9,시작낮음 · B얕음 · 끝높음,True,-0.373,-0.215,0.151
2026-07-13 23:00:00,롱,19,시작높음 · B깊음 · 끝낮음,False,0.042,-0.731,-0.601
2026-07-15 03:00:00,숏,1,시작낮음 · B깊음 · 끝낮음,False,-0.548,-0.934,-0.868
2026-07-15 15:00:00,롱,9,시작낮음 · B얕음 · 끝높음,False,-0.683,0.009,0.245
2026-07-15 16:00:00,숏,27,시작높음 · B얕음 · 끝높음,False,0.748,-0.014,0.248
2026-07-16 16:00:00,롱,10,시작중간 · B깊음 · 끝낮음,False,-0.066,-0.873,-0.538
2026-07-16 17:00:00,숏,9,시작낮음 · B얕음 · 끝높음,False,-0.369,0.073,0.392
2026-07-17 13:00:00,롱,19,시작높음 · B깊음 · 끝낮음,False,0.051,-0.784,-0.604
2026-07-19 05:00:00,숏,1,시작낮음 · B깊음 · 끝낮음,False,-0.521,-0.715,-0.665
2026-07-20 02:00:00,롱,8,시작낮음 · B얕음 · 끝중간,False,-0.668,-0.111,0.039
2026-07-20 05:00:00,숏,18,시작중간 · B얕음 · 끝높음,True,-0.147,-0.28,0.459
2026-07-20 11:00:00,롱,24,시작높음 · B중간 · 끝높음,False,0.273,-0.432,0.339
2026-07-21 17:00:00,숏,10,시작중간 · B깊음 · 끝낮음,False,-0.044,-0.772,-0.587
2026-07-22 23:00:00,롱,5,시작낮음 · B중간 · 끝중간,True,-0.762,-0.315,-0.149
2026-07-23 01:00:00,숏,9,시작낮음 · B얕음 · 끝높음,False,-0.4,-0.166,0.185
2026-07-23 21:00:00,롱,10,시작중간 · B깊음 · 끝낮음,True,-0.013,-0.804,-0.513
2026-07-24 12:00:00,숏,6,시작낮음 · B중간 · 끝높음,False,-0.633,-0.367,0.229
2026-07-25 02:00:00,롱,19,시작높음 · B깊음 · 끝낮음,False,0.032,-0.612,-0.499
2026-07-27 08:00:00,숏,1,시작낮음 · B깊음 · 끝낮음,False,-0.459,-0.729,-0.533
2026-07-28 12:00:00,롱,1,시작낮음 · B깊음 · 끝낮음,False,-0.421,-0.741,-0.62
2026-07-29 15:00:00,숏,4,시작낮음 · B중간 · 끝낮음,True,-0.591,-0.416,-0.172
2026-07-30 03:00:00,롱,14,시작중간 · B중간 · 끝중간,True,-0.287,-0.377,0.031
2026-07-30 06:00:00,숏,26,시작높음 · B얕음 · 끝중간,True,0.035,-0.023,0.124
2026-07-30 08:00:00,롱,27,시작높음 · B얕음 · 끝높음,False,0.421,-0.03,0.581
2026-07-30 23:00:00,숏,10,시작중간 · B깊음 · 끝낮음,False,-0.044,-0.886,-0.602
2026-08-01 01:00:00,롱,10,시작중간 · B깊음 · 끝낮음,True,-0.277,-0.718,-0.625
2026-08-01 18:00:00,숏,8,시작낮음 · B얕음 · 끝중간,False,-0.614,-0.058,0.113
2026-08-01 22:00:00,롱,23,시작높음 · B중간 · 끝중간,True,0.286,-0.345,0.14
2026-08-02 12:00:00,숏,22,시작높음 · B중간 · 끝낮음,False,0.089,-0.506,-0.222
2026-08-02 18:00:00,롱,18,시작중간 · B얕음 · 끝높음,False,-0.231,-0.019,0.402
2026-08-03 01:00:00,숏,23,시작높음 · B중간 · 끝중간,True,0.251,-0.481,0.122
2026-08-03 13:00:00,롱,20,시작높음 · B깊음 · 끝중간,True,0.015,-0.665,0.024
2026-08-04 07:00:00,숏,1,시작낮음 · B깊음 · 끝낮음,True,-0.319,-0.745,-0.503
2026-08-04 14:00:00,롱,9,시작낮음 · B얕음 · 끝높음,False,-0.573,-0.096,0.261
2026-08-05 00:00:00,숏,19,시작높음 · B깊음 · 끝낮음,True,0.015,-0.744,-0.285
2026-08-05 02:00:00,롱,9,시작낮음 · B얕음 · 끝높음,False,-0.35,-0.128,0.288
2026-08-05 03:00:00,숏,27,시작높음 · B얕음 · 끝높음,False,0.455,-0.231,0.265
2026-08-05 14:00:00,롱,26,시작높음 · B얕음 · 끝중간,True,0.097,-0.173,0.13
2026-08-06 00:00:00,숏,22,시작높음 · B중간 · 끝낮음,True,0.017,-0.502,-0.197
2026-08-06 08:00:00,롱,9,시작낮음 · B얕음 · 끝높음,False,-0.359,-0.142,0.383
2026-08-06 09:00:00,숏,27,시작높음 · B얕음 · 끝높음,False,0.36,-0.255,0.245
2026-08-07 08:00:00,롱,10,시작중간 · B깊음 · 끝낮음,False,-0.112,-0.859,-0.39
2026-08-07 23:00:00,숏,1,시작낮음 · B깊음 · 끝낮음,False,-0.435,-0.78,-0.474
2026-08-08 17:00:00,롱,9,시작낮음 · B얕음 · 끝높음,False,-0.497,-0.047,0.216
2026-08-08 18:00:00,숏,26,시작높음 · B얕음 · 끝중간,False,0.508,-0.125,0.111
2026-08-09 11:00:00,롱,10,시작중간 · B깊음 · 끝낮음,False,-0.07,-0.814,-0.37
2026-08-09 23:00:00,숏,14,시작중간 · B중간 · 끝중간,True,-0.184,-0.544,0.074
2026-08-10 06:00:00,롱,18,시작중간 · B얕음 · 끝높음,True,-0.138,-0.297,0.308
2026-08-10 09:00:00,숏,24,시작높음 · B중간 · 끝높음,True,0.086,-0.315,0.292
2026-08-11 03:00:00,롱,10,시작중간 · B깊음 · 끝낮음,False,-0.037,-0.855,-0.705
2026-08-11 15:00:00,숏,9,시작낮음 · B얕음 · 끝높음,False,-0.653,-0.237,0.236
2026-08-12 00:00:00,롱,23,시작높음 · B중간 · 끝중간,False,0.235,-0.405,-0.019
2026-08-12 15:00:00,숏,14,시작중간 · B중간 · 끝중간,False,-0.182,-0.513,0.114
2026-08-13 02:00:00,롱,26,시작높음 · B얕음 · 끝중간,True,0.155,0.016,0.149
2026-08-13 15:00:00,숏,11,시작중간 · B깊음 · 끝중간,True,-0.011,-0.647,0.052
2026-08-13 23:00:00,롱,1,시작낮음 · B깊음 · 끝낮음,False,-0.364,-0.742,-0.318
2026-08-14 04:00:00,숏,8,시작낮음 · B얕음 · 끝중간,True,-0.346,-0.082,0.135
2026-08-14 16:00:00,롱,19,시작높음 · B깊음 · 끝낮음,True,0.128,-0.645,-0.165
2026-08-16 05:00:00,숏,8,시작낮음 · B얕음 · 끝중간,False,-0.403,-0.258,-0.08
2026-08-16 15:00:00,롱,17,시작중간 · B얕음 · 끝중간,True,-0.183,-0.173,0.128
2026-08-16 21:00:00,숏,24,시작높음 · B중간 · 끝높음,True,0.01,-0.396,0.277
2026-08-17 02:00:00,롱,24,시작높음 · B중간 · 끝높음,False,0.062,-0.341,0.424
2026-08-18 02:00:00,숏,19,시작높음 · B깊음 · 끝낮음,True,0.022,-0.72,-0.499
2026-08-18 15:00:00,롱,9,시작낮음 · B얕음 · 끝높음,False,-0.572,-0.071,0.319
2026-08-18 21:00:00,숏,26,시작높음 · B얕음 · 끝중간,False,0.475,-0.123,0.12
2026-08-19 12:00:00,롱,24,시작높음 · B중간 · 끝높음,False,0.264,-0.471,0.367
2026-08-20 06:00:00,숏,10,시작중간 · B깊음 · 끝낮음,True,-0.016,-0.901,-0.904
2026-08-20 08:00:00,롱,9,시작낮음 · B얕음 · 끝높음,False,-0.671,0.011,0.292
2026-08-20 18:00:00,숏,19,시작높음 · B깊음 · 끝낮음,False,0.128,-0.838,-0.706
2026-08-21 01:00:00,롱,9,시작낮음 · B얕음 · 끝높음,False,-0.479,-0.059,0.4
2026-08-21 14:00:00,숏,19,시작높음 · B깊음 · 끝낮음,False,0.15,-0.77,-0.511
2026-08-23 11:00:00,롱,8,시작낮음 · B얕음 · 끝중간,False,-0.58,-0.202,0.006
2026-08-24 03:00:00,숏,23,시작높음 · B중간 · 끝중간,True,0.012,-0.373,-0.044
2026-08-24 10:00:00,롱,5,시작낮음 · B중간 · 끝중간,False,-0.507,-0.44,0.101
2026-08-25 08:00:00,숏,19,시작높음 · B깊음 · 끝낮음,False,0.045,-0.698,-0.506
2026-08-26 06:00:00,롱,4,시작낮음 · B중간 · 끝낮음,False,-0.529,-0.454,-0.198
2026-08-26 08:00:00,숏,9,시작낮음 · B얕음 · 끝높음,True,-0.321,-0.034,0.158
2026-08-26 20:00:00,롱,19,시작높음 · B깊음 · 끝낮음,False,0.116,-0.779,-0.288
2026-08-28 02:00:00,숏,10,시작중간 · B깊음 · 끝낮음,False,-0.108,-0.683,-0.37
2026-08-29 05:00:00,롱,1,시작낮음 · B깊음 · 끝낮음,False,-0.429,-0.634,-0.613
2026-08-30 22:00:00,숏,4,시작낮음 · B중간 · 끝낮음,False,-0.764,-0.464,-0.215
2026-08-31 08:00:00,롱,5,시작낮음 · B중간 · 끝중간,True,-0.409,-0.522,-0.076
2026-08-31 13:00:00,숏,18,시작중간 · B얕음 · 끝높음,True,-0.29,-0.288,0.182
2026-08-31 14:00:00,롱,27,시작높음 · B얕음 · 끝높음,False,0.139,-0.08,0.566
2026-09-01 01:00:00,숏,10,시작중간 · B깊음 · 끝낮음,False,-0.088,-0.823,-0.338
